transaction_id,customer_id,bank_id,transaction_datetime,transaction_type,channel,amount,currency,location_id,counterparty_country,beneficiary_type,description,country_risk_score,home_country_code,pep_flag,kyc_status
T0004274,C00034,B011,2025-01-01 00:22:00,Card,Mobile,1374.47,GBP,L012,TR,Business,Payment,4,US,0,Verified
T0003009,C00094,B001,2025-01-01 02:50:00,Card,ATM,130.2,GBP,L020,ZA,Individual,Purchase,3,ZA,0,Verified
T0000079,C00154,B001,2025-01-01 04:32:00,Card,Branch,386.81,GBP,L005,IT,Individual,Purchase,1,ZA,0,Verified
T0006170,C00197,B002,2025-01-01 05:25:00,Cash Deposit,Branch,9792.7,GBP,L005,IT,Own Account,Cash Deposit,1,AU,0,Verified
T0006171,C00197,B002,2025-01-01 06:00:00,Cash Deposit,Branch,9256.19,GBP,L005,IT,Own Account,Cash Deposit,1,AU,0,Verified
T0003332,C00249,B007,2025-01-01 06:12:00,Card,Branch,670.79,GBP,L007,IE,Individual,Cash,1,PL,1,Verified
T0006172,C00197,B002,2025-01-01 06:35:00,Cash Deposit,Branch,9252.19,GBP,L017,CH,Own Account,Cash Deposit,2,AU,0,Verified
T0005347,C00238,B009,2025-01-01 07:03:00,International Transfer,Branch,582.88,GBP,L017,CH,Business,Cash,2,CH,0,Review Required
T0006173,C00197,B002,2025-01-01 07:10:00,Cash Deposit,Branch,8616.59,GBP,L013,NG,Own Account,Cash Deposit,5,AU,0,Verified
T0006174,C00197,B002,2025-01-01 07:45:00,Cash Deposit,Branch,8109.74,GBP,L006,NL,Own Account,Cash Deposit,1,AU,0,Verified
T0006175,C00197,B002,2025-01-01 08:20:00,Cash Deposit,Branch,9387.78,GBP,L016,HK,Own Account,Cash Deposit,3,AU,0,Verified
T0006176,C00197,B002,2025-01-01 08:55:00,Cash Deposit,Branch,9515.37,GBP,L019,IN,Own Account,Cash Deposit,3,AU,0,Verified
T0003225,C00285,B003,2025-01-01 09:02:00,Card,Branch,2546.45,GBP,L012,TR,Business,Purchase,4,IN,0,Verified
T0000100,C00254,B001,2025-01-01 09:21:00,Transfer,ATM,200.34,GBP,L008,US,Business,Purchase,2,BR,0,Verified
T0006177,C00197,B002,2025-01-01 09:30:00,Cash Deposit,Branch,9279.32,GBP,L019,IN,Own Account,Cash Deposit,3,AU,0,Verified
T0005622,C00077,B001,2025-01-01 09:47:00,Cash Withdrawal,Branch,1661.48,GBP,L020,ZA,Individual,Invoice,3,IE,0,Review Required
T0005606,C00275,B012,2025-01-01 10:08:00,Card,ATM,1580.07,GBP,L012,TR,Own Account,Cash,4,NL,0,Verified
T0002783,C00249,B006,2025-01-01 11:47:00,Card,Online,1392.73,GBP,L009,CA,Individual,Cash,2,PL,1,Verified
T0002253,C00247,B007,2025-01-01 11:47:00,Transfer,ATM,1883.25,GBP,L008,US,Individual,Payment,2,IT,0,Verified
T0001496,C00039,B005,2025-01-01 16:33:00,Card,ATM,1886.02,GBP,L017,CH,Business,Payment,2,BR,0,Verified
T0004492,C00274,B003,2025-01-01 19:50:00,Card,Online,350.55,GBP,L003,DE,Business,Payment,1,NG,1,Verified
T0005312,C00291,B004,2025-01-01 21:41:00,Transfer,Online,509.41,GBP,L018,PL,Individual,Transfer,2,ES,0,Verified
T0002289,C00021,B006,2025-01-02 02:14:00,Card,Online,265.55,GBP,L012,TR,Own Account,Transfer,4,NG,0,Verified
T0002012,C00271,B007,2025-01-02 03:38:00,Transfer,Mobile,663.02,GBP,L012,TR,Business,Transfer,4,NG,0,Verified
T0004852,C00087,B007,2025-01-02 03:40:00,International Transfer,Online,677.48,GBP,L003,DE,Business,Purchase,1,BR,0,Verified
T0002969,C00214,B011,2025-01-02 05:50:00,Transfer,ATM,17836.05,GBP,L011,AE,Individual,Transfer,4,AU,0,Verified
T0000864,C00015,B012,2025-01-02 07:49:00,Transfer,Mobile,161.56,GBP,L001,GB,Individual,Cash,1,IN,0,Verified
T0005372,C00189,B005,2025-01-02 07:56:00,Card,Branch,11517.47,GBP,L008,US,Individual,Invoice,2,IN,0,Verified
T0002503,C00063,B007,2025-01-02 08:21:00,Card,ATM,1390.76,GBP,L019,IN,Business,Salary,3,ES,0,Verified
T0002256,C00274,B003,2025-01-02 08:48:00,International Transfer,Online,4239.3,GBP,L016,HK,Individual,Salary,3,NG,1,Verified
T0005488,C00103,B010,2025-01-02 09:59:00,Card,Mobile,576.04,GBP,L013,NG,Own Account,Transfer,5,US,0,Verified
T0004637,C00018,B010,2025-01-02 10:55:00,Transfer,Online,1678.44,GBP,L016,HK,Own Account,Payment,3,BR,0,Verified
T0002686,C00110,B009,2025-01-02 11:45:00,Transfer,Branch,252.21,GBP,L013,NG,Business,Transfer,5,PL,0,Verified
T0000887,C00132,B009,2025-01-02 12:48:00,Transfer,Mobile,798.02,GBP,L006,NL,Own Account,Payment,1,SG,0,Verified
T0004632,C00115,B001,2025-01-02 13:23:00,Transfer,Branch,1646.01,GBP,L005,IT,Business,Invoice,1,NL,0,Verified
T0005512,C00059,B001,2025-01-02 13:54:00,Card,ATM,1299.54,GBP,L020,ZA,Own Account,Cash,3,TR,0,Verified
T0001540,C00151,B005,2025-01-02 14:47:00,Card,Branch,1825.14,GBP,L018,PL,Own Account,Purchase,2,US,0,Verified
T0004018,C00289,B012,2025-01-02 16:41:00,Transfer,Branch,893.05,GBP,L008,US,Business,Salary,2,ZA,0,Verified
T0000458,C00186,B001,2025-01-02 18:33:00,Card,ATM,2890.52,GBP,L018,PL,Business,Invoice,2,AE,0,Verified
T0003603,C00140,B011,2025-01-02 19:34:00,Transfer,Online,3396.53,GBP,L019,IN,Individual,Payment,3,PL,0,Verified
T0000975,C00285,B007,2025-01-02 20:37:00,Transfer,Mobile,1377.65,GBP,L007,IE,Business,Transfer,1,IN,0,Verified
T0001246,C00136,B006,2025-01-02 21:39:00,Card,Online,1243.84,GBP,L018,PL,Individual,Payment,2,IE,0,Verified
T0002745,C00294,B011,2025-01-02 22:35:00,Transfer,Online,4349.61,GBP,L007,IE,Individual,Transfer,1,DE,0,Verified
T0001162,C00250,B002,2025-01-03 01:34:00,Transfer,ATM,5848.71,GBP,L008,US,Individual,Cash,2,ES,0,Review Required
T0002609,C00247,B005,2025-01-03 02:03:00,Card,ATM,5654.31,GBP,L020,ZA,Own Account,Salary,3,IT,0,Verified
T0005589,C00129,B008,2025-01-03 02:12:00,Card,Mobile,2071.5,GBP,L017,CH,Individual,Transfer,2,BR,0,Verified
T0001734,C00002,B004,2025-01-03 02:37:00,Card,Online,303.96,GBP,L019,IN,Business,Transfer,3,PL,0,Verified
T0005825,C00278,B009,2025-01-03 03:25:00,Transfer,Mobile,1726.69,GBP,L003,DE,Own Account,Salary,1,DE,0,Verified
T0005560,C00065,B003,2025-01-03 06:59:00,Transfer,ATM,5722.71,GBP,L020,ZA,Own Account,Purchase,3,CA,0,Verified
T0004942,C00027,B002,2025-01-03 07:00:00,Card,Branch,234.07,GBP,L015,SG,Own Account,Salary,2,CH,0,Verified
T0003725,C00092,B002,2025-01-03 09:31:00,Card,Online,2668.8,GBP,L017,CH,Business,Salary,2,ZA,0,Verified
T0003577,C00036,B003,2025-01-03 12:37:00,International Transfer,Branch,1190.88,GBP,L017,CH,Own Account,Transfer,2,FR,0,Verified
T0004936,C00209,B012,2025-01-03 13:24:00,Transfer,ATM,461.18,GBP,L011,AE,Business,Invoice,4,IT,0,Verified
T0004172,C00061,B012,2025-01-03 13:49:00,Card,Branch,4462.22,GBP,L019,IN,Own Account,Purchase,3,CH,0,Verified
T0004462,C00210,B001,2025-01-03 17:05:00,Card,ATM,871.06,GBP,L007,IE,Business,Payment,1,FR,1,Verified
T0000060,C00172,B003,2025-01-03 17:45:00,Card,Branch,275.8,GBP,L008,US,Business,Cash,2,NG,0,Verified
T0002244,C00139,B007,2025-01-03 20:00:00,International Transfer,ATM,1263.52,GBP,L008,US,Individual,Invoice,2,IN,0,Verified
T0002092,C00140,B009,2025-01-03 20:03:00,Card,Mobile,776.96,GBP,L020,ZA,Own Account,Cash,3,PL,0,Verified
T0001185,C00137,B010,2025-01-03 21:32:00,Card,ATM,224.82,GBP,L013,NG,Business,Payment,5,US,0,Verified
T0002725,C00123,B001,2025-01-04 01:42:00,Cash Deposit,Branch,3322.44,GBP,L007,IE,Own Account,Invoice,1,ES,0,Verified
T0005901,C00276,B002,2025-01-04 02:53:00,Card,Branch,156.0,GBP,L001,GB,Individual,Cash,1,TR,0,Verified
T0002531,C00007,B008,2025-01-04 05:52:00,Transfer,Mobile,3635.12,GBP,L006,NL,Own Account,Payment,1,NG,0,Verified
T0005374,C00291,B002,2025-01-04 06:58:00,Cash Deposit,ATM,552.4,GBP,L012,TR,Individual,Transfer,4,ES,0,Verified
T0003026,C00224,B003,2025-01-04 07:55:00,International Transfer,Online,409.34,GBP,L012,TR,Own Account,Invoice,4,HK,0,Verified
T0002486,C00052,B009,2025-01-04 07:59:00,Cash Withdrawal,Branch,246.59,GBP,L016,HK,Individual,Purchase,3,DE,0,Verified
T0005966,C00065,B002,2025-01-04 12:34:00,International Transfer,Branch,450.12,GBP,L011,AE,Individual,Invoice,4,CA,0,Verified
T0005812,C00205,B012,2025-01-04 13:10:00,Card,Branch,6200.8,GBP,L016,HK,Business,Invoice,3,TR,0,Review Required
T0004266,C00151,B006,2025-01-04 13:41:00,Card,Branch,1034.75,GBP,L017,CH,Individual,Transfer,2,US,0,Verified
T0004495,C00189,B011,2025-01-04 14:41:00,International Transfer,Online,2248.94,GBP,L019,IN,Business,Transfer,3,IN,0,Verified
T0003733,C00156,B002,2025-01-04 14:42:00,Card,Mobile,713.88,GBP,L013,NG,Business,Cash,5,DE,0,Verified
T0000786,C00174,B007,2025-01-04 16:27:00,Transfer,Branch,2433.69,GBP,L010,AU,Individual,Salary,2,SG,0,Verified
T0003395,C00283,B005,2025-01-04 18:24:00,Transfer,Online,1010.49,GBP,L011,AE,Own Account,Payment,4,AU,0,Verified
T0005423,C00288,B006,2025-01-04 19:11:00,Cash Withdrawal,ATM,284.42,GBP,L018,PL,Own Account,Payment,2,FR,0,Verified
T0002860,C00074,B009,2025-01-04 19:48:00,Transfer,Online,568.72,GBP,L017,CH,Own Account,Transfer,2,AE,0,Verified
T0002359,C00273,B010,2025-01-04 21:12:00,Transfer,ATM,267.4,GBP,L015,SG,Business,Transfer,2,ES,0,Verified
T0005593,C00269,B003,2025-01-04 22:43:00,International Transfer,Branch,313.37,GBP,L005,IT,Own Account,Cash,1,FR,1,Verified
T0003768,C00275,B011,2025-01-04 23:29:00,Transfer,Branch,1497.87,GBP,L010,AU,Individual,Invoice,2,NL,0,Verified
T0000329,C00189,B011,2025-01-05 00:30:00,Transfer,Branch,682.49,GBP,L003,DE,Individual,Purchase,1,IN,0,Verified
T0002803,C00201,B005,2025-01-05 02:25:00,Card,ATM,4420.22,GBP,L012,TR,Individual,Purchase,4,GB,0,Verified
T0004278,C00081,B009,2025-01-05 02:38:00,Transfer,Branch,1490.63,GBP,L008,US,Own Account,Payment,2,BR,0,Verified
T0004288,C00144,B009,2025-01-05 03:32:00,Cash Deposit,Branch,876.7,GBP,L008,US,Own Account,Cash,2,ES,0,Verified
T0001492,C00279,B002,2025-01-05 03:56:00,Transfer,Branch,4158.82,GBP,L013,NG,Business,Transfer,5,IN,0,Verified
T0000713,C00245,B007,2025-01-05 04:00:00,Card,Mobile,167.34,GBP,L015,SG,Business,Salary,2,US,0,Verified
T0002323,C00180,B002,2025-01-05 06:42:00,Transfer,ATM,1178.78,GBP,L006,NL,Business,Payment,1,HK,0,Verified
T0003710,C00156,B009,2025-01-05 07:10:00,Card,Mobile,857.67,GBP,L010,AU,Business,Salary,2,DE,0,Verified
T0002708,C00244,B011,2025-01-05 08:10:00,Card,Mobile,343.58,GBP,L008,US,Individual,Cash,2,PL,0,Verified
T0002455,C00189,B009,2025-01-05 09:36:00,Transfer,Online,1354.68,GBP,L003,DE,Business,Purchase,1,IN,0,Verified
T0005329,C00014,B005,2025-01-05 12:31:00,International Transfer,Online,4262.21,GBP,L016,HK,Own Account,Transfer,3,FR,0,Verified
T0002504,C00267,B011,2025-01-05 13:28:00,Cash Deposit,Branch,547.99,GBP,L013,NG,Business,Payment,5,HK,0,Verified
T0005283,C00160,B011,2025-01-05 14:39:00,Cash Deposit,Online,325.2,GBP,L006,NL,Individual,Salary,1,US,0,Verified
T0000939,C00104,B006,2025-01-05 15:04:00,Transfer,Branch,1418.72,GBP,L006,NL,Business,Invoice,1,AE,0,Verified
T0005533,C00055,B006,2025-01-05 16:14:00,Transfer,Online,395.6,GBP,L011,AE,Own Account,Salary,4,CA,0,Verified
T0001855,C00300,B003,2025-01-05 16:58:00,Card,ATM,647.82,GBP,L007,IE,Own Account,Salary,1,IT,0,Verified
T0003766,C00201,B002,2025-01-05 20:05:00,International Transfer,Branch,1855.51,GBP,L008,US,Business,Cash,2,GB,0,Verified
T0003860,C00142,B005,2025-01-06 03:31:00,Cash Deposit,ATM,1250.06,GBP,L011,AE,Own Account,Invoice,4,PL,0,Verified
T0005942,C00164,B002,2025-01-06 04:29:00,Card,Mobile,256.67,GBP,L002,FR,Individual,Cash,1,BR,0,Verified
T0001121,C00167,B003,2025-01-06 05:05:00,Cash Withdrawal,Mobile,592.6,GBP,L007,IE,Individual,Cash,1,SG,0,Verified
T0004883,C00195,B001,2025-01-06 05:42:00,Transfer,ATM,1401.98,GBP,L009,CA,Individual,Purchase,2,BR,0,Verified
T0003559,C00110,B012,2025-01-06 06:22:00,Transfer,Branch,472.49,GBP,L009,CA,Business,Invoice,2,PL,0,Verified
T0004916,C00119,B007,2025-01-06 07:01:00,Card,Mobile,577.53,GBP,L001,GB,Individual,Payment,1,FR,0,Verified
T0002879,C00236,B002,2025-01-06 08:18:00,Transfer,ATM,4185.66,GBP,L015,SG,Individual,Transfer,2,HK,0,Verified
T0001529,C00001,B002,2025-01-06 09:04:00,Card,ATM,1445.21,GBP,L020,ZA,Business,Purchase,3,IE,0,Verified
T0004307,C00103,B007,2025-01-06 09:19:00,Cash Deposit,Branch,561.87,GBP,L015,SG,Own Account,Payment,2,US,0,Verified
T0001381,C00110,B002,2025-01-06 10:47:00,International Transfer,ATM,531.95,GBP,L020,ZA,Own Account,Transfer,3,PL,0,Verified
T0004653,C00259,B002,2025-01-06 10:56:00,Transfer,Branch,160.91,GBP,L007,IE,Individual,Purchase,1,SG,0,Verified
T0000513,C00028,B005,2025-01-06 11:20:00,Transfer,Mobile,142.21,GBP,L012,TR,Own Account,Purchase,4,ES,0,Verified
T0002033,C00216,B007,2025-01-06 11:59:00,Transfer,Online,199.24,GBP,L019,IN,Business,Payment,3,PL,0,Verified
T0005307,C00050,B009,2025-01-06 12:08:00,Card,ATM,1467.72,GBP,L010,AU,Individual,Invoice,2,AE,0,Verified
T0004335,C00157,B011,2025-01-06 12:32:00,Card,Online,140.84,GBP,L015,SG,Individual,Salary,2,HK,0,Verified
T0001296,C00004,B010,2025-01-06 14:38:00,Card,Online,328.14,GBP,L003,DE,Business,Cash,1,IT,0,Verified
T0002479,C00101,B001,2025-01-06 14:49:00,International Transfer,Mobile,1475.21,GBP,L002,FR,Individual,Invoice,1,PL,0,Verified
T0000766,C00156,B005,2025-01-06 15:17:00,Card,Branch,408.34,GBP,L002,FR,Business,Salary,1,DE,0,Verified
T0000215,C00229,B001,2025-01-06 18:27:00,Cash Deposit,Branch,90.36,GBP,L015,SG,Business,Salary,2,IT,0,Verified
T0003134,C00046,B008,2025-01-06 19:41:00,Card,ATM,136.57,GBP,L011,AE,Individual,Transfer,4,NG,1,Verified
T0001231,C00067,B007,2025-01-06 20:35:00,Card,Online,843.13,GBP,L005,IT,Individual,Cash,1,CA,0,Verified
T0000376,C00028,B012,2025-01-06 22:10:00,Card,Online,264.74,GBP,L004,ES,Individual,Purchase,1,ES,0,Verified
T0001182,C00299,B009,2025-01-06 22:17:00,Card,Branch,1029.41,GBP,L003,DE,Individual,Invoice,1,AE,0,Verified
T0003771,C00258,B007,2025-01-06 23:25:00,International Transfer,Branch,686.19,GBP,L010,AU,Own Account,Transfer,2,GB,0,Verified
T0002173,C00007,B003,2025-01-06 23:37:00,Transfer,Branch,394.75,GBP,L019,IN,Individual,Invoice,3,NG,0,Verified
T0000647,C00011,B010,2025-01-07 03:31:00,International Transfer,Online,113.74,GBP,L013,NG,Individual,Payment,5,IE,0,Verified
T0002129,C00116,B010,2025-01-07 04:54:00,Card,Online,918.48,GBP,L015,SG,Individual,Cash,2,AE,0,Verified
T0001601,C00043,B009,2025-01-07 11:00:00,Card,Mobile,144.67,GBP,L010,AU,Business,Transfer,2,US,0,Verified
T0001263,C00040,B004,2025-01-07 11:08:00,Card,Mobile,2066.62,GBP,L013,NG,Own Account,Invoice,5,FR,0,Verified
T0005111,C00126,B009,2025-01-07 11:39:00,Transfer,Online,1205.43,GBP,L011,AE,Individual,Transfer,4,IN,0,Verified
T0001127,C00061,B011,2025-01-07 12:30:00,Cash Withdrawal,Branch,1289.92,GBP,L012,TR,Individual,Payment,4,CH,0,Verified
T0002125,C00017,B005,2025-01-07 12:47:00,Card,ATM,1013.08,GBP,L007,IE,Own Account,Payment,1,US,0,Verified
T0003040,C00163,B004,2025-01-07 15:41:00,Card,Branch,465.97,GBP,L010,AU,Individual,Salary,2,CH,0,Verified
T0002310,C00057,B005,2025-01-07 16:49:00,Card,ATM,2758.08,GBP,L013,NG,Individual,Salary,5,DE,0,Review Required
T0000335,C00145,B009,2025-01-07 17:30:00,Card,Branch,103.23,GBP,L008,US,Own Account,Purchase,2,AU,0,Verified
T0002618,C00220,B012,2025-01-07 17:45:00,Card,Online,2554.16,GBP,L004,ES,Own Account,Invoice,1,SG,0,Verified
T0004512,C00156,B009,2025-01-07 22:04:00,Card,ATM,205.11,GBP,L019,IN,Own Account,Payment,3,DE,0,Verified
T0004211,C00138,B007,2025-01-07 22:37:00,International Transfer,ATM,597.56,GBP,L016,HK,Business,Transfer,3,DE,0,Verified
T0001338,C00071,B005,2025-01-08 06:21:00,Card,ATM,2115.03,GBP,L001,GB,Own Account,Cash,1,US,1,Verified
T0001124,C00186,B006,2025-01-08 09:43:00,Card,ATM,1403.21,GBP,L019,IN,Own Account,Salary,3,AE,0,Verified
T0005719,C00031,B009,2025-01-08 10:39:00,Cash Deposit,Branch,267.52,GBP,L001,GB,Own Account,Invoice,1,NL,0,Review Required
T0002145,C00155,B003,2025-01-08 12:24:00,Cash Withdrawal,Online,958.2,GBP,L011,AE,Business,Invoice,4,CA,0,Verified
T0001660,C00075,B002,2025-01-08 13:16:00,Cash Withdrawal,Online,1054.54,GBP,L006,NL,Own Account,Invoice,1,ES,1,Verified
T0002923,C00074,B007,2025-01-08 13:59:00,Card,ATM,1670.71,GBP,L018,PL,Own Account,Purchase,2,AE,0,Verified
T0002271,C00163,B012,2025-01-08 15:01:00,Card,Branch,2078.29,GBP,L005,IT,Individual,Payment,1,CH,0,Verified
T0004619,C00032,B010,2025-01-08 15:14:00,Transfer,Mobile,2065.92,GBP,L016,HK,Own Account,Transfer,3,PL,0,Verified
T0001946,C00200,B004,2025-01-08 16:51:00,Card,ATM,922.2,GBP,L010,AU,Business,Cash,2,IN,0,Verified
T0005191,C00008,B003,2025-01-08 17:50:00,Card,Mobile,4668.28,GBP,L018,PL,Business,Purchase,2,TR,0,Verified
T0000326,C00277,B007,2025-01-08 22:17:00,Card,Branch,2543.17,GBP,L017,CH,Own Account,Transfer,2,CA,0,Verified
T0000369,C00062,B008,2025-01-08 23:14:00,Card,Branch,1046.85,GBP,L003,DE,Individual,Transfer,1,ES,0,Verified
T0002494,C00254,B003,2025-01-09 00:25:00,Transfer,Mobile,810.12,GBP,L014,BR,Individual,Cash,3,BR,0,Verified
T0002416,C00042,B010,2025-01-09 00:41:00,Card,Mobile,1169.33,GBP,L014,BR,Business,Cash,3,PL,0,Verified
T0002796,C00173,B011,2025-01-09 01:18:00,Transfer,ATM,3103.46,GBP,L005,IT,Individual,Payment,1,FR,0,Verified
T0001760,C00252,B006,2025-01-09 03:13:00,Card,Online,1069.55,GBP,L012,TR,Individual,Payment,4,IT,1,Verified
T0005709,C00275,B002,2025-01-09 07:29:00,Card,ATM,1136.92,GBP,L008,US,Individual,Transfer,2,NL,0,Verified
T0004981,C00161,B002,2025-01-09 09:11:00,Card,Online,186.66,GBP,L013,NG,Own Account,Transfer,5,NL,0,Verified
T0004799,C00265,B005,2025-01-09 12:07:00,Transfer,Branch,1140.17,GBP,L015,SG,Own Account,Invoice,2,ZA,0,Verified
T0000724,C00100,B009,2025-01-09 14:26:00,Cash Deposit,Branch,2674.18,GBP,L013,NG,Individual,Transfer,5,SG,0,Verified
T0003268,C00019,B005,2025-01-09 14:57:00,Transfer,Branch,1948.52,GBP,L012,TR,Own Account,Salary,4,IT,1,Verified
T0000475,C00023,B002,2025-01-09 16:06:00,Card,Mobile,508.01,GBP,L007,IE,Own Account,Payment,1,PL,0,Verified
T0005628,C00124,B005,2025-01-09 19:35:00,Card,Branch,242.63,GBP,L009,CA,Business,Invoice,2,NG,0,Verified
T0003552,C00044,B005,2025-01-09 20:10:00,Transfer,Mobile,448.79,GBP,L020,ZA,Business,Invoice,3,PL,0,Review Required
T0002626,C00117,B012,2025-01-09 21:37:00,Transfer,Mobile,164.81,GBP,L018,PL,Own Account,Purchase,2,BR,0,Verified
T0004089,C00094,B005,2025-01-09 21:49:00,Card,Online,246.93,GBP,L012,TR,Individual,Salary,4,ZA,0,Verified
T0004938,C00099,B009,2025-01-09 23:53:00,Card,ATM,1345.6,GBP,L007,IE,Business,Salary,1,SG,0,Verified
T0001951,C00191,B008,2025-01-10 03:21:00,Card,Mobile,148.59,GBP,L004,ES,Business,Purchase,1,IT,1,Verified
T0000510,C00238,B010,2025-01-10 04:12:00,Card,Branch,1556.23,GBP,L013,NG,Own Account,Transfer,5,CH,0,Review Required
T0002607,C00235,B003,2025-01-10 06:13:00,International Transfer,Online,1296.04,GBP,L011,AE,Own Account,Transfer,4,IT,0,Verified
T0003122,C00066,B011,2025-01-10 07:32:00,Card,Mobile,1741.2,GBP,L016,HK,Business,Salary,3,CA,0,Verified
T0000706,C00266,B006,2025-01-10 08:00:00,Cash Withdrawal,Mobile,692.17,GBP,L002,FR,Business,Cash,1,IT,0,Verified
T0005018,C00094,B009,2025-01-10 08:57:00,Card,Online,1024.33,GBP,L001,GB,Individual,Purchase,1,ZA,0,Verified
T0002246,C00071,B003,2025-01-10 12:52:00,Card,Mobile,1322.34,GBP,L006,NL,Own Account,Purchase,1,US,1,Verified
T0005916,C00107,B003,2025-01-10 13:31:00,Transfer,ATM,138.53,GBP,L019,IN,Individual,Invoice,3,BR,0,Verified
T0000749,C00078,B010,2025-01-10 13:44:00,Transfer,Branch,361.99,GBP,L010,AU,Business,Transfer,2,CA,0,Verified
T0003963,C00176,B002,2025-01-10 17:28:00,Transfer,ATM,18307.42,GBP,L016,HK,Individual,Transfer,3,ZA,0,Verified
T0002791,C00021,B009,2025-01-10 20:45:00,Card,Branch,315.63,GBP,L006,NL,Business,Transfer,1,NG,0,Verified
T0000273,C00239,B003,2025-01-10 22:06:00,Cash Deposit,ATM,260.05,GBP,L009,CA,Individual,Purchase,2,NG,0,Verified
T0005978,C00001,B004,2025-01-10 22:33:00,Card,Mobile,10936.27,GBP,L017,CH,Individual,Salary,2,IE,0,Verified
T0003844,C00200,B003,2025-01-11 03:17:00,Cash Deposit,Mobile,339.53,GBP,L007,IE,Own Account,Cash,1,IN,0,Verified
T0001705,C00276,B001,2025-01-11 03:41:00,International Transfer,ATM,1018.28,GBP,L002,FR,Own Account,Transfer,1,TR,0,Verified
T0004088,C00285,B008,2025-01-11 04:09:00,Card,Online,157.26,GBP,L011,AE,Individual,Payment,4,IN,0,Verified
T0005809,C00190,B006,2025-01-11 05:33:00,Card,Online,1202.63,GBP,L005,IT,Individual,Transfer,1,SG,0,Verified
T0002364,C00124,B011,2025-01-11 10:13:00,Transfer,Online,1795.57,GBP,L003,DE,Individual,Invoice,1,NG,0,Verified
T0004234,C00184,B002,2025-01-11 10:43:00,Card,Mobile,1092.61,GBP,L002,FR,Individual,Cash,1,HK,0,Verified
T0001086,C00242,B011,2025-01-11 11:29:00,Cash Withdrawal,Mobile,3247.14,GBP,L003,DE,Business,Invoice,1,AE,0,Verified
T0003582,C00093,B008,2025-01-11 15:29:00,Card,Mobile,15522.19,GBP,L016,HK,Own Account,Transfer,3,IE,0,Review Required
T0002715,C00195,B001,2025-01-11 16:52:00,International Transfer,Mobile,1538.21,GBP,L002,FR,Own Account,Invoice,1,BR,0,Verified
T0004868,C00277,B003,2025-01-11 17:36:00,Card,Branch,3061.13,GBP,L015,SG,Individual,Transfer,2,CA,0,Verified
T0004475,C00187,B001,2025-01-11 18:01:00,International Transfer,Branch,1280.79,GBP,L015,SG,Business,Cash,2,BR,0,Verified
T0003902,C00154,B008,2025-01-11 19:11:00,Transfer,Branch,1026.89,GBP,L004,ES,Individual,Payment,1,ZA,0,Verified
T0003115,C00118,B012,2025-01-11 19:43:00,Cash Deposit,Online,569.57,GBP,L017,CH,Individual,Transfer,2,PL,0,Verified
T0005928,C00158,B001,2025-01-11 20:50:00,International Transfer,Online,169.88,GBP,L004,ES,Own Account,Transfer,1,SG,0,Verified
T0002680,C00217,B003,2025-01-11 22:13:00,Transfer,ATM,774.63,GBP,L011,AE,Business,Purchase,4,ES,0,Verified
T0004513,C00235,B006,2025-01-11 22:15:00,Card,Mobile,665.77,GBP,L015,SG,Business,Purchase,2,IT,0,Verified
T0001595,C00275,B003,2025-01-11 22:40:00,International Transfer,Branch,226.12,GBP,L008,US,Individual,Invoice,2,NL,0,Verified
T0002091,C00087,B006,2025-01-11 22:43:00,Card,Online,1347.27,GBP,L015,SG,Individual,Purchase,2,BR,0,Verified
T0000838,C00208,B010,2025-01-11 23:15:00,Card,Online,842.64,GBP,L012,TR,Own Account,Purchase,4,TR,0,Verified
T0003572,C00174,B007,2025-01-11 23:40:00,Card,Branch,343.37,GBP,L020,ZA,Business,Purchase,3,SG,0,Verified
T0004126,C00032,B002,2025-01-11 23:47:00,Cash Deposit,Mobile,1223.18,GBP,L002,FR,Individual,Purchase,1,PL,0,Verified
T0004136,C00158,B006,2025-01-12 01:47:00,Cash Withdrawal,Mobile,126.0,GBP,L010,AU,Business,Cash,2,SG,0,Verified
T0000783,C00029,B002,2025-01-12 02:23:00,Transfer,ATM,887.58,GBP,L004,ES,Business,Salary,1,IN,0,Verified
T0001192,C00233,B012,2025-01-12 02:53:00,Transfer,Mobile,2862.34,GBP,L018,PL,Individual,Cash,2,ES,0,Verified
T0001517,C00188,B005,2025-01-12 05:59:00,Cash Withdrawal,ATM,3651.13,GBP,L018,PL,Own Account,Payment,2,IT,0,Verified
T0002178,C00290,B009,2025-01-12 06:28:00,Card,Online,2032.77,GBP,L017,CH,Own Account,Transfer,2,AE,0,Verified
T0003542,C00097,B005,2025-01-12 07:54:00,Card,Online,274.16,GBP,L014,BR,Individual,Cash,3,US,0,Verified
T0000385,C00213,B004,2025-01-12 08:10:00,Card,Online,957.83,GBP,L004,ES,Individual,Cash,1,CA,0,Review Required
T0003543,C00155,B003,2025-01-12 11:45:00,Card,Online,664.91,GBP,L005,IT,Business,Invoice,1,CA,0,Verified
T0002242,C00159,B012,2025-01-12 12:50:00,Card,Online,739.11,GBP,L012,TR,Individual,Invoice,4,IN,0,Verified
T0002718,C00095,B012,2025-01-12 14:06:00,International Transfer,Branch,411.77,GBP,L003,DE,Individual,Transfer,1,IN,0,Verified
T0005764,C00243,B005,2025-01-12 17:01:00,Card,Branch,3594.18,GBP,L010,AU,Business,Cash,2,CH,0,Verified
T0005561,C00138,B006,2025-01-12 17:49:00,Card,Branch,310.87,GBP,L009,CA,Individual,Payment,2,DE,0,Verified
T0001073,C00259,B004,2025-01-12 20:47:00,Card,Branch,770.11,GBP,L008,US,Business,Cash,2,SG,0,Verified
T0001996,C00036,B011,2025-01-12 22:03:00,Transfer,Mobile,253.0,GBP,L013,NG,Individual,Purchase,5,FR,0,Verified
T0000399,C00101,B004,2025-01-12 23:24:00,Card,Online,465.41,GBP,L017,CH,Business,Payment,2,PL,0,Verified
T0003592,C00109,B001,2025-01-12 23:59:00,Cash Withdrawal,Online,1827.58,GBP,L019,IN,Individual,Purchase,3,NG,0,Verified
T0005010,C00179,B006,2025-01-13 00:14:00,Transfer,ATM,294.85,GBP,L008,US,Business,Purchase,2,AU,0,Verified
T0005019,C00087,B008,2025-01-13 06:18:00,Card,Online,200.18,GBP,L006,NL,Individual,Salary,1,BR,0,Verified
T0000601,C00001,B009,2025-01-13 09:04:00,Card,Branch,1756.1,GBP,L006,NL,Individual,Payment,1,IE,0,Verified
T0005968,C00011,B011,2025-01-13 09:06:00,Transfer,Mobile,442.86,GBP,L014,BR,Business,Payment,3,IE,0,Verified
T0002325,C00197,B009,2025-01-13 10:29:00,Transfer,Online,977.81,GBP,L013,NG,Individual,Invoice,5,AU,0,Verified
T0000409,C00083,B008,2025-01-13 11:24:00,International Transfer,Online,633.7,GBP,L003,DE,Business,Transfer,1,BR,0,Verified
T0003791,C00077,B001,2025-01-13 12:04:00,Card,Branch,520.3,GBP,L016,HK,Business,Salary,3,IE,0,Review Required
T0002492,C00268,B007,2025-01-13 12:27:00,International Transfer,Online,1552.54,GBP,L014,BR,Business,Salary,3,US,0,Verified
T0005027,C00278,B004,2025-01-13 12:29:00,Card,Online,490.94,GBP,L001,GB,Individual,Salary,1,DE,0,Verified
T0003230,C00296,B009,2025-01-13 12:30:00,Cash Deposit,Branch,1050.77,GBP,L018,PL,Business,Invoice,2,TR,0,Verified
T0005912,C00048,B005,2025-01-13 15:22:00,Transfer,Mobile,807.35,GBP,L014,BR,Individual,Purchase,3,PL,0,Verified
T0002017,C00115,B007,2025-01-13 16:44:00,Card,ATM,1651.05,GBP,L001,GB,Own Account,Salary,1,NL,0,Verified
T0000080,C00256,B010,2025-01-13 17:11:00,International Transfer,Branch,640.07,GBP,L002,FR,Business,Cash,1,AU,0,Verified
T0005073,C00211,B009,2025-01-13 17:53:00,Card,Branch,3078.16,GBP,L010,AU,Business,Salary,2,AE,1,Verified
T0003889,C00093,B001,2025-01-13 18:25:00,Card,Mobile,2948.35,GBP,L004,ES,Business,Purchase,1,IE,0,Review Required
T0000607,C00150,B012,2025-01-13 19:18:00,Cash Deposit,Branch,3282.7,GBP,L001,GB,Business,Invoice,1,FR,0,Verified
T0002792,C00190,B007,2025-01-13 20:05:00,Transfer,Online,939.96,GBP,L011,AE,Individual,Transfer,4,SG,0,Verified
T0000170,C00251,B008,2025-01-13 20:08:00,Card,Branch,1380.99,GBP,L002,FR,Business,Salary,1,ZA,0,Verified
T0005042,C00273,B010,2025-01-13 22:23:00,Card,Online,1275.95,GBP,L020,ZA,Individual,Salary,3,ES,0,Verified
T0005761,C00100,B001,2025-01-13 22:28:00,Transfer,ATM,544.76,GBP,L002,FR,Own Account,Purchase,1,SG,0,Verified
T0005943,C00146,B009,2025-01-13 23:22:00,Card,Online,2327.6,GBP,L010,AU,Individual,Cash,2,FR,0,Verified
T0002208,C00212,B007,2025-01-14 01:28:00,Transfer,Mobile,2241.89,GBP,L009,CA,Business,Salary,2,PL,0,Verified
T0000153,C00041,B006,2025-01-14 02:28:00,Cash Withdrawal,Online,488.91,GBP,L008,US,Business,Cash,2,AE,0,Verified
T0005478,C00142,B009,2025-01-14 02:50:00,Transfer,ATM,356.17,GBP,L014,BR,Own Account,Transfer,3,PL,0,Verified
T0005710,C00012,B010,2025-01-14 04:20:00,Cash Deposit,Online,2618.61,GBP,L009,CA,Own Account,Cash,2,PL,0,Verified
T0005453,C00032,B003,2025-01-14 05:00:00,Transfer,Mobile,686.45,GBP,L017,CH,Individual,Cash,2,PL,0,Verified
T0002375,C00060,B009,2025-01-14 06:37:00,Card,Mobile,259.92,GBP,L004,ES,Own Account,Payment,1,SG,0,Review Required
T0002846,C00026,B012,2025-01-14 13:09:00,Card,Branch,919.42,GBP,L012,TR,Individual,Transfer,4,IT,0,Review Required
T0002514,C00125,B005,2025-01-14 13:20:00,Card,Mobile,121.16,GBP,L003,DE,Individual,Transfer,1,US,0,Verified
T0000837,C00227,B004,2025-01-14 13:29:00,Transfer,Online,169.38,GBP,L007,IE,Own Account,Purchase,1,IE,0,Verified
T0002423,C00047,B010,2025-01-14 13:41:00,Card,Online,1065.39,GBP,L002,FR,Individual,Payment,1,NG,0,Verified
T0005796,C00184,B004,2025-01-14 14:20:00,Card,Online,483.75,GBP,L004,ES,Own Account,Invoice,1,HK,0,Verified
T0003316,C00246,B006,2025-01-14 18:10:00,Card,Online,4181.25,GBP,L010,AU,Business,Invoice,2,ES,0,Verified
T0005994,C00228,B012,2025-01-14 20:37:00,Card,ATM,2033.72,GBP,L015,SG,Individual,Salary,2,ZA,0,Verified
T0002584,C00083,B010,2025-01-14 22:06:00,Transfer,Mobile,1832.08,GBP,L011,AE,Individual,Salary,4,BR,0,Verified
T0003112,C00280,B007,2025-01-14 22:30:00,Card,Online,469.9,GBP,L013,NG,Business,Purchase,5,AE,0,Verified
T0001242,C00085,B001,2025-01-14 23:43:00,Card,ATM,962.22,GBP,L014,BR,Individual,Cash,3,ES,0,Verified
T0002300,C00038,B001,2025-01-14 23:44:00,Transfer,Mobile,1441.9,GBP,L013,NG,Business,Payment,5,US,0,Verified
T0001916,C00257,B011,2025-01-15 00:11:00,Cash Deposit,Branch,815.4,GBP,L007,IE,Business,Invoice,1,IT,0,Verified
T0002341,C00070,B008,2025-01-15 01:14:00,Cash Withdrawal,ATM,226.24,GBP,L020,ZA,Business,Cash,3,AU,0,Verified
T0004373,C00152,B001,2025-01-15 02:09:00,International Transfer,Branch,640.01,GBP,L004,ES,Individual,Salary,1,ZA,0,Verified
T0000734,C00253,B007,2025-01-15 02:09:00,Cash Withdrawal,Online,626.82,GBP,L002,FR,Business,Salary,1,PL,0,Verified
T0002852,C00133,B006,2025-01-15 03:43:00,International Transfer,Mobile,120.28,GBP,L011,AE,Own Account,Invoice,4,NG,0,Verified
T0004655,C00055,B007,2025-01-15 04:41:00,Card,Mobile,1164.44,GBP,L007,IE,Own Account,Purchase,1,CA,0,Verified
T0002629,C00165,B002,2025-01-15 05:59:00,International Transfer,ATM,769.75,GBP,L018,PL,Business,Invoice,2,US,0,Review Required
T0003908,C00030,B005,2025-01-15 06:34:00,Card,ATM,193.58,GBP,L005,IT,Own Account,Transfer,1,PL,0,Verified
T0003083,C00117,B010,2025-01-15 06:47:00,Card,Branch,1858.83,GBP,L001,GB,Own Account,Invoice,1,BR,0,Verified
T0003331,C00169,B007,2025-01-15 08:59:00,Card,Mobile,182.62,GBP,L004,ES,Individual,Invoice,1,AE,0,Verified
T0000457,C00182,B004,2025-01-15 10:13:00,International Transfer,Online,161.41,GBP,L014,BR,Individual,Cash,3,BR,0,Verified
T0001320,C00066,B010,2025-01-15 10:14:00,Card,Branch,1835.26,GBP,L003,DE,Individual,Purchase,1,CA,0,Verified
T0002028,C00067,B007,2025-01-15 12:28:00,Cash Deposit,Online,510.04,GBP,L008,US,Individual,Transfer,2,CA,0,Verified
T0005016,C00063,B001,2025-01-15 12:29:00,Cash Withdrawal,Branch,417.98,GBP,L015,SG,Individual,Salary,2,ES,0,Verified
T0000147,C00238,B008,2025-01-15 15:13:00,International Transfer,ATM,2347.43,GBP,L003,DE,Business,Payment,1,CH,0,Review Required
T0005570,C00110,B006,2025-01-15 16:02:00,Cash Deposit,Branch,124.53,GBP,L018,PL,Individual,Cash,2,PL,0,Verified
T0002669,C00055,B010,2025-01-15 16:55:00,Card,Mobile,49.4,GBP,L003,DE,Individual,Invoice,1,CA,0,Verified
T0005206,C00148,B011,2025-01-15 17:38:00,Card,Online,661.59,GBP,L002,FR,Business,Invoice,1,NL,0,Verified
T0005189,C00039,B009,2025-01-15 18:22:00,Transfer,Branch,852.95,GBP,L003,DE,Business,Purchase,1,BR,0,Verified
T0002292,C00252,B003,2025-01-15 19:45:00,Card,Online,2627.58,GBP,L012,TR,Individual,Invoice,4,IT,1,Verified
T0000483,C00092,B010,2025-01-15 20:30:00,International Transfer,Mobile,69.59,GBP,L006,NL,Individual,Invoice,1,ZA,0,Verified
T0005873,C00088,B011,2025-01-16 09:26:00,Transfer,ATM,2400.41,GBP,L018,PL,Business,Cash,2,AU,0,Verified
T0000374,C00295,B012,2025-01-16 10:57:00,Transfer,Online,422.45,GBP,L015,SG,Business,Payment,2,CH,0,Verified
T0003723,C00286,B012,2025-01-16 13:27:00,Transfer,ATM,348.95,GBP,L007,IE,Own Account,Purchase,1,IT,0,Verified
T0002241,C00034,B003,2025-01-16 14:38:00,Card,Online,1165.92,GBP,L012,TR,Own Account,Payment,4,US,0,Verified
T0003114,C00293,B010,2025-01-16 20:17:00,Card,Mobile,114.97,GBP,L001,GB,Individual,Salary,1,IT,0,Verified
T0001903,C00154,B006,2025-01-16 20:49:00,International Transfer,ATM,472.5,GBP,L009,CA,Business,Payment,2,ZA,0,Verified
T0002320,C00092,B002,2025-01-16 21:03:00,Cash Withdrawal,ATM,1633.77,GBP,L005,IT,Business,Cash,1,ZA,0,Verified
T0004129,C00109,B002,2025-01-16 22:53:00,Transfer,Branch,1996.75,GBP,L014,BR,Business,Cash,3,NG,0,Verified
T0001471,C00286,B003,2025-01-16 22:58:00,Card,Online,1945.51,GBP,L009,CA,Individual,Purchase,2,IT,0,Verified
T0005713,C00042,B007,2025-01-17 00:08:00,International Transfer,Mobile,1787.74,GBP,L008,US,Own Account,Purchase,2,PL,0,Verified
T0003562,C00179,B005,2025-01-17 00:47:00,Cash Withdrawal,ATM,349.64,GBP,L014,BR,Own Account,Payment,3,AU,0,Verified
T0001488,C00010,B002,2025-01-17 03:48:00,International Transfer,Online,1213.33,GBP,L020,ZA,Own Account,Purchase,3,SG,0,Verified
T0005767,C00221,B008,2025-01-17 04:29:00,Card,Online,1461.74,GBP,L003,DE,Individual,Cash,1,FR,0,Verified
T0003254,C00206,B005,2025-01-17 05:58:00,Transfer,Online,101.63,GBP,L005,IT,Business,Cash,1,NG,0,Verified
T0005123,C00246,B002,2025-01-17 07:44:00,Card,Mobile,162.95,GBP,L012,TR,Own Account,Payment,4,ES,0,Verified
T0003608,C00142,B009,2025-01-17 07:52:00,Card,Branch,529.4,GBP,L004,ES,Own Account,Payment,1,PL,0,Verified
T0003276,C00158,B012,2025-01-17 08:49:00,Card,ATM,1471.48,GBP,L013,NG,Individual,Salary,5,SG,0,Verified
T0005194,C00264,B004,2025-01-17 10:23:00,International Transfer,ATM,525.7,GBP,L013,NG,Business,Salary,5,IN,1,Verified
T0002353,C00001,B009,2025-01-17 11:05:00,Card,Online,695.86,GBP,L018,PL,Individual,Salary,2,IE,0,Verified
T0005392,C00061,B005,2025-01-17 13:45:00,Transfer,Mobile,3469.82,GBP,L011,AE,Own Account,Cash,4,CH,0,Verified
T0002259,C00271,B008,2025-01-17 16:37:00,Transfer,Mobile,428.88,GBP,L017,CH,Individual,Invoice,2,NG,0,Verified
T0000334,C00223,B003,2025-01-17 18:38:00,Card,Online,3783.66,GBP,L015,SG,Individual,Purchase,2,PL,0,Verified
T0005325,C00018,B011,2025-01-17 18:47:00,Card,Mobile,2186.64,GBP,L004,ES,Individual,Invoice,1,BR,0,Verified
T0001004,C00284,B010,2025-01-17 23:15:00,Cash Deposit,ATM,4770.03,GBP,L015,SG,Own Account,Salary,2,NG,0,Verified
T0005387,C00074,B012,2025-01-17 23:49:00,Card,ATM,1254.09,GBP,L008,US,Own Account,Purchase,2,AE,0,Verified
T0001754,C00134,B011,2025-01-18 01:07:00,International Transfer,ATM,1959.55,GBP,L005,IT,Individual,Invoice,1,IE,0,Verified
T0004831,C00191,B009,2025-01-18 01:52:00,Card,Mobile,1840.46,GBP,L014,BR,Own Account,Cash,3,IT,1,Verified
T0003852,C00283,B008,2025-01-18 02:10:00,Card,Mobile,1061.4,GBP,L008,US,Individual,Payment,2,AU,0,Verified
T0005757,C00292,B010,2025-01-18 06:42:00,Card,Branch,941.33,GBP,L008,US,Business,Cash,2,ZA,0,Verified
T0005784,C00133,B011,2025-01-18 07:12:00,Transfer,Branch,424.51,GBP,L015,SG,Own Account,Invoice,2,NG,0,Verified
T0005079,C00253,B008,2025-01-18 08:40:00,International Transfer,Branch,16090.03,GBP,L020,ZA,Own Account,Purchase,3,PL,0,Verified
T0005556,C00187,B005,2025-01-18 13:55:00,Card,Online,9407.39,GBP,L014,BR,Own Account,Transfer,3,BR,0,Verified
T0002910,C00220,B011,2025-01-18 13:58:00,Card,Online,279.08,GBP,L020,ZA,Own Account,Cash,3,SG,0,Verified
T0004993,C00132,B008,2025-01-18 15:57:00,Transfer,ATM,208.73,GBP,L015,SG,Individual,Purchase,2,SG,0,Verified
T0001691,C00278,B003,2025-01-18 16:36:00,Card,Mobile,2029.17,GBP,L004,ES,Individual,Purchase,1,DE,0,Verified
T0004186,C00163,B011,2025-01-18 17:33:00,Card,Mobile,1866.5,GBP,L017,CH,Business,Invoice,2,CH,0,Verified
T0001331,C00296,B012,2025-01-18 18:08:00,Card,ATM,1884.13,GBP,L011,AE,Own Account,Invoice,4,TR,0,Verified
T0003655,C00233,B009,2025-01-18 19:06:00,Transfer,Branch,1673.56,GBP,L005,IT,Business,Purchase,1,ES,0,Verified
T0000173,C00013,B003,2025-01-18 22:16:00,Cash Withdrawal,Branch,686.06,GBP,L012,TR,Own Account,Cash,4,PL,0,Verified
T0000095,C00140,B001,2025-01-19 01:15:00,Cash Deposit,Online,254.31,GBP,L011,AE,Business,Salary,4,PL,0,Verified
T0000533,C00274,B006,2025-01-19 01:58:00,Card,Branch,1199.15,GBP,L004,ES,Own Account,Purchase,1,NG,1,Verified
T0003041,C00023,B007,2025-01-19 02:37:00,Transfer,ATM,387.13,GBP,L005,IT,Business,Invoice,1,PL,0,Verified
T0000023,C00205,B005,2025-01-19 06:56:00,Card,ATM,3584.25,GBP,L012,TR,Individual,Invoice,4,TR,0,Review Required
T0004491,C00300,B003,2025-01-19 07:42:00,Card,Online,305.21,GBP,L005,IT,Own Account,Transfer,1,IT,0,Verified
T0003140,C00218,B012,2025-01-19 08:23:00,International Transfer,Online,184.61,GBP,L004,ES,Own Account,Salary,1,TR,0,Verified
T0004303,C00177,B008,2025-01-19 09:00:00,Transfer,Online,2700.17,GBP,L017,CH,Business,Invoice,2,PL,0,Verified
T0003066,C00030,B006,2025-01-19 10:38:00,Card,Mobile,775.55,GBP,L014,BR,Own Account,Purchase,3,PL,0,Verified
T0002765,C00285,B003,2025-01-19 10:52:00,Cash Deposit,Online,327.9,GBP,L020,ZA,Individual,Purchase,3,IN,0,Verified
T0001711,C00105,B001,2025-01-19 15:24:00,Cash Withdrawal,Online,334.36,GBP,L015,SG,Individual,Purchase,2,US,0,Verified
T0002319,C00022,B010,2025-01-19 18:01:00,International Transfer,ATM,63.64,GBP,L004,ES,Individual,Purchase,1,PL,0,Verified
T0005813,C00262,B008,2025-01-19 18:34:00,Transfer,ATM,1892.6,GBP,L005,IT,Own Account,Purchase,1,BR,0,Verified
T0001747,C00045,B012,2025-01-19 20:39:00,Card,Online,6864.13,GBP,L010,AU,Business,Payment,2,US,0,Verified
T0000479,C00172,B010,2025-01-19 21:19:00,Card,Online,3577.65,GBP,L019,IN,Individual,Invoice,3,NG,0,Verified
T0003841,C00055,B007,2025-01-20 01:15:00,Card,Mobile,848.44,GBP,L012,TR,Individual,Cash,4,CA,0,Verified
T0001523,C00075,B003,2025-01-20 03:19:00,Card,Mobile,356.12,GBP,L009,CA,Business,Invoice,2,ES,1,Verified
T0004817,C00065,B001,2025-01-20 03:27:00,Card,Online,837.22,GBP,L012,TR,Individual,Purchase,4,CA,0,Verified
T0004227,C00105,B007,2025-01-20 06:37:00,Cash Withdrawal,Mobile,1959.86,GBP,L005,IT,Business,Salary,1,US,0,Verified
T0002196,C00275,B001,2025-01-20 09:32:00,Transfer,Mobile,119.04,GBP,L006,NL,Own Account,Purchase,1,NL,0,Verified
T0005381,C00009,B010,2025-01-20 09:40:00,Card,Mobile,1651.57,GBP,L015,SG,Individual,Salary,2,AU,0,Verified
T0001424,C00145,B010,2025-01-20 09:40:00,Card,Branch,737.25,GBP,L009,CA,Individual,Payment,2,AU,0,Verified
T0005648,C00001,B011,2025-01-20 14:21:00,Transfer,Mobile,462.31,GBP,L005,IT,Individual,Transfer,1,IE,0,Verified
T0001936,C00175,B011,2025-01-20 15:19:00,Card,Online,207.21,GBP,L010,AU,Business,Purchase,2,AU,0,Verified
T0002222,C00112,B002,2025-01-20 15:46:00,Transfer,Branch,1212.74,GBP,L001,GB,Business,Salary,1,NG,0,Review Required
T0004937,C00129,B004,2025-01-20 16:08:00,Transfer,ATM,441.59,GBP,L002,FR,Individual,Invoice,1,BR,0,Verified
T0001891,C00037,B012,2025-01-20 18:33:00,Card,Online,1793.54,GBP,L015,SG,Individual,Purchase,2,HK,0,Verified
T0005970,C00103,B007,2025-01-20 19:09:00,International Transfer,Online,380.64,GBP,L004,ES,Own Account,Payment,1,US,0,Verified
T0004246,C00282,B005,2025-01-20 19:48:00,Transfer,Branch,2182.7,GBP,L009,CA,Individual,Salary,2,DE,0,Verified
T0001698,C00151,B009,2025-01-20 23:04:00,Transfer,Branch,1803.89,GBP,L009,CA,Individual,Purchase,2,US,0,Verified
T0003418,C00069,B011,2025-01-20 23:28:00,Card,ATM,7208.78,GBP,L008,US,Own Account,Invoice,2,TR,0,Verified
T0000742,C00295,B002,2025-01-20 23:30:00,International Transfer,Branch,999.27,GBP,L020,ZA,Individual,Salary,3,CH,0,Verified
T0005523,C00182,B004,2025-01-20 23:56:00,Transfer,Online,468.65,GBP,L007,IE,Individual,Transfer,1,BR,0,Verified
T0001713,C00292,B009,2025-01-21 00:46:00,Card,Mobile,445.19,GBP,L008,US,Business,Purchase,2,ZA,0,Verified
T0003146,C00274,B007,2025-01-21 01:08:00,Cash Deposit,Online,2120.83,GBP,L019,IN,Business,Transfer,3,NG,1,Verified
T0003397,C00178,B004,2025-01-21 02:39:00,Transfer,ATM,135.73,GBP,L013,NG,Individual,Transfer,5,ES,0,Verified
T0001937,C00155,B007,2025-01-21 03:28:00,Card,ATM,1636.08,GBP,L008,US,Own Account,Purchase,2,CA,0,Verified
T0003192,C00204,B005,2025-01-21 04:00:00,Transfer,Mobile,2048.34,GBP,L016,HK,Own Account,Invoice,3,NG,0,Verified
T0003469,C00057,B001,2025-01-21 05:47:00,Card,Mobile,327.38,GBP,L004,ES,Own Account,Cash,1,DE,0,Review Required
T0004754,C00028,B007,2025-01-21 07:22:00,Transfer,ATM,663.47,GBP,L015,SG,Business,Cash,2,ES,0,Verified
T0003266,C00092,B004,2025-01-21 09:31:00,Card,Mobile,218.42,GBP,L019,IN,Own Account,Invoice,3,ZA,0,Verified
T0004848,C00093,B007,2025-01-21 12:40:00,Cash Withdrawal,Mobile,397.21,GBP,L020,ZA,Individual,Salary,3,IE,0,Review Required
T0003684,C00273,B012,2025-01-21 12:44:00,Card,Branch,900.35,GBP,L008,US,Own Account,Cash,2,ES,0,Verified
T0004053,C00141,B009,2025-01-21 13:08:00,Card,Mobile,6835.69,GBP,L005,IT,Individual,Salary,1,US,0,Verified
T0004184,C00117,B012,2025-01-21 13:22:00,Transfer,Branch,2207.36,GBP,L018,PL,Business,Salary,2,BR,0,Verified
T0004441,C00004,B004,2025-01-21 18:11:00,Transfer,Online,2614.93,GBP,L018,PL,Own Account,Invoice,2,IT,0,Verified
T0000632,C00287,B012,2025-01-21 18:14:00,International Transfer,Mobile,485.43,GBP,L020,ZA,Own Account,Invoice,3,AE,0,Verified
T0004214,C00183,B005,2025-01-21 19:15:00,Card,ATM,127.31,GBP,L003,DE,Business,Cash,1,AU,0,Review Required
T0003458,C00270,B002,2025-01-21 20:56:00,Cash Deposit,Branch,192.48,GBP,L007,IE,Individual,Cash,1,IN,0,Verified
T0005306,C00255,B006,2025-01-21 23:55:00,Card,Online,1293.84,GBP,L013,NG,Business,Purchase,5,PL,0,Verified
T0002899,C00259,B006,2025-01-22 00:04:00,Card,Branch,699.09,GBP,L002,FR,Individual,Payment,1,SG,0,Verified
T0000223,C00068,B003,2025-01-22 03:36:00,Cash Deposit,ATM,461.48,GBP,L015,SG,Business,Salary,2,PL,0,Verified
T0005524,C00276,B007,2025-01-22 05:55:00,Card,Mobile,1199.31,GBP,L005,IT,Own Account,Salary,1,TR,0,Verified
T0004375,C00110,B004,2025-01-22 08:28:00,Card,Branch,627.55,GBP,L019,IN,Business,Salary,3,PL,0,Verified
T0003807,C00267,B004,2025-01-22 08:35:00,Cash Withdrawal,Mobile,1579.92,GBP,L020,ZA,Own Account,Purchase,3,HK,0,Verified
T0004349,C00194,B007,2025-01-22 09:13:00,Cash Deposit,Branch,329.32,GBP,L015,SG,Individual,Invoice,2,DE,0,Verified
T0005337,C00260,B002,2025-01-22 09:37:00,Transfer,ATM,613.59,GBP,L008,US,Individual,Purchase,2,IN,0,Verified
T0002924,C00222,B012,2025-01-22 10:19:00,Cash Deposit,Mobile,380.61,GBP,L006,NL,Own Account,Purchase,1,US,0,Verified
T0000423,C00115,B009,2025-01-22 11:30:00,Card,Mobile,315.9,GBP,L006,NL,Own Account,Cash,1,NL,0,Verified
T0000103,C00253,B012,2025-01-22 17:06:00,Card,Online,6475.1,GBP,L010,AU,Business,Transfer,2,PL,0,Verified
T0000157,C00274,B002,2025-01-22 20:03:00,Card,ATM,6334.96,GBP,L006,NL,Own Account,Purchase,1,NG,1,Verified
T0001341,C00262,B012,2025-01-22 20:03:00,Card,Online,664.36,GBP,L012,TR,Individual,Transfer,4,BR,0,Verified
T0002498,C00070,B007,2025-01-22 20:42:00,Card,ATM,2787.0,GBP,L016,HK,Individual,Purchase,3,AU,0,Verified
T0004483,C00043,B006,2025-01-22 22:04:00,Card,Branch,579.43,GBP,L001,GB,Individual,Transfer,1,US,0,Verified
T0005405,C00061,B003,2025-01-22 22:22:00,International Transfer,Branch,359.8,GBP,L014,BR,Individual,Purchase,3,CH,0,Verified
T0000588,C00154,B002,2025-01-23 02:15:00,Transfer,Online,801.73,GBP,L019,IN,Business,Salary,3,ZA,0,Verified
T0002909,C00026,B008,2025-01-23 02:52:00,Card,Branch,654.64,GBP,L017,CH,Business,Purchase,2,IT,0,Review Required
T0000439,C00141,B004,2025-01-23 03:07:00,Card,Online,297.71,GBP,L017,CH,Individual,Salary,2,US,0,Verified
T0002065,C00172,B006,2025-01-23 03:22:00,Card,ATM,1849.25,GBP,L016,HK,Business,Salary,3,NG,0,Verified
T0005594,C00151,B003,2025-01-23 08:26:00,International Transfer,ATM,216.93,GBP,L009,CA,Business,Transfer,2,US,0,Verified
T0005094,C00025,B006,2025-01-23 09:30:00,Transfer,ATM,738.17,GBP,L020,ZA,Own Account,Transfer,3,CH,0,Verified
T0003958,C00096,B006,2025-01-23 12:14:00,Card,Mobile,445.5,GBP,L018,PL,Own Account,Cash,2,IT,0,Verified
T0000913,C00172,B004,2025-01-23 12:26:00,Card,ATM,572.39,GBP,L006,NL,Own Account,Salary,1,NG,0,Verified
T0004024,C00129,B012,2025-01-23 12:44:00,Transfer,ATM,852.4,GBP,L006,NL,Own Account,Purchase,1,BR,0,Verified
T0004671,C00123,B004,2025-01-23 16:27:00,Cash Deposit,Mobile,2660.32,GBP,L017,CH,Own Account,Purchase,2,ES,0,Verified
T0001836,C00287,B010,2025-01-23 18:14:00,International Transfer,Branch,590.97,GBP,L018,PL,Business,Cash,2,AE,0,Verified
T0004790,C00081,B008,2025-01-23 18:57:00,Transfer,ATM,793.34,GBP,L006,NL,Business,Salary,1,BR,0,Verified
T0000729,C00100,B010,2025-01-23 19:25:00,Card,Online,3789.44,GBP,L007,IE,Own Account,Invoice,1,SG,0,Verified
T0004435,C00290,B012,2025-01-23 19:32:00,International Transfer,ATM,191.72,GBP,L004,ES,Individual,Invoice,1,AE,0,Verified
T0002135,C00247,B004,2025-01-23 21:44:00,Transfer,Mobile,697.63,GBP,L011,AE,Individual,Payment,4,IT,0,Verified
T0004600,C00255,B002,2025-01-24 00:01:00,Card,Online,3796.79,GBP,L002,FR,Individual,Cash,1,PL,0,Verified
T0005454,C00148,B012,2025-01-24 00:11:00,Card,ATM,1054.8,GBP,L005,IT,Individual,Payment,1,NL,0,Verified
T0005183,C00295,B010,2025-01-24 00:44:00,Card,Mobile,349.52,GBP,L001,GB,Business,Purchase,1,CH,0,Verified
T0002911,C00112,B004,2025-01-24 05:17:00,Cash Deposit,Online,235.78,GBP,L013,NG,Own Account,Salary,5,NG,0,Review Required
T0000776,C00022,B001,2025-01-24 07:20:00,Card,Branch,203.38,GBP,L010,AU,Own Account,Transfer,2,PL,0,Verified
T0004423,C00180,B004,2025-01-24 07:32:00,Card,Online,519.54,GBP,L018,PL,Business,Salary,2,HK,0,Verified
T0002787,C00251,B012,2025-01-24 08:31:00,Card,Mobile,705.05,GBP,L014,BR,Own Account,Purchase,3,ZA,0,Verified
T0000826,C00090,B008,2025-01-24 09:02:00,Card,Branch,153.82,GBP,L005,IT,Own Account,Cash,1,SG,0,Verified
T0001354,C00062,B012,2025-01-24 10:35:00,Card,Mobile,354.24,GBP,L015,SG,Business,Salary,2,ES,0,Verified
T0002709,C00110,B009,2025-01-24 12:09:00,Transfer,ATM,190.07,GBP,L010,AU,Business,Purchase,2,PL,0,Verified
T0002433,C00278,B010,2025-01-24 13:43:00,Card,Branch,3073.49,GBP,L007,IE,Own Account,Purchase,1,DE,0,Verified
T0003605,C00072,B011,2025-01-24 15:15:00,Cash Deposit,Branch,390.16,GBP,L001,GB,Own Account,Transfer,1,BR,0,Verified
T0001321,C00117,B011,2025-01-24 16:15:00,Card,Online,337.13,GBP,L019,IN,Individual,Transfer,3,BR,0,Verified
T0001594,C00286,B011,2025-01-24 16:26:00,International Transfer,Mobile,1651.96,GBP,L013,NG,Own Account,Payment,5,IT,0,Verified
T0000325,C00268,B004,2025-01-24 16:56:00,Card,Branch,1399.85,GBP,L014,BR,Own Account,Transfer,3,US,0,Verified
T0004025,C00146,B003,2025-01-24 22:52:00,Cash Deposit,Online,2175.91,GBP,L015,SG,Own Account,Payment,2,FR,0,Verified
T0004777,C00253,B010,2025-01-24 23:36:00,Card,Mobile,410.4,GBP,L010,AU,Individual,Payment,2,PL,0,Verified
T0000711,C00123,B008,2025-01-24 23:50:00,International Transfer,Mobile,9826.25,GBP,L004,ES,Business,Purchase,1,ES,0,Verified
T0001785,C00046,B002,2025-01-25 01:26:00,International Transfer,Mobile,917.3,GBP,L014,BR,Own Account,Cash,3,NG,1,Verified
T0005874,C00166,B011,2025-01-25 02:15:00,Card,Mobile,602.26,GBP,L019,IN,Own Account,Purchase,3,CA,0,Verified
T0005871,C00174,B009,2025-01-25 04:11:00,Card,Branch,483.22,GBP,L002,FR,Individual,Salary,1,SG,0,Verified
T0004998,C00241,B003,2025-01-25 05:25:00,Transfer,ATM,865.38,GBP,L020,ZA,Business,Salary,3,DE,0,Verified
T0003447,C00059,B004,2025-01-25 06:53:00,Transfer,Online,1140.8,GBP,L014,BR,Own Account,Purchase,3,TR,0,Verified
T0002822,C00241,B006,2025-01-25 07:17:00,International Transfer,Branch,714.79,GBP,L014,BR,Individual,Salary,3,DE,0,Verified
T0000574,C00240,B001,2025-01-25 11:16:00,Transfer,Mobile,354.36,GBP,L014,BR,Business,Payment,3,SG,0,Verified
T0005826,C00121,B004,2025-01-25 11:58:00,Cash Withdrawal,Branch,1958.2,GBP,L003,DE,Own Account,Payment,1,IN,0,Verified
T0005211,C00149,B009,2025-01-25 13:48:00,International Transfer,Online,259.71,GBP,L011,AE,Own Account,Transfer,4,DE,0,Verified
T0005624,C00179,B001,2025-01-25 14:42:00,Card,Mobile,4794.05,GBP,L007,IE,Individual,Payment,1,AU,0,Verified
T0000797,C00255,B011,2025-01-25 15:03:00,Transfer,Branch,194.38,GBP,L011,AE,Own Account,Invoice,4,PL,0,Verified
T0000424,C00055,B010,2025-01-25 15:32:00,Card,Mobile,971.62,GBP,L001,GB,Own Account,Transfer,1,CA,0,Verified
T0003534,C00058,B010,2025-01-25 16:02:00,Card,Mobile,682.8,GBP,L003,DE,Business,Transfer,1,DE,0,Verified
T0001846,C00113,B003,2025-01-25 17:28:00,Card,Mobile,1265.9,GBP,L012,TR,Individual,Cash,4,PL,0,Verified
T0005456,C00280,B012,2025-01-25 18:29:00,Card,ATM,3407.3,GBP,L015,SG,Individual,Invoice,2,AE,0,Verified
T0005595,C00045,B004,2025-01-25 18:34:00,Transfer,Mobile,776.42,GBP,L011,AE,Own Account,Salary,4,US,0,Verified
T0001770,C00012,B003,2025-01-25 20:13:00,International Transfer,ATM,6930.07,GBP,L001,GB,Own Account,Invoice,1,PL,0,Verified
T0005078,C00200,B011,2025-01-25 20:32:00,Card,Mobile,1668.36,GBP,L004,ES,Own Account,Payment,1,IN,0,Verified
T0001473,C00300,B010,2025-01-25 21:39:00,Card,ATM,2572.15,GBP,L001,GB,Business,Purchase,1,IT,0,Verified
T0003326,C00066,B006,2025-01-26 04:54:00,Cash Deposit,Branch,308.5,GBP,L011,AE,Own Account,Payment,4,CA,0,Verified
T0005778,C00042,B002,2025-01-26 05:32:00,Cash Deposit,Mobile,1418.72,GBP,L002,FR,Business,Purchase,1,PL,0,Verified
T0000712,C00135,B004,2025-01-26 05:44:00,Card,ATM,3154.89,GBP,L001,GB,Own Account,Payment,1,ZA,0,Verified
T0003895,C00281,B003,2025-01-26 06:38:00,International Transfer,ATM,955.83,GBP,L006,NL,Individual,Payment,1,AU,0,Verified
T0001771,C00067,B008,2025-01-26 07:56:00,Card,ATM,643.97,GBP,L012,TR,Own Account,Purchase,4,CA,0,Verified
T0001544,C00216,B006,2025-01-26 08:04:00,Cash Withdrawal,Branch,396.86,GBP,L020,ZA,Business,Salary,3,PL,0,Verified
T0003262,C00261,B009,2025-01-26 09:51:00,Transfer,Mobile,719.15,GBP,L015,SG,Own Account,Payment,2,ZA,0,Verified
T0000065,C00087,B012,2025-01-26 10:03:00,International Transfer,ATM,725.18,GBP,L013,NG,Individual,Payment,5,BR,0,Verified
T0000204,C00249,B009,2025-01-26 12:36:00,Card,Branch,266.68,GBP,L003,DE,Own Account,Payment,1,PL,1,Verified
T0005527,C00213,B008,2025-01-26 15:37:00,Card,Branch,652.4,GBP,L009,CA,Business,Cash,2,CA,0,Review Required
T0000859,C00227,B011,2025-01-26 15:41:00,Cash Deposit,ATM,1476.97,GBP,L013,NG,Own Account,Invoice,5,IE,0,Verified
T0001085,C00053,B011,2025-01-26 18:26:00,Card,Mobile,587.56,GBP,L003,DE,Individual,Salary,1,IN,0,Verified
T0001919,C00119,B001,2025-01-26 18:59:00,Card,Branch,426.1,GBP,L008,US,Own Account,Transfer,2,FR,0,Verified
T0004315,C00288,B010,2025-01-26 19:01:00,Cash Deposit,Branch,2555.79,GBP,L009,CA,Business,Cash,2,FR,0,Verified
T0002252,C00132,B002,2025-01-26 19:25:00,Card,ATM,4524.96,GBP,L007,IE,Own Account,Purchase,1,SG,0,Verified
T0002667,C00225,B007,2025-01-26 19:38:00,Card,Branch,253.7,GBP,L006,NL,Business,Cash,1,IE,0,Verified
T0004146,C00062,B010,2025-01-26 20:17:00,Card,Mobile,970.62,GBP,L012,TR,Own Account,Cash,4,ES,0,Verified
T0002134,C00090,B001,2025-01-26 21:27:00,Transfer,Online,408.04,GBP,L017,CH,Own Account,Transfer,2,SG,0,Verified
T0005828,C00273,B002,2025-01-27 03:07:00,Transfer,ATM,9799.7,GBP,L002,FR,Business,Cash,1,ES,0,Verified
T0004102,C00013,B001,2025-01-27 03:15:00,Cash Deposit,Mobile,1046.82,GBP,L004,ES,Business,Salary,1,PL,0,Verified
T0005341,C00135,B010,2025-01-27 03:18:00,Card,Mobile,1105.86,GBP,L020,ZA,Business,Invoice,3,ZA,0,Verified
T0004891,C00190,B012,2025-01-27 04:42:00,Transfer,Online,2849.03,GBP,L003,DE,Business,Transfer,1,SG,0,Verified
T0000328,C00203,B006,2025-01-27 04:56:00,Transfer,Branch,2491.25,GBP,L008,US,Own Account,Salary,2,BR,0,Verified
T0001979,C00159,B009,2025-01-27 06:58:00,International Transfer,ATM,201.72,GBP,L014,BR,Own Account,Purchase,3,IN,0,Verified
T0005098,C00191,B003,2025-01-27 09:22:00,International Transfer,Branch,3335.94,GBP,L003,DE,Own Account,Invoice,1,IT,1,Verified
T0001921,C00011,B004,2025-01-27 09:59:00,Cash Withdrawal,Online,843.39,GBP,L006,NL,Individual,Purchase,1,IE,0,Verified
T0001213,C00231,B001,2025-01-27 11:37:00,Transfer,Branch,1336.55,GBP,L011,AE,Individual,Cash,4,IT,0,Verified
T0005040,C00114,B008,2025-01-27 16:51:00,Card,Branch,1860.7,GBP,L010,AU,Own Account,Transfer,2,GB,0,Verified
T0000969,C00220,B008,2025-01-27 17:41:00,Transfer,Branch,130.21,GBP,L015,SG,Own Account,Payment,2,SG,0,Verified
T0005760,C00122,B004,2025-01-27 18:05:00,Card,ATM,1207.33,GBP,L012,TR,Business,Salary,4,NL,0,Review Required
T0005905,C00129,B001,2025-01-27 19:09:00,Transfer,ATM,1821.4,GBP,L011,AE,Individual,Cash,4,BR,0,Verified
T0003347,C00290,B004,2025-01-27 19:36:00,Card,Mobile,59.22,GBP,L007,IE,Individual,Invoice,1,AE,0,Verified
T0001221,C00292,B002,2025-01-27 19:50:00,Card,Online,1867.33,GBP,L018,PL,Individual,Cash,2,ZA,0,Verified
T0005409,C00168,B002,2025-01-27 21:11:00,International Transfer,ATM,1352.06,GBP,L001,GB,Business,Purchase,1,HK,0,Verified
T0005366,C00081,B001,2025-01-27 22:27:00,International Transfer,Online,1130.21,GBP,L019,IN,Individual,Transfer,3,BR,0,Verified
T0001719,C00079,B003,2025-01-27 22:33:00,Transfer,ATM,1345.65,GBP,L020,ZA,Business,Transfer,3,PL,0,Verified
T0005301,C00256,B008,2025-01-27 23:01:00,Card,ATM,202.1,GBP,L002,FR,Own Account,Cash,1,AU,0,Verified
T0004921,C00118,B010,2025-01-27 23:07:00,Card,Mobile,359.93,GBP,L014,BR,Own Account,Purchase,3,PL,0,Verified
T0001495,C00062,B001,2025-01-27 23:37:00,Transfer,Branch,705.63,GBP,L019,IN,Own Account,Transfer,3,ES,0,Verified
T0001300,C00233,B001,2025-01-28 00:30:00,Card,Online,80.84,GBP,L005,IT,Individual,Payment,1,ES,0,Verified
T0002675,C00010,B009,2025-01-28 03:20:00,Transfer,Mobile,2002.36,GBP,L009,CA,Individual,Transfer,2,SG,0,Verified
T0005137,C00059,B005,2025-01-28 04:53:00,Transfer,Online,1221.38,GBP,L013,NG,Own Account,Transfer,5,TR,0,Verified
T0001942,C00254,B005,2025-01-28 07:53:00,Transfer,Branch,10678.13,GBP,L008,US,Business,Invoice,2,BR,0,Verified
T0001670,C00094,B012,2025-01-28 08:36:00,Transfer,Online,12088.51,GBP,L014,BR,Business,Purchase,3,ZA,0,Verified
T0002175,C00151,B007,2025-01-28 09:31:00,International Transfer,ATM,511.75,GBP,L014,BR,Individual,Cash,3,US,0,Verified
T0005515,C00045,B007,2025-01-28 10:47:00,Card,ATM,1972.83,GBP,L015,SG,Individual,Salary,2,US,0,Verified
T0002583,C00114,B009,2025-01-28 11:39:00,Transfer,Branch,692.8,GBP,L010,AU,Individual,Purchase,2,GB,0,Verified
T0004821,C00125,B002,2025-01-28 12:55:00,Card,Online,1335.45,GBP,L006,NL,Own Account,Payment,1,US,0,Verified
T0003468,C00203,B007,2025-01-28 13:45:00,Transfer,Mobile,947.18,GBP,L008,US,Own Account,Salary,2,BR,0,Verified
T0001960,C00102,B004,2025-01-29 02:30:00,Card,Online,735.84,GBP,L013,NG,Individual,Transfer,5,US,0,Verified
T0001353,C00121,B003,2025-01-29 03:51:00,Card,Mobile,1529.31,GBP,L005,IT,Business,Invoice,1,IN,0,Verified
T0002888,C00241,B004,2025-01-29 11:00:00,Card,Mobile,304.09,GBP,L004,ES,Own Account,Purchase,1,DE,0,Verified
T0004964,C00186,B008,2025-01-29 11:30:00,Transfer,Branch,134.64,GBP,L013,NG,Business,Purchase,5,AE,0,Verified
T0003667,C00071,B005,2025-01-29 12:56:00,Card,Mobile,773.12,GBP,L019,IN,Individual,Payment,3,US,1,Verified
T0004642,C00138,B001,2025-01-29 14:18:00,Card,Branch,4709.25,GBP,L007,IE,Individual,Cash,1,DE,0,Verified
T0005549,C00168,B010,2025-01-29 16:38:00,Card,Online,1666.97,GBP,L010,AU,Business,Purchase,2,HK,0,Verified
T0001454,C00104,B002,2025-01-29 16:59:00,Card,Online,1454.19,GBP,L008,US,Business,Payment,2,AE,0,Verified
T0002304,C00066,B004,2025-01-29 17:00:00,Cash Deposit,ATM,1688.19,GBP,L015,SG,Own Account,Invoice,2,CA,0,Verified
T0005815,C00004,B002,2025-01-29 17:05:00,Card,Online,1026.29,GBP,L019,IN,Own Account,Transfer,3,IT,0,Verified
T0000840,C00282,B003,2025-01-29 19:08:00,International Transfer,ATM,1077.49,GBP,L019,IN,Individual,Purchase,3,DE,0,Verified
T0003052,C00106,B002,2025-01-29 21:29:00,Card,Mobile,316.75,GBP,L007,IE,Own Account,Cash,1,BR,0,Verified
T0002640,C00285,B009,2025-01-30 02:08:00,Card,Mobile,600.44,GBP,L005,IT,Individual,Cash,1,IN,0,Verified
T0002019,C00102,B012,2025-01-30 04:01:00,International Transfer,Branch,6166.86,GBP,L010,AU,Business,Transfer,2,US,0,Verified
T0000798,C00284,B006,2025-01-30 04:16:00,Card,Online,1217.24,GBP,L006,NL,Own Account,Cash,1,NG,0,Verified
T0001335,C00072,B006,2025-01-30 05:41:00,Cash Deposit,Branch,102.49,GBP,L018,PL,Own Account,Salary,2,BR,0,Verified
T0004052,C00189,B009,2025-01-30 07:16:00,Card,Mobile,281.59,GBP,L004,ES,Own Account,Payment,1,IN,0,Verified
T0001790,C00121,B001,2025-01-30 08:05:00,Transfer,Online,1215.04,GBP,L005,IT,Own Account,Salary,1,IN,0,Verified
T0000547,C00013,B009,2025-01-30 08:13:00,Cash Withdrawal,Online,1066.62,GBP,L002,FR,Individual,Salary,1,PL,0,Verified
T0004499,C00091,B007,2025-01-30 11:06:00,Transfer,ATM,1450.5,GBP,L004,ES,Own Account,Transfer,1,NL,0,Verified
T0000151,C00125,B012,2025-01-30 11:14:00,International Transfer,Branch,1695.98,GBP,L005,IT,Individual,Transfer,1,US,0,Verified
T0004451,C00086,B002,2025-01-30 15:00:00,Transfer,ATM,588.98,GBP,L013,NG,Business,Purchase,5,BR,0,Verified
T0003297,C00088,B001,2025-01-30 16:01:00,Cash Deposit,Online,2070.17,GBP,L005,IT,Own Account,Invoice,1,AU,0,Verified
T0002596,C00291,B007,2025-01-30 17:40:00,Card,Branch,878.5,GBP,L014,BR,Business,Purchase,3,ES,0,Verified
T0002120,C00084,B008,2025-01-30 22:59:00,Transfer,Branch,3025.74,GBP,L009,CA,Individual,Transfer,2,DE,0,Verified
T0003847,C00025,B009,2025-01-30 23:14:00,Card,Branch,1488.76,GBP,L008,US,Own Account,Payment,2,CH,0,Verified
T0001090,C00035,B007,2025-01-31 03:34:00,Card,ATM,393.46,GBP,L012,TR,Individual,Transfer,4,IN,0,Verified
T0005526,C00245,B008,2025-01-31 04:36:00,Transfer,ATM,5920.18,GBP,L014,BR,Own Account,Payment,3,US,0,Verified
T0002663,C00017,B002,2025-01-31 05:58:00,International Transfer,Mobile,1132.91,GBP,L006,NL,Individual,Payment,1,US,0,Verified
T0005309,C00094,B006,2025-01-31 06:23:00,International Transfer,Mobile,17547.8,GBP,L018,PL,Own Account,Payment,2,ZA,0,Verified
T0001035,C00073,B005,2025-01-31 06:52:00,International Transfer,Branch,2399.17,GBP,L006,NL,Individual,Payment,1,NL,0,Verified
T0001387,C00184,B010,2025-01-31 08:33:00,Cash Withdrawal,Mobile,470.2,GBP,L016,HK,Own Account,Transfer,3,HK,0,Verified
T0004207,C00079,B004,2025-01-31 09:10:00,Cash Withdrawal,Online,1015.29,GBP,L018,PL,Own Account,Invoice,2,PL,0,Verified
T0005199,C00006,B008,2025-01-31 10:00:00,International Transfer,Branch,2235.17,GBP,L003,DE,Individual,Cash,1,FR,0,Review Required
T0004682,C00188,B002,2025-01-31 12:54:00,Card,Mobile,852.39,GBP,L012,TR,Own Account,Salary,4,IT,0,Verified
T0004236,C00138,B010,2025-01-31 14:26:00,Card,Branch,673.05,GBP,L014,BR,Business,Cash,3,DE,0,Verified
T0002223,C00099,B008,2025-01-31 14:38:00,Card,Branch,432.5,GBP,L015,SG,Own Account,Payment,2,SG,0,Verified
T0001554,C00189,B011,2025-01-31 15:10:00,Card,Mobile,1984.45,GBP,L005,IT,Business,Payment,1,IN,0,Verified
T0003679,C00277,B004,2025-01-31 16:51:00,Card,Online,301.0,GBP,L002,FR,Business,Invoice,1,CA,0,Verified
T0001863,C00084,B004,2025-01-31 18:16:00,Card,Online,4044.18,GBP,L018,PL,Business,Cash,2,DE,0,Verified
T0001667,C00130,B003,2025-02-01 00:10:00,Card,Branch,1346.98,GBP,L013,NG,Individual,Salary,5,PL,0,Verified
T0001759,C00023,B008,2025-02-01 02:07:00,Cash Deposit,Online,1794.13,GBP,L009,CA,Business,Invoice,2,PL,0,Verified
T0004850,C00065,B006,2025-02-01 07:36:00,Card,Mobile,460.11,GBP,L014,BR,Individual,Payment,3,CA,0,Verified
T0000562,C00246,B007,2025-02-01 11:49:00,Card,Branch,1278.86,GBP,L010,AU,Own Account,Salary,2,ES,0,Verified
T0000585,C00241,B007,2025-02-01 12:41:00,Transfer,Branch,1061.32,GBP,L018,PL,Business,Salary,2,DE,0,Verified
T0002302,C00009,B002,2025-02-01 16:26:00,Card,ATM,1852.45,GBP,L007,IE,Own Account,Cash,1,AU,0,Verified
T0002840,C00172,B009,2025-02-01 18:32:00,Card,Mobile,145.23,GBP,L004,ES,Own Account,Transfer,1,NG,0,Verified
T0000714,C00273,B008,2025-02-01 21:55:00,International Transfer,Branch,107.0,GBP,L007,IE,Individual,Payment,1,ES,0,Verified
T0001519,C00178,B006,2025-02-01 22:07:00,Card,Branch,421.25,GBP,L003,DE,Business,Transfer,1,ES,0,Verified
T0001927,C00029,B005,2025-02-01 22:20:00,Card,Online,157.92,GBP,L002,FR,Own Account,Invoice,1,IN,0,Verified
T0000920,C00008,B001,2025-02-01 23:41:00,Card,Online,977.18,GBP,L009,CA,Business,Purchase,2,TR,0,Verified
T0001947,C00266,B004,2025-02-02 01:16:00,Transfer,Branch,1047.27,GBP,L016,HK,Own Account,Cash,3,IT,0,Verified
T0000773,C00147,B009,2025-02-02 01:26:00,Card,Mobile,301.52,GBP,L001,GB,Own Account,Purchase,1,GB,0,Verified
T0001742,C00244,B008,2025-02-02 05:14:00,Card,Mobile,364.17,GBP,L014,BR,Business,Transfer,3,PL,0,Verified
T0001935,C00246,B004,2025-02-02 06:06:00,International Transfer,ATM,1667.42,GBP,L008,US,Business,Invoice,2,ES,0,Verified
T0005893,C00212,B012,2025-02-02 06:07:00,Transfer,Online,766.78,GBP,L005,IT,Business,Payment,1,PL,0,Verified
T0005564,C00140,B003,2025-02-02 06:28:00,Card,Online,399.75,GBP,L011,AE,Business,Transfer,4,PL,0,Verified
T0005421,C00118,B001,2025-02-02 08:29:00,Cash Deposit,Branch,2730.56,GBP,L011,AE,Individual,Salary,4,PL,0,Verified
T0003609,C00039,B012,2025-02-02 08:39:00,Cash Deposit,ATM,3248.11,GBP,L005,IT,Individual,Cash,1,BR,0,Verified
T0003761,C00282,B009,2025-02-02 09:47:00,Transfer,Online,2342.2,GBP,L007,IE,Individual,Transfer,1,DE,0,Verified
T0004788,C00167,B005,2025-02-02 10:29:00,Transfer,Online,1059.41,GBP,L005,IT,Business,Payment,1,SG,0,Verified
T0002449,C00241,B010,2025-02-02 11:40:00,Card,ATM,360.64,GBP,L010,AU,Business,Payment,2,DE,0,Verified
T0002862,C00126,B004,2025-02-02 12:44:00,Card,Mobile,1276.6,GBP,L015,SG,Own Account,Payment,2,IN,0,Verified
T0005321,C00061,B006,2025-02-02 13:34:00,Card,Mobile,2025.32,GBP,L012,TR,Own Account,Cash,4,CH,0,Verified
T0002011,C00260,B007,2025-02-02 14:29:00,Transfer,Online,57.96,GBP,L015,SG,Business,Cash,2,IN,0,Verified
T0001844,C00255,B007,2025-02-02 14:31:00,Card,Branch,3852.74,GBP,L004,ES,Individual,Cash,1,PL,0,Verified
T0001583,C00019,B012,2025-02-02 14:37:00,Card,Branch,1044.16,GBP,L016,HK,Individual,Purchase,3,IT,1,Verified
T0004051,C00249,B002,2025-02-02 17:00:00,Cash Withdrawal,Online,433.51,GBP,L004,ES,Own Account,Payment,1,PL,1,Verified
T0000168,C00059,B005,2025-02-02 18:14:00,Transfer,Mobile,271.6,GBP,L003,DE,Own Account,Invoice,1,TR,0,Verified
T0003915,C00173,B007,2025-02-02 18:42:00,Card,Branch,370.24,GBP,L003,DE,Own Account,Invoice,1,FR,0,Verified
T0000280,C00088,B003,2025-02-02 20:24:00,International Transfer,ATM,195.91,GBP,L003,DE,Own Account,Cash,1,AU,0,Verified
T0004286,C00052,B012,2025-02-02 20:39:00,Card,Branch,522.08,GBP,L006,NL,Business,Purchase,1,DE,0,Verified
T0004774,C00174,B012,2025-02-02 23:03:00,Transfer,Branch,172.1,GBP,L018,PL,Individual,Cash,2,SG,0,Verified
T0005176,C00153,B005,2025-02-02 23:21:00,Card,Mobile,1553.45,GBP,L020,ZA,Own Account,Cash,3,SG,0,Verified
T0004238,C00131,B008,2025-02-03 00:25:00,Transfer,Mobile,2016.35,GBP,L016,HK,Individual,Salary,3,IN,0,Verified
T0005161,C00176,B003,2025-02-03 08:42:00,Transfer,Mobile,67.46,GBP,L011,AE,Business,Purchase,4,ZA,0,Verified
T0001832,C00142,B002,2025-02-03 09:37:00,Card,Mobile,956.03,GBP,L015,SG,Individual,Cash,2,PL,0,Verified
T0000040,C00078,B002,2025-02-03 11:29:00,Cash Deposit,Branch,1717.83,GBP,L017,CH,Business,Purchase,2,CA,0,Verified
T0005505,C00193,B009,2025-02-03 12:57:00,Card,Mobile,505.89,GBP,L002,FR,Individual,Payment,1,AE,0,Verified
T0000842,C00003,B005,2025-02-03 13:33:00,International Transfer,Online,829.35,GBP,L006,NL,Business,Invoice,1,GB,0,Verified
T0005623,C00126,B010,2025-02-03 16:56:00,International Transfer,ATM,647.22,GBP,L011,AE,Own Account,Cash,4,IN,0,Verified
T0000796,C00182,B003,2025-02-03 18:06:00,Card,Branch,1033.14,GBP,L017,CH,Own Account,Cash,2,BR,0,Verified
T0003005,C00218,B001,2025-02-03 18:29:00,Card,Mobile,680.91,GBP,L011,AE,Own Account,Invoice,4,TR,0,Verified
T0000083,C00137,B010,2025-02-03 20:32:00,Card,Online,714.83,GBP,L001,GB,Own Account,Payment,1,US,0,Verified
T0002682,C00101,B007,2025-02-03 20:44:00,Card,Mobile,635.44,GBP,L019,IN,Individual,Transfer,3,PL,0,Verified
T0003022,C00022,B004,2025-02-03 21:29:00,International Transfer,Mobile,530.11,GBP,L012,TR,Own Account,Salary,4,PL,0,Verified
T0000603,C00055,B001,2025-02-04 01:11:00,Card,Mobile,4399.76,GBP,L011,AE,Individual,Invoice,4,CA,0,Verified
T0001893,C00062,B009,2025-02-04 02:15:00,International Transfer,Branch,808.46,GBP,L007,IE,Own Account,Transfer,1,ES,0,Verified
T0001972,C00019,B011,2025-02-04 03:54:00,Cash Deposit,Mobile,1031.43,GBP,L014,BR,Own Account,Cash,3,IT,1,Verified
T0005461,C00008,B005,2025-02-04 04:16:00,Cash Withdrawal,Branch,1259.59,GBP,L018,PL,Individual,Salary,2,TR,0,Verified
T0000261,C00022,B012,2025-02-04 05:45:00,Cash Deposit,ATM,1075.35,GBP,L005,IT,Business,Invoice,1,PL,0,Verified
T0000436,C00177,B008,2025-02-04 07:37:00,Transfer,ATM,296.71,GBP,L009,CA,Own Account,Salary,2,PL,0,Verified
T0003318,C00228,B001,2025-02-04 10:33:00,Cash Withdrawal,Mobile,5867.43,GBP,L019,IN,Business,Invoice,3,ZA,0,Verified
T0005977,C00126,B006,2025-02-04 11:47:00,Card,Online,458.37,GBP,L012,TR,Individual,Payment,4,IN,0,Verified
T0003369,C00136,B010,2025-02-04 12:36:00,Cash Deposit,Mobile,10532.37,GBP,L009,CA,Business,Cash,2,IE,0,Verified
T0005498,C00215,B009,2025-02-04 12:41:00,Card,ATM,608.11,GBP,L004,ES,Individual,Purchase,1,DE,0,Review Required
T0002942,C00009,B010,2025-02-04 13:25:00,International Transfer,Online,554.22,GBP,L001,GB,Business,Cash,1,AU,0,Verified
T0005750,C00081,B007,2025-02-04 15:03:00,Transfer,ATM,1652.6,GBP,L007,IE,Individual,Transfer,1,BR,0,Verified
T0005879,C00272,B009,2025-02-04 15:38:00,Card,Online,321.91,GBP,L005,IT,Business,Cash,1,ZA,0,Verified
T0005116,C00099,B011,2025-02-04 16:05:00,Cash Withdrawal,ATM,83.25,GBP,L018,PL,Business,Invoice,2,SG,0,Verified
T0003505,C00130,B005,2025-02-04 16:13:00,Transfer,Mobile,2784.37,GBP,L005,IT,Own Account,Cash,1,PL,0,Verified
T0001940,C00019,B007,2025-02-04 16:56:00,Card,Online,821.58,GBP,L014,BR,Individual,Transfer,3,IT,1,Verified
T0000304,C00128,B003,2025-02-04 17:50:00,Transfer,Mobile,842.97,GBP,L003,DE,Business,Invoice,1,HK,0,Verified
T0003035,C00281,B012,2025-02-04 19:08:00,Cash Deposit,Branch,1083.58,GBP,L017,CH,Own Account,Payment,2,AU,0,Verified
T0005288,C00131,B002,2025-02-04 22:10:00,Cash Withdrawal,Online,951.88,GBP,L003,DE,Individual,Purchase,1,IN,0,Verified
T0004818,C00031,B007,2025-02-05 00:27:00,International Transfer,Mobile,3032.63,GBP,L017,CH,Individual,Transfer,2,NL,0,Review Required
T0004640,C00004,B006,2025-02-05 01:02:00,Transfer,Branch,6620.2,GBP,L010,AU,Business,Invoice,2,IT,0,Verified
T0005725,C00234,B009,2025-02-05 01:55:00,Card,Online,1097.94,GBP,L003,DE,Business,Purchase,1,US,0,Verified
T0005797,C00065,B009,2025-02-05 02:32:00,Cash Deposit,ATM,376.83,GBP,L004,ES,Own Account,Payment,1,CA,0,Verified
T0001758,C00246,B010,2025-02-05 04:54:00,Card,Mobile,275.5,GBP,L005,IT,Individual,Salary,1,ES,0,Verified
T0004203,C00185,B011,2025-02-05 06:48:00,International Transfer,Branch,288.75,GBP,L015,SG,Individual,Purchase,2,AE,0,Verified
T0000793,C00020,B003,2025-02-05 08:54:00,Transfer,Branch,2736.89,GBP,L015,SG,Own Account,Payment,2,IT,0,Verified
T0000001,C00067,B007,2025-02-05 09:31:00,Card,Mobile,142.03,GBP,L009,CA,Own Account,Payment,2,CA,0,Verified
T0004798,C00005,B006,2025-02-05 10:22:00,Transfer,Branch,740.46,GBP,L011,AE,Individual,Invoice,4,ES,0,Verified
T0005511,C00004,B006,2025-02-05 12:54:00,Card,Online,496.34,GBP,L013,NG,Own Account,Salary,5,IT,0,Verified
T0005131,C00098,B005,2025-02-05 13:50:00,Transfer,ATM,841.33,GBP,L003,DE,Individual,Transfer,1,US,0,Verified
T0000485,C00041,B006,2025-02-05 17:01:00,Cash Withdrawal,Online,329.65,GBP,L014,BR,Business,Payment,3,AE,0,Verified
T0001205,C00073,B001,2025-02-06 01:04:00,Transfer,Mobile,464.37,GBP,L006,NL,Business,Salary,1,NL,0,Verified
T0001293,C00237,B010,2025-02-06 03:16:00,Card,Mobile,2724.75,GBP,L019,IN,Business,Salary,3,SG,0,Verified
T0003085,C00095,B005,2025-02-06 03:38:00,Cash Deposit,Mobile,690.48,GBP,L014,BR,Own Account,Cash,3,IN,0,Verified
T0000995,C00169,B003,2025-02-06 03:46:00,Card,Mobile,1559.78,GBP,L011,AE,Own Account,Invoice,4,AE,0,Verified
T0000105,C00009,B003,2025-02-06 04:36:00,Card,Online,212.0,GBP,L018,PL,Business,Salary,2,AU,0,Verified
T0002212,C00269,B006,2025-02-06 06:11:00,Card,Online,186.16,GBP,L016,HK,Own Account,Salary,3,FR,1,Verified
T0005691,C00211,B009,2025-02-06 06:28:00,Card,Branch,126.99,GBP,L014,BR,Own Account,Salary,3,AE,1,Verified
T0004407,C00099,B004,2025-02-06 09:55:00,Transfer,ATM,209.03,GBP,L013,NG,Business,Payment,5,SG,0,Verified
T0000110,C00010,B012,2025-02-06 10:31:00,Transfer,Branch,200.0,GBP,L014,BR,Individual,Transfer,3,SG,0,Verified
T0005517,C00103,B011,2025-02-06 11:31:00,Transfer,ATM,1600.95,GBP,L002,FR,Own Account,Cash,1,US,0,Verified
T0005982,C00267,B001,2025-02-06 12:05:00,Card,ATM,226.02,GBP,L010,AU,Individual,Transfer,2,HK,0,Verified
T0002594,C00127,B002,2025-02-06 12:32:00,Card,Mobile,2707.72,GBP,L016,HK,Individual,Invoice,3,TR,0,Verified
T0006039,C00137,B001,2025-02-06 12:34:00,Transfer,Online,2121.73,GBP,L017,CH,Individual,Transfer,2,US,0,Verified
T0006040,C00137,B001,2025-02-06 12:41:00,Transfer,Online,2682.53,GBP,L020,ZA,Individual,Transfer,3,US,0,Verified
T0006041,C00137,B001,2025-02-06 12:48:00,Transfer,Online,4636.44,GBP,L006,NL,Individual,Transfer,1,US,0,Verified
T0006042,C00137,B001,2025-02-06 12:55:00,Transfer,Online,5282.65,GBP,L016,HK,Individual,Transfer,3,US,0,Verified
T0006043,C00137,B001,2025-02-06 13:02:00,Transfer,Online,4863.42,GBP,L009,CA,Individual,Transfer,2,US,0,Verified
T0001632,C00236,B009,2025-02-06 13:06:00,Card,Branch,174.42,GBP,L020,ZA,Individual,Purchase,3,HK,0,Verified
T0006044,C00137,B001,2025-02-06 13:09:00,Transfer,Online,2620.78,GBP,L008,US,Individual,Transfer,2,US,0,Verified
T0006045,C00137,B001,2025-02-06 13:16:00,Transfer,Online,5065.88,GBP,L011,AE,Individual,Transfer,4,US,0,Verified
T0006046,C00137,B001,2025-02-06 13:23:00,Transfer,Online,5263.27,GBP,L010,AU,Individual,Transfer,2,US,0,Verified
T0006047,C00137,B001,2025-02-06 13:30:00,Transfer,Online,1732.71,GBP,L018,PL,Individual,Transfer,2,US,0,Verified
T0006048,C00137,B001,2025-02-06 13:37:00,Transfer,Online,4667.72,GBP,L017,CH,Individual,Transfer,2,US,0,Verified
T0006049,C00137,B001,2025-02-06 13:44:00,Transfer,Online,5743.84,GBP,L014,BR,Individual,Transfer,3,US,0,Verified
T0006050,C00137,B001,2025-02-06 13:51:00,Transfer,Online,5038.56,GBP,L007,IE,Individual,Transfer,1,US,0,Verified
T0006051,C00137,B001,2025-02-06 13:58:00,Transfer,Online,4600.93,GBP,L006,NL,Individual,Transfer,1,US,0,Verified
T0006052,C00137,B001,2025-02-06 14:05:00,Transfer,Online,4619.89,GBP,L008,US,Individual,Transfer,2,US,0,Verified
T0006053,C00137,B001,2025-02-06 14:12:00,Transfer,Online,5336.05,GBP,L018,PL,Individual,Transfer,2,US,0,Verified
T0005609,C00182,B003,2025-02-06 14:58:00,Transfer,Online,388.41,GBP,L003,DE,Individual,Cash,1,BR,0,Verified
T0000951,C00098,B001,2025-02-06 15:43:00,Card,Online,704.67,GBP,L001,GB,Own Account,Cash,1,US,0,Verified
T0004408,C00124,B004,2025-02-06 15:48:00,Card,Mobile,503.84,GBP,L001,GB,Business,Invoice,1,NG,0,Verified
T0003485,C00016,B001,2025-02-06 17:44:00,Card,Online,807.69,GBP,L018,PL,Business,Salary,2,NG,0,Verified
T0005514,C00257,B010,2025-02-06 20:06:00,Cash Deposit,Online,2902.47,GBP,L002,FR,Individual,Salary,1,IT,0,Verified
T0005202,C00109,B003,2025-02-06 20:18:00,Card,Mobile,496.22,GBP,L010,AU,Business,Transfer,2,NG,0,Verified
T0002345,C00290,B007,2025-02-06 21:26:00,Transfer,Branch,1388.15,GBP,L015,SG,Own Account,Transfer,2,AE,0,Verified
T0003962,C00188,B011,2025-02-07 00:30:00,Transfer,Branch,704.85,GBP,L012,TR,Own Account,Payment,4,IT,0,Verified
T0000616,C00107,B008,2025-02-07 01:04:00,Transfer,Mobile,912.48,GBP,L013,NG,Own Account,Cash,5,BR,0,Verified
T0005047,C00021,B003,2025-02-07 01:43:00,Cash Deposit,Online,291.61,GBP,L019,IN,Individual,Invoice,3,NG,0,Verified
T0003775,C00192,B005,2025-02-07 02:41:00,Card,Branch,2401.86,GBP,L014,BR,Own Account,Payment,3,NG,0,Verified
T0001400,C00027,B012,2025-02-07 02:52:00,Card,Mobile,2011.96,GBP,L010,AU,Business,Payment,2,CH,0,Verified
T0000835,C00057,B001,2025-02-07 04:03:00,Card,Branch,221.25,GBP,L001,GB,Business,Transfer,1,DE,0,Review Required
T0000559,C00138,B009,2025-02-07 04:05:00,Card,ATM,509.67,GBP,L016,HK,Own Account,Cash,3,DE,0,Verified
T0003379,C00144,B001,2025-02-07 05:34:00,Transfer,Branch,4355.29,GBP,L004,ES,Individual,Transfer,1,ES,0,Verified
T0001613,C00040,B003,2025-02-07 06:49:00,Card,Online,599.66,GBP,L003,DE,Own Account,Invoice,1,FR,0,Verified
T0005984,C00295,B008,2025-02-07 08:34:00,Cash Deposit,Online,680.83,GBP,L019,IN,Own Account,Payment,3,CH,0,Verified
T0001976,C00020,B010,2025-02-07 09:06:00,Card,ATM,1377.54,GBP,L005,IT,Individual,Salary,1,IT,0,Verified
T0000782,C00200,B006,2025-02-07 10:01:00,Card,Mobile,1190.0,GBP,L001,GB,Own Account,Invoice,1,IN,0,Verified
T0004801,C00279,B009,2025-02-07 12:53:00,Card,Online,284.48,GBP,L017,CH,Individual,Cash,2,IN,0,Verified
T0002160,C00072,B008,2025-02-07 16:46:00,Card,ATM,1540.57,GBP,L007,IE,Own Account,Transfer,1,BR,0,Verified
T0002090,C00145,B005,2025-02-07 18:38:00,International Transfer,Mobile,1639.7,GBP,L017,CH,Business,Cash,2,AU,0,Verified
T0004759,C00120,B001,2025-02-07 20:35:00,Card,Mobile,692.53,GBP,L017,CH,Business,Cash,2,ZA,0,Verified
T0003076,C00222,B008,2025-02-07 21:26:00,International Transfer,ATM,440.0,GBP,L002,FR,Individual,Payment,1,US,0,Verified
T0003068,C00127,B007,2025-02-07 22:41:00,Cash Deposit,Online,3190.72,GBP,L010,AU,Business,Invoice,2,TR,0,Verified
T0001949,C00051,B008,2025-02-07 23:18:00,Transfer,Online,284.04,GBP,L006,NL,Business,Salary,1,CH,0,Verified
T0003407,C00145,B002,2025-02-08 00:01:00,International Transfer,Online,2079.27,GBP,L002,FR,Own Account,Salary,1,AU,0,Verified
T0000946,C00212,B008,2025-02-08 03:52:00,Card,Mobile,776.93,GBP,L002,FR,Own Account,Payment,1,PL,0,Verified
T0001578,C00021,B008,2025-02-08 04:26:00,Transfer,ATM,708.86,GBP,L004,ES,Individual,Salary,1,NG,0,Verified
T0000987,C00244,B010,2025-02-08 05:55:00,Cash Withdrawal,Online,656.85,GBP,L015,SG,Own Account,Transfer,2,PL,0,Verified
T0004322,C00018,B002,2025-02-08 10:18:00,Transfer,ATM,724.62,GBP,L020,ZA,Individual,Salary,3,BR,0,Verified
T0004316,C00069,B003,2025-02-08 10:54:00,International Transfer,Mobile,415.61,GBP,L017,CH,Business,Invoice,2,TR,0,Verified
T0001689,C00040,B008,2025-02-08 11:39:00,Card,Online,1933.1,GBP,L018,PL,Own Account,Cash,2,FR,0,Verified
T0001220,C00258,B011,2025-02-08 12:16:00,International Transfer,ATM,1962.6,GBP,L005,IT,Business,Payment,1,GB,0,Verified
T0001145,C00097,B004,2025-02-08 14:40:00,Card,Branch,3729.79,GBP,L005,IT,Own Account,Payment,1,US,0,Verified
T0001375,C00067,B005,2025-02-08 15:07:00,Card,Online,924.56,GBP,L010,AU,Own Account,Purchase,2,CA,0,Verified
T0004538,C00096,B006,2025-02-08 16:20:00,Transfer,Online,1121.91,GBP,L018,PL,Individual,Cash,2,IT,0,Verified
T0000500,C00030,B002,2025-02-08 16:53:00,Card,Online,65.63,GBP,L019,IN,Own Account,Invoice,3,PL,0,Verified
T0004195,C00016,B012,2025-02-08 17:30:00,Card,ATM,189.04,GBP,L009,CA,Own Account,Payment,2,NG,0,Verified
T0001813,C00245,B011,2025-02-08 22:48:00,International Transfer,Branch,2801.35,GBP,L004,ES,Own Account,Cash,1,US,0,Verified
T0002955,C00184,B005,2025-02-08 23:22:00,Card,Branch,852.56,GBP,L011,AE,Individual,Invoice,4,HK,0,Verified
T0003285,C00269,B003,2025-02-09 00:01:00,International Transfer,Mobile,766.37,GBP,L006,NL,Own Account,Salary,1,FR,1,Verified
T0005748,C00146,B002,2025-02-09 02:08:00,Card,Branch,644.49,GBP,L008,US,Business,Transfer,2,FR,0,Verified
T0001707,C00188,B008,2025-02-09 04:05:00,Transfer,ATM,251.1,GBP,L008,US,Individual,Payment,2,IT,0,Verified
T0004128,C00064,B001,2025-02-09 04:05:00,Transfer,ATM,3585.76,GBP,L005,IT,Business,Invoice,1,IE,0,Verified
T0004641,C00129,B003,2025-02-09 05:45:00,Transfer,ATM,203.47,GBP,L016,HK,Individual,Transfer,3,BR,0,Verified
T0005076,C00025,B008,2025-02-09 08:01:00,Card,ATM,230.48,GBP,L018,PL,Individual,Transfer,2,CH,0,Verified
T0003128,C00246,B006,2025-02-09 08:05:00,Card,ATM,454.51,GBP,L016,HK,Business,Invoice,3,ES,0,Verified
T0003567,C00151,B001,2025-02-09 09:38:00,Transfer,Mobile,1448.42,GBP,L003,DE,Own Account,Payment,1,US,0,Verified
T0001987,C00051,B005,2025-02-09 10:55:00,Transfer,Online,1420.26,GBP,L006,NL,Own Account,Payment,1,CH,0,Verified
T0000398,C00078,B001,2025-02-09 12:15:00,Card,Branch,106.55,GBP,L019,IN,Individual,Cash,3,CA,0,Verified
T0005619,C00056,B008,2025-02-09 13:26:00,Card,ATM,791.04,GBP,L016,HK,Own Account,Cash,3,IT,0,Verified
T0005352,C00216,B012,2025-02-09 14:31:00,International Transfer,Mobile,66.5,GBP,L002,FR,Individual,Salary,1,PL,0,Verified
T0000366,C00099,B008,2025-02-09 15:55:00,Card,ATM,1067.82,GBP,L016,HK,Individual,Payment,3,SG,0,Verified
T0004945,C00144,B007,2025-02-09 16:21:00,Card,Mobile,707.44,GBP,L001,GB,Individual,Salary,1,ES,0,Verified
T0004783,C00106,B007,2025-02-09 16:42:00,Card,ATM,1311.21,GBP,L018,PL,Business,Payment,2,BR,0,Verified
T0002436,C00275,B001,2025-02-09 20:16:00,Card,ATM,58241.39,GBP,L007,IE,Individual,Cash,1,NL,0,Verified
T0003760,C00061,B004,2025-02-09 22:58:00,Cash Deposit,Online,1029.32,GBP,L011,AE,Own Account,Cash,4,CH,0,Verified
T0001429,C00170,B004,2025-02-09 23:46:00,Transfer,Mobile,404.26,GBP,L003,DE,Individual,Cash,1,HK,0,Verified
T0005954,C00104,B008,2025-02-10 00:40:00,Card,ATM,347.14,GBP,L020,ZA,Individual,Salary,3,AE,0,Verified
T0003248,C00246,B011,2025-02-10 01:00:00,Card,Branch,708.54,GBP,L016,HK,Business,Cash,3,ES,0,Verified
T0000828,C00259,B006,2025-02-10 01:12:00,Transfer,Branch,665.97,GBP,L007,IE,Own Account,Salary,1,SG,0,Verified
T0004716,C00268,B012,2025-02-10 01:30:00,Transfer,Mobile,1439.74,GBP,L006,NL,Own Account,Invoice,1,US,0,Verified
T0001359,C00097,B009,2025-02-10 04:29:00,Card,Mobile,496.01,GBP,L012,TR,Individual,Salary,4,US,0,Verified
T0002750,C00092,B005,2025-02-10 05:40:00,Transfer,Mobile,276.0,GBP,L008,US,Business,Payment,2,ZA,0,Verified
T0000198,C00220,B004,2025-02-10 09:56:00,Transfer,Online,184.06,GBP,L012,TR,Individual,Payment,4,SG,0,Verified
T0004501,C00266,B004,2025-02-10 13:46:00,Transfer,Branch,1465.09,GBP,L005,IT,Own Account,Cash,1,IT,0,Verified
T0005971,C00231,B008,2025-02-10 14:59:00,International Transfer,Branch,157.7,GBP,L004,ES,Own Account,Salary,1,IT,0,Verified
T0005956,C00205,B009,2025-02-10 15:25:00,Card,Online,1278.83,GBP,L001,GB,Own Account,Cash,1,TR,0,Review Required
T0004394,C00035,B010,2025-02-10 17:45:00,Transfer,Online,254.65,GBP,L016,HK,Business,Transfer,3,IN,0,Verified
T0000067,C00068,B008,2025-02-10 19:45:00,Transfer,Mobile,168.08,GBP,L010,AU,Business,Salary,2,PL,0,Verified
T0002742,C00115,B009,2025-02-10 21:58:00,Card,Mobile,262.74,GBP,L003,DE,Own Account,Transfer,1,NL,0,Verified
T0005805,C00091,B001,2025-02-10 22:17:00,Card,Online,1289.4,GBP,L010,AU,Own Account,Transfer,2,NL,0,Verified
T0004558,C00139,B002,2025-02-10 22:39:00,Card,Branch,1839.88,GBP,L011,AE,Individual,Payment,4,IN,0,Verified
T0004596,C00030,B005,2025-02-11 00:27:00,Transfer,Branch,971.37,GBP,L010,AU,Individual,Salary,2,PL,0,Verified
T0004397,C00098,B004,2025-02-11 01:22:00,Transfer,Mobile,902.23,GBP,L007,IE,Business,Invoice,1,US,0,Verified
T0004369,C00271,B005,2025-02-11 01:45:00,International Transfer,Online,1829.8,GBP,L006,NL,Individual,Purchase,1,NG,0,Verified
T0002979,C00150,B001,2025-02-11 03:18:00,International Transfer,Branch,821.52,GBP,L005,IT,Business,Purchase,1,FR,0,Verified
T0001829,C00141,B001,2025-02-11 03:47:00,Transfer,Branch,918.91,GBP,L014,BR,Individual,Transfer,3,US,0,Verified
T0000677,C00291,B011,2025-02-11 06:36:00,Card,Mobile,2375.63,GBP,L003,DE,Own Account,Cash,1,ES,0,Verified
T0001778,C00273,B012,2025-02-11 08:37:00,Card,Branch,812.53,GBP,L020,ZA,Individual,Salary,3,ES,0,Verified
T0003063,C00105,B005,2025-02-11 09:18:00,Card,ATM,5247.12,GBP,L005,IT,Own Account,Cash,1,US,0,Verified
T0005294,C00042,B007,2025-02-11 09:27:00,Transfer,Branch,251.51,GBP,L001,GB,Individual,Purchase,1,PL,0,Verified
T0000486,C00072,B006,2025-02-11 10:27:00,International Transfer,ATM,820.53,GBP,L004,ES,Own Account,Invoice,1,BR,0,Verified
T0004935,C00040,B002,2025-02-11 11:11:00,Cash Deposit,ATM,3296.22,GBP,L018,PL,Own Account,Transfer,2,FR,0,Verified
T0001658,C00246,B008,2025-02-11 14:59:00,Card,Mobile,534.1,GBP,L018,PL,Business,Purchase,2,ES,0,Verified
T0000882,C00275,B011,2025-02-11 15:34:00,International Transfer,ATM,1007.11,GBP,L017,CH,Own Account,Purchase,2,NL,0,Verified
T0002469,C00129,B008,2025-02-11 16:28:00,Transfer,ATM,1048.68,GBP,L012,TR,Business,Purchase,4,BR,0,Verified
T0001944,C00167,B007,2025-02-11 20:51:00,Card,Branch,484.95,GBP,L016,HK,Own Account,Payment,3,SG,0,Verified
T0004618,C00004,B004,2025-02-11 21:14:00,Cash Deposit,Mobile,525.38,GBP,L016,HK,Individual,Transfer,3,IT,0,Verified
T0003519,C00178,B004,2025-02-11 22:40:00,Transfer,Online,442.91,GBP,L017,CH,Own Account,Purchase,2,ES,0,Verified
T0003222,C00187,B007,2025-02-12 00:34:00,Transfer,Mobile,436.06,GBP,L006,NL,Individual,Salary,1,BR,0,Verified
T0000422,C00050,B012,2025-02-12 01:01:00,Transfer,Online,1285.86,GBP,L019,IN,Business,Salary,3,AE,0,Verified
T0005368,C00263,B012,2025-02-12 05:34:00,Cash Deposit,Online,1287.42,GBP,L001,GB,Own Account,Transfer,1,CH,0,Verified
T0000062,C00210,B010,2025-02-12 05:34:00,Transfer,Branch,668.13,GBP,L013,NG,Own Account,Purchase,5,FR,1,Verified
T0003087,C00275,B007,2025-02-12 07:16:00,Cash Withdrawal,Mobile,482.52,GBP,L017,CH,Business,Transfer,2,NL,0,Verified
T0001708,C00257,B001,2025-02-12 16:58:00,Transfer,Online,1099.77,GBP,L004,ES,Own Account,Salary,1,IT,0,Verified
T0003238,C00053,B005,2025-02-12 18:28:00,Card,Online,1153.07,GBP,L013,NG,Individual,Cash,5,IN,0,Verified
T0004444,C00233,B007,2025-02-12 22:56:00,Cash Withdrawal,Mobile,2191.64,GBP,L003,DE,Own Account,Cash,1,ES,0,Verified
T0001814,C00001,B001,2025-02-13 00:14:00,Card,ATM,3081.27,GBP,L011,AE,Business,Payment,4,IE,0,Verified
T0001819,C00061,B002,2025-02-13 02:25:00,Card,Mobile,263.78,GBP,L018,PL,Business,Purchase,2,CH,0,Verified
T0000661,C00045,B007,2025-02-13 03:01:00,Card,ATM,1940.59,GBP,L011,AE,Individual,Invoice,4,US,0,Verified
T0005827,C00191,B004,2025-02-13 04:06:00,Cash Withdrawal,Online,2332.3,GBP,L001,GB,Business,Payment,1,IT,1,Verified
T0004438,C00249,B012,2025-02-13 04:23:00,Transfer,ATM,566.66,GBP,L007,IE,Own Account,Salary,1,PL,1,Verified
T0004472,C00213,B004,2025-02-13 04:35:00,Card,Mobile,537.19,GBP,L005,IT,Own Account,Salary,1,CA,0,Review Required
T0001038,C00255,B003,2025-02-13 06:42:00,Card,Branch,527.09,GBP,L006,NL,Individual,Payment,1,PL,0,Verified
T0004686,C00249,B011,2025-02-13 07:01:00,Transfer,Branch,650.87,GBP,L003,DE,Own Account,Purchase,1,PL,1,Verified
T0004477,C00225,B007,2025-02-13 07:56:00,International Transfer,Branch,1291.21,GBP,L005,IT,Business,Transfer,1,IE,0,Verified
T0003989,C00201,B010,2025-02-13 08:00:00,Card,Branch,689.99,GBP,L010,AU,Individual,Cash,2,GB,0,Verified
T0000087,C00195,B010,2025-02-13 09:39:00,International Transfer,Mobile,1396.85,GBP,L020,ZA,Own Account,Salary,3,BR,0,Verified
T0000018,C00263,B001,2025-02-13 10:01:00,Cash Deposit,ATM,1061.49,GBP,L008,US,Business,Cash,2,CH,0,Verified
T0004035,C00032,B006,2025-02-13 10:09:00,Transfer,Mobile,610.74,GBP,L017,CH,Own Account,Salary,2,PL,0,Verified
T0001413,C00205,B009,2025-02-13 10:16:00,Transfer,Mobile,514.48,GBP,L003,DE,Own Account,Purchase,1,TR,0,Review Required
T0002013,C00268,B009,2025-02-13 11:07:00,Cash Deposit,ATM,257.25,GBP,L010,AU,Business,Purchase,2,US,0,Verified
T0003694,C00046,B002,2025-02-13 13:29:00,Card,Online,1709.09,GBP,L002,FR,Business,Payment,1,NG,1,Verified
T0002339,C00029,B005,2025-02-13 13:36:00,Card,Branch,1534.03,GBP,L018,PL,Individual,Salary,2,IN,0,Verified
T0002632,C00217,B004,2025-02-13 17:09:00,Transfer,Branch,750.5,GBP,L019,IN,Individual,Salary,3,ES,0,Verified
T0002987,C00224,B003,2025-02-13 20:01:00,International Transfer,Online,3094.32,GBP,L003,DE,Own Account,Cash,1,HK,0,Verified
T0003457,C00289,B011,2025-02-13 21:51:00,Card,Mobile,415.7,GBP,L002,FR,Individual,Transfer,1,ZA,0,Verified
T0005960,C00110,B003,2025-02-13 23:02:00,Transfer,Mobile,2785.37,GBP,L018,PL,Individual,Invoice,2,PL,0,Verified
T0003272,C00022,B008,2025-02-13 23:07:00,Transfer,ATM,472.42,GBP,L015,SG,Business,Transfer,2,PL,0,Verified
T0005435,C00175,B002,2025-02-13 23:23:00,Card,Online,729.71,GBP,L001,GB,Individual,Payment,1,AU,0,Verified
T0000664,C00300,B007,2025-02-14 02:10:00,Card,Online,970.4,GBP,L001,GB,Individual,Salary,1,IT,0,Verified
T0004042,C00280,B001,2025-02-14 04:38:00,Cash Withdrawal,Online,1696.79,GBP,L003,DE,Individual,Transfer,1,AE,0,Verified
T0001483,C00061,B008,2025-02-14 04:56:00,Card,ATM,518.44,GBP,L008,US,Own Account,Payment,2,CH,0,Verified
T0000771,C00241,B008,2025-02-14 10:23:00,Transfer,Mobile,1921.54,GBP,L018,PL,Business,Transfer,2,DE,0,Verified
T0003970,C00086,B007,2025-02-14 11:02:00,Card,Branch,585.95,GBP,L013,NG,Individual,Salary,5,BR,0,Verified
T0004906,C00107,B005,2025-02-14 11:34:00,Card,Branch,2010.98,GBP,L002,FR,Business,Cash,1,BR,0,Verified
T0005125,C00230,B002,2025-02-14 12:29:00,Transfer,Online,686.4,GBP,L010,AU,Individual,Transfer,2,PL,0,Verified
T0001802,C00130,B003,2025-02-14 12:44:00,Transfer,Online,442.66,GBP,L005,IT,Individual,Invoice,1,PL,0,Verified
T0005048,C00206,B002,2025-02-14 17:12:00,Card,Online,537.8,GBP,L014,BR,Individual,Invoice,3,NG,0,Verified
T0003717,C00254,B001,2025-02-14 19:27:00,Card,Mobile,168.86,GBP,L015,SG,Individual,Cash,2,BR,0,Verified
T0002263,C00191,B004,2025-02-14 22:39:00,Card,Branch,3487.23,GBP,L001,GB,Business,Transfer,1,IT,1,Verified
T0005508,C00041,B012,2025-02-14 23:11:00,International Transfer,ATM,2644.79,GBP,L014,BR,Individual,Salary,3,AE,0,Verified
T0001303,C00007,B007,2025-02-15 04:12:00,Card,ATM,761.44,GBP,L006,NL,Individual,Transfer,1,NG,0,Verified
T0001260,C00124,B002,2025-02-15 06:24:00,Card,Branch,476.7,GBP,L007,IE,Business,Transfer,1,NG,0,Verified
T0000857,C00084,B007,2025-02-15 07:24:00,Transfer,Mobile,1953.48,GBP,L020,ZA,Business,Salary,3,DE,0,Verified
T0001410,C00001,B003,2025-02-15 10:06:00,Card,Branch,1972.63,GBP,L014,BR,Individual,Cash,3,IE,0,Verified
T0003808,C00079,B001,2025-02-15 10:31:00,Card,ATM,1914.42,GBP,L018,PL,Business,Salary,2,PL,0,Verified
T0000731,C00039,B008,2025-02-15 10:33:00,Card,Online,257.24,GBP,L014,BR,Business,Cash,3,BR,0,Verified
T0001562,C00015,B003,2025-02-15 10:48:00,Transfer,ATM,1017.3,GBP,L012,TR,Own Account,Transfer,4,IN,0,Verified
T0005633,C00249,B002,2025-02-15 13:39:00,Card,Mobile,1443.08,GBP,L007,IE,Business,Transfer,1,PL,1,Verified
T0001064,C00154,B002,2025-02-15 13:54:00,Card,Mobile,725.25,GBP,L011,AE,Own Account,Invoice,4,ZA,0,Verified
T0002063,C00257,B011,2025-02-15 15:40:00,Card,Online,472.38,GBP,L020,ZA,Own Account,Purchase,3,IT,0,Verified
T0003983,C00122,B010,2025-02-15 16:07:00,Card,ATM,313.81,GBP,L020,ZA,Business,Purchase,3,NL,0,Review Required
T0005024,C00184,B005,2025-02-15 18:38:00,Cash Withdrawal,Branch,1374.75,GBP,L006,NL,Business,Cash,1,HK,0,Verified
T0000015,C00109,B002,2025-02-15 20:48:00,Card,Online,1361.0,GBP,L008,US,Own Account,Payment,2,NG,0,Verified
T0005704,C00292,B005,2025-02-15 21:47:00,Card,Online,457.54,GBP,L009,CA,Individual,Purchase,2,ZA,0,Verified
T0002721,C00136,B001,2025-02-15 22:53:00,Transfer,ATM,3505.64,GBP,L008,US,Business,Invoice,2,IE,0,Verified
T0004954,C00205,B002,2025-02-16 02:15:00,International Transfer,Online,1454.23,GBP,L016,HK,Business,Salary,3,TR,0,Review Required
T0000447,C00134,B007,2025-02-16 04:41:00,Transfer,Mobile,860.13,GBP,L001,GB,Business,Salary,1,IE,0,Verified
T0005997,C00169,B005,2025-02-16 05:52:00,International Transfer,Branch,230.74,GBP,L007,IE,Individual,Purchase,1,AE,0,Verified
T0003280,C00218,B004,2025-02-16 07:41:00,Card,Online,906.0,GBP,L016,HK,Own Account,Invoice,3,TR,0,Verified
T0000164,C00109,B012,2025-02-16 07:57:00,Card,Mobile,1246.38,GBP,L013,NG,Business,Purchase,5,NG,0,Verified
T0002172,C00080,B011,2025-02-16 08:17:00,Transfer,Branch,536.17,GBP,L001,GB,Individual,Cash,1,CA,0,Verified
T0004040,C00038,B007,2025-02-16 08:22:00,Cash Withdrawal,ATM,1937.39,GBP,L014,BR,Business,Payment,3,US,0,Verified
T0003951,C00264,B010,2025-02-16 09:36:00,Card,Online,623.2,GBP,L005,IT,Own Account,Invoice,1,IN,1,Verified
T0005351,C00205,B003,2025-02-16 09:47:00,Card,Branch,1369.54,GBP,L002,FR,Business,Invoice,1,TR,0,Review Required
T0000321,C00128,B004,2025-02-16 10:29:00,Transfer,Online,2139.09,GBP,L011,AE,Business,Purchase,4,HK,0,Verified
T0000203,C00075,B004,2025-02-16 10:56:00,Cash Withdrawal,Branch,442.11,GBP,L008,US,Business,Purchase,2,ES,1,Verified
T0001311,C00181,B005,2025-02-16 14:10:00,Transfer,Branch,300.84,GBP,L007,IE,Own Account,Transfer,1,ZA,0,Verified
T0005660,C00177,B001,2025-02-16 14:17:00,Cash Deposit,Mobile,3381.4,GBP,L004,ES,Individual,Invoice,1,PL,0,Verified
T0002777,C00267,B010,2025-02-16 14:30:00,Card,ATM,1321.79,GBP,L007,IE,Own Account,Purchase,1,HK,0,Verified
T0004469,C00102,B009,2025-02-16 16:55:00,Card,ATM,2320.91,GBP,L014,BR,Own Account,Purchase,3,US,0,Verified
T0001112,C00211,B012,2025-02-16 19:40:00,Transfer,ATM,191.98,GBP,L001,GB,Own Account,Invoice,1,AE,1,Verified
T0003092,C00057,B004,2025-02-16 20:22:00,Transfer,ATM,3166.95,GBP,L003,DE,Business,Transfer,1,DE,0,Review Required
T0004697,C00133,B004,2025-02-16 20:29:00,Transfer,Online,960.13,GBP,L009,CA,Individual,Invoice,2,NG,0,Verified
T0002123,C00147,B001,2025-02-16 20:44:00,Transfer,ATM,1072.22,GBP,L003,DE,Own Account,Transfer,1,GB,0,Verified
T0005416,C00169,B008,2025-02-16 23:12:00,Transfer,ATM,106.04,GBP,L014,BR,Business,Salary,3,AE,0,Verified
T0000028,C00120,B006,2025-02-17 02:18:00,Transfer,Mobile,631.63,GBP,L016,HK,Individual,Cash,3,ZA,0,Verified
T0003428,C00289,B010,2025-02-17 05:47:00,International Transfer,Branch,484.37,GBP,L019,IN,Individual,Payment,3,ZA,0,Verified
T0000962,C00217,B005,2025-02-17 06:21:00,Card,Online,516.69,GBP,L011,AE,Individual,Salary,4,ES,0,Verified
T0001301,C00242,B004,2025-02-17 07:06:00,Card,Branch,374.29,GBP,L003,DE,Business,Salary,1,AE,0,Verified
T0003028,C00068,B008,2025-02-17 09:13:00,Card,Online,1225.83,GBP,L003,DE,Own Account,Salary,1,PL,0,Verified
T0002107,C00057,B003,2025-02-17 09:27:00,International Transfer,Branch,1033.41,GBP,L008,US,Individual,Purchase,2,DE,0,Review Required
T0003195,C00130,B004,2025-02-17 09:35:00,Transfer,Branch,4523.14,GBP,L014,BR,Individual,Payment,3,PL,0,Verified
T0004221,C00020,B002,2025-02-17 12:23:00,Cash Deposit,Mobile,1033.01,GBP,L004,ES,Individual,Payment,1,IT,0,Verified
T0001609,C00299,B011,2025-02-17 13:54:00,Transfer,ATM,105.42,GBP,L020,ZA,Own Account,Payment,3,AE,0,Verified
T0002770,C00118,B010,2025-02-17 15:55:00,Card,ATM,561.91,GBP,L003,DE,Individual,Invoice,1,PL,0,Verified
T0005013,C00129,B003,2025-02-17 17:12:00,Card,Mobile,6507.35,GBP,L010,AU,Individual,Salary,2,BR,0,Verified
T0003039,C00004,B001,2025-02-17 17:50:00,Cash Deposit,Online,673.52,GBP,L009,CA,Individual,Cash,2,IT,0,Verified
T0004005,C00033,B009,2025-02-17 18:00:00,International Transfer,Online,118.59,GBP,L002,FR,Own Account,Salary,1,TR,0,Verified
T0001167,C00147,B004,2025-02-17 18:46:00,Transfer,Online,1238.45,GBP,L012,TR,Individual,Salary,4,GB,0,Verified
T0003344,C00079,B008,2025-02-17 19:15:00,Card,Branch,507.92,GBP,L020,ZA,Business,Payment,3,PL,0,Verified
T0000196,C00180,B009,2025-02-17 20:55:00,Card,Online,2769.81,GBP,L007,IE,Individual,Salary,1,HK,0,Verified
T0000953,C00234,B008,2025-02-17 23:20:00,Cash Withdrawal,Branch,728.37,GBP,L009,CA,Business,Payment,2,US,0,Verified
T0005102,C00031,B003,2025-02-17 23:43:00,Card,ATM,2673.26,GBP,L011,AE,Own Account,Transfer,4,NL,0,Review Required
T0000765,C00146,B003,2025-02-18 03:51:00,Card,Branch,14052.95,GBP,L009,CA,Own Account,Payment,2,FR,0,Verified
T0000769,C00169,B009,2025-02-18 04:34:00,Cash Deposit,Branch,324.29,GBP,L019,IN,Individual,Purchase,3,AE,0,Verified
T0005113,C00268,B012,2025-02-18 07:41:00,Transfer,Mobile,1078.78,GBP,L013,NG,Own Account,Payment,5,US,0,Verified
T0000784,C00189,B002,2025-02-18 09:31:00,Transfer,ATM,289.69,GBP,L009,CA,Individual,Salary,2,IN,0,Verified
T0001490,C00236,B001,2025-02-18 09:48:00,Card,Online,1629.09,GBP,L001,GB,Own Account,Purchase,1,HK,0,Verified
T0004896,C00202,B001,2025-02-18 11:00:00,Card,ATM,570.32,GBP,L018,PL,Individual,Salary,2,NL,0,Verified
T0000688,C00169,B001,2025-02-18 11:08:00,Cash Deposit,Branch,612.79,GBP,L010,AU,Business,Payment,2,AE,0,Verified
T0003176,C00196,B002,2025-02-18 13:59:00,Transfer,Mobile,1005.4,GBP,L003,DE,Own Account,Salary,1,AU,0,Verified
T0002833,C00076,B012,2025-02-18 17:11:00,Card,Mobile,692.06,GBP,L013,NG,Business,Payment,5,SG,0,Verified
T0002599,C00179,B005,2025-02-18 18:55:00,Card,Mobile,128.04,GBP,L004,ES,Business,Cash,1,AU,0,Verified
T0004112,C00267,B009,2025-02-18 19:34:00,Transfer,ATM,5614.67,GBP,L015,SG,Individual,Cash,2,HK,0,Verified
T0002841,C00022,B002,2025-02-18 20:10:00,Card,Mobile,1226.89,GBP,L012,TR,Business,Payment,4,PL,0,Verified
T0005861,C00069,B006,2025-02-19 01:10:00,International Transfer,ATM,186.17,GBP,L015,SG,Business,Payment,2,TR,0,Verified
T0005616,C00053,B006,2025-02-19 01:21:00,Card,ATM,2196.22,GBP,L019,IN,Individual,Transfer,3,IN,0,Verified
T0004103,C00234,B008,2025-02-19 02:24:00,Transfer,Branch,1399.05,GBP,L020,ZA,Business,Invoice,3,US,0,Verified
T0005722,C00062,B008,2025-02-19 02:35:00,Transfer,Online,906.46,GBP,L005,IT,Individual,Cash,1,ES,0,Verified
T0001925,C00238,B005,2025-02-19 02:35:00,Transfer,Branch,4052.55,GBP,L007,IE,Business,Payment,1,CH,0,Review Required
T0001675,C00049,B001,2025-02-19 06:23:00,Card,Online,839.98,GBP,L014,BR,Business,Salary,3,IE,0,Verified
T0000293,C00047,B008,2025-02-19 07:17:00,Transfer,Mobile,247.21,GBP,L019,IN,Individual,Purchase,3,NG,0,Verified
T0003105,C00214,B001,2025-02-19 08:11:00,Card,Branch,1283.95,GBP,L017,CH,Business,Transfer,2,AU,0,Verified
T0005054,C00145,B009,2025-02-19 13:15:00,Card,Mobile,2484.99,GBP,L012,TR,Own Account,Purchase,4,AU,0,Verified
T0004687,C00056,B002,2025-02-19 15:16:00,International Transfer,Branch,3685.34,GBP,L011,AE,Own Account,Purchase,4,IT,0,Verified
T0001592,C00090,B002,2025-02-19 17:40:00,Transfer,Mobile,697.57,GBP,L006,NL,Own Account,Payment,1,SG,0,Verified
T0004374,C00238,B005,2025-02-19 19:21:00,International Transfer,Online,688.87,GBP,L012,TR,Business,Invoice,4,CH,0,Review Required
T0003675,C00059,B005,2025-02-19 21:42:00,Card,Mobile,982.98,GBP,L013,NG,Individual,Transfer,5,TR,0,Verified
T0002744,C00298,B001,2025-02-19 22:27:00,Card,ATM,436.39,GBP,L016,HK,Business,Salary,3,ES,0,Verified
T0003053,C00238,B006,2025-02-19 22:42:00,Transfer,ATM,1884.67,GBP,L007,IE,Individual,Salary,1,CH,0,Review Required
T0001279,C00096,B009,2025-02-19 23:20:00,Cash Withdrawal,Online,763.4,GBP,L015,SG,Individual,Invoice,2,IT,0,Verified
T0005410,C00234,B005,2025-02-19 23:51:00,Card,Branch,741.44,GBP,L015,SG,Own Account,Invoice,2,US,0,Verified
T0001524,C00085,B011,2025-02-20 01:16:00,Transfer,Online,1345.55,GBP,L019,IN,Own Account,Payment,3,ES,0,Verified
T0005602,C00069,B009,2025-02-20 04:02:00,International Transfer,Branch,158.54,GBP,L005,IT,Business,Salary,1,TR,0,Verified
T0001806,C00088,B010,2025-02-20 05:14:00,Transfer,Online,410.41,GBP,L010,AU,Business,Transfer,2,AU,0,Verified
T0005870,C00021,B003,2025-02-20 09:58:00,Transfer,Mobile,594.73,GBP,L008,US,Own Account,Transfer,2,NG,0,Verified
T0003437,C00053,B011,2025-02-20 10:19:00,Transfer,Online,3320.85,GBP,L003,DE,Individual,Salary,1,IN,0,Verified
T0002390,C00176,B012,2025-02-20 10:53:00,Transfer,Branch,1186.34,GBP,L006,NL,Own Account,Transfer,1,ZA,0,Verified
T0005154,C00077,B003,2025-02-20 12:28:00,Card,Branch,1039.31,GBP,L015,SG,Own Account,Cash,2,IE,0,Review Required
T0005173,C00253,B006,2025-02-20 13:26:00,Card,Mobile,3289.65,GBP,L002,FR,Business,Cash,1,PL,0,Verified
T0000814,C00137,B004,2025-02-20 15:04:00,Transfer,ATM,2368.53,GBP,L020,ZA,Business,Purchase,3,US,0,Verified
T0001864,C00252,B012,2025-02-20 16:26:00,Transfer,Online,1323.14,GBP,L002,FR,Business,Salary,1,IT,1,Verified
T0002573,C00064,B009,2025-02-20 18:03:00,Cash Withdrawal,Online,4054.5,GBP,L007,IE,Individual,Invoice,1,IE,0,Verified
T0004792,C00269,B007,2025-02-20 18:55:00,Transfer,Online,374.71,GBP,L005,IT,Individual,Cash,1,FR,1,Verified
T0005959,C00280,B001,2025-02-20 20:23:00,Card,Online,836.77,GBP,L013,NG,Own Account,Payment,5,AE,0,Verified
T0005535,C00217,B007,2025-02-20 21:35:00,Cash Withdrawal,Online,3161.34,GBP,L002,FR,Individual,Salary,1,ES,0,Verified
T0005922,C00273,B011,2025-02-21 00:03:00,Transfer,Branch,379.12,GBP,L015,SG,Individual,Transfer,2,ES,0,Verified
T0000363,C00163,B004,2025-02-21 00:32:00,Cash Deposit,Online,540.91,GBP,L010,AU,Individual,Payment,2,CH,0,Verified
T0000976,C00078,B002,2025-02-21 02:39:00,Cash Deposit,ATM,1260.29,GBP,L013,NG,Own Account,Purchase,5,CA,0,Verified
T0004106,C00136,B006,2025-02-21 03:16:00,Transfer,Online,381.03,GBP,L010,AU,Own Account,Invoice,2,IE,0,Verified
T0004028,C00229,B007,2025-02-21 04:20:00,Card,Online,480.86,GBP,L008,US,Own Account,Cash,2,IT,0,Verified
T0001959,C00211,B007,2025-02-21 04:38:00,Transfer,ATM,150.91,GBP,L020,ZA,Own Account,Purchase,3,AE,1,Verified
T0001438,C00099,B011,2025-02-21 04:55:00,Transfer,ATM,956.77,GBP,L018,PL,Business,Transfer,2,SG,0,Verified
T0003388,C00177,B010,2025-02-21 06:11:00,Transfer,Branch,714.7,GBP,L001,GB,Business,Purchase,1,PL,0,Verified
T0001997,C00144,B004,2025-02-21 06:11:00,Cash Deposit,ATM,266.34,GBP,L006,NL,Own Account,Purchase,1,ES,0,Verified
T0004516,C00073,B003,2025-02-21 07:25:00,Transfer,Mobile,99.51,GBP,L005,IT,Individual,Invoice,1,NL,0,Verified
T0004520,C00237,B006,2025-02-21 07:29:00,Card,Mobile,331.36,GBP,L007,IE,Business,Transfer,1,SG,0,Verified
T0003726,C00190,B007,2025-02-21 11:26:00,Cash Deposit,Online,1187.98,GBP,L013,NG,Own Account,Cash,5,SG,0,Verified
T0002876,C00132,B002,2025-02-21 12:09:00,Transfer,Mobile,4671.77,GBP,L001,GB,Individual,Cash,1,SG,0,Verified
T0001419,C00022,B011,2025-02-21 12:21:00,Card,Online,188.14,GBP,L010,AU,Individual,Invoice,2,PL,0,Verified
T0002694,C00108,B004,2025-02-21 12:34:00,Cash Deposit,ATM,540.51,GBP,L012,TR,Own Account,Invoice,4,IN,0,Verified
T0002119,C00105,B002,2025-02-21 12:57:00,Card,Online,1341.98,GBP,L020,ZA,Own Account,Cash,3,US,0,Verified
T0001063,C00220,B010,2025-02-21 15:25:00,Card,Mobile,410.51,GBP,L013,NG,Business,Transfer,5,SG,0,Verified
T0002710,C00131,B005,2025-02-21 15:31:00,Card,Branch,1037.18,GBP,L017,CH,Individual,Invoice,2,IN,0,Verified
T0005962,C00205,B012,2025-02-21 15:40:00,Card,Mobile,83.52,GBP,L003,DE,Own Account,Purchase,1,TR,0,Review Required
T0005459,C00235,B005,2025-02-21 16:31:00,Card,Branch,1392.88,GBP,L001,GB,Own Account,Salary,1,IT,0,Verified
T0003873,C00157,B010,2025-02-21 16:33:00,Transfer,Online,563.48,GBP,L006,NL,Own Account,Purchase,1,HK,0,Verified
T0001905,C00011,B002,2025-02-21 19:21:00,Cash Withdrawal,Branch,1312.1,GBP,L010,AU,Business,Salary,2,IE,0,Verified
T0004108,C00013,B011,2025-02-21 19:30:00,Transfer,Online,553.15,GBP,L003,DE,Own Account,Transfer,1,PL,0,Verified
T0001969,C00171,B004,2025-02-21 20:38:00,Card,ATM,4635.22,GBP,L009,CA,Business,Cash,2,DE,0,Review Required
T0001647,C00009,B009,2025-02-21 21:44:00,Transfer,Mobile,23.71,GBP,L016,HK,Own Account,Payment,3,AU,0,Verified
T0005369,C00020,B010,2025-02-22 01:00:00,Card,Online,2305.42,GBP,L014,BR,Individual,Salary,3,IT,0,Verified
T0001761,C00054,B006,2025-02-22 02:49:00,Transfer,Mobile,492.97,GBP,L001,GB,Business,Salary,1,BR,0,Verified
T0002329,C00208,B011,2025-02-22 03:42:00,Transfer,ATM,659.52,GBP,L015,SG,Individual,Invoice,2,TR,0,Verified
T0005166,C00047,B012,2025-02-22 04:55:00,Transfer,Online,1457.62,GBP,L017,CH,Business,Purchase,2,NG,0,Verified
T0000896,C00266,B003,2025-02-22 05:28:00,International Transfer,ATM,642.6,GBP,L014,BR,Business,Salary,3,IT,0,Verified
T0005133,C00250,B009,2025-02-22 06:39:00,Card,Online,2487.62,GBP,L019,IN,Individual,Invoice,3,ES,0,Review Required
T0001808,C00052,B003,2025-02-22 06:56:00,Cash Deposit,Online,621.68,GBP,L018,PL,Business,Transfer,2,DE,0,Verified
T0002031,C00052,B011,2025-02-22 09:49:00,International Transfer,ATM,744.7,GBP,L001,GB,Own Account,Cash,1,DE,0,Verified
T0004537,C00194,B012,2025-02-22 11:02:00,International Transfer,Mobile,697.54,GBP,L015,SG,Own Account,Cash,2,DE,0,Verified
T0001854,C00014,B011,2025-02-22 11:24:00,Transfer,Branch,2629.77,GBP,L005,IT,Business,Salary,1,FR,0,Verified
T0002819,C00090,B006,2025-02-22 13:14:00,Cash Deposit,Mobile,546.79,GBP,L015,SG,Own Account,Cash,2,SG,0,Verified
T0002518,C00034,B003,2025-02-22 14:08:00,Card,Mobile,3243.76,GBP,L019,IN,Own Account,Payment,3,US,0,Verified
T0003264,C00245,B012,2025-02-22 15:58:00,Cash Deposit,ATM,1461.22,GBP,L011,AE,Individual,Cash,4,US,0,Verified
T0003759,C00287,B007,2025-02-22 18:50:00,Transfer,ATM,905.5,GBP,L006,NL,Business,Transfer,1,AE,0,Verified
T0004439,C00181,B009,2025-02-22 22:23:00,Card,ATM,1448.96,GBP,L007,IE,Individual,Salary,1,ZA,0,Verified
T0003738,C00208,B005,2025-02-22 22:26:00,Card,Online,1045.31,GBP,L015,SG,Individual,Invoice,2,TR,0,Verified
T0003909,C00235,B011,2025-02-23 01:00:00,International Transfer,Mobile,1745.92,GBP,L020,ZA,Business,Salary,3,IT,0,Verified
T0000959,C00118,B012,2025-02-23 01:23:00,Transfer,Online,392.56,GBP,L009,CA,Individual,Cash,2,PL,0,Verified
T0005227,C00160,B012,2025-02-23 04:58:00,Transfer,Mobile,822.52,GBP,L006,NL,Business,Cash,1,US,0,Verified
T0001399,C00269,B010,2025-02-23 05:16:00,Cash Withdrawal,Branch,2020.73,GBP,L006,NL,Business,Salary,1,FR,1,Verified
T0005824,C00094,B009,2025-02-23 06:59:00,Card,Branch,2953.28,GBP,L008,US,Business,Salary,2,ZA,0,Verified
T0000750,C00018,B012,2025-02-23 07:18:00,Transfer,Mobile,4637.9,GBP,L002,FR,Own Account,Cash,1,BR,0,Verified
T0005338,C00154,B012,2025-02-23 07:20:00,Card,Branch,1738.97,GBP,L006,NL,Individual,Purchase,1,ZA,0,Verified
T0002631,C00264,B001,2025-02-23 07:57:00,Card,Branch,925.38,GBP,L014,BR,Individual,Purchase,3,IN,1,Verified
T0001750,C00119,B001,2025-02-23 08:02:00,Transfer,Branch,491.99,GBP,L006,NL,Business,Cash,1,FR,0,Verified
T0001458,C00181,B004,2025-02-23 11:24:00,Cash Deposit,ATM,244.11,GBP,L019,IN,Individual,Purchase,3,ZA,0,Verified
T0000375,C00288,B007,2025-02-23 13:28:00,Card,Online,194.46,GBP,L011,AE,Individual,Transfer,4,FR,0,Verified
T0003267,C00031,B010,2025-02-23 18:12:00,Cash Deposit,Online,211.2,GBP,L005,IT,Own Account,Invoice,1,NL,0,Review Required
T0002480,C00253,B007,2025-02-23 18:37:00,Transfer,Mobile,329.09,GBP,L014,BR,Individual,Cash,3,PL,0,Verified
T0000202,C00237,B006,2025-02-23 19:27:00,Card,Mobile,1025.48,GBP,L017,CH,Individual,Purchase,2,SG,0,Verified
T0002439,C00001,B002,2025-02-23 21:30:00,Transfer,Mobile,3148.75,GBP,L007,IE,Business,Purchase,1,IE,0,Verified
T0000894,C00187,B003,2025-02-23 22:14:00,Card,ATM,2103.76,GBP,L006,NL,Own Account,Invoice,1,BR,0,Verified
T0000737,C00192,B001,2025-02-23 23:46:00,Card,Mobile,1909.26,GBP,L015,SG,Individual,Cash,2,NG,0,Verified
T0003864,C00118,B004,2025-02-24 00:06:00,International Transfer,Online,1265.2,GBP,L015,SG,Individual,Salary,2,PL,0,Verified
T0005607,C00059,B001,2025-02-24 01:12:00,International Transfer,ATM,726.08,GBP,L014,BR,Own Account,Purchase,3,TR,0,Verified
T0001051,C00066,B003,2025-02-24 03:38:00,Card,ATM,1132.55,GBP,L007,IE,Business,Transfer,1,CA,0,Verified
T0003056,C00272,B006,2025-02-24 12:32:00,Transfer,Online,1088.01,GBP,L017,CH,Business,Purchase,2,ZA,0,Verified
T0004646,C00162,B001,2025-02-24 13:02:00,Card,Mobile,1204.65,GBP,L015,SG,Own Account,Purchase,2,SG,0,Verified
T0005741,C00204,B003,2025-02-24 16:02:00,Card,ATM,342.62,GBP,L002,FR,Individual,Transfer,1,NG,0,Verified
T0003476,C00040,B003,2025-02-24 18:08:00,Cash Deposit,Mobile,2675.51,GBP,L001,GB,Own Account,Purchase,1,FR,0,Verified
T0005817,C00273,B004,2025-02-24 23:49:00,Card,Mobile,3977.9,GBP,L012,TR,Individual,Invoice,4,ES,0,Verified
T0003182,C00253,B004,2025-02-24 23:51:00,International Transfer,ATM,453.97,GBP,L012,TR,Business,Transfer,4,PL,0,Verified
T0004894,C00214,B012,2025-02-25 01:19:00,Transfer,Online,370.29,GBP,L013,NG,Own Account,Salary,5,AU,0,Verified
T0001364,C00095,B007,2025-02-25 03:05:00,Cash Deposit,ATM,213.67,GBP,L008,US,Business,Salary,2,IN,0,Verified
T0000832,C00296,B006,2025-02-25 03:34:00,Card,Branch,3190.97,GBP,L005,IT,Own Account,Invoice,1,TR,0,Verified
T0005568,C00139,B012,2025-02-25 04:39:00,Cash Deposit,Online,367.77,GBP,L007,IE,Individual,Cash,1,IN,0,Verified
T0001050,C00230,B007,2025-02-25 05:41:00,Cash Withdrawal,ATM,227.98,GBP,L017,CH,Own Account,Payment,2,PL,0,Verified
T0004389,C00222,B012,2025-02-25 08:35:00,Card,Branch,259.62,GBP,L017,CH,Individual,Purchase,2,US,0,Verified
T0002407,C00135,B012,2025-02-25 09:20:00,International Transfer,Online,1042.06,GBP,L005,IT,Business,Salary,1,ZA,0,Verified
T0002875,C00190,B006,2025-02-25 11:43:00,Card,Mobile,309.44,GBP,L005,IT,Individual,Purchase,1,SG,0,Verified
T0005599,C00160,B012,2025-02-25 13:15:00,International Transfer,Branch,371.67,GBP,L015,SG,Individual,Invoice,2,US,0,Verified
T0003374,C00024,B002,2025-02-25 13:37:00,Transfer,Branch,1811.12,GBP,L020,ZA,Own Account,Transfer,3,NL,0,Verified
T0002597,C00203,B001,2025-02-25 16:16:00,Card,Mobile,277.81,GBP,L004,ES,Individual,Salary,1,BR,0,Verified
T0000022,C00112,B006,2025-02-25 19:12:00,Card,Online,1403.38,GBP,L017,CH,Individual,Salary,2,NG,0,Review Required
T0001048,C00277,B004,2025-02-25 19:25:00,Card,Online,411.74,GBP,L011,AE,Business,Invoice,4,CA,0,Verified
T0002009,C00273,B004,2025-02-25 19:33:00,Card,Mobile,295.72,GBP,L011,AE,Individual,Payment,4,ES,0,Verified
T0004717,C00169,B003,2025-02-25 19:45:00,International Transfer,Online,2322.55,GBP,L005,IT,Individual,Invoice,1,AE,0,Verified
T0001102,C00241,B004,2025-02-25 19:48:00,Transfer,Online,413.94,GBP,L007,IE,Own Account,Salary,1,DE,0,Verified
T0002676,C00267,B001,2025-02-25 21:59:00,Cash Withdrawal,Online,2793.96,GBP,L006,NL,Own Account,Payment,1,HK,0,Verified
T0002311,C00153,B002,2025-02-26 02:12:00,International Transfer,Online,215.56,GBP,L008,US,Individual,Cash,2,SG,0,Verified
T0002098,C00165,B003,2025-02-26 02:30:00,Transfer,Mobile,410.55,GBP,L001,GB,Business,Salary,1,US,0,Review Required
T0002151,C00060,B002,2025-02-26 02:32:00,Card,Mobile,72.71,GBP,L006,NL,Individual,Transfer,1,SG,0,Review Required
T0001202,C00001,B006,2025-02-26 07:36:00,Card,ATM,856.03,GBP,L014,BR,Own Account,Salary,3,IE,0,Verified
T0003755,C00261,B006,2025-02-26 11:05:00,Card,Mobile,619.51,GBP,L004,ES,Individual,Invoice,1,ZA,0,Verified
T0002964,C00233,B010,2025-02-26 17:32:00,Transfer,Mobile,596.5,GBP,L001,GB,Individual,Salary,1,ES,0,Verified
T0003541,C00091,B006,2025-02-26 19:55:00,Card,Branch,107.37,GBP,L005,IT,Individual,Cash,1,NL,0,Verified
T0003866,C00227,B007,2025-02-27 00:34:00,Transfer,ATM,699.3,GBP,L013,NG,Own Account,Purchase,5,IE,0,Verified
T0002361,C00213,B007,2025-02-27 00:41:00,Card,Branch,714.42,GBP,L018,PL,Business,Transfer,2,CA,0,Review Required
T0000428,C00148,B006,2025-02-27 01:06:00,Card,Online,315.48,GBP,L010,AU,Business,Invoice,2,NL,0,Verified
T0004941,C00291,B004,2025-02-27 09:15:00,Transfer,ATM,1069.56,GBP,L019,IN,Own Account,Cash,3,ES,0,Verified
T0001605,C00106,B010,2025-02-27 12:38:00,Card,ATM,2275.91,GBP,L015,SG,Individual,Transfer,2,BR,0,Verified
T0000989,C00265,B007,2025-02-27 12:47:00,Transfer,ATM,4374.75,GBP,L011,AE,Individual,Transfer,4,ZA,0,Verified
T0005631,C00231,B012,2025-02-27 13:27:00,Cash Withdrawal,Branch,807.16,GBP,L011,AE,Business,Purchase,4,IT,0,Verified
T0001283,C00253,B007,2025-02-27 13:53:00,Card,Mobile,441.79,GBP,L016,HK,Own Account,Transfer,3,PL,0,Verified
T0005756,C00013,B006,2025-02-27 16:13:00,Transfer,Branch,1466.8,GBP,L014,BR,Business,Payment,3,PL,0,Verified
T0002046,C00014,B012,2025-02-27 17:43:00,Transfer,Branch,195.14,GBP,L013,NG,Business,Transfer,5,FR,0,Verified
T0001669,C00005,B001,2025-02-27 18:36:00,Cash Withdrawal,ATM,116.79,GBP,L004,ES,Business,Purchase,1,ES,0,Verified
T0000549,C00226,B006,2025-02-27 20:35:00,Transfer,Online,1522.7,GBP,L017,CH,Individual,Transfer,2,TR,0,Verified
T0004045,C00122,B008,2025-02-27 20:43:00,Card,Online,247.36,GBP,L001,GB,Business,Transfer,1,NL,0,Review Required
T0002284,C00044,B005,2025-02-27 20:54:00,Transfer,ATM,2095.61,GBP,L017,CH,Own Account,Payment,2,PL,0,Review Required
T0005849,C00019,B004,2025-02-28 00:29:00,Card,Online,1224.5,GBP,L002,FR,Own Account,Salary,1,IT,1,Verified
T0001518,C00051,B006,2025-02-28 00:34:00,Card,ATM,2409.89,GBP,L009,CA,Individual,Salary,2,CH,0,Verified
T0004135,C00116,B010,2025-02-28 02:26:00,Card,Mobile,4690.89,GBP,L016,HK,Individual,Purchase,3,AE,0,Verified
T0001484,C00166,B005,2025-02-28 06:46:00,Card,Mobile,171.24,GBP,L015,SG,Business,Transfer,2,CA,0,Verified
T0005838,C00220,B012,2025-02-28 08:11:00,Card,Online,765.92,GBP,L007,IE,Own Account,Payment,1,SG,0,Verified
T0002397,C00207,B007,2025-02-28 09:51:00,Transfer,Online,4460.29,GBP,L020,ZA,Business,Invoice,3,HK,0,Verified
T0002103,C00198,B007,2025-02-28 10:16:00,Card,Mobile,210.46,GBP,L013,NG,Own Account,Payment,5,BR,0,Verified
T0003521,C00130,B009,2025-02-28 11:29:00,Card,Online,2791.95,GBP,L010,AU,Individual,Salary,2,PL,0,Verified
T0000003,C00025,B004,2025-02-28 12:20:00,Cash Deposit,ATM,2558.16,GBP,L010,AU,Individual,Cash,2,CH,0,Verified
T0004218,C00263,B004,2025-02-28 12:47:00,Transfer,Branch,89.09,GBP,L019,IN,Business,Payment,3,CH,0,Verified
T0003184,C00065,B003,2025-02-28 13:29:00,Card,Mobile,1412.07,GBP,L019,IN,Individual,Payment,3,CA,0,Verified
T0003219,C00210,B002,2025-02-28 15:45:00,Cash Deposit,ATM,1828.29,GBP,L016,HK,Business,Purchase,3,FR,1,Verified
T0003913,C00256,B012,2025-02-28 16:26:00,Transfer,Branch,304.73,GBP,L007,IE,Own Account,Cash,1,AU,0,Verified
T0005683,C00038,B009,2025-02-28 18:04:00,Card,Branch,638.01,GBP,L005,IT,Own Account,Invoice,1,US,0,Verified
T0000869,C00142,B006,2025-02-28 20:55:00,International Transfer,Branch,7422.9,GBP,L010,AU,Individual,Payment,2,PL,0,Verified
T0005578,C00064,B004,2025-03-01 01:13:00,Card,ATM,736.24,GBP,L018,PL,Individual,Invoice,2,IE,0,Verified
T0000246,C00077,B001,2025-03-01 02:36:00,Card,Online,892.58,GBP,L002,FR,Own Account,Payment,1,IE,0,Review Required
T0004554,C00068,B011,2025-03-01 05:43:00,Cash Withdrawal,Mobile,1149.92,GBP,L012,TR,Business,Invoice,4,PL,0,Verified
T0004569,C00066,B012,2025-03-01 05:53:00,Transfer,Branch,258.57,GBP,L003,DE,Business,Payment,1,CA,0,Verified
T0002782,C00114,B001,2025-03-01 06:15:00,Card,Online,1290.62,GBP,L013,NG,Own Account,Purchase,5,GB,0,Verified
T0001278,C00176,B005,2025-03-01 09:31:00,Cash Deposit,ATM,5947.61,GBP,L020,ZA,Individual,Invoice,3,ZA,0,Verified
T0000395,C00147,B005,2025-03-01 10:37:00,Card,Online,1266.37,GBP,L011,AE,Business,Cash,4,GB,0,Verified
T0004139,C00105,B007,2025-03-01 10:58:00,Transfer,Branch,94.07,GBP,L014,BR,Individual,Invoice,3,US,0,Verified
T0003000,C00135,B001,2025-03-01 11:45:00,International Transfer,Online,624.42,GBP,L007,IE,Own Account,Cash,1,ZA,0,Verified
T0003762,C00215,B007,2025-03-01 17:39:00,Card,ATM,875.79,GBP,L005,IT,Own Account,Payment,1,DE,0,Review Required
T0001556,C00133,B004,2025-03-01 20:43:00,Transfer,Mobile,650.67,GBP,L007,IE,Own Account,Payment,1,NG,0,Verified
T0000709,C00180,B010,2025-03-02 01:39:00,Cash Deposit,Branch,4693.85,GBP,L009,CA,Business,Cash,2,HK,0,Verified
T0000738,C00258,B004,2025-03-02 06:28:00,Cash Withdrawal,Branch,842.06,GBP,L004,ES,Individual,Invoice,1,GB,0,Verified
T0005413,C00112,B012,2025-03-02 10:23:00,International Transfer,Online,1354.68,GBP,L007,IE,Individual,Salary,1,NG,0,Review Required
T0003820,C00035,B004,2025-03-02 13:47:00,Cash Withdrawal,ATM,2233.51,GBP,L005,IT,Own Account,Transfer,1,IN,0,Verified
T0000125,C00160,B002,2025-03-02 14:42:00,Card,ATM,2427.31,GBP,L007,IE,Individual,Transfer,1,US,0,Verified
T0004898,C00071,B010,2025-03-02 15:00:00,Card,Branch,1129.47,GBP,L007,IE,Own Account,Invoice,1,US,1,Verified
T0005362,C00177,B008,2025-03-02 15:14:00,Card,Mobile,1420.4,GBP,L020,ZA,Individual,Transfer,3,PL,0,Verified
T0003443,C00287,B008,2025-03-02 17:29:00,Card,Online,613.33,GBP,L009,CA,Business,Purchase,2,AE,0,Verified
T0005790,C00206,B005,2025-03-02 18:32:00,Transfer,Branch,200.08,GBP,L016,HK,Individual,Transfer,3,NG,0,Verified
T0005649,C00086,B011,2025-03-02 20:46:00,Transfer,ATM,2089.93,GBP,L003,DE,Business,Invoice,1,BR,0,Verified
T0003769,C00145,B007,2025-03-02 21:10:00,Card,Online,2190.01,GBP,L014,BR,Business,Payment,3,AU,0,Verified
T0002228,C00043,B006,2025-03-02 23:28:00,Transfer,Branch,438.31,GBP,L012,TR,Own Account,Purchase,4,US,0,Verified
T0000307,C00032,B012,2025-03-03 02:07:00,Card,Online,815.29,GBP,L020,ZA,Business,Payment,3,PL,0,Verified
T0003994,C00128,B006,2025-03-03 04:51:00,Card,Branch,2244.78,GBP,L008,US,Individual,Transfer,2,HK,0,Verified
T0004082,C00210,B003,2025-03-03 05:22:00,Transfer,Mobile,547.47,GBP,L001,GB,Business,Transfer,1,FR,1,Verified
T0000081,C00225,B010,2025-03-03 07:41:00,International Transfer,Online,657.96,GBP,L007,IE,Business,Salary,1,IE,0,Verified
T0004832,C00240,B005,2025-03-03 09:21:00,Transfer,Online,1238.25,GBP,L011,AE,Business,Payment,4,SG,0,Verified
T0003571,C00261,B010,2025-03-03 10:58:00,Card,ATM,104.61,GBP,L007,IE,Individual,Cash,1,ZA,0,Verified
T0003662,C00078,B007,2025-03-03 11:18:00,Transfer,Branch,9773.63,GBP,L018,PL,Own Account,Salary,2,CA,0,Verified
T0003553,C00126,B001,2025-03-03 11:31:00,Transfer,ATM,937.38,GBP,L007,IE,Individual,Payment,1,IN,0,Verified
T0002170,C00151,B004,2025-03-03 14:43:00,Transfer,ATM,445.3,GBP,L019,IN,Individual,Transfer,3,US,0,Verified
T0003433,C00297,B007,2025-03-03 18:50:00,Card,Mobile,2323.75,GBP,L020,ZA,Own Account,Payment,3,HK,0,Verified
T0004338,C00206,B009,2025-03-03 21:14:00,Card,Branch,503.05,GBP,L019,IN,Individual,Payment,3,NG,0,Verified
T0003178,C00216,B003,2025-03-03 21:33:00,Card,Branch,2011.6,GBP,L004,ES,Own Account,Payment,1,PL,0,Verified
T0002443,C00269,B004,2025-03-03 22:36:00,Card,Branch,494.58,GBP,L007,IE,Individual,Invoice,1,FR,1,Verified
T0002227,C00229,B003,2025-03-04 00:30:00,Transfer,Branch,1042.15,GBP,L016,HK,Individual,Cash,3,IT,0,Verified
T0000472,C00197,B001,2025-03-04 03:59:00,Card,Branch,2818.02,GBP,L007,IE,Business,Cash,1,AU,0,Verified
T0004019,C00235,B009,2025-03-04 04:48:00,Cash Deposit,Branch,587.5,GBP,L017,CH,Business,Purchase,2,IT,0,Verified
T0002705,C00292,B005,2025-03-04 05:26:00,Transfer,Mobile,704.88,GBP,L007,IE,Own Account,Payment,1,ZA,0,Verified
T0003882,C00200,B002,2025-03-04 05:56:00,International Transfer,Branch,1536.85,GBP,L006,NL,Own Account,Purchase,1,IN,0,Verified
T0001685,C00229,B012,2025-03-04 06:03:00,Cash Deposit,ATM,1024.17,GBP,L015,SG,Own Account,Purchase,2,IT,0,Verified
T0005637,C00282,B009,2025-03-04 09:18:00,Card,Mobile,5372.85,GBP,L016,HK,Own Account,Payment,3,DE,0,Verified
T0004046,C00046,B009,2025-03-04 12:20:00,Card,Mobile,155.69,GBP,L011,AE,Business,Cash,4,NG,1,Verified
T0005402,C00246,B010,2025-03-04 13:10:00,Cash Withdrawal,Branch,1590.69,GBP,L007,IE,Individual,Transfer,1,ES,0,Verified
T0004611,C00143,B008,2025-03-04 16:12:00,Card,Mobile,303.27,GBP,L005,IT,Business,Payment,1,HK,0,Verified
T0002450,C00192,B012,2025-03-04 17:44:00,Card,Branch,309.65,GBP,L002,FR,Own Account,Transfer,1,NG,0,Verified
T0001065,C00151,B001,2025-03-04 19:45:00,Transfer,Branch,309.35,GBP,L018,PL,Business,Payment,2,US,0,Verified
T0004631,C00141,B011,2025-03-04 20:38:00,Card,Mobile,580.6,GBP,L010,AU,Business,Payment,2,US,0,Verified
T0005382,C00252,B011,2025-03-04 22:17:00,International Transfer,Online,1058.09,GBP,L002,FR,Own Account,Purchase,1,IT,1,Verified
T0002759,C00212,B003,2025-03-04 22:42:00,Card,Online,604.09,GBP,L018,PL,Own Account,Salary,2,PL,0,Verified
T0002064,C00050,B012,2025-03-05 02:27:00,Transfer,Branch,271.24,GBP,L012,TR,Own Account,Salary,4,AE,0,Verified
T0004297,C00110,B005,2025-03-05 03:09:00,Transfer,ATM,1097.88,GBP,L014,BR,Individual,Salary,3,PL,0,Verified
T0001693,C00299,B005,2025-03-05 04:37:00,Cash Withdrawal,Mobile,677.03,GBP,L018,PL,Own Account,Cash,2,AE,0,Verified
T0003194,C00125,B005,2025-03-05 07:15:00,Card,Online,200.53,GBP,L011,AE,Own Account,Payment,4,US,0,Verified
T0000745,C00182,B004,2025-03-05 11:46:00,Transfer,Online,426.63,GBP,L020,ZA,Business,Payment,3,BR,0,Verified
T0005625,C00279,B010,2025-03-05 12:39:00,Card,ATM,157.91,GBP,L019,IN,Individual,Invoice,3,IN,0,Verified
T0000758,C00033,B012,2025-03-05 14:07:00,International Transfer,Online,3210.88,GBP,L002,FR,Own Account,Invoice,1,TR,0,Verified
T0003781,C00071,B009,2025-03-05 16:26:00,Transfer,Branch,801.47,GBP,L018,PL,Individual,Transfer,2,US,1,Verified
T0001117,C00243,B005,2025-03-05 16:46:00,Transfer,Branch,152.0,GBP,L009,CA,Own Account,Cash,2,CH,0,Verified
T0000464,C00045,B004,2025-03-05 16:56:00,Card,Branch,678.75,GBP,L006,NL,Business,Salary,1,US,0,Verified
T0004187,C00296,B012,2025-03-05 17:24:00,Card,ATM,1482.02,GBP,L018,PL,Own Account,Invoice,2,TR,0,Verified
T0000536,C00005,B001,2025-03-05 17:24:00,Transfer,Online,336.95,GBP,L020,ZA,Own Account,Cash,3,ES,0,Verified
T0004849,C00175,B004,2025-03-05 17:48:00,Card,Online,151.74,GBP,L010,AU,Business,Salary,2,AU,0,Verified
T0001763,C00290,B005,2025-03-05 17:59:00,Transfer,ATM,811.55,GBP,L013,NG,Business,Salary,5,AE,0,Verified
T0000993,C00130,B006,2025-03-05 20:12:00,Card,Online,307.78,GBP,L005,IT,Individual,Payment,1,PL,0,Verified
T0003984,C00045,B011,2025-03-05 20:42:00,Card,Branch,1008.93,GBP,L013,NG,Own Account,Invoice,5,US,0,Verified
T0001580,C00161,B007,2025-03-05 21:05:00,Transfer,Branch,4680.97,GBP,L018,PL,Own Account,Transfer,2,NL,0,Verified
T0000697,C00223,B008,2025-03-05 21:11:00,Transfer,Mobile,291.84,GBP,L010,AU,Own Account,Cash,2,PL,0,Verified
T0004162,C00170,B012,2025-03-05 22:30:00,International Transfer,Mobile,841.89,GBP,L005,IT,Business,Payment,1,HK,0,Verified
T0000201,C00051,B009,2025-03-05 22:34:00,International Transfer,Branch,2137.08,GBP,L017,CH,Own Account,Cash,2,CH,0,Verified
T0003851,C00081,B006,2025-03-05 23:22:00,Card,Branch,123.64,GBP,L007,IE,Business,Invoice,1,BR,0,Verified
T0001363,C00229,B002,2025-03-05 23:51:00,Card,Online,596.38,GBP,L005,IT,Business,Transfer,1,IT,0,Verified
T0000088,C00102,B003,2025-03-06 00:02:00,Cash Deposit,ATM,2507.25,GBP,L004,ES,Own Account,Payment,1,US,0,Verified
T0000225,C00202,B003,2025-03-06 01:02:00,Cash Withdrawal,Branch,1987.86,GBP,L015,SG,Individual,Purchase,2,NL,0,Verified
T0002621,C00243,B003,2025-03-06 02:41:00,Card,Branch,460.47,GBP,L012,TR,Business,Invoice,4,CH,0,Verified
T0002602,C00246,B010,2025-03-06 05:41:00,Card,ATM,3086.96,GBP,L018,PL,Business,Salary,2,ES,0,Verified
T0002482,C00071,B007,2025-03-06 05:45:00,Card,Mobile,419.46,GBP,L020,ZA,Business,Salary,3,US,1,Verified
T0000106,C00032,B006,2025-03-06 06:58:00,International Transfer,Mobile,763.35,GBP,L011,AE,Business,Purchase,4,PL,0,Verified
T0001712,C00035,B001,2025-03-06 06:58:00,Transfer,Online,78.13,GBP,L013,NG,Own Account,Salary,5,IN,0,Verified
T0001294,C00090,B001,2025-03-06 07:45:00,Card,Mobile,4738.53,GBP,L014,BR,Own Account,Transfer,3,SG,0,Verified
T0000207,C00102,B005,2025-03-06 08:52:00,Transfer,ATM,680.56,GBP,L004,ES,Individual,Purchase,1,US,0,Verified
T0004711,C00036,B011,2025-03-06 10:27:00,Transfer,Mobile,439.89,GBP,L005,IT,Business,Payment,1,FR,0,Verified
T0000340,C00049,B005,2025-03-06 11:36:00,Cash Deposit,ATM,274.71,GBP,L002,FR,Own Account,Salary,1,IE,0,Verified
T0003709,C00099,B002,2025-03-06 12:16:00,Card,Mobile,330.14,GBP,L017,CH,Individual,Purchase,2,SG,0,Verified
T0000324,C00293,B004,2025-03-06 14:31:00,Card,Branch,1083.64,GBP,L003,DE,Business,Invoice,1,IT,0,Verified
T0003930,C00168,B004,2025-03-06 18:16:00,Card,Online,439.62,GBP,L013,NG,Business,Cash,5,HK,0,Verified
T0002817,C00227,B004,2025-03-06 19:52:00,Card,Online,323.46,GBP,L011,AE,Individual,Cash,4,IE,0,Verified
T0000396,C00248,B007,2025-03-06 22:30:00,Card,ATM,2340.25,GBP,L016,HK,Business,Payment,3,DE,0,Verified
T0005539,C00222,B004,2025-03-07 01:12:00,Transfer,Mobile,2137.31,GBP,L005,IT,Individual,Salary,1,US,0,Verified
T0004206,C00226,B006,2025-03-07 01:43:00,Transfer,Mobile,784.16,GBP,L005,IT,Own Account,Purchase,1,TR,0,Verified
T0001286,C00179,B006,2025-03-07 06:07:00,Transfer,Online,1156.28,GBP,L009,CA,Own Account,Purchase,2,AU,0,Verified
T0001036,C00216,B006,2025-03-07 09:41:00,Card,Branch,2386.63,GBP,L019,IN,Business,Salary,3,PL,0,Verified
T0002763,C00181,B001,2025-03-07 09:45:00,Transfer,Branch,2562.39,GBP,L001,GB,Individual,Invoice,1,ZA,0,Verified
T0003656,C00097,B001,2025-03-07 11:18:00,Card,ATM,394.18,GBP,L003,DE,Business,Cash,1,US,0,Verified
T0003071,C00126,B011,2025-03-07 11:21:00,Card,Mobile,285.43,GBP,L001,GB,Business,Purchase,1,IN,0,Verified
T0002022,C00038,B007,2025-03-07 13:57:00,Card,Mobile,840.36,GBP,L004,ES,Individual,Payment,1,US,0,Verified
T0002478,C00249,B008,2025-03-07 14:03:00,International Transfer,Branch,267.89,GBP,L019,IN,Individual,Invoice,3,PL,1,Verified
T0003064,C00285,B009,2025-03-07 17:18:00,Cash Deposit,Mobile,373.83,GBP,L003,DE,Individual,Purchase,1,IN,0,Verified
T0001029,C00145,B008,2025-03-07 17:27:00,Card,Branch,913.01,GBP,L019,IN,Own Account,Purchase,3,AU,0,Verified
T0002545,C00054,B011,2025-03-07 18:50:00,International Transfer,Branch,1691.48,GBP,L015,SG,Business,Payment,2,BR,0,Verified
T0002870,C00104,B009,2025-03-07 21:26:00,International Transfer,Branch,1132.59,GBP,L015,SG,Business,Purchase,2,AE,0,Verified
T0000463,C00118,B005,2025-03-07 22:59:00,Transfer,ATM,1403.5,GBP,L001,GB,Individual,Invoice,1,PL,0,Verified
T0002692,C00258,B007,2025-03-07 23:22:00,Transfer,Branch,243.78,GBP,L019,IN,Individual,Transfer,3,GB,0,Verified
T0003205,C00176,B001,2025-03-08 00:22:00,Card,Mobile,1294.08,GBP,L008,US,Business,Invoice,2,ZA,0,Verified
T0004531,C00214,B007,2025-03-08 01:39:00,Card,Branch,1278.51,GBP,L009,CA,Business,Salary,2,AU,0,Verified
T0002551,C00079,B009,2025-03-08 02:10:00,International Transfer,Mobile,406.78,GBP,L008,US,Business,Transfer,2,PL,0,Verified
T0003624,C00114,B011,2025-03-08 04:43:00,Card,ATM,420.3,GBP,L016,HK,Individual,Purchase,3,GB,0,Verified
T0003166,C00209,B010,2025-03-08 05:36:00,Card,ATM,715.03,GBP,L014,BR,Own Account,Transfer,3,IT,0,Verified
T0005844,C00101,B003,2025-03-08 08:18:00,Transfer,ATM,627.26,GBP,L005,IT,Own Account,Purchase,1,PL,0,Verified
T0005754,C00125,B010,2025-03-08 10:02:00,Card,ATM,1084.5,GBP,L005,IT,Individual,Invoice,1,US,0,Verified
T0005028,C00062,B001,2025-03-08 10:29:00,Cash Deposit,Mobile,544.8,GBP,L020,ZA,Business,Salary,3,ES,0,Verified
T0002214,C00243,B005,2025-03-08 13:19:00,Card,Mobile,3512.14,GBP,L006,NL,Own Account,Cash,1,CH,0,Verified
T0004747,C00096,B006,2025-03-08 14:51:00,Transfer,ATM,2261.61,GBP,L016,HK,Own Account,Invoice,3,IT,0,Verified
T0000180,C00038,B007,2025-03-08 17:24:00,Card,ATM,3701.46,GBP,L009,CA,Business,Cash,2,US,0,Verified
T0002767,C00262,B001,2025-03-08 18:44:00,Card,Mobile,541.06,GBP,L012,TR,Own Account,Invoice,4,BR,0,Verified
T0004915,C00022,B003,2025-03-08 19:58:00,Cash Withdrawal,Online,482.29,GBP,L020,ZA,Business,Payment,3,PL,0,Verified
T0004825,C00239,B006,2025-03-08 20:51:00,Transfer,ATM,1686.47,GBP,L019,IN,Business,Salary,3,NG,0,Verified
T0003690,C00299,B008,2025-03-08 21:07:00,Card,ATM,3248.26,GBP,L009,CA,Individual,Salary,2,AE,0,Verified
T0003789,C00004,B008,2025-03-08 22:40:00,Card,ATM,565.52,GBP,L004,ES,Business,Transfer,1,IT,0,Verified
T0001078,C00296,B012,2025-03-08 23:22:00,Card,Branch,575.99,GBP,L014,BR,Individual,Invoice,3,TR,0,Verified
T0001845,C00004,B008,2025-03-09 00:11:00,Transfer,Mobile,130.62,GBP,L009,CA,Individual,Purchase,2,IT,0,Verified
T0004011,C00033,B011,2025-03-09 02:21:00,Cash Withdrawal,Mobile,5268.25,GBP,L015,SG,Own Account,Cash,2,TR,0,Verified
T0004447,C00078,B007,2025-03-09 07:00:00,Card,Online,851.56,GBP,L016,HK,Business,Purchase,3,CA,0,Verified
T0004705,C00014,B003,2025-03-09 07:09:00,Transfer,Online,446.92,GBP,L009,CA,Individual,Payment,2,FR,0,Verified
T0004281,C00250,B002,2025-03-09 08:40:00,Transfer,ATM,407.65,GBP,L009,CA,Own Account,Cash,2,ES,0,Review Required
T0005174,C00160,B010,2025-03-09 09:09:00,Card,Branch,1081.76,GBP,L006,NL,Individual,Cash,1,US,0,Verified
T0003410,C00017,B012,2025-03-09 10:35:00,Transfer,Online,4853.29,GBP,L017,CH,Business,Cash,2,US,0,Verified
T0000569,C00267,B007,2025-03-09 11:37:00,Transfer,Branch,1268.48,GBP,L013,NG,Business,Purchase,5,HK,0,Verified
T0003722,C00253,B001,2025-03-09 15:20:00,Card,Online,527.17,GBP,L006,NL,Business,Salary,1,PL,0,Verified
T0004194,C00104,B007,2025-03-09 15:28:00,Transfer,Mobile,2610.68,GBP,L013,NG,Own Account,Salary,5,AE,0,Verified
T0005214,C00116,B001,2025-03-09 19:03:00,Transfer,Branch,828.77,GBP,L018,PL,Own Account,Purchase,2,AE,0,Verified
T0001928,C00158,B010,2025-03-10 01:34:00,Card,ATM,531.71,GBP,L010,AU,Individual,Salary,2,SG,0,Verified
T0002485,C00127,B005,2025-03-10 02:45:00,Card,ATM,1084.39,GBP,L016,HK,Own Account,Purchase,3,TR,0,Verified
T0000521,C00232,B010,2025-03-10 07:32:00,Card,ATM,302.77,GBP,L017,CH,Individual,Purchase,2,IT,0,Verified
T0003992,C00208,B002,2025-03-10 08:11:00,Transfer,Mobile,1315.79,GBP,L019,IN,Own Account,Cash,3,TR,0,Verified
T0000138,C00238,B011,2025-03-10 11:27:00,Card,Online,308.47,GBP,L018,PL,Business,Transfer,2,CH,0,Review Required
T0003109,C00071,B005,2025-03-10 12:41:00,Card,Branch,222.25,GBP,L004,ES,Individual,Purchase,1,US,1,Verified
T0000183,C00215,B012,2025-03-10 14:02:00,Cash Deposit,Online,341.6,GBP,L016,HK,Individual,Transfer,3,DE,0,Review Required
T0004914,C00036,B006,2025-03-10 15:17:00,Card,ATM,2223.94,GBP,L010,AU,Business,Invoice,2,FR,0,Verified
T0001008,C00104,B005,2025-03-10 20:57:00,International Transfer,Online,1296.05,GBP,L002,FR,Individual,Payment,1,AE,0,Verified
T0003616,C00076,B003,2025-03-10 21:17:00,Transfer,Online,1347.16,GBP,L008,US,Business,Payment,2,SG,0,Verified
T0003440,C00154,B007,2025-03-10 21:50:00,Transfer,Mobile,1169.08,GBP,L018,PL,Individual,Transfer,2,ZA,0,Verified
T0000235,C00047,B005,2025-03-10 22:12:00,Cash Deposit,ATM,302.17,GBP,L005,IT,Individual,Payment,1,NG,0,Verified
T0004280,C00153,B003,2025-03-10 23:29:00,Card,Mobile,493.71,GBP,L018,PL,Own Account,Cash,2,SG,0,Verified
T0001566,C00266,B002,2025-03-10 23:56:00,International Transfer,Online,1994.08,GBP,L009,CA,Individual,Purchase,2,IT,0,Verified
T0002385,C00195,B012,2025-03-11 00:26:00,Transfer,Branch,1584.65,GBP,L019,IN,Individual,Cash,3,BR,0,Verified
T0004634,C00138,B008,2025-03-11 05:35:00,Cash Deposit,Mobile,1324.62,GBP,L009,CA,Individual,Invoice,2,DE,0,Verified
T0005434,C00171,B004,2025-03-11 05:52:00,Card,Branch,6723.54,GBP,L008,US,Own Account,Purchase,2,DE,0,Review Required
T0004120,C00273,B010,2025-03-11 05:52:00,Transfer,ATM,368.98,GBP,L005,IT,Individual,Transfer,1,ES,0,Verified
T0003563,C00224,B003,2025-03-11 06:09:00,Transfer,Branch,1123.09,GBP,L004,ES,Own Account,Payment,1,HK,0,Verified
T0003454,C00189,B009,2025-03-11 07:33:00,Cash Withdrawal,ATM,2014.79,GBP,L019,IN,Business,Salary,3,IN,0,Verified
T0005707,C00215,B006,2025-03-11 08:10:00,Cash Deposit,Mobile,439.68,GBP,L017,CH,Own Account,Cash,2,DE,0,Review Required
T0005516,C00034,B007,2025-03-11 08:23:00,Card,ATM,592.52,GBP,L012,TR,Own Account,Invoice,4,US,0,Verified
T0000433,C00222,B005,2025-03-11 08:47:00,Card,Mobile,1208.37,GBP,L007,IE,Business,Payment,1,US,0,Verified
T0001324,C00083,B007,2025-03-11 08:51:00,Cash Deposit,ATM,2363.58,GBP,L018,PL,Individual,Purchase,2,BR,0,Verified
T0000503,C00176,B006,2025-03-11 12:43:00,Card,ATM,1743.2,GBP,L007,IE,Individual,Transfer,1,ZA,0,Verified
T0003277,C00229,B006,2025-03-11 17:07:00,Card,Online,1564.29,GBP,L001,GB,Business,Transfer,1,IT,0,Verified
T0005898,C00285,B011,2025-03-11 18:25:00,Transfer,Online,432.88,GBP,L009,CA,Own Account,Cash,2,IN,0,Verified
T0003900,C00047,B012,2025-03-11 23:05:00,International Transfer,Branch,816.23,GBP,L007,IE,Individual,Purchase,1,NG,0,Verified
T0004401,C00005,B009,2025-03-12 01:29:00,Card,Online,1233.08,GBP,L007,IE,Business,Payment,1,ES,0,Verified
T0002006,C00230,B012,2025-03-12 02:03:00,Card,Online,895.79,GBP,L007,IE,Business,Invoice,1,PL,0,Verified
T0005597,C00138,B006,2025-03-12 03:00:00,Cash Withdrawal,Online,6435.85,GBP,L010,AU,Business,Payment,2,DE,0,Verified
T0005500,C00092,B008,2025-03-12 04:07:00,Cash Deposit,Online,405.69,GBP,L007,IE,Own Account,Cash,1,ZA,0,Verified
T0000063,C00136,B012,2025-03-12 07:05:00,Transfer,ATM,1078.54,GBP,L006,NL,Individual,Invoice,1,IE,0,Verified
T0002722,C00104,B005,2025-03-12 08:09:00,Transfer,Online,787.93,GBP,L008,US,Business,Transfer,2,AE,0,Verified
T0002986,C00146,B004,2025-03-12 08:20:00,Card,ATM,483.62,GBP,L014,BR,Own Account,Invoice,3,FR,0,Verified
T0003540,C00149,B012,2025-03-12 09:17:00,International Transfer,ATM,1787.9,GBP,L014,BR,Own Account,Cash,3,DE,0,Verified
T0003546,C00219,B007,2025-03-12 10:56:00,Card,Branch,582.34,GBP,L002,FR,Business,Payment,1,PL,0,Verified
T0004096,C00269,B011,2025-03-12 12:14:00,Transfer,Branch,989.75,GBP,L020,ZA,Business,Cash,3,FR,1,Verified
T0005627,C00276,B001,2025-03-12 12:28:00,Transfer,Online,993.27,GBP,L013,NG,Individual,Invoice,5,TR,0,Verified
T0000118,C00197,B004,2025-03-12 12:30:00,Transfer,Mobile,4336.01,GBP,L005,IT,Business,Invoice,1,AU,0,Verified
T0003265,C00044,B005,2025-03-12 14:12:00,International Transfer,Mobile,2507.22,GBP,L012,TR,Individual,Cash,4,PL,0,Review Required
T0003578,C00247,B002,2025-03-12 16:05:00,Card,ATM,99.17,GBP,L017,CH,Individual,Cash,2,IT,0,Verified
T0000653,C00283,B005,2025-03-12 16:17:00,Card,ATM,858.23,GBP,L003,DE,Business,Purchase,1,AU,0,Verified
T0004934,C00182,B001,2025-03-12 18:03:00,Card,Branch,4996.03,GBP,L001,GB,Own Account,Salary,1,BR,0,Verified
T0003392,C00211,B003,2025-03-12 20:22:00,Transfer,Branch,1835.77,GBP,L019,IN,Individual,Payment,3,AE,1,Verified
T0000681,C00280,B012,2025-03-12 21:45:00,International Transfer,Branch,241.33,GBP,L011,AE,Own Account,Cash,4,AE,0,Verified
T0001267,C00060,B003,2025-03-13 00:38:00,Card,Online,241.26,GBP,L011,AE,Business,Cash,4,SG,0,Review Required
T0000650,C00159,B007,2025-03-13 01:47:00,Card,Mobile,484.55,GBP,L001,GB,Individual,Cash,1,IN,0,Verified
T0000774,C00031,B010,2025-03-13 03:30:00,Transfer,Branch,1538.25,GBP,L007,IE,Business,Payment,1,NL,0,Review Required
T0002258,C00244,B006,2025-03-13 03:48:00,Card,ATM,586.22,GBP,L018,PL,Individual,Invoice,2,PL,0,Verified
T0004595,C00081,B008,2025-03-13 05:11:00,International Transfer,Online,768.81,GBP,L018,PL,Own Account,Cash,2,BR,0,Verified
T0000174,C00280,B001,2025-03-13 05:17:00,Cash Withdrawal,Online,1762.77,GBP,L003,DE,Own Account,Transfer,1,AE,0,Verified
T0003236,C00166,B008,2025-03-13 08:05:00,International Transfer,Online,499.41,GBP,L013,NG,Own Account,Purchase,5,CA,0,Verified
T0000104,C00143,B008,2025-03-13 08:27:00,Transfer,ATM,321.3,GBP,L010,AU,Business,Cash,2,HK,0,Verified
T0004393,C00162,B008,2025-03-13 08:39:00,Card,Online,757.35,GBP,L019,IN,Own Account,Transfer,3,SG,0,Verified
T0003650,C00199,B007,2025-03-13 10:24:00,Card,Online,892.74,GBP,L016,HK,Business,Invoice,3,ZA,0,Verified
T0005580,C00118,B009,2025-03-13 15:50:00,Card,ATM,419.9,GBP,L004,ES,Business,Payment,1,PL,0,Verified
T0004741,C00227,B010,2025-03-13 16:36:00,International Transfer,Branch,2010.47,GBP,L004,ES,Business,Invoice,1,IE,0,Verified
T0004091,C00292,B008,2025-03-13 19:12:00,Card,ATM,586.24,GBP,L014,BR,Own Account,Invoice,3,ZA,0,Verified
T0003183,C00167,B007,2025-03-13 19:23:00,Card,Mobile,488.2,GBP,L011,AE,Individual,Invoice,4,SG,0,Verified
T0004143,C00089,B001,2025-03-14 00:10:00,Card,Branch,834.91,GBP,L019,IN,Own Account,Purchase,3,BR,0,Verified
T0005096,C00197,B003,2025-03-14 02:07:00,Card,Online,12298.61,GBP,L005,IT,Own Account,Purchase,1,AU,0,Verified
T0000199,C00241,B002,2025-03-14 03:33:00,Card,ATM,1363.37,GBP,L006,NL,Individual,Cash,1,DE,0,Verified
T0000707,C00235,B008,2025-03-14 04:34:00,Transfer,Online,531.56,GBP,L013,NG,Own Account,Purchase,5,IT,0,Verified
T0000042,C00267,B004,2025-03-14 04:48:00,Card,Mobile,502.43,GBP,L017,CH,Business,Transfer,2,HK,0,Verified
T0001810,C00041,B007,2025-03-14 04:50:00,Card,Online,2107.06,GBP,L013,NG,Business,Cash,5,AE,0,Verified
T0000524,C00064,B009,2025-03-14 05:19:00,Card,Mobile,13082.67,GBP,L017,CH,Own Account,Invoice,2,IE,0,Verified
T0001943,C00215,B008,2025-03-14 10:03:00,Transfer,ATM,753.75,GBP,L012,TR,Own Account,Payment,4,DE,0,Review Required
T0004972,C00085,B006,2025-03-14 10:24:00,Card,Mobile,917.32,GBP,L005,IT,Individual,Purchase,1,ES,0,Verified
T0003961,C00249,B003,2025-03-14 13:19:00,Cash Deposit,Branch,89.74,GBP,L006,NL,Individual,Transfer,1,PL,1,Verified
T0003292,C00169,B001,2025-03-14 17:13:00,Transfer,ATM,4727.89,GBP,L005,IT,Business,Invoice,1,AE,0,Verified
T0002340,C00102,B005,2025-03-14 17:56:00,Card,ATM,200.25,GBP,L003,DE,Individual,Purchase,1,US,0,Verified
T0002866,C00243,B005,2025-03-14 18:53:00,International Transfer,Branch,1851.79,GBP,L018,PL,Own Account,Payment,2,CH,0,Verified
T0001731,C00220,B010,2025-03-14 18:57:00,Card,Branch,296.36,GBP,L017,CH,Individual,Purchase,2,SG,0,Verified
T0003635,C00269,B003,2025-03-14 20:24:00,Cash Deposit,Online,2057.93,GBP,L018,PL,Own Account,Payment,2,FR,1,Verified
T0002941,C00017,B005,2025-03-14 20:36:00,Card,Online,404.93,GBP,L020,ZA,Individual,Cash,3,US,0,Verified
T0001344,C00094,B010,2025-03-14 21:11:00,Card,Branch,1449.58,GBP,L004,ES,Business,Salary,1,ZA,0,Verified
T0003701,C00092,B001,2025-03-14 22:24:00,Transfer,ATM,2056.42,GBP,L001,GB,Individual,Transfer,1,ZA,0,Verified
T0003580,C00298,B005,2025-03-14 22:40:00,Card,Branch,712.86,GBP,L006,NL,Own Account,Salary,1,ES,0,Verified
T0003522,C00133,B009,2025-03-14 23:04:00,Transfer,Online,1289.35,GBP,L012,TR,Business,Payment,4,NG,0,Verified
T0000805,C00035,B011,2025-03-15 01:27:00,Card,Branch,2331.77,GBP,L001,GB,Individual,Purchase,1,IN,0,Verified
T0002140,C00011,B006,2025-03-15 01:28:00,Card,Online,1024.31,GBP,L005,IT,Business,Payment,1,IE,0,Verified
T0004502,C00064,B004,2025-03-15 02:54:00,Card,ATM,1129.52,GBP,L002,FR,Business,Cash,1,IE,0,Verified
T0001075,C00161,B008,2025-03-15 03:04:00,Cash Withdrawal,Branch,237.14,GBP,L010,AU,Individual,Salary,2,NL,0,Verified
T0004015,C00085,B006,2025-03-15 06:03:00,Card,Branch,461.88,GBP,L005,IT,Business,Purchase,1,ES,0,Verified
T0002873,C00153,B002,2025-03-15 08:24:00,Transfer,Branch,14156.81,GBP,L011,AE,Individual,Cash,4,SG,0,Verified
T0005800,C00021,B006,2025-03-15 08:38:00,Cash Deposit,ATM,246.31,GBP,L009,CA,Individual,Purchase,2,NG,0,Verified
T0000627,C00056,B011,2025-03-15 09:06:00,Card,Mobile,713.46,GBP,L004,ES,Business,Transfer,1,IT,0,Verified
T0004190,C00142,B003,2025-03-15 09:21:00,Transfer,ATM,1148.01,GBP,L016,HK,Business,Salary,3,PL,0,Verified
T0002188,C00153,B005,2025-03-15 10:21:00,Transfer,Mobile,902.55,GBP,L017,CH,Individual,Payment,2,SG,0,Verified
T0000341,C00171,B012,2025-03-15 11:48:00,International Transfer,Online,1600.9,GBP,L009,CA,Own Account,Payment,2,DE,0,Review Required
T0000276,C00019,B008,2025-03-15 13:26:00,Card,ATM,715.57,GBP,L007,IE,Individual,Salary,1,IT,1,Verified
T0003880,C00098,B001,2025-03-15 15:04:00,Transfer,ATM,592.38,GBP,L004,ES,Business,Invoice,1,US,0,Verified
T0001475,C00217,B002,2025-03-15 15:44:00,Card,Mobile,4013.75,GBP,L005,IT,Own Account,Invoice,1,ES,0,Verified
T0005833,C00038,B010,2025-03-15 17:06:00,Transfer,Mobile,1653.2,GBP,L017,CH,Own Account,Payment,2,US,0,Verified
T0000402,C00182,B001,2025-03-15 18:31:00,Transfer,Online,1003.86,GBP,L005,IT,Business,Payment,1,BR,0,Verified
T0004142,C00032,B004,2025-03-15 18:37:00,Card,ATM,991.1,GBP,L008,US,Own Account,Salary,2,PL,0,Verified
T0003550,C00169,B003,2025-03-15 19:14:00,Card,Online,2903.9,GBP,L012,TR,Business,Salary,4,AE,0,Verified
T0004283,C00249,B009,2025-03-15 20:01:00,International Transfer,Branch,1212.22,GBP,L003,DE,Business,Transfer,1,PL,1,Verified
T0001345,C00100,B008,2025-03-15 21:24:00,Cash Withdrawal,Online,330.57,GBP,L013,NG,Business,Transfer,5,SG,0,Verified
T0005384,C00033,B004,2025-03-15 23:11:00,Card,Online,983.38,GBP,L003,DE,Individual,Payment,1,TR,0,Verified
T0006117,C00134,B009,2025-03-15 23:25:00,Transfer,Online,2026.77,GBP,L012,TR,Individual,Transfer,4,IE,0,Verified
T0006118,C00134,B009,2025-03-15 23:32:00,Transfer,Online,3884.02,GBP,L012,TR,Individual,Transfer,4,IE,0,Verified
T0006119,C00134,B009,2025-03-15 23:39:00,Transfer,Online,4719.93,GBP,L001,GB,Individual,Transfer,1,IE,0,Verified
T0002802,C00166,B002,2025-03-15 23:42:00,Card,Mobile,147.54,GBP,L005,IT,Own Account,Cash,1,CA,0,Verified
T0005529,C00248,B007,2025-03-15 23:43:00,International Transfer,Online,1295.81,GBP,L004,ES,Business,Invoice,1,DE,0,Verified
T0004743,C00060,B010,2025-03-15 23:44:00,Card,Branch,317.15,GBP,L004,ES,Own Account,Cash,1,SG,0,Review Required
T0006120,C00134,B009,2025-03-15 23:46:00,Transfer,Online,3431.83,GBP,L001,GB,Individual,Transfer,1,IE,0,Verified
T0006121,C00134,B009,2025-03-15 23:53:00,Transfer,Online,2652.8,GBP,L003,DE,Individual,Transfer,1,IE,0,Verified
T0006122,C00134,B009,2025-03-16 00:00:00,Transfer,Online,3257.26,GBP,L003,DE,Individual,Transfer,1,IE,0,Verified
T0006123,C00134,B009,2025-03-16 00:07:00,Transfer,Online,2406.6,GBP,L012,TR,Individual,Transfer,4,IE,0,Verified
T0006124,C00134,B009,2025-03-16 00:14:00,Transfer,Online,2946.86,GBP,L018,PL,Individual,Transfer,2,IE,0,Verified
T0006125,C00134,B009,2025-03-16 00:21:00,Transfer,Online,3822.73,GBP,L001,GB,Individual,Transfer,1,IE,0,Verified
T0006126,C00134,B009,2025-03-16 00:28:00,Transfer,Online,2523.64,GBP,L013,NG,Individual,Transfer,5,IE,0,Verified
T0006127,C00134,B009,2025-03-16 00:35:00,Transfer,Online,3805.15,GBP,L019,IN,Individual,Transfer,3,IE,0,Verified
T0006128,C00134,B009,2025-03-16 00:42:00,Transfer,Online,4421.52,GBP,L018,PL,Individual,Transfer,2,IE,0,Verified
T0006129,C00134,B009,2025-03-16 00:49:00,Transfer,Online,2978.55,GBP,L012,TR,Individual,Transfer,4,IE,0,Verified
T0006130,C00134,B009,2025-03-16 00:56:00,Transfer,Online,5646.1,GBP,L006,NL,Individual,Transfer,1,IE,0,Verified
T0006131,C00134,B009,2025-03-16 01:03:00,Transfer,Online,5787.4,GBP,L002,FR,Individual,Transfer,1,IE,0,Verified
T0005504,C00265,B005,2025-03-16 01:22:00,Card,Branch,868.68,GBP,L018,PL,Business,Purchase,2,ZA,0,Verified
T0002590,C00249,B004,2025-03-16 02:00:00,Transfer,ATM,5766.19,GBP,L003,DE,Individual,Salary,1,PL,1,Verified
T0003886,C00134,B003,2025-03-16 02:45:00,Card,Online,1814.22,GBP,L002,FR,Business,Purchase,1,IE,0,Verified
T0004690,C00183,B008,2025-03-16 05:49:00,Transfer,Mobile,8493.26,GBP,L017,CH,Business,Invoice,2,AU,0,Review Required
T0003081,C00002,B003,2025-03-16 06:21:00,Card,Online,162.47,GBP,L005,IT,Business,Payment,1,PL,0,Verified
T0000935,C00154,B001,2025-03-16 06:35:00,Cash Withdrawal,Branch,327.98,GBP,L002,FR,Individual,Salary,1,ZA,0,Verified
T0000493,C00226,B006,2025-03-16 06:54:00,Transfer,ATM,244.89,GBP,L018,PL,Own Account,Invoice,2,TR,0,Verified
T0004647,C00106,B009,2025-03-16 07:02:00,Card,Online,2469.26,GBP,L016,HK,Business,Transfer,3,BR,0,Verified
T0004405,C00191,B012,2025-03-16 08:35:00,Transfer,Online,357.28,GBP,L001,GB,Individual,Cash,1,IT,1,Verified
T0002690,C00251,B005,2025-03-16 09:14:00,Card,Online,723.64,GBP,L019,IN,Business,Transfer,3,ZA,0,Verified
T0004421,C00168,B005,2025-03-16 09:23:00,Transfer,Online,260.32,GBP,L003,DE,Own Account,Cash,1,HK,0,Verified
T0004416,C00241,B007,2025-03-16 10:03:00,Card,Mobile,245.11,GBP,L018,PL,Business,Payment,2,DE,0,Verified
T0002938,C00068,B003,2025-03-16 10:39:00,Card,ATM,1873.61,GBP,L018,PL,Business,Purchase,2,PL,0,Verified
T0001520,C00141,B009,2025-03-16 14:00:00,Card,Online,2831.4,GBP,L007,IE,Business,Cash,1,US,0,Verified
T0003228,C00255,B012,2025-03-16 15:25:00,Cash Deposit,Branch,523.78,GBP,L014,BR,Business,Payment,3,PL,0,Verified
T0004812,C00265,B003,2025-03-16 15:38:00,Transfer,ATM,806.2,GBP,L001,GB,Business,Transfer,1,ZA,0,Verified
T0004370,C00288,B003,2025-03-16 16:08:00,Card,Mobile,2421.54,GBP,L017,CH,Own Account,Purchase,2,FR,0,Verified
T0000553,C00002,B008,2025-03-16 16:20:00,Transfer,Branch,2648.39,GBP,L009,CA,Own Account,Cash,2,PL,0,Verified
T0005257,C00188,B008,2025-03-16 20:28:00,Card,Mobile,660.61,GBP,L001,GB,Business,Purchase,1,IT,0,Verified
T0000109,C00279,B008,2025-03-16 23:13:00,Transfer,Mobile,699.23,GBP,L009,CA,Own Account,Payment,2,IN,0,Verified
T0005475,C00164,B007,2025-03-16 23:52:00,International Transfer,Branch,6637.81,GBP,L003,DE,Individual,Purchase,1,BR,0,Verified
T0003259,C00266,B002,2025-03-17 00:12:00,Card,Mobile,2757.74,GBP,L010,AU,Own Account,Invoice,2,IT,0,Verified
T0004429,C00011,B009,2025-03-17 00:29:00,Transfer,Mobile,616.28,GBP,L004,ES,Individual,Transfer,1,IE,0,Verified
T0003968,C00087,B011,2025-03-17 01:48:00,International Transfer,Online,588.83,GBP,L019,IN,Own Account,Purchase,3,BR,0,Verified
T0001648,C00253,B006,2025-03-17 04:01:00,Transfer,Branch,454.75,GBP,L011,AE,Business,Payment,4,PL,0,Verified
T0004419,C00136,B003,2025-03-17 04:24:00,Card,Mobile,3901.39,GBP,L004,ES,Individual,Invoice,1,IE,0,Verified
T0004958,C00001,B011,2025-03-17 04:54:00,Transfer,ATM,482.58,GBP,L012,TR,Individual,Invoice,4,IE,0,Verified
T0001850,C00236,B001,2025-03-17 05:42:00,Card,ATM,1666.93,GBP,L003,DE,Individual,Purchase,1,HK,0,Verified
T0005480,C00121,B012,2025-03-17 08:38:00,Card,Online,590.0,GBP,L002,FR,Own Account,Transfer,1,IN,0,Verified
T0005418,C00299,B002,2025-03-17 09:45:00,Transfer,Online,781.87,GBP,L005,IT,Individual,Purchase,1,AE,0,Verified
T0005364,C00115,B007,2025-03-17 10:10:00,Transfer,Mobile,392.86,GBP,L002,FR,Individual,Invoice,1,NL,0,Verified
T0000705,C00193,B009,2025-03-17 10:19:00,International Transfer,Online,9507.95,GBP,L019,IN,Own Account,Cash,3,AE,0,Verified
T0005772,C00014,B006,2025-03-17 10:21:00,Cash Deposit,ATM,660.64,GBP,L012,TR,Own Account,Invoice,4,FR,0,Verified
T0002226,C00159,B012,2025-03-17 11:37:00,International Transfer,Online,2052.74,GBP,L001,GB,Business,Salary,1,IN,0,Verified
T0000006,C00010,B010,2025-03-17 11:41:00,Cash Deposit,ATM,442.27,GBP,L001,GB,Individual,Salary,1,SG,0,Verified
T0000978,C00036,B007,2025-03-17 11:48:00,International Transfer,Mobile,601.47,GBP,L020,ZA,Business,Transfer,3,FR,0,Verified
T0002589,C00217,B006,2025-03-17 12:47:00,Cash Withdrawal,Mobile,511.56,GBP,L009,CA,Individual,Payment,2,ES,0,Verified
T0003048,C00097,B011,2025-03-17 14:42:00,Transfer,ATM,565.88,GBP,L003,DE,Individual,Purchase,1,US,0,Verified
T0004141,C00098,B009,2025-03-17 16:04:00,International Transfer,ATM,619.78,GBP,L003,DE,Individual,Invoice,1,US,0,Verified
T0006009,C00012,B004,2025-03-17 17:56:00,International Transfer,Online,39742.18,GBP,L011,AE,Business,International Transfer,4,PL,0,Verified
T0005547,C00074,B006,2025-03-17 17:58:00,Cash Withdrawal,Mobile,1342.33,GBP,L017,CH,Own Account,Payment,2,AE,0,Verified
T0000017,C00112,B007,2025-03-17 19:36:00,Card,ATM,775.08,GBP,L020,ZA,Own Account,Salary,3,NG,0,Review Required
T0006010,C00012,B004,2025-03-17 19:56:00,International Transfer,Online,23493.02,GBP,L012,TR,Business,International Transfer,4,PL,0,Verified
T0001412,C00269,B004,2025-03-17 21:50:00,International Transfer,Online,2166.12,GBP,L012,TR,Individual,Invoice,4,FR,1,Verified
T0006011,C00012,B004,2025-03-17 21:56:00,International Transfer,Online,31755.4,GBP,L013,NG,Business,International Transfer,5,PL,0,Verified
T0005974,C00044,B006,2025-03-17 23:07:00,Transfer,ATM,111.9,GBP,L002,FR,Business,Transfer,1,PL,0,Review Required
T0006012,C00012,B004,2025-03-17 23:56:00,International Transfer,Online,29957.08,GBP,L011,AE,Business,International Transfer,4,PL,0,Verified
T0002331,C00027,B005,2025-03-18 01:36:00,Card,Mobile,794.17,GBP,L001,GB,Individual,Purchase,1,CH,0,Verified
T0006013,C00012,B004,2025-03-18 01:56:00,International Transfer,Online,21782.74,GBP,L011,AE,Business,International Transfer,4,PL,0,Verified
T0001040,C00212,B010,2025-03-18 02:14:00,Transfer,Branch,286.8,GBP,L004,ES,Business,Salary,1,PL,0,Verified
T0005003,C00148,B010,2025-03-18 02:25:00,Card,Mobile,567.41,GBP,L004,ES,Individual,Purchase,1,NL,0,Verified
T0005576,C00241,B002,2025-03-18 03:37:00,Cash Deposit,Mobile,1601.59,GBP,L006,NL,Business,Transfer,1,DE,0,Verified
T0000576,C00224,B001,2025-03-18 04:09:00,Transfer,Branch,3118.21,GBP,L010,AU,Individual,Cash,2,HK,0,Verified
T0004107,C00146,B006,2025-03-18 08:32:00,Transfer,Online,248.48,GBP,L008,US,Business,Purchase,2,FR,0,Verified
T0002724,C00139,B002,2025-03-18 09:36:00,Cash Deposit,Online,577.54,GBP,L003,DE,Business,Invoice,1,IN,0,Verified
T0003509,C00181,B007,2025-03-18 11:16:00,International Transfer,Branch,1355.58,GBP,L012,TR,Individual,Purchase,4,ZA,0,Verified
T0002060,C00230,B005,2025-03-18 13:54:00,Transfer,Mobile,249.18,GBP,L015,SG,Business,Transfer,2,PL,0,Verified
T0005209,C00074,B009,2025-03-18 13:54:00,Cash Withdrawal,Online,1118.05,GBP,L011,AE,Individual,Payment,4,AE,0,Verified
T0002714,C00078,B005,2025-03-18 14:06:00,Transfer,Branch,1495.05,GBP,L013,NG,Individual,Purchase,5,CA,0,Verified
T0001732,C00108,B012,2025-03-18 14:24:00,Cash Deposit,Branch,1308.66,GBP,L006,NL,Own Account,Cash,1,IN,0,Verified
T0001013,C00027,B008,2025-03-18 15:33:00,Card,Online,237.21,GBP,L009,CA,Individual,Payment,2,CH,0,Verified
T0006102,C00001,B009,2025-03-18 16:06:00,Transfer,Online,3058.55,GBP,L017,CH,Individual,Transfer,2,IE,0,Verified
T0006103,C00001,B009,2025-03-18 16:13:00,Transfer,Online,4211.85,GBP,L001,GB,Individual,Transfer,1,IE,0,Verified
T0006104,C00001,B009,2025-03-18 16:20:00,Transfer,Online,4108.29,GBP,L006,NL,Individual,Transfer,1,IE,0,Verified
T0006105,C00001,B009,2025-03-18 16:27:00,Transfer,Online,1717.74,GBP,L007,IE,Individual,Transfer,1,IE,0,Verified
T0006106,C00001,B009,2025-03-18 16:34:00,Transfer,Online,4866.02,GBP,L010,AU,Individual,Transfer,2,IE,0,Verified
T0006107,C00001,B009,2025-03-18 16:41:00,Transfer,Online,1969.47,GBP,L008,US,Individual,Transfer,2,IE,0,Verified
T0006108,C00001,B009,2025-03-18 16:48:00,Transfer,Online,4934.9,GBP,L020,ZA,Individual,Transfer,3,IE,0,Verified
T0006109,C00001,B009,2025-03-18 16:55:00,Transfer,Online,4059.43,GBP,L015,SG,Individual,Transfer,2,IE,0,Verified
T0006110,C00001,B009,2025-03-18 17:02:00,Transfer,Online,5795.54,GBP,L017,CH,Individual,Transfer,2,IE,0,Verified
T0006111,C00001,B009,2025-03-18 17:09:00,Transfer,Online,1656.05,GBP,L018,PL,Individual,Transfer,2,IE,0,Verified
T0006112,C00001,B009,2025-03-18 17:16:00,Transfer,Online,2567.29,GBP,L014,BR,Individual,Transfer,3,IE,0,Verified
T0006113,C00001,B009,2025-03-18 17:23:00,Transfer,Online,3336.82,GBP,L014,BR,Individual,Transfer,3,IE,0,Verified
T0006114,C00001,B009,2025-03-18 17:30:00,Transfer,Online,4705.23,GBP,L015,SG,Individual,Transfer,2,IE,0,Verified
T0006115,C00001,B009,2025-03-18 17:37:00,Transfer,Online,5280.86,GBP,L013,NG,Individual,Transfer,5,IE,0,Verified
T0006116,C00001,B009,2025-03-18 17:44:00,Transfer,Online,4998.3,GBP,L002,FR,Individual,Transfer,1,IE,0,Verified
T0001142,C00154,B002,2025-03-18 18:34:00,Transfer,Online,272.71,GBP,L004,ES,Individual,Transfer,1,ZA,0,Verified
T0004661,C00046,B003,2025-03-18 22:13:00,Card,Mobile,360.96,GBP,L007,IE,Own Account,Payment,1,NG,1,Verified
T0000247,C00131,B010,2025-03-18 23:47:00,Cash Deposit,Online,1040.31,GBP,L004,ES,Business,Transfer,1,IN,0,Verified
T0002850,C00258,B004,2025-03-19 00:56:00,Transfer,Online,192.3,GBP,L005,IT,Business,Payment,1,GB,0,Verified
T0001337,C00048,B001,2025-03-19 02:17:00,Card,Online,169.41,GBP,L010,AU,Individual,Purchase,2,PL,0,Verified
T0005458,C00198,B001,2025-03-19 03:07:00,Card,ATM,4815.28,GBP,L009,CA,Individual,Invoice,2,BR,0,Verified
T0000757,C00126,B002,2025-03-19 04:45:00,International Transfer,Branch,441.62,GBP,L001,GB,Business,Payment,1,IN,0,Verified
T0004979,C00016,B001,2025-03-19 04:51:00,Card,ATM,565.41,GBP,L013,NG,Own Account,Salary,5,NG,0,Verified
T0002189,C00081,B006,2025-03-19 04:54:00,Card,ATM,992.38,GBP,L019,IN,Individual,Invoice,3,BR,0,Verified
T0003102,C00182,B002,2025-03-19 05:41:00,Card,Mobile,10105.35,GBP,L011,AE,Business,Cash,4,BR,0,Verified
T0005278,C00194,B009,2025-03-19 05:52:00,Cash Withdrawal,Mobile,1552.88,GBP,L019,IN,Own Account,Cash,3,DE,0,Verified
T0004615,C00281,B005,2025-03-19 07:32:00,Card,Online,1908.09,GBP,L018,PL,Own Account,Transfer,2,AU,0,Verified
T0000930,C00213,B002,2025-03-19 07:35:00,Cash Deposit,Online,430.72,GBP,L016,HK,Own Account,Payment,3,CA,0,Review Required
T0001206,C00049,B007,2025-03-19 07:51:00,Transfer,Mobile,803.67,GBP,L014,BR,Business,Invoice,3,IE,0,Verified
T0005400,C00093,B001,2025-03-19 08:26:00,Transfer,Online,245.45,GBP,L001,GB,Own Account,Invoice,1,IE,0,Review Required
T0000025,C00192,B010,2025-03-19 08:43:00,Card,Branch,975.37,GBP,L017,CH,Own Account,Salary,2,NG,0,Verified
T0001181,C00161,B012,2025-03-19 08:58:00,Transfer,Mobile,1614.51,GBP,L011,AE,Business,Salary,4,NL,0,Verified
T0003644,C00300,B006,2025-03-19 09:33:00,International Transfer,Mobile,287.28,GBP,L008,US,Business,Invoice,2,IT,0,Verified
T0005696,C00290,B008,2025-03-19 10:32:00,Cash Deposit,Branch,1234.98,GBP,L004,ES,Individual,Invoice,1,AE,0,Verified
T0002934,C00011,B011,2025-03-19 10:55:00,Card,Mobile,2239.19,GBP,L001,GB,Own Account,Invoice,1,IE,0,Verified
T0002240,C00176,B004,2025-03-19 14:04:00,Cash Withdrawal,Mobile,377.47,GBP,L007,IE,Business,Transfer,1,ZA,0,Verified
T0002039,C00190,B009,2025-03-19 17:18:00,Card,Mobile,9793.09,GBP,L016,HK,Business,Payment,3,SG,0,Verified
T0000231,C00222,B011,2025-03-19 18:32:00,Cash Deposit,Mobile,876.67,GBP,L017,CH,Individual,Salary,2,US,0,Verified
T0002726,C00204,B012,2025-03-19 19:59:00,Card,Mobile,2102.72,GBP,L012,TR,Business,Transfer,4,NG,0,Verified
T0003001,C00113,B005,2025-03-20 02:16:00,Transfer,Online,117.65,GBP,L010,AU,Business,Transfer,2,PL,0,Verified
T0000148,C00289,B007,2025-03-20 05:29:00,Card,Mobile,746.38,GBP,L019,IN,Business,Purchase,3,ZA,0,Verified
T0000126,C00291,B005,2025-03-20 07:21:00,Transfer,ATM,531.51,GBP,L018,PL,Own Account,Cash,2,ES,0,Verified
T0003604,C00146,B012,2025-03-20 08:28:00,Cash Withdrawal,Online,1200.78,GBP,L015,SG,Business,Transfer,2,FR,0,Verified
T0004309,C00007,B011,2025-03-20 08:39:00,Card,Branch,3011.57,GBP,L019,IN,Own Account,Cash,3,NG,0,Verified
T0004291,C00268,B006,2025-03-20 11:03:00,Transfer,Online,2600.93,GBP,L018,PL,Own Account,Purchase,2,US,0,Verified
T0004029,C00018,B008,2025-03-20 11:13:00,Cash Deposit,Mobile,1394.02,GBP,L004,ES,Own Account,Payment,1,BR,0,Verified
T0001216,C00064,B002,2025-03-20 11:38:00,Transfer,ATM,329.17,GBP,L020,ZA,Business,Transfer,3,IE,0,Verified
T0003614,C00145,B010,2025-03-20 13:28:00,Transfer,ATM,1052.59,GBP,L016,HK,Individual,Payment,3,AU,0,Verified
T0000352,C00157,B009,2025-03-20 13:32:00,Transfer,Branch,4581.02,GBP,L002,FR,Individual,Salary,1,HK,0,Verified
T0001744,C00187,B010,2025-03-20 17:55:00,Card,Branch,1921.06,GBP,L013,NG,Business,Cash,5,BR,0,Verified
T0003979,C00143,B006,2025-03-20 18:11:00,Card,ATM,1234.1,GBP,L006,NL,Individual,Payment,1,HK,0,Verified
T0002556,C00285,B011,2025-03-20 19:59:00,Cash Deposit,Branch,1825.68,GBP,L020,ZA,Business,Transfer,3,IN,0,Verified
T0000451,C00030,B007,2025-03-20 22:31:00,Card,Branch,8437.09,GBP,L015,SG,Individual,Salary,2,PL,0,Verified
T0003288,C00063,B005,2025-03-20 23:08:00,Card,Online,606.22,GBP,L011,AE,Business,Purchase,4,ES,0,Verified
T0002317,C00056,B009,2025-03-20 23:35:00,Card,ATM,827.42,GBP,L009,CA,Business,Transfer,2,IT,0,Verified
T0004067,C00149,B008,2025-03-21 00:04:00,Card,Online,1612.84,GBP,L008,US,Individual,Cash,2,DE,0,Verified
T0005731,C00009,B006,2025-03-21 02:44:00,Cash Deposit,Branch,421.29,GBP,L009,CA,Individual,Salary,2,AU,0,Verified
T0002903,C00067,B005,2025-03-21 04:38:00,Card,ATM,12682.28,GBP,L002,FR,Own Account,Salary,1,CA,0,Verified
T0002838,C00208,B009,2025-03-21 07:56:00,Card,Online,811.76,GBP,L013,NG,Business,Purchase,5,TR,0,Verified
T0004233,C00046,B002,2025-03-21 07:59:00,International Transfer,Mobile,883.42,GBP,L013,NG,Business,Salary,5,NG,1,Verified
T0004539,C00217,B006,2025-03-21 09:33:00,Card,ATM,3024.79,GBP,L014,BR,Own Account,Cash,3,ES,0,Verified
T0002591,C00081,B006,2025-03-21 13:07:00,Transfer,ATM,616.75,GBP,L004,ES,Own Account,Purchase,1,BR,0,Verified
T0002552,C00005,B002,2025-03-21 16:14:00,International Transfer,Branch,2076.38,GBP,L006,NL,Own Account,Purchase,1,ES,0,Verified
T0002343,C00233,B001,2025-03-21 16:36:00,Card,ATM,305.19,GBP,L015,SG,Business,Purchase,2,ES,0,Verified
T0003673,C00197,B007,2025-03-21 17:01:00,Cash Withdrawal,Mobile,1155.12,GBP,L013,NG,Business,Transfer,5,AU,0,Verified
T0002570,C00011,B002,2025-03-21 17:09:00,Transfer,ATM,126.13,GBP,L016,HK,Own Account,Payment,3,IE,0,Verified
T0003455,C00241,B006,2025-03-21 17:35:00,Card,ATM,1941.94,GBP,L013,NG,Business,Invoice,5,DE,0,Verified
T0002206,C00272,B012,2025-03-21 19:05:00,Card,Branch,461.07,GBP,L017,CH,Own Account,Payment,2,ZA,0,Verified
T0001384,C00007,B011,2025-03-21 20:29:00,Cash Deposit,Online,6252.92,GBP,L013,NG,Individual,Transfer,5,NG,0,Verified
T0000614,C00298,B004,2025-03-21 20:53:00,Transfer,ATM,754.62,GBP,L004,ES,Own Account,Salary,1,ES,0,Verified
T0005180,C00097,B004,2025-03-21 22:32:00,Card,Branch,1713.97,GBP,L002,FR,Individual,Payment,1,US,0,Verified
T0001924,C00294,B002,2025-03-21 23:15:00,Card,Mobile,230.59,GBP,L001,GB,Individual,Salary,1,DE,0,Verified
T0001183,C00108,B012,2025-03-21 23:21:00,Card,Online,322.44,GBP,L010,AU,Individual,Payment,2,IN,0,Verified
T0000086,C00093,B005,2025-03-22 00:05:00,Cash Withdrawal,Online,480.54,GBP,L009,CA,Individual,Invoice,2,IE,0,Review Required
T0004427,C00280,B007,2025-03-22 03:45:00,Transfer,Branch,705.25,GBP,L010,AU,Business,Cash,2,AE,0,Verified
T0001277,C00093,B008,2025-03-22 04:36:00,International Transfer,Online,2154.27,GBP,L020,ZA,Individual,Invoice,3,IE,0,Review Required
T0003301,C00121,B005,2025-03-22 04:45:00,Cash Deposit,Mobile,74.31,GBP,L010,AU,Own Account,Transfer,2,IN,0,Verified
T0003977,C00105,B004,2025-03-22 07:16:00,Transfer,ATM,644.94,GBP,L014,BR,Individual,Invoice,3,US,0,Verified
T0002391,C00248,B011,2025-03-22 08:10:00,Cash Deposit,Online,734.1,GBP,L002,FR,Business,Invoice,1,DE,0,Verified
T0003170,C00235,B001,2025-03-22 08:20:00,International Transfer,Online,448.79,GBP,L011,AE,Individual,Cash,4,IT,0,Verified
T0000266,C00285,B001,2025-03-22 08:34:00,Card,Branch,289.62,GBP,L010,AU,Business,Payment,2,IN,0,Verified
T0001964,C00071,B003,2025-03-22 10:39:00,Card,ATM,4077.35,GBP,L007,IE,Business,Salary,1,US,1,Verified
T0000974,C00009,B011,2025-03-22 11:35:00,Transfer,ATM,2671.06,GBP,L014,BR,Business,Purchase,3,AU,0,Verified
T0000092,C00137,B003,2025-03-22 14:11:00,Card,ATM,580.46,GBP,L013,NG,Individual,Purchase,5,US,0,Verified
T0002536,C00014,B005,2025-03-22 17:21:00,Transfer,Branch,1361.22,GBP,L018,PL,Own Account,Cash,2,FR,0,Verified
T0002023,C00031,B010,2025-03-22 17:23:00,Card,ATM,920.91,GBP,L015,SG,Individual,Cash,2,NL,0,Review Required
T0003932,C00191,B001,2025-03-22 17:25:00,Transfer,ATM,1480.26,GBP,L005,IT,Individual,Payment,1,IT,1,Verified
T0001288,C00283,B008,2025-03-22 20:13:00,Card,Online,770.2,GBP,L009,CA,Own Account,Purchase,2,AU,0,Verified
T0002464,C00122,B004,2025-03-22 20:28:00,International Transfer,Branch,1414.75,GBP,L013,NG,Business,Salary,5,NL,0,Review Required
T0004110,C00255,B008,2025-03-22 21:02:00,Transfer,ATM,1133.91,GBP,L017,CH,Own Account,Cash,2,PL,0,Verified
T0005964,C00036,B004,2025-03-22 21:23:00,Cash Deposit,Branch,442.1,GBP,L007,IE,Individual,Payment,1,FR,0,Verified
T0002523,C00195,B004,2025-03-22 22:53:00,Transfer,ATM,190.03,GBP,L016,HK,Business,Invoice,3,BR,0,Verified
T0003981,C00039,B007,2025-03-22 23:34:00,Transfer,Mobile,627.85,GBP,L005,IT,Business,Salary,1,BR,0,Verified
T0003256,C00129,B007,2025-03-23 03:56:00,Card,ATM,3505.76,GBP,L017,CH,Own Account,Payment,2,BR,0,Verified
T0002864,C00036,B008,2025-03-23 04:05:00,Transfer,ATM,96.85,GBP,L002,FR,Individual,Payment,1,FR,0,Verified
T0004978,C00241,B006,2025-03-23 04:14:00,Card,Mobile,3802.76,GBP,L012,TR,Own Account,Transfer,4,DE,0,Verified
T0000942,C00018,B006,2025-03-23 05:20:00,Transfer,Online,924.17,GBP,L016,HK,Individual,Transfer,3,BR,0,Verified
T0003394,C00260,B007,2025-03-23 07:47:00,Card,ATM,1215.47,GBP,L002,FR,Business,Transfer,1,IN,0,Verified
T0004797,C00199,B006,2025-03-23 08:24:00,Transfer,ATM,467.8,GBP,L005,IT,Own Account,Invoice,1,ZA,0,Verified
T0004188,C00112,B005,2025-03-23 09:44:00,Transfer,ATM,478.88,GBP,L006,NL,Business,Payment,1,NG,0,Review Required
T0001986,C00127,B006,2025-03-23 09:47:00,Card,Online,367.6,GBP,L011,AE,Business,Payment,4,TR,0,Verified
T0005316,C00018,B006,2025-03-23 10:13:00,Card,Mobile,4992.63,GBP,L012,TR,Business,Invoice,4,BR,0,Verified
T0005361,C00235,B009,2025-03-23 11:17:00,International Transfer,ATM,1278.54,GBP,L007,IE,Own Account,Salary,1,IT,0,Verified
T0005378,C00208,B006,2025-03-23 13:11:00,Cash Withdrawal,Mobile,1843.54,GBP,L015,SG,Business,Salary,2,TR,0,Verified
T0000339,C00054,B001,2025-03-23 14:39:00,Cash Withdrawal,Mobile,166.78,GBP,L018,PL,Own Account,Invoice,2,BR,0,Verified
T0005095,C00124,B002,2025-03-23 14:50:00,Transfer,ATM,1207.88,GBP,L007,IE,Business,Invoice,1,NG,0,Verified
T0000621,C00251,B009,2025-03-23 17:31:00,Card,ATM,248.92,GBP,L002,FR,Business,Salary,1,ZA,0,Verified
T0000311,C00108,B012,2025-03-23 17:45:00,Transfer,Branch,1133.12,GBP,L017,CH,Business,Cash,2,IN,0,Verified
T0005890,C00048,B003,2025-03-23 19:14:00,Card,Online,1514.14,GBP,L004,ES,Individual,Invoice,1,PL,0,Verified
T0003421,C00041,B011,2025-03-23 20:56:00,Card,Mobile,522.43,GBP,L012,TR,Individual,Salary,4,AE,0,Verified
T0000646,C00124,B008,2025-03-23 22:18:00,Transfer,ATM,346.17,GBP,L012,TR,Individual,Cash,4,NG,0,Verified
T0000876,C00259,B001,2025-03-23 22:19:00,Transfer,Online,1834.98,GBP,L010,AU,Business,Payment,2,SG,0,Verified
T0001587,C00032,B005,2025-03-23 22:53:00,Card,Online,1422.43,GBP,L004,ES,Individual,Transfer,1,PL,0,Verified
T0003806,C00071,B010,2025-03-24 00:46:00,Cash Withdrawal,Branch,1569.7,GBP,L001,GB,Own Account,Transfer,1,US,1,Verified
T0004666,C00213,B005,2025-03-24 01:17:00,International Transfer,Mobile,137.08,GBP,L006,NL,Individual,Transfer,1,CA,0,Review Required
T0000715,C00183,B010,2025-03-24 01:35:00,International Transfer,ATM,1847.98,GBP,L006,NL,Individual,Transfer,1,AU,0,Review Required
T0004810,C00203,B003,2025-03-24 02:33:00,Transfer,ATM,1278.93,GBP,L012,TR,Business,Purchase,4,BR,0,Verified
T0003003,C00092,B005,2025-03-24 02:36:00,Cash Withdrawal,Online,1095.8,GBP,L004,ES,Business,Transfer,1,ZA,0,Verified
T0001600,C00226,B003,2025-03-24 02:48:00,Cash Deposit,Mobile,12173.04,GBP,L002,FR,Own Account,Payment,1,TR,0,Verified
T0002392,C00157,B009,2025-03-24 07:38:00,International Transfer,Online,690.42,GBP,L012,TR,Own Account,Cash,4,HK,0,Verified
T0000519,C00152,B012,2025-03-24 10:28:00,International Transfer,ATM,171.9,GBP,L005,IT,Individual,Purchase,1,ZA,0,Verified
T0000178,C00034,B002,2025-03-24 11:08:00,Card,Branch,2417.53,GBP,L010,AU,Own Account,Cash,2,US,0,Verified
T0004734,C00232,B006,2025-03-24 12:47:00,Transfer,Mobile,757.89,GBP,L014,BR,Business,Cash,3,IT,0,Verified
T0003500,C00142,B010,2025-03-24 16:08:00,Transfer,Mobile,989.52,GBP,L013,NG,Individual,Invoice,5,PL,0,Verified
T0005274,C00230,B007,2025-03-24 20:22:00,Transfer,Branch,285.5,GBP,L001,GB,Individual,Transfer,1,PL,0,Verified
T0005107,C00214,B007,2025-03-24 22:46:00,Cash Deposit,Branch,942.96,GBP,L009,CA,Individual,Salary,2,AU,0,Verified
T0004474,C00102,B008,2025-03-25 01:17:00,Transfer,Online,472.56,GBP,L015,SG,Own Account,Cash,2,US,0,Verified
T0002732,C00030,B008,2025-03-25 01:57:00,Cash Withdrawal,Branch,210.18,GBP,L009,CA,Own Account,Salary,2,PL,0,Verified
T0005720,C00251,B012,2025-03-25 03:16:00,Card,Branch,1601.96,GBP,L019,IN,Individual,Salary,3,ZA,0,Verified
T0004382,C00227,B003,2025-03-25 04:09:00,Card,Branch,679.03,GBP,L011,AE,Own Account,Payment,4,IE,0,Verified
T0000187,C00221,B008,2025-03-25 04:59:00,International Transfer,ATM,730.7,GBP,L005,IT,Business,Transfer,1,FR,0,Verified
T0003724,C00267,B010,2025-03-25 06:55:00,Transfer,Branch,914.53,GBP,L007,IE,Own Account,Salary,1,HK,0,Verified
T0001373,C00151,B005,2025-03-25 11:45:00,Card,ATM,2784.17,GBP,L006,NL,Own Account,Payment,1,US,0,Verified
T0001573,C00261,B009,2025-03-25 11:54:00,Cash Withdrawal,Mobile,238.03,GBP,L008,US,Own Account,Purchase,2,ZA,0,Verified
T0003377,C00055,B003,2025-03-25 13:39:00,Transfer,Mobile,582.76,GBP,L020,ZA,Own Account,Payment,3,CA,0,Verified
T0001533,C00020,B004,2025-03-25 15:16:00,Cash Withdrawal,ATM,241.23,GBP,L008,US,Business,Payment,2,IT,0,Verified
T0004782,C00100,B012,2025-03-25 19:27:00,International Transfer,Online,1349.32,GBP,L020,ZA,Business,Invoice,3,SG,0,Verified
T0003350,C00077,B009,2025-03-25 21:43:00,Card,Branch,6006.96,GBP,L003,DE,Individual,Payment,1,IE,0,Review Required
T0002754,C00110,B005,2025-03-25 21:53:00,Card,ATM,188.0,GBP,L013,NG,Individual,Cash,5,PL,0,Verified
T0004047,C00222,B005,2025-03-25 23:52:00,Transfer,Online,1007.36,GBP,L016,HK,Individual,Payment,3,US,0,Verified
T0000708,C00046,B011,2025-03-26 02:48:00,Transfer,Branch,1073.11,GBP,L005,IT,Own Account,Invoice,1,NG,1,Verified
T0001071,C00273,B001,2025-03-26 04:20:00,Card,Online,428.61,GBP,L002,FR,Own Account,Transfer,1,ES,0,Verified
T0000309,C00087,B010,2025-03-26 04:44:00,Card,Online,1402.66,GBP,L004,ES,Individual,Purchase,1,BR,0,Verified
T0002511,C00119,B001,2025-03-26 04:55:00,Card,Online,364.28,GBP,L012,TR,Business,Payment,4,FR,0,Verified
T0005446,C00222,B001,2025-03-26 06:09:00,International Transfer,Branch,1614.16,GBP,L010,AU,Business,Salary,2,US,0,Verified
T0000866,C00069,B009,2025-03-26 06:17:00,Card,Branch,1089.39,GBP,L012,TR,Business,Transfer,4,TR,0,Verified
T0002113,C00237,B010,2025-03-26 06:17:00,Cash Deposit,Online,992.86,GBP,L003,DE,Individual,Cash,1,SG,0,Verified
T0001541,C00039,B002,2025-03-26 06:43:00,Card,Online,404.28,GBP,L020,ZA,Individual,Salary,3,BR,0,Verified
T0001598,C00287,B005,2025-03-26 06:49:00,Card,Branch,1909.83,GBP,L020,ZA,Business,Invoice,3,AE,0,Verified
T0004173,C00138,B002,2025-03-26 08:50:00,Card,ATM,551.57,GBP,L015,SG,Business,Cash,2,DE,0,Verified
T0005869,C00265,B008,2025-03-26 10:09:00,Cash Withdrawal,ATM,515.12,GBP,L013,NG,Business,Salary,5,ZA,0,Verified
T0002138,C00284,B003,2025-03-26 10:53:00,Card,Branch,3293.27,GBP,L002,FR,Own Account,Purchase,1,NG,0,Verified
T0002571,C00045,B006,2025-03-26 11:27:00,Card,Mobile,1375.24,GBP,L008,US,Individual,Payment,2,US,0,Verified
T0000743,C00215,B001,2025-03-26 13:44:00,Card,Mobile,422.81,GBP,L013,NG,Individual,Invoice,5,DE,0,Review Required
T0004253,C00253,B004,2025-03-26 17:19:00,Transfer,Online,179.61,GBP,L004,ES,Individual,Transfer,1,PL,0,Verified
T0003067,C00243,B010,2025-03-26 18:16:00,Card,ATM,649.43,GBP,L014,BR,Own Account,Transfer,3,CH,0,Verified
T0003393,C00069,B011,2025-03-26 20:42:00,International Transfer,ATM,301.76,GBP,L001,GB,Individual,Invoice,1,TR,0,Verified
T0004399,C00129,B007,2025-03-26 21:35:00,International Transfer,Online,3697.54,GBP,L007,IE,Business,Invoice,1,BR,0,Verified
T0003165,C00271,B010,2025-03-26 22:19:00,International Transfer,Mobile,2454.57,GBP,L018,PL,Individual,Purchase,2,NG,0,Verified
T0001122,C00189,B001,2025-03-26 22:38:00,Card,Online,1520.52,GBP,L011,AE,Business,Invoice,4,IN,0,Verified
T0004486,C00203,B003,2025-03-26 22:41:00,Transfer,Online,1185.04,GBP,L018,PL,Business,Purchase,2,BR,0,Verified
T0005694,C00294,B001,2025-03-27 00:09:00,Transfer,ATM,349.81,GBP,L011,AE,Own Account,Salary,4,DE,0,Verified
T0000877,C00093,B003,2025-03-27 02:05:00,Card,Mobile,662.56,GBP,L016,HK,Business,Cash,3,IE,0,Review Required
T0001281,C00083,B012,2025-03-27 02:40:00,Transfer,Mobile,1269.52,GBP,L020,ZA,Business,Payment,3,BR,0,Verified
T0002398,C00118,B011,2025-03-27 07:10:00,Transfer,Online,447.22,GBP,L020,ZA,Individual,Payment,3,PL,0,Verified
T0003995,C00241,B006,2025-03-27 09:39:00,Transfer,Branch,763.26,GBP,L008,US,Individual,Salary,2,DE,0,Verified
T0004391,C00271,B004,2025-03-27 09:42:00,Transfer,Online,1433.0,GBP,L016,HK,Individual,Invoice,3,NG,0,Verified
T0004461,C00094,B010,2025-03-27 10:32:00,Card,ATM,891.31,GBP,L013,NG,Own Account,Payment,5,ZA,0,Verified
T0004727,C00095,B009,2025-03-27 11:09:00,Card,Online,868.67,GBP,L016,HK,Individual,Transfer,3,IN,0,Verified
T0004348,C00180,B005,2025-03-27 13:38:00,Card,ATM,922.6,GBP,L020,ZA,Business,Transfer,3,HK,0,Verified
T0003842,C00142,B009,2025-03-27 15:13:00,Card,Branch,3098.77,GBP,L007,IE,Business,Salary,1,PL,0,Verified
T0004712,C00110,B005,2025-03-27 15:40:00,International Transfer,Mobile,403.38,GBP,L011,AE,Individual,Transfer,4,PL,0,Verified
T0000476,C00164,B011,2025-03-27 16:00:00,Card,Online,538.51,GBP,L015,SG,Own Account,Payment,2,BR,0,Verified
T0001957,C00121,B011,2025-03-27 16:34:00,Card,Branch,1993.37,GBP,L004,ES,Own Account,Invoice,1,IN,0,Verified
T0001201,C00086,B003,2025-03-27 18:51:00,Card,Mobile,1327.03,GBP,L002,FR,Own Account,Cash,1,BR,0,Verified
T0003996,C00107,B005,2025-03-27 19:42:00,Transfer,Online,462.11,GBP,L017,CH,Own Account,Salary,2,BR,0,Verified
T0002600,C00076,B006,2025-03-27 20:15:00,Card,Online,4926.29,GBP,L015,SG,Own Account,Transfer,2,SG,0,Verified
T0002548,C00272,B004,2025-03-27 20:31:00,Card,Online,2974.2,GBP,L009,CA,Own Account,Invoice,2,ZA,0,Verified
T0005162,C00200,B007,2025-03-27 20:34:00,Card,Branch,633.48,GBP,L018,PL,Own Account,Cash,2,IN,0,Verified
T0005836,C00252,B008,2025-03-27 22:08:00,Transfer,Branch,4103.89,GBP,L013,NG,Business,Payment,5,IT,1,Verified
T0003291,C00246,B007,2025-03-28 02:52:00,Transfer,Mobile,2659.21,GBP,L006,NL,Business,Payment,1,ES,0,Verified
T0003145,C00090,B007,2025-03-28 02:55:00,International Transfer,ATM,102.36,GBP,L020,ZA,Individual,Cash,3,SG,0,Verified
T0000902,C00016,B009,2025-03-28 10:31:00,Transfer,ATM,227.32,GBP,L016,HK,Own Account,Payment,3,NG,0,Verified
T0001716,C00251,B009,2025-03-28 10:48:00,International Transfer,Branch,194.89,GBP,L009,CA,Individual,Payment,2,ZA,0,Verified
T0001700,C00012,B012,2025-03-28 10:53:00,Card,ATM,1479.79,GBP,L003,DE,Business,Invoice,1,PL,0,Verified
T0004740,C00089,B004,2025-03-28 11:24:00,International Transfer,Mobile,319.16,GBP,L012,TR,Business,Salary,4,BR,0,Verified
T0003090,C00238,B008,2025-03-28 12:41:00,Card,Mobile,387.6,GBP,L005,IT,Business,Cash,1,CH,0,Review Required
T0002886,C00150,B007,2025-03-28 13:31:00,Cash Deposit,ATM,842.23,GBP,L009,CA,Own Account,Cash,2,FR,0,Verified
T0005172,C00144,B007,2025-03-28 18:15:00,Card,Online,160.26,GBP,L005,IT,Individual,Cash,1,ES,0,Verified
T0002380,C00282,B003,2025-03-28 19:18:00,Card,Mobile,146.43,GBP,L012,TR,Own Account,Salary,4,DE,0,Verified
T0003293,C00101,B002,2025-03-28 20:19:00,Transfer,Online,243.21,GBP,L016,HK,Business,Salary,3,PL,0,Verified
T0005210,C00035,B006,2025-03-28 20:31:00,Card,Branch,531.96,GBP,L015,SG,Own Account,Salary,2,IN,0,Verified
T0000543,C00086,B007,2025-03-28 23:33:00,Transfer,ATM,1519.24,GBP,L014,BR,Individual,Transfer,3,BR,0,Verified
T0000254,C00128,B002,2025-03-28 23:50:00,Transfer,Branch,899.08,GBP,L020,ZA,Business,Invoice,3,HK,0,Verified
T0000886,C00261,B009,2025-03-29 02:30:00,Card,Branch,1236.24,GBP,L018,PL,Business,Purchase,2,ZA,0,Verified
T0004880,C00019,B011,2025-03-29 02:32:00,Card,Mobile,1058.89,GBP,L013,NG,Business,Payment,5,IT,1,Verified
T0003894,C00193,B003,2025-03-29 04:05:00,Card,ATM,1730.19,GBP,L007,IE,Individual,Purchase,1,AE,0,Verified
T0005932,C00134,B006,2025-03-29 04:58:00,Transfer,Branch,1231.23,GBP,L018,PL,Own Account,Cash,2,IE,0,Verified
T0001665,C00111,B010,2025-03-29 05:21:00,Card,ATM,1550.37,GBP,L014,BR,Own Account,Transfer,3,BR,0,Verified
T0003470,C00246,B003,2025-03-29 05:21:00,Card,Online,1289.5,GBP,L012,TR,Own Account,Salary,4,ES,0,Verified
T0005246,C00044,B005,2025-03-29 07:07:00,Transfer,Mobile,678.24,GBP,L010,AU,Business,Payment,2,PL,0,Review Required
T0002124,C00165,B006,2025-03-29 07:46:00,Card,Mobile,869.23,GBP,L006,NL,Business,Cash,1,US,0,Review Required
T0004885,C00285,B010,2025-03-29 10:55:00,Cash Withdrawal,Branch,764.39,GBP,L007,IE,Individual,Salary,1,IN,0,Verified
T0001873,C00247,B012,2025-03-29 12:11:00,Card,Branch,3546.06,GBP,L013,NG,Business,Salary,5,IT,0,Verified
T0002919,C00269,B005,2025-03-29 13:37:00,Cash Deposit,Online,782.36,GBP,L017,CH,Individual,Purchase,2,FR,1,Verified
T0004489,C00230,B001,2025-03-29 14:10:00,Card,Online,720.23,GBP,L015,SG,Own Account,Invoice,2,PL,0,Verified
T0001158,C00092,B008,2025-03-29 14:12:00,Card,Branch,314.24,GBP,L004,ES,Business,Transfer,1,ZA,0,Verified
T0004336,C00226,B002,2025-03-29 14:37:00,Card,Mobile,1149.82,GBP,L008,US,Individual,Transfer,2,TR,0,Verified
T0002854,C00158,B007,2025-03-29 14:47:00,Transfer,Online,2117.52,GBP,L003,DE,Individual,Cash,1,SG,0,Verified
T0004565,C00101,B007,2025-03-29 15:10:00,Cash Withdrawal,ATM,267.98,GBP,L018,PL,Business,Payment,2,PL,0,Verified
T0004490,C00268,B011,2025-03-29 16:29:00,Card,Online,1005.88,GBP,L006,NL,Individual,Payment,1,US,0,Verified
T0003368,C00261,B003,2025-03-29 17:47:00,Card,Branch,1051.83,GBP,L004,ES,Own Account,Payment,1,ZA,0,Verified
T0005004,C00240,B010,2025-03-29 17:57:00,Card,Online,625.02,GBP,L013,NG,Individual,Purchase,5,SG,0,Verified
T0000208,C00104,B005,2025-03-29 22:31:00,Card,ATM,812.36,GBP,L015,SG,Individual,Salary,2,AE,0,Verified
T0000922,C00019,B001,2025-03-29 22:39:00,Card,Branch,643.18,GBP,L004,ES,Individual,Transfer,1,IT,1,Verified
T0005654,C00031,B008,2025-03-29 23:15:00,International Transfer,Mobile,1122.91,GBP,L003,DE,Individual,Cash,1,NL,0,Review Required
T0005354,C00259,B008,2025-03-29 23:43:00,Transfer,Branch,410.21,GBP,L020,ZA,Business,Invoice,3,SG,0,Verified
T0001372,C00188,B001,2025-03-30 00:44:00,Card,Branch,1233.29,GBP,L008,US,Business,Salary,2,IT,0,Verified
T0001941,C00136,B008,2025-03-30 01:13:00,Card,ATM,733.58,GBP,L015,SG,Individual,Payment,2,IE,0,Verified
T0005239,C00103,B010,2025-03-30 01:18:00,International Transfer,Branch,423.87,GBP,L014,BR,Business,Cash,3,US,0,Verified
T0001579,C00268,B004,2025-03-30 01:54:00,Card,Branch,1427.45,GBP,L011,AE,Individual,Invoice,4,US,0,Verified
T0004720,C00246,B009,2025-03-30 04:21:00,Card,Online,612.73,GBP,L005,IT,Individual,Purchase,1,ES,0,Verified
T0003283,C00240,B006,2025-03-30 07:31:00,Card,ATM,1353.47,GBP,L011,AE,Individual,Cash,4,SG,0,Verified
T0001017,C00025,B011,2025-03-30 10:43:00,Transfer,Branch,171.88,GBP,L007,IE,Own Account,Cash,1,CH,0,Verified
T0000541,C00096,B012,2025-03-30 11:47:00,Transfer,ATM,2671.59,GBP,L006,NL,Individual,Salary,1,IT,0,Verified
T0000767,C00040,B006,2025-03-30 13:39:00,Card,Branch,1521.99,GBP,L020,ZA,Own Account,Payment,3,FR,0,Verified
T0002928,C00234,B003,2025-03-30 14:15:00,Cash Withdrawal,ATM,14505.78,GBP,L003,DE,Business,Invoice,1,US,0,Verified
T0004522,C00278,B006,2025-03-30 15:51:00,Transfer,Online,685.94,GBP,L020,ZA,Own Account,Transfer,3,DE,0,Verified
T0001497,C00222,B004,2025-03-30 16:01:00,Transfer,ATM,1109.1,GBP,L020,ZA,Own Account,Payment,3,US,0,Verified
T0001307,C00131,B007,2025-03-30 18:09:00,Card,ATM,5538.24,GBP,L005,IT,Business,Transfer,1,IN,0,Verified
T0002561,C00138,B006,2025-03-30 20:58:00,Transfer,ATM,207.42,GBP,L014,BR,Individual,Cash,3,DE,0,Verified
T0005406,C00149,B006,2025-03-30 21:40:00,International Transfer,Mobile,4501.59,GBP,L007,IE,Own Account,Purchase,1,DE,0,Verified
T0003398,C00006,B004,2025-03-31 05:26:00,International Transfer,Mobile,1424.49,GBP,L004,ES,Business,Invoice,1,FR,0,Review Required
T0002749,C00180,B010,2025-03-31 06:10:00,Card,Branch,7969.86,GBP,L019,IN,Business,Invoice,3,HK,0,Verified
T0003857,C00084,B001,2025-03-31 07:34:00,Cash Withdrawal,Online,426.83,GBP,L010,AU,Individual,Invoice,2,DE,0,Verified
T0005895,C00278,B006,2025-03-31 08:11:00,Cash Deposit,Online,3672.38,GBP,L001,GB,Individual,Purchase,1,DE,0,Verified
T0004735,C00079,B006,2025-03-31 12:35:00,Transfer,Mobile,472.7,GBP,L011,AE,Individual,Invoice,4,PL,0,Verified
T0002954,C00032,B007,2025-03-31 14:08:00,Card,ATM,1833.16,GBP,L002,FR,Own Account,Payment,1,PL,0,Verified
T0002508,C00084,B004,2025-03-31 15:33:00,Transfer,Mobile,196.06,GBP,L012,TR,Business,Salary,4,DE,0,Verified
T0000287,C00127,B002,2025-03-31 22:02:00,Cash Deposit,ATM,1446.86,GBP,L016,HK,Own Account,Salary,3,TR,0,Verified
T0003306,C00186,B010,2025-03-31 23:17:00,Card,Online,870.71,GBP,L017,CH,Individual,Invoice,2,AE,0,Verified
T0000043,C00282,B011,2025-04-01 00:55:00,Cash Deposit,ATM,290.95,GBP,L016,HK,Business,Salary,3,DE,0,Verified
T0002813,C00235,B007,2025-04-01 00:56:00,Cash Withdrawal,ATM,424.58,GBP,L003,DE,Own Account,Payment,1,IT,0,Verified
T0001407,C00015,B009,2025-04-01 01:43:00,Card,Branch,2684.23,GBP,L004,ES,Individual,Salary,1,IN,0,Verified
T0003833,C00212,B012,2025-04-01 06:50:00,International Transfer,Branch,487.99,GBP,L011,AE,Business,Payment,4,PL,0,Verified
T0004768,C00170,B001,2025-04-01 07:03:00,Transfer,ATM,791.83,GBP,L005,IT,Individual,Invoice,1,HK,0,Verified
T0001148,C00061,B002,2025-04-01 09:56:00,Card,ATM,1312.61,GBP,L016,HK,Business,Salary,3,CH,0,Verified
T0002332,C00046,B006,2025-04-01 12:19:00,Card,ATM,696.46,GBP,L011,AE,Individual,Payment,4,NG,1,Verified
T0000545,C00186,B008,2025-04-01 13:38:00,Card,ATM,4200.76,GBP,L014,BR,Business,Purchase,3,AE,0,Verified
T0004996,C00055,B012,2025-04-01 15:40:00,Card,Online,6134.37,GBP,L015,SG,Business,Payment,2,CA,0,Verified
T0000011,C00161,B007,2025-04-01 16:02:00,Card,ATM,117.97,GBP,L015,SG,Individual,Salary,2,NL,0,Verified
T0001620,C00215,B006,2025-04-01 18:39:00,Card,ATM,1083.94,GBP,L011,AE,Own Account,Transfer,4,DE,0,Review Required
T0005612,C00162,B004,2025-04-01 21:20:00,Card,Online,764.23,GBP,L001,GB,Own Account,Salary,1,SG,0,Verified
T0003921,C00166,B002,2025-04-01 22:24:00,International Transfer,ATM,2057.79,GBP,L006,NL,Own Account,Cash,1,CA,0,Verified
T0000570,C00129,B003,2025-04-02 00:57:00,Transfer,ATM,3212.67,GBP,L010,AU,Own Account,Invoice,2,BR,0,Verified
T0003104,C00147,B008,2025-04-02 05:44:00,Transfer,Online,60.87,GBP,L012,TR,Own Account,Transfer,4,GB,0,Verified
T0005140,C00143,B011,2025-04-02 05:51:00,Card,Mobile,158.28,GBP,L002,FR,Own Account,Salary,1,HK,0,Verified
T0000908,C00268,B003,2025-04-02 06:05:00,International Transfer,ATM,208.68,GBP,L014,BR,Business,Invoice,3,US,0,Verified
T0004639,C00054,B004,2025-04-02 06:46:00,Card,Online,470.72,GBP,L016,HK,Individual,Cash,3,BR,0,Verified
T0005808,C00230,B004,2025-04-02 08:08:00,Card,ATM,1015.74,GBP,L017,CH,Business,Salary,2,PL,0,Verified
T0001848,C00232,B003,2025-04-02 09:22:00,Card,ATM,1633.71,GBP,L001,GB,Own Account,Cash,1,IT,0,Verified
T0005181,C00138,B005,2025-04-02 11:03:00,Card,ATM,637.05,GBP,L001,GB,Own Account,Transfer,1,DE,0,Verified
T0005782,C00276,B010,2025-04-02 11:43:00,Card,Online,1624.64,GBP,L008,US,Own Account,Purchase,2,TR,0,Verified
T0005751,C00059,B012,2025-04-02 12:48:00,Cash Withdrawal,Branch,824.51,GBP,L015,SG,Business,Cash,2,TR,0,Verified
T0003199,C00069,B004,2025-04-02 18:36:00,Cash Withdrawal,ATM,436.97,GBP,L010,AU,Business,Salary,2,TR,0,Verified
T0002801,C00004,B005,2025-04-02 19:53:00,Card,Mobile,2967.96,GBP,L013,NG,Own Account,Payment,5,IT,0,Verified
T0005335,C00239,B008,2025-04-02 21:53:00,International Transfer,Mobile,506.06,GBP,L003,DE,Individual,Cash,1,NG,0,Verified
T0002083,C00215,B012,2025-04-03 00:54:00,International Transfer,Branch,2844.01,GBP,L006,NL,Business,Payment,1,DE,0,Review Required
T0001805,C00062,B005,2025-04-03 02:52:00,Transfer,ATM,842.56,GBP,L006,NL,Individual,Invoice,1,ES,0,Verified
T0003323,C00181,B005,2025-04-03 03:32:00,Card,ATM,1573.45,GBP,L009,CA,Business,Purchase,2,ZA,0,Verified
T0000730,C00058,B009,2025-04-03 08:42:00,Transfer,Online,329.15,GBP,L004,ES,Own Account,Cash,1,DE,0,Verified
T0004899,C00278,B002,2025-04-03 10:44:00,International Transfer,ATM,1442.37,GBP,L020,ZA,Own Account,Payment,3,DE,0,Verified
T0005531,C00044,B005,2025-04-03 11:50:00,International Transfer,Branch,1223.19,GBP,L020,ZA,Individual,Salary,3,PL,0,Review Required
T0002037,C00035,B004,2025-04-03 13:15:00,International Transfer,ATM,1386.83,GBP,L020,ZA,Individual,Payment,3,IN,0,Verified
T0005653,C00229,B007,2025-04-03 16:15:00,Transfer,Branch,1351.58,GBP,L019,IN,Individual,Invoice,3,IT,0,Verified
T0003172,C00052,B009,2025-04-03 16:41:00,Transfer,Online,633.1,GBP,L002,FR,Own Account,Salary,1,DE,0,Verified
T0004204,C00268,B007,2025-04-03 16:48:00,Cash Deposit,Branch,670.97,GBP,L010,AU,Own Account,Cash,2,US,0,Verified
T0001027,C00095,B006,2025-04-03 17:02:00,Cash Withdrawal,Online,1229.19,GBP,L019,IN,Individual,Salary,3,IN,0,Verified
T0002740,C00253,B012,2025-04-03 17:46:00,Transfer,Branch,2178.45,GBP,L013,NG,Business,Salary,5,PL,0,Verified
T0003446,C00184,B004,2025-04-03 18:35:00,Transfer,Mobile,1862.16,GBP,L004,ES,Own Account,Purchase,1,HK,0,Verified
T0002076,C00287,B008,2025-04-03 22:09:00,Card,ATM,968.21,GBP,L003,DE,Business,Invoice,1,AE,0,Verified
T0005669,C00006,B007,2025-04-03 22:25:00,Card,Online,1695.05,GBP,L003,DE,Business,Purchase,1,FR,0,Review Required
T0005736,C00261,B001,2025-04-04 01:43:00,Card,Mobile,98.63,GBP,L007,IE,Business,Invoice,1,ZA,0,Verified
T0002286,C00208,B005,2025-04-04 01:58:00,Card,Branch,3599.07,GBP,L013,NG,Business,Invoice,5,TR,0,Verified
T0005481,C00183,B008,2025-04-04 02:12:00,International Transfer,ATM,1289.63,GBP,L019,IN,Own Account,Transfer,3,AU,0,Review Required
T0005389,C00046,B004,2025-04-04 02:39:00,Card,Mobile,205.22,GBP,L005,IT,Own Account,Purchase,1,NG,1,Verified
T0000662,C00137,B004,2025-04-04 03:53:00,Cash Deposit,Branch,3818.84,GBP,L004,ES,Individual,Purchase,1,US,0,Verified
T0000679,C00086,B002,2025-04-04 04:35:00,Transfer,Mobile,2483.74,GBP,L012,TR,Own Account,Purchase,4,BR,0,Verified
T0000665,C00203,B008,2025-04-04 04:51:00,Transfer,ATM,181.85,GBP,L002,FR,Individual,Purchase,1,BR,0,Verified
T0002622,C00293,B004,2025-04-04 05:51:00,Card,Branch,600.34,GBP,L008,US,Business,Salary,2,IT,0,Verified
T0000956,C00200,B010,2025-04-04 07:25:00,Card,Mobile,1765.99,GBP,L013,NG,Individual,Invoice,5,IN,0,Verified
T0001091,C00204,B005,2025-04-04 08:24:00,Cash Withdrawal,Online,297.45,GBP,L002,FR,Business,Transfer,1,NG,0,Verified
T0004841,C00205,B005,2025-04-04 09:54:00,Card,Mobile,69.69,GBP,L012,TR,Business,Invoice,4,TR,0,Review Required
T0005397,C00239,B005,2025-04-04 13:18:00,Transfer,Online,798.1,GBP,L004,ES,Individual,Cash,1,NG,0,Verified
T0002248,C00132,B006,2025-04-04 16:05:00,Cash Withdrawal,Online,4338.23,GBP,L004,ES,Business,Salary,1,SG,0,Verified
T0000418,C00145,B010,2025-04-04 16:52:00,Transfer,Online,9896.87,GBP,L020,ZA,Own Account,Payment,3,AU,0,Verified
T0000753,C00210,B003,2025-04-04 17:39:00,Transfer,ATM,1032.8,GBP,L013,NG,Business,Purchase,5,FR,1,Verified
T0004871,C00255,B002,2025-04-04 21:02:00,International Transfer,Online,842.04,GBP,L003,DE,Individual,Purchase,1,PL,0,Verified
T0000127,C00228,B010,2025-04-04 23:01:00,International Transfer,Online,353.32,GBP,L011,AE,Own Account,Salary,4,ZA,0,Verified
T0000084,C00164,B009,2025-04-04 23:16:00,Card,Branch,883.88,GBP,L012,TR,Individual,Payment,4,BR,0,Verified
T0005485,C00079,B004,2025-04-05 00:32:00,Card,Online,542.69,GBP,L019,IN,Own Account,Purchase,3,PL,0,Verified
T0005407,C00203,B008,2025-04-05 00:37:00,Transfer,Mobile,148.85,GBP,L013,NG,Business,Invoice,5,BR,0,Verified
T0000270,C00108,B009,2025-04-05 00:41:00,Card,Online,199.18,GBP,L011,AE,Individual,Transfer,4,IN,0,Verified
T0005163,C00245,B012,2025-04-05 02:44:00,Cash Withdrawal,Online,204.52,GBP,L002,FR,Business,Transfer,1,US,0,Verified
T0005419,C00284,B001,2025-04-05 04:36:00,Card,Online,1367.26,GBP,L009,CA,Individual,Cash,2,NG,0,Verified
T0003628,C00033,B003,2025-04-05 04:51:00,Card,Online,949.59,GBP,L016,HK,Own Account,Salary,3,TR,0,Verified
T0003990,C00242,B007,2025-04-05 04:53:00,Card,Branch,146.29,GBP,L005,IT,Individual,Salary,1,AE,0,Verified
T0005774,C00011,B005,2025-04-05 08:23:00,Transfer,ATM,437.2,GBP,L007,IE,Own Account,Invoice,1,IE,0,Verified
T0004180,C00159,B002,2025-04-05 09:40:00,Cash Withdrawal,Online,4382.97,GBP,L020,ZA,Business,Cash,3,IN,0,Verified
T0001130,C00143,B001,2025-04-05 09:59:00,Cash Withdrawal,Online,1595.27,GBP,L017,CH,Business,Transfer,2,HK,0,Verified
T0001482,C00207,B002,2025-04-05 10:21:00,Cash Deposit,Online,424.55,GBP,L001,GB,Own Account,Payment,1,HK,0,Verified
T0005938,C00257,B004,2025-04-05 10:35:00,Card,ATM,827.71,GBP,L016,HK,Own Account,Purchase,3,IT,0,Verified
T0005046,C00238,B010,2025-04-05 12:30:00,Card,Branch,1461.8,GBP,L002,FR,Business,Cash,1,CH,0,Review Required
T0003731,C00162,B008,2025-04-05 12:52:00,Card,Branch,373.15,GBP,L016,HK,Individual,Payment,3,SG,0,Verified
T0001535,C00100,B005,2025-04-05 13:51:00,Cash Withdrawal,Online,943.03,GBP,L014,BR,Individual,Payment,3,SG,0,Verified
T0002937,C00183,B003,2025-04-05 14:12:00,Card,Online,3453.25,GBP,L014,BR,Individual,Payment,3,AU,0,Review Required
T0001115,C00299,B011,2025-04-05 14:18:00,Transfer,Mobile,2014.79,GBP,L013,NG,Individual,Salary,5,AE,0,Verified
T0001390,C00187,B007,2025-04-05 18:35:00,Cash Deposit,Branch,620.66,GBP,L007,IE,Business,Purchase,1,BR,0,Verified
T0001273,C00065,B007,2025-04-05 19:21:00,International Transfer,Branch,531.0,GBP,L015,SG,Business,Salary,2,CA,0,Verified
T0001838,C00035,B001,2025-04-05 23:08:00,Cash Withdrawal,Online,1160.28,GBP,L001,GB,Individual,Payment,1,IN,0,Verified
T0000096,C00112,B006,2025-04-05 23:13:00,Transfer,Mobile,298.12,GBP,L013,NG,Business,Salary,5,NG,0,Review Required
T0001510,C00106,B012,2025-04-05 23:59:00,Cash Deposit,Online,800.14,GBP,L008,US,Individual,Purchase,2,BR,0,Verified
T0003787,C00065,B003,2025-04-06 00:53:00,Cash Withdrawal,Branch,425.89,GBP,L011,AE,Business,Transfer,4,CA,0,Verified
T0002067,C00161,B006,2025-04-06 01:39:00,Card,Online,881.09,GBP,L001,GB,Own Account,Salary,1,NL,0,Verified
T0001089,C00210,B003,2025-04-06 02:51:00,Transfer,Online,2775.33,GBP,L008,US,Individual,Purchase,2,FR,1,Verified
T0003695,C00151,B010,2025-04-06 06:28:00,Card,Branch,565.79,GBP,L005,IT,Own Account,Transfer,1,US,0,Verified
T0002678,C00214,B011,2025-04-06 08:32:00,Transfer,ATM,491.15,GBP,L017,CH,Own Account,Payment,2,AU,0,Verified
T0000680,C00141,B003,2025-04-06 08:42:00,International Transfer,Branch,887.56,GBP,L014,BR,Own Account,Payment,3,US,0,Verified
T0001789,C00056,B011,2025-04-06 10:05:00,Transfer,ATM,5125.04,GBP,L017,CH,Business,Purchase,2,IT,0,Verified
T0000501,C00021,B001,2025-04-06 16:00:00,Card,ATM,888.91,GBP,L014,BR,Own Account,Transfer,3,NG,0,Verified
T0001991,C00170,B008,2025-04-06 16:02:00,Cash Deposit,ATM,808.5,GBP,L002,FR,Business,Payment,1,HK,0,Verified
T0005115,C00016,B001,2025-04-06 20:07:00,Card,Online,189.85,GBP,L007,IE,Individual,Salary,1,NG,0,Verified
T0002245,C00131,B005,2025-04-06 21:21:00,International Transfer,Online,489.83,GBP,L016,HK,Individual,Transfer,3,IN,0,Verified
T0000312,C00105,B004,2025-04-06 22:45:00,Card,ATM,523.22,GBP,L014,BR,Individual,Transfer,3,US,0,Verified
T0000899,C00019,B007,2025-04-06 23:48:00,Transfer,Mobile,142.01,GBP,L017,CH,Business,Transfer,2,IT,1,Verified
T0004458,C00040,B010,2025-04-07 00:30:00,Card,Online,285.99,GBP,L004,ES,Own Account,Purchase,1,FR,0,Verified
T0000971,C00111,B011,2025-04-07 01:02:00,Cash Deposit,Mobile,2902.91,GBP,L008,US,Own Account,Transfer,2,BR,0,Verified
T0003525,C00066,B001,2025-04-07 02:35:00,International Transfer,Mobile,1438.69,GBP,L014,BR,Business,Cash,3,CA,0,Verified
T0005109,C00061,B012,2025-04-07 02:42:00,Card,Branch,1203.79,GBP,L007,IE,Own Account,Purchase,1,CH,0,Verified
T0000387,C00153,B009,2025-04-07 04:02:00,Cash Withdrawal,Mobile,2239.5,GBP,L008,US,Individual,Cash,2,SG,0,Verified
T0003045,C00146,B008,2025-04-07 06:58:00,Transfer,ATM,1105.44,GBP,L017,CH,Business,Cash,2,FR,0,Verified
T0002652,C00042,B002,2025-04-07 10:20:00,Transfer,Mobile,1141.73,GBP,L003,DE,Business,Salary,1,PL,0,Verified
T0004366,C00082,B011,2025-04-07 12:22:00,Transfer,Branch,616.57,GBP,L010,AU,Own Account,Payment,2,CH,0,Verified
T0004090,C00002,B006,2025-04-07 12:28:00,Cash Withdrawal,Online,168.57,GBP,L020,ZA,Own Account,Salary,3,PL,0,Verified
T0005253,C00209,B011,2025-04-07 13:29:00,Card,Mobile,128.45,GBP,L012,TR,Individual,Payment,4,IT,0,Verified
T0003353,C00281,B006,2025-04-07 14:40:00,Cash Withdrawal,Online,470.52,GBP,L002,FR,Own Account,Cash,1,AU,0,Verified
T0000516,C00260,B001,2025-04-07 15:35:00,Card,ATM,633.0,GBP,L015,SG,Individual,Purchase,2,IN,0,Verified
T0000572,C00228,B012,2025-04-07 15:47:00,Transfer,Mobile,1378.11,GBP,L012,TR,Business,Payment,4,ZA,0,Verified
T0003510,C00018,B010,2025-04-07 16:06:00,International Transfer,Mobile,156.1,GBP,L015,SG,Individual,Transfer,2,BR,0,Verified
T0000720,C00290,B002,2025-04-07 17:31:00,International Transfer,Online,1296.29,GBP,L010,AU,Own Account,Invoice,2,AE,0,Verified
T0003948,C00044,B003,2025-04-07 17:31:00,Transfer,Branch,740.37,GBP,L005,IT,Individual,Purchase,1,PL,0,Review Required
T0002747,C00300,B001,2025-04-07 17:52:00,Card,Branch,555.76,GBP,L016,HK,Business,Transfer,3,IT,0,Verified
T0000379,C00218,B012,2025-04-08 00:29:00,Card,Online,825.3,GBP,L020,ZA,Own Account,Payment,3,TR,0,Verified
T0005740,C00114,B009,2025-04-08 01:08:00,Transfer,Branch,1517.41,GBP,L009,CA,Business,Salary,2,GB,0,Verified
T0003819,C00253,B008,2025-04-08 01:33:00,Card,Mobile,479.49,GBP,L016,HK,Business,Salary,3,PL,0,Verified
T0003313,C00114,B002,2025-04-08 02:03:00,Transfer,Branch,482.37,GBP,L019,IN,Individual,Payment,3,GB,0,Verified
T0004617,C00147,B003,2025-04-08 03:18:00,Card,Branch,717.63,GBP,L002,FR,Business,Invoice,1,GB,0,Verified
T0005897,C00229,B007,2025-04-08 05:15:00,Transfer,Branch,2486.56,GBP,L001,GB,Own Account,Cash,1,IT,0,Verified
T0003189,C00053,B009,2025-04-08 07:29:00,Card,Mobile,2653.5,GBP,L017,CH,Individual,Transfer,2,IN,0,Verified
T0005899,C00123,B007,2025-04-08 08:34:00,Transfer,Mobile,142.47,GBP,L007,IE,Own Account,Transfer,1,ES,0,Verified
T0002466,C00127,B008,2025-04-08 10:58:00,Card,Online,1084.74,GBP,L010,AU,Individual,Transfer,2,TR,0,Verified
T0002338,C00258,B003,2025-04-08 11:57:00,Card,Online,330.92,GBP,L012,TR,Own Account,Transfer,4,GB,0,Verified
T0004772,C00288,B002,2025-04-08 12:33:00,Card,Online,1439.55,GBP,L009,CA,Business,Cash,2,FR,0,Verified
T0001019,C00102,B002,2025-04-08 15:33:00,International Transfer,Online,285.03,GBP,L004,ES,Business,Cash,1,US,0,Verified
T0005555,C00143,B003,2025-04-08 15:43:00,Cash Withdrawal,Online,713.51,GBP,L020,ZA,Individual,Invoice,3,HK,0,Verified
T0001563,C00240,B008,2025-04-08 16:19:00,Cash Deposit,Mobile,861.1,GBP,L016,HK,Individual,Invoice,3,SG,0,Verified
T0001870,C00210,B001,2025-04-08 17:02:00,Card,Mobile,654.42,GBP,L011,AE,Business,Transfer,4,FR,1,Verified
T0004974,C00068,B003,2025-04-08 19:07:00,Transfer,Branch,712.54,GBP,L009,CA,Own Account,Purchase,2,PL,0,Verified
T0001733,C00030,B007,2025-04-08 20:45:00,Card,Mobile,1894.56,GBP,L010,AU,Business,Cash,2,PL,0,Verified
T0004183,C00222,B005,2025-04-08 21:18:00,Transfer,ATM,522.79,GBP,L009,CA,Own Account,Payment,2,US,0,Verified
T0005936,C00289,B010,2025-04-08 22:03:00,Card,Online,2139.91,GBP,L005,IT,Own Account,Payment,1,ZA,0,Verified
T0001414,C00265,B002,2025-04-08 23:08:00,Card,ATM,635.26,GBP,L020,ZA,Own Account,Cash,3,ZA,0,Verified
T0001536,C00279,B004,2025-04-08 23:41:00,Card,Online,174.58,GBP,L008,US,Business,Transfer,2,IN,0,Verified
T0002595,C00170,B008,2025-04-09 02:03:00,Transfer,Online,238.97,GBP,L002,FR,Own Account,Cash,1,HK,0,Verified
T0004908,C00080,B007,2025-04-09 05:06:00,International Transfer,Branch,4556.64,GBP,L006,NL,Individual,Payment,1,CA,0,Verified
T0003965,C00287,B010,2025-04-09 05:24:00,Transfer,Mobile,1025.01,GBP,L003,DE,Individual,Transfer,1,AE,0,Verified
T0001461,C00233,B004,2025-04-09 07:19:00,International Transfer,Online,477.39,GBP,L014,BR,Business,Transfer,3,ES,0,Verified
T0002704,C00139,B002,2025-04-09 08:09:00,International Transfer,Online,477.71,GBP,L008,US,Individual,Invoice,2,IN,0,Verified
T0000487,C00015,B004,2025-04-09 09:11:00,Card,Mobile,15538.0,GBP,L016,HK,Individual,Salary,3,IN,0,Verified
T0002056,C00204,B007,2025-04-09 09:13:00,Card,Branch,71.69,GBP,L003,DE,Own Account,Salary,1,NG,0,Verified
T0002233,C00121,B005,2025-04-09 09:38:00,Card,Online,681.62,GBP,L010,AU,Own Account,Invoice,2,IN,0,Verified
T0003691,C00038,B007,2025-04-09 11:32:00,Transfer,Branch,1342.07,GBP,L008,US,Individual,Salary,2,US,0,Verified
T0004232,C00294,B007,2025-04-09 12:17:00,Cash Withdrawal,Branch,1462.64,GBP,L008,US,Own Account,Cash,2,DE,0,Verified
T0001715,C00166,B009,2025-04-09 13:07:00,Cash Deposit,ATM,185.76,GBP,L004,ES,Individual,Purchase,1,CA,0,Verified
T0002693,C00237,B004,2025-04-09 13:14:00,Card,Online,192.03,GBP,L004,ES,Business,Purchase,1,SG,0,Verified
T0001956,C00186,B002,2025-04-09 14:02:00,Cash Deposit,Branch,399.55,GBP,L006,NL,Own Account,Purchase,1,AE,0,Verified
T0002896,C00122,B002,2025-04-09 14:50:00,Card,ATM,1592.27,GBP,L009,CA,Individual,Payment,2,NL,0,Review Required
T0004692,C00008,B009,2025-04-09 15:07:00,Card,Mobile,1304.93,GBP,L009,CA,Business,Cash,2,TR,0,Verified
T0004016,C00170,B011,2025-04-09 16:38:00,Transfer,Online,602.7,GBP,L009,CA,Business,Payment,2,HK,0,Verified
T0000066,C00177,B010,2025-04-09 18:44:00,International Transfer,Mobile,954.47,GBP,L005,IT,Own Account,Purchase,1,PL,0,Verified
T0000098,C00048,B005,2025-04-09 19:18:00,Cash Withdrawal,ATM,1317.62,GBP,L016,HK,Individual,Salary,3,PL,0,Verified
T0005298,C00046,B010,2025-04-09 20:13:00,Card,Mobile,3394.76,GBP,L018,PL,Business,Transfer,2,NG,1,Verified
T0001842,C00077,B001,2025-04-09 20:17:00,Card,Branch,1140.3,GBP,L014,BR,Individual,Salary,3,IE,0,Review Required
T0002720,C00015,B012,2025-04-09 22:21:00,Card,ATM,2571.46,GBP,L015,SG,Own Account,Transfer,2,IN,0,Verified
T0005781,C00250,B001,2025-04-09 22:50:00,International Transfer,Online,1151.2,GBP,L002,FR,Business,Payment,1,ES,0,Review Required
T0002945,C00014,B011,2025-04-09 23:06:00,Card,Mobile,952.29,GBP,L019,IN,Own Account,Payment,3,FR,0,Verified
T0003732,C00226,B005,2025-04-09 23:48:00,Transfer,Online,330.29,GBP,L013,NG,Individual,Transfer,5,TR,0,Verified
T0004707,C00094,B006,2025-04-10 02:30:00,Card,Online,2355.14,GBP,L019,IN,Individual,Salary,3,ZA,0,Verified
T0003456,C00052,B009,2025-04-10 05:41:00,Cash Withdrawal,Mobile,821.9,GBP,L009,CA,Business,Payment,2,DE,0,Verified
T0001628,C00154,B011,2025-04-10 11:59:00,International Transfer,ATM,1594.02,GBP,L010,AU,Business,Invoice,2,ZA,0,Verified
T0000209,C00053,B004,2025-04-10 13:45:00,Card,Branch,912.83,GBP,L004,ES,Business,Invoice,1,IN,0,Verified
T0001859,C00177,B001,2025-04-10 15:02:00,Transfer,Mobile,424.76,GBP,L011,AE,Business,Transfer,4,PL,0,Verified
T0004763,C00137,B004,2025-04-11 00:54:00,Transfer,Online,320.32,GBP,L002,FR,Individual,Salary,1,US,0,Verified
T0000243,C00191,B004,2025-04-11 01:25:00,Transfer,Mobile,812.84,GBP,L013,NG,Business,Purchase,5,IT,1,Verified
T0005770,C00007,B012,2025-04-11 02:13:00,Card,Mobile,79.99,GBP,L005,IT,Individual,Purchase,1,NG,0,Verified
T0003099,C00200,B006,2025-04-11 04:15:00,Transfer,Branch,1455.95,GBP,L015,SG,Individual,Payment,2,IN,0,Verified
T0005207,C00123,B007,2025-04-11 09:38:00,International Transfer,Mobile,832.26,GBP,L005,IT,Business,Payment,1,ES,0,Verified
T0000044,C00052,B002,2025-04-11 10:20:00,Transfer,ATM,596.79,GBP,L018,PL,Business,Cash,2,DE,0,Verified
T0001164,C00089,B005,2025-04-11 10:44:00,Cash Withdrawal,Branch,996.66,GBP,L007,IE,Business,Transfer,1,BR,0,Verified
T0001725,C00193,B004,2025-04-11 12:10:00,International Transfer,ATM,1027.87,GBP,L015,SG,Own Account,Purchase,2,AE,0,Verified
T0002689,C00175,B001,2025-04-11 14:14:00,Transfer,Mobile,1973.51,GBP,L019,IN,Business,Purchase,3,AU,0,Verified
T0004897,C00258,B012,2025-04-11 15:24:00,Card,Mobile,331.14,GBP,L016,HK,Own Account,Cash,3,GB,0,Verified
T0000411,C00105,B002,2025-04-11 17:05:00,Card,Branch,1280.77,GBP,L016,HK,Business,Invoice,3,US,0,Verified
T0004659,C00149,B011,2025-04-11 17:29:00,Card,ATM,1212.09,GBP,L004,ES,Individual,Transfer,1,DE,0,Verified
T0002645,C00225,B006,2025-04-11 17:33:00,Card,Mobile,2926.53,GBP,L009,CA,Own Account,Transfer,2,IE,0,Verified
T0004181,C00215,B002,2025-04-11 19:18:00,Transfer,Branch,212.81,GBP,L001,GB,Individual,Payment,1,DE,0,Review Required
T0003665,C00156,B008,2025-04-11 20:51:00,Transfer,Branch,555.56,GBP,L008,US,Individual,Payment,2,DE,0,Verified
T0004748,C00204,B012,2025-04-11 20:59:00,Card,Online,772.03,GBP,L013,NG,Own Account,Cash,5,NG,0,Verified
T0003464,C00262,B007,2025-04-11 21:36:00,International Transfer,Branch,4882.57,GBP,L014,BR,Business,Payment,3,BR,0,Verified
T0005208,C00132,B002,2025-04-12 00:45:00,Card,Online,2837.83,GBP,L002,FR,Individual,Payment,1,SG,0,Verified
T0005190,C00033,B003,2025-04-12 00:49:00,International Transfer,Online,533.55,GBP,L020,ZA,Individual,Salary,3,TR,0,Verified
T0002348,C00188,B008,2025-04-12 01:49:00,Transfer,Branch,695.97,GBP,L004,ES,Business,Payment,1,IT,0,Verified
T0004742,C00022,B006,2025-04-12 02:11:00,Transfer,Mobile,2546.82,GBP,L015,SG,Individual,Cash,2,PL,0,Verified
T0003727,C00004,B006,2025-04-12 02:17:00,International Transfer,ATM,596.59,GBP,L004,ES,Individual,Salary,1,IT,0,Verified
T0002851,C00027,B002,2025-04-12 05:10:00,Cash Withdrawal,Mobile,4946.95,GBP,L020,ZA,Own Account,Salary,3,CH,0,Verified
T0000625,C00019,B006,2025-04-12 06:58:00,Transfer,Branch,355.01,GBP,L012,TR,Individual,Cash,4,IT,1,Verified
T0005819,C00200,B001,2025-04-12 08:30:00,Cash Deposit,Mobile,820.65,GBP,L014,BR,Business,Payment,3,IN,0,Verified
T0001938,C00165,B003,2025-04-12 12:41:00,Card,Branch,272.99,GBP,L008,US,Business,Salary,2,US,0,Review Required
T0004334,C00114,B004,2025-04-12 14:08:00,Card,Branch,145.37,GBP,L012,TR,Own Account,Cash,4,GB,0,Verified
T0003263,C00010,B011,2025-04-12 17:54:00,Transfer,Mobile,1098.93,GBP,L004,ES,Individual,Cash,1,SG,0,Verified
T0001735,C00169,B012,2025-04-12 19:33:00,Card,Online,2599.13,GBP,L007,IE,Own Account,Purchase,1,AE,0,Verified
T0004909,C00213,B010,2025-04-12 22:09:00,International Transfer,ATM,428.16,GBP,L006,NL,Individual,Transfer,1,CA,0,Review Required
T0005120,C00295,B001,2025-04-12 23:57:00,Card,Online,589.68,GBP,L002,FR,Individual,Purchase,1,CH,0,Verified
T0000947,C00289,B008,2025-04-13 03:17:00,Transfer,Branch,3268.77,GBP,L002,FR,Own Account,Purchase,1,ZA,0,Verified
T0001460,C00075,B006,2025-04-13 05:09:00,Transfer,Online,209.04,GBP,L004,ES,Individual,Transfer,1,ES,1,Verified
T0004147,C00239,B012,2025-04-13 06:29:00,Card,Mobile,5572.35,GBP,L012,TR,Individual,Transfer,4,NG,0,Verified
T0000871,C00166,B004,2025-04-13 08:04:00,Cash Withdrawal,Branch,618.24,GBP,L007,IE,Individual,Payment,1,CA,0,Verified
T0001245,C00229,B005,2025-04-13 09:26:00,Transfer,ATM,1178.71,GBP,L015,SG,Individual,Transfer,2,IT,0,Verified
T0002484,C00194,B011,2025-04-13 09:43:00,Card,Mobile,715.86,GBP,L016,HK,Own Account,Invoice,3,DE,0,Verified
T0002617,C00118,B005,2025-04-13 11:09:00,Card,Mobile,1027.92,GBP,L002,FR,Business,Invoice,1,PL,0,Verified
T0000690,C00249,B008,2025-04-13 11:30:00,Card,Online,47.88,GBP,L012,TR,Business,Transfer,4,PL,1,Verified
T0000027,C00166,B012,2025-04-13 12:39:00,Card,ATM,389.92,GBP,L006,NL,Individual,Payment,1,CA,0,Verified
T0005657,C00120,B005,2025-04-13 14:04:00,Card,Branch,1234.81,GBP,L014,BR,Individual,Salary,3,ZA,0,Verified
T0004963,C00001,B006,2025-04-13 16:20:00,Card,Mobile,217.22,GBP,L015,SG,Own Account,Transfer,2,IE,0,Verified
T0005005,C00100,B002,2025-04-13 18:42:00,Card,ATM,675.65,GBP,L019,IN,Own Account,Cash,3,SG,0,Verified
T0003838,C00166,B007,2025-04-13 19:13:00,International Transfer,Branch,320.76,GBP,L019,IN,Business,Cash,3,CA,0,Verified
T0002328,C00283,B009,2025-04-13 19:27:00,Transfer,Mobile,798.18,GBP,L003,DE,Business,Transfer,1,AU,0,Verified
T0000770,C00035,B011,2025-04-13 19:31:00,Card,Online,1751.59,GBP,L012,TR,Own Account,Salary,4,IN,0,Verified
T0004113,C00242,B003,2025-04-13 21:36:00,Card,Mobile,417.32,GBP,L012,TR,Own Account,Transfer,4,AE,0,Verified
T0001447,C00201,B012,2025-04-13 21:53:00,Transfer,ATM,540.06,GBP,L016,HK,Individual,Salary,3,GB,0,Verified
T0002509,C00284,B007,2025-04-14 03:33:00,Card,Mobile,1643.75,GBP,L018,PL,Own Account,Invoice,2,NG,0,Verified
T0003162,C00191,B002,2025-04-14 04:52:00,Cash Withdrawal,ATM,2897.47,GBP,L003,DE,Business,Salary,1,IT,1,Verified
T0003729,C00026,B009,2025-04-14 05:35:00,Cash Withdrawal,Mobile,97.01,GBP,L008,US,Own Account,Purchase,2,IT,0,Review Required
T0001459,C00104,B008,2025-04-14 05:38:00,Transfer,ATM,181.65,GBP,L016,HK,Own Account,Purchase,3,AE,0,Verified
T0004767,C00253,B006,2025-04-14 07:53:00,International Transfer,Online,807.06,GBP,L014,BR,Own Account,Purchase,3,PL,0,Verified
T0000827,C00237,B009,2025-04-14 09:58:00,Card,Online,4999.87,GBP,L002,FR,Own Account,Cash,1,SG,0,Verified
T0000990,C00154,B001,2025-04-14 11:38:00,Cash Withdrawal,Online,3098.94,GBP,L010,AU,Own Account,Payment,2,ZA,0,Verified
T0000847,C00273,B003,2025-04-14 12:11:00,Cash Deposit,Mobile,2021.15,GBP,L019,IN,Individual,Cash,3,ES,0,Verified
T0001821,C00235,B004,2025-04-14 12:56:00,Transfer,Online,897.28,GBP,L002,FR,Business,Purchase,1,IT,0,Verified
T0003043,C00004,B002,2025-04-14 13:15:00,Card,ATM,6665.9,GBP,L020,ZA,Individual,Transfer,3,IT,0,Verified
T0002191,C00092,B006,2025-04-14 13:37:00,International Transfer,Branch,522.97,GBP,L011,AE,Individual,Payment,4,ZA,0,Verified
T0000262,C00185,B011,2025-04-14 16:17:00,Transfer,ATM,408.14,GBP,L002,FR,Business,Salary,1,AE,0,Verified
T0004997,C00194,B009,2025-04-14 18:41:00,Card,Mobile,198.85,GBP,L020,ZA,Individual,Purchase,3,DE,0,Verified
T0005920,C00174,B006,2025-04-14 19:03:00,Cash Deposit,Branch,744.54,GBP,L016,HK,Individual,Salary,3,SG,0,Verified
T0002856,C00044,B001,2025-04-14 19:55:00,Card,Mobile,262.98,GBP,L001,GB,Own Account,Salary,1,PL,0,Review Required
T0003700,C00194,B001,2025-04-14 20:55:00,Card,Branch,3167.07,GBP,L014,BR,Own Account,Invoice,3,DE,0,Verified
T0004977,C00187,B008,2025-04-14 21:29:00,Card,Branch,4829.44,GBP,L020,ZA,Individual,Salary,3,BR,0,Verified
T0004781,C00283,B008,2025-04-14 22:56:00,Transfer,Branch,2253.37,GBP,L007,IE,Individual,Payment,1,AU,0,Verified
T0002316,C00173,B001,2025-04-15 02:07:00,Transfer,Mobile,304.6,GBP,L017,CH,Individual,Invoice,2,FR,0,Verified
T0000509,C00198,B008,2025-04-15 04:43:00,International Transfer,ATM,1141.92,GBP,L015,SG,Own Account,Invoice,2,BR,0,Verified
T0004960,C00191,B011,2025-04-15 05:09:00,Card,Branch,701.27,GBP,L006,NL,Business,Transfer,1,IT,1,Verified
T0003641,C00215,B001,2025-04-15 05:13:00,Card,Branch,439.99,GBP,L017,CH,Individual,Transfer,2,DE,0,Review Required
T0002421,C00018,B001,2025-04-15 09:01:00,International Transfer,Mobile,40.58,GBP,L020,ZA,Business,Invoice,3,BR,0,Verified
T0001522,C00044,B008,2025-04-15 09:09:00,Card,Branch,190.85,GBP,L012,TR,Business,Salary,4,PL,0,Review Required
T0000161,C00238,B003,2025-04-15 09:46:00,Card,ATM,260.32,GBP,L011,AE,Own Account,Invoice,4,CH,0,Review Required
T0004988,C00174,B008,2025-04-15 10:21:00,Transfer,Mobile,3417.59,GBP,L020,ZA,Business,Invoice,3,SG,0,Verified
T0001022,C00046,B005,2025-04-15 11:04:00,Card,ATM,428.97,GBP,L004,ES,Own Account,Invoice,1,NG,1,Verified
T0005269,C00090,B006,2025-04-15 11:07:00,Transfer,Online,1318.83,GBP,L014,BR,Individual,Cash,3,SG,0,Verified
T0005075,C00027,B007,2025-04-15 11:10:00,Cash Deposit,Branch,515.54,GBP,L017,CH,Business,Cash,2,CH,0,Verified
T0004955,C00054,B006,2025-04-15 11:48:00,Card,Mobile,197.59,GBP,L004,ES,Business,Payment,1,BR,0,Verified
T0001160,C00057,B007,2025-04-15 13:50:00,Card,ATM,319.05,GBP,L003,DE,Own Account,Purchase,1,DE,0,Review Required
T0005497,C00073,B012,2025-04-15 14:25:00,Transfer,Branch,741.41,GBP,L003,DE,Business,Salary,1,NL,0,Verified
T0004430,C00145,B012,2025-04-15 17:27:00,International Transfer,Online,407.65,GBP,L020,ZA,Individual,Salary,3,AU,0,Verified
T0000551,C00037,B002,2025-04-15 18:01:00,Cash Deposit,Mobile,679.09,GBP,L019,IN,Individual,Cash,3,HK,0,Verified
T0001468,C00179,B004,2025-04-15 20:36:00,Cash Withdrawal,Online,7275.74,GBP,L009,CA,Business,Purchase,2,AU,0,Verified
T0002519,C00078,B001,2025-04-15 22:02:00,International Transfer,Branch,768.35,GBP,L004,ES,Individual,Payment,1,CA,0,Verified
T0001157,C00005,B004,2025-04-15 23:59:00,Card,ATM,804.32,GBP,L001,GB,Individual,Cash,1,ES,0,Verified
T0000473,C00156,B009,2025-04-16 03:24:00,Cash Withdrawal,Online,2888.31,GBP,L019,IN,Individual,Cash,3,DE,0,Verified
T0004152,C00016,B012,2025-04-16 06:26:00,International Transfer,ATM,1978.76,GBP,L003,DE,Business,Cash,1,NG,0,Verified
T0004650,C00170,B003,2025-04-16 06:35:00,Transfer,Online,443.52,GBP,L018,PL,Own Account,Invoice,2,HK,0,Verified
T0000762,C00083,B007,2025-04-16 08:56:00,Card,Branch,754.17,GBP,L017,CH,Own Account,Payment,2,BR,0,Verified
T0004279,C00172,B002,2025-04-16 10:04:00,Card,Branch,2356.46,GBP,L019,IN,Own Account,Invoice,3,NG,0,Verified
T0003774,C00068,B009,2025-04-16 10:26:00,Transfer,Mobile,800.65,GBP,L012,TR,Own Account,Payment,4,PL,0,Verified
T0001478,C00026,B003,2025-04-16 11:34:00,Card,ATM,1432.58,GBP,L004,ES,Own Account,Cash,1,IT,0,Review Required
T0004816,C00034,B008,2025-04-16 12:25:00,Card,Branch,4530.57,GBP,L007,IE,Business,Salary,1,US,0,Verified
T0005814,C00046,B010,2025-04-16 12:44:00,International Transfer,Branch,755.45,GBP,L006,NL,Individual,Transfer,1,NG,1,Verified
T0005699,C00025,B007,2025-04-16 13:46:00,Cash Deposit,Branch,1342.3,GBP,L016,HK,Own Account,Invoice,3,CH,0,Verified
T0004347,C00227,B007,2025-04-16 14:22:00,Transfer,Branch,175.9,GBP,L008,US,Individual,Salary,2,IE,0,Verified
T0004507,C00167,B009,2025-04-16 15:21:00,Cash Deposit,Mobile,1297.23,GBP,L011,AE,Individual,Payment,4,SG,0,Verified
T0001549,C00143,B012,2025-04-16 16:58:00,Card,Branch,2244.06,GBP,L011,AE,Individual,Transfer,4,HK,0,Verified
T0005679,C00207,B001,2025-04-16 17:44:00,Card,ATM,629.46,GBP,L020,ZA,Business,Salary,3,HK,0,Verified
T0002933,C00271,B008,2025-04-16 18:25:00,Card,Mobile,238.36,GBP,L005,IT,Business,Invoice,1,NG,0,Verified
T0002260,C00273,B008,2025-04-16 18:38:00,Card,Branch,1521.34,GBP,L003,DE,Individual,Transfer,1,ES,0,Verified
T0000998,C00150,B001,2025-04-16 20:58:00,Cash Deposit,ATM,73.28,GBP,L006,NL,Business,Cash,1,FR,0,Verified
T0000751,C00260,B002,2025-04-17 03:36:00,Card,Mobile,1865.89,GBP,L003,DE,Business,Transfer,1,IN,0,Verified
T0003843,C00088,B002,2025-04-17 04:39:00,Card,ATM,440.81,GBP,L011,AE,Individual,Invoice,4,AU,0,Verified
T0001569,C00225,B009,2025-04-17 05:24:00,Transfer,Mobile,1067.47,GBP,L009,CA,Individual,Cash,2,IE,0,Verified
T0001896,C00297,B008,2025-04-17 05:27:00,Cash Withdrawal,ATM,471.97,GBP,L014,BR,Individual,Cash,3,HK,0,Verified
T0005276,C00033,B004,2025-04-17 06:11:00,Card,ATM,157.97,GBP,L018,PL,Business,Cash,2,TR,0,Verified
T0001992,C00213,B012,2025-04-17 06:22:00,Transfer,Online,1464.59,GBP,L010,AU,Own Account,Salary,2,CA,0,Review Required
T0003042,C00039,B005,2025-04-17 07:58:00,Transfer,Online,440.97,GBP,L004,ES,Business,Payment,1,BR,0,Verified
T0002293,C00079,B010,2025-04-17 11:54:00,Card,Mobile,2247.67,GBP,L016,HK,Individual,Salary,3,PL,0,Verified
T0000532,C00169,B010,2025-04-17 12:16:00,Card,ATM,864.52,GBP,L008,US,Individual,Payment,2,AE,0,Verified
T0002183,C00106,B001,2025-04-17 16:18:00,Transfer,Online,510.81,GBP,L010,AU,Business,Salary,2,BR,0,Verified
T0000455,C00025,B003,2025-04-17 16:38:00,Card,ATM,3090.48,GBP,L006,NL,Individual,Invoice,1,CH,0,Verified
T0002973,C00099,B006,2025-04-17 17:55:00,Card,Branch,141.59,GBP,L007,IE,Own Account,Transfer,1,SG,0,Verified
T0002664,C00010,B003,2025-04-17 18:35:00,Cash Withdrawal,Mobile,499.94,GBP,L019,IN,Own Account,Payment,3,SG,0,Verified
T0004355,C00003,B001,2025-04-17 21:27:00,Transfer,ATM,3155.69,GBP,L002,FR,Business,Purchase,1,GB,0,Verified
T0004198,C00276,B003,2025-04-17 21:30:00,Card,Online,94.73,GBP,L010,AU,Own Account,Payment,2,TR,0,Verified
T0002579,C00241,B004,2025-04-18 00:32:00,Transfer,Online,105.65,GBP,L010,AU,Individual,Payment,2,DE,0,Verified
T0001939,C00115,B001,2025-04-18 00:46:00,Card,Mobile,4979.93,GBP,L008,US,Own Account,Cash,2,NL,0,Verified
T0002670,C00129,B010,2025-04-18 00:50:00,Card,Mobile,4757.77,GBP,L019,IN,Business,Transfer,3,BR,0,Verified
T0002477,C00192,B008,2025-04-18 00:52:00,Card,Online,295.91,GBP,L006,NL,Own Account,Salary,1,NG,0,Verified
T0003985,C00231,B011,2025-04-18 02:59:00,Card,Mobile,628.89,GBP,L010,AU,Business,Cash,2,IT,0,Verified
T0001046,C00136,B003,2025-04-18 04:02:00,Card,Branch,1349.05,GBP,L008,US,Individual,Cash,2,IE,0,Verified
T0003798,C00202,B001,2025-04-18 07:01:00,Card,Branch,511.8,GBP,L016,HK,Business,Purchase,3,NL,0,Verified
T0002002,C00109,B009,2025-04-18 09:16:00,Card,Online,515.0,GBP,L005,IT,Business,Cash,1,NG,0,Verified
T0001869,C00151,B008,2025-04-18 09:46:00,International Transfer,Mobile,702.72,GBP,L013,NG,Individual,Purchase,5,US,0,Verified
T0003124,C00006,B007,2025-04-18 10:34:00,Transfer,Online,255.57,GBP,L003,DE,Business,Invoice,1,FR,0,Review Required
T0002684,C00271,B004,2025-04-18 14:41:00,Card,ATM,130.82,GBP,L012,TR,Business,Invoice,4,NG,0,Verified
T0001503,C00034,B001,2025-04-18 14:43:00,Card,Branch,2169.45,GBP,L003,DE,Business,Salary,1,US,0,Verified
T0002868,C00218,B006,2025-04-18 18:09:00,Card,Mobile,417.63,GBP,L002,FR,Individual,Cash,1,TR,0,Verified
T0001291,C00200,B005,2025-04-18 18:15:00,Card,Branch,1324.16,GBP,L015,SG,Own Account,Transfer,2,IN,0,Verified
T0003229,C00249,B009,2025-04-18 18:17:00,Transfer,Mobile,138.88,GBP,L018,PL,Business,Purchase,2,PL,1,Verified
T0003716,C00158,B008,2025-04-18 19:08:00,Card,ATM,7068.95,GBP,L015,SG,Business,Salary,2,SG,0,Verified
T0000839,C00011,B002,2025-04-18 21:19:00,Cash Withdrawal,Mobile,634.0,GBP,L020,ZA,Own Account,Transfer,3,IE,0,Verified
T0005432,C00009,B004,2025-04-18 23:51:00,International Transfer,Mobile,1931.55,GBP,L017,CH,Individual,Payment,2,AU,0,Verified
T0005567,C00222,B007,2025-04-19 00:20:00,Transfer,Mobile,1153.67,GBP,L011,AE,Business,Payment,4,US,0,Verified
T0005256,C00218,B011,2025-04-19 00:28:00,Transfer,ATM,1705.48,GBP,L003,DE,Own Account,Purchase,1,TR,0,Verified
T0004376,C00241,B007,2025-04-19 01:45:00,Transfer,Mobile,2745.68,GBP,L006,NL,Individual,Salary,1,DE,0,Verified
T0002488,C00007,B002,2025-04-19 03:26:00,International Transfer,Branch,1075.77,GBP,L009,CA,Individual,Payment,2,NG,0,Verified
T0000222,C00299,B007,2025-04-19 03:35:00,Card,ATM,1287.58,GBP,L013,NG,Business,Invoice,5,AE,0,Verified
T0004729,C00083,B006,2025-04-19 06:53:00,Card,ATM,642.18,GBP,L010,AU,Own Account,Invoice,2,BR,0,Verified
T0004298,C00263,B005,2025-04-19 07:00:00,International Transfer,ATM,458.07,GBP,L003,DE,Business,Purchase,1,CH,0,Verified
T0005483,C00225,B005,2025-04-19 08:25:00,Transfer,Online,2280.02,GBP,L015,SG,Own Account,Salary,2,IE,0,Verified
T0002598,C00240,B004,2025-04-19 08:25:00,International Transfer,Online,293.85,GBP,L018,PL,Own Account,Cash,2,SG,0,Verified
T0005961,C00180,B010,2025-04-19 08:35:00,Card,Branch,1103.42,GBP,L016,HK,Business,Transfer,3,HK,0,Verified
T0004202,C00236,B004,2025-04-19 11:43:00,Transfer,Mobile,391.06,GBP,L020,ZA,Own Account,Invoice,3,HK,0,Verified
T0004256,C00169,B007,2025-04-19 14:59:00,Cash Withdrawal,Online,1090.13,GBP,L005,IT,Business,Invoice,1,AE,0,Verified
T0001416,C00078,B009,2025-04-19 15:08:00,Card,Online,413.82,GBP,L004,ES,Individual,Salary,1,CA,0,Verified
T0003023,C00119,B004,2025-04-19 16:53:00,Transfer,Mobile,195.22,GBP,L020,ZA,Own Account,Purchase,3,FR,0,Verified
T0004556,C00218,B004,2025-04-19 17:13:00,Transfer,Mobile,733.78,GBP,L005,IT,Own Account,Transfer,1,TR,0,Verified
T0002474,C00251,B009,2025-04-19 17:40:00,Cash Deposit,ATM,3258.13,GBP,L019,IN,Individual,Purchase,3,ZA,0,Verified
T0000775,C00013,B001,2025-04-19 18:02:00,Card,Online,303.41,GBP,L002,FR,Own Account,Purchase,1,PL,0,Verified
T0005553,C00122,B007,2025-04-19 22:19:00,Cash Withdrawal,Online,5197.67,GBP,L011,AE,Own Account,Cash,4,NL,0,Review Required
T0004498,C00027,B004,2025-04-19 22:31:00,Cash Withdrawal,Online,3830.34,GBP,L013,NG,Individual,Purchase,5,CH,0,Verified
T0002491,C00060,B007,2025-04-19 23:27:00,Cash Deposit,Online,3369.4,GBP,L002,FR,Own Account,Purchase,1,SG,0,Review Required
T0003466,C00236,B012,2025-04-20 01:10:00,Transfer,Mobile,720.91,GBP,L012,TR,Individual,Salary,4,HK,0,Verified
T0004159,C00121,B004,2025-04-20 03:38:00,Transfer,Online,294.38,GBP,L013,NG,Business,Invoice,5,IN,0,Verified
T0004013,C00294,B005,2025-04-20 07:06:00,Card,ATM,600.04,GBP,L002,FR,Business,Invoice,1,DE,0,Verified
T0002239,C00123,B012,2025-04-20 09:48:00,Card,ATM,123.39,GBP,L005,IT,Own Account,Transfer,1,ES,0,Verified
T0005842,C00204,B001,2025-04-20 11:51:00,Card,Online,715.72,GBP,L012,TR,Own Account,Invoice,4,NG,0,Verified
T0004010,C00297,B005,2025-04-20 13:04:00,Transfer,Online,164.97,GBP,L020,ZA,Individual,Salary,3,HK,0,Verified
T0004572,C00186,B002,2025-04-20 13:08:00,Card,Online,595.84,GBP,L011,AE,Own Account,Invoice,4,AE,0,Verified
T0000594,C00193,B010,2025-04-20 18:14:00,Card,ATM,280.05,GBP,L020,ZA,Business,Salary,3,AE,0,Verified
T0004878,C00240,B004,2025-04-20 18:23:00,Transfer,Online,237.48,GBP,L014,BR,Business,Salary,3,SG,0,Verified
T0005138,C00032,B001,2025-04-20 20:59:00,Card,Online,658.92,GBP,L003,DE,Business,Transfer,1,PL,0,Verified
T0004140,C00150,B008,2025-04-20 22:04:00,Transfer,ATM,1472.74,GBP,L007,IE,Own Account,Transfer,1,FR,0,Verified
T0002848,C00163,B001,2025-04-20 23:41:00,Transfer,Online,486.65,GBP,L013,NG,Business,Invoice,5,CH,0,Verified
T0001020,C00108,B012,2025-04-20 23:51:00,International Transfer,Online,10816.27,GBP,L018,PL,Business,Salary,2,IN,0,Verified
T0003584,C00201,B010,2025-04-21 02:07:00,Card,ATM,200.6,GBP,L014,BR,Own Account,Invoice,3,GB,0,Verified
T0000155,C00062,B009,2025-04-21 03:27:00,International Transfer,ATM,757.96,GBP,L011,AE,Individual,Cash,4,ES,0,Verified
T0004178,C00047,B004,2025-04-21 04:28:00,Cash Deposit,ATM,2071.56,GBP,L016,HK,Own Account,Cash,3,NG,0,Verified
T0001342,C00140,B007,2025-04-21 05:41:00,Card,ATM,432.38,GBP,L005,IT,Individual,Purchase,1,PL,0,Verified
T0003386,C00080,B010,2025-04-21 07:18:00,Card,Branch,366.81,GBP,L004,ES,Business,Invoice,1,CA,0,Verified
T0000035,C00226,B008,2025-04-21 09:43:00,International Transfer,ATM,4017.74,GBP,L004,ES,Own Account,Salary,1,TR,0,Verified
T0000210,C00005,B006,2025-04-21 13:58:00,Transfer,ATM,104.37,GBP,L015,SG,Own Account,Cash,2,ES,0,Verified
T0002386,C00248,B010,2025-04-21 14:04:00,Transfer,Online,1480.72,GBP,L006,NL,Own Account,Transfer,1,DE,0,Verified
T0004365,C00258,B007,2025-04-21 15:21:00,Cash Withdrawal,Online,369.35,GBP,L001,GB,Own Account,Payment,1,GB,0,Verified
T0005084,C00218,B009,2025-04-21 15:51:00,Card,Mobile,259.47,GBP,L014,BR,Own Account,Salary,3,TR,0,Verified
T0003147,C00092,B007,2025-04-21 16:01:00,Transfer,Mobile,332.02,GBP,L008,US,Individual,Purchase,2,ZA,0,Verified
T0002786,C00190,B001,2025-04-21 23:30:00,Transfer,Branch,525.47,GBP,L012,TR,Individual,Transfer,4,SG,0,Verified
T0001966,C00026,B002,2025-04-22 00:13:00,Transfer,Mobile,503.78,GBP,L007,IE,Business,Cash,1,IT,0,Review Required
T0003957,C00095,B006,2025-04-22 02:40:00,Card,Mobile,3621.49,GBP,L003,DE,Individual,Cash,1,IN,0,Verified
T0001881,C00260,B002,2025-04-22 03:54:00,Card,Online,1610.59,GBP,L005,IT,Own Account,Invoice,1,IN,0,Verified
T0003561,C00253,B012,2025-04-22 04:36:00,Card,Online,964.27,GBP,L004,ES,Own Account,Invoice,1,PL,0,Verified
T0000898,C00180,B010,2025-04-22 04:40:00,Card,Branch,389.72,GBP,L009,CA,Individual,Invoice,2,HK,0,Verified
T0002454,C00107,B007,2025-04-22 09:56:00,Transfer,Mobile,748.0,GBP,L017,CH,Business,Payment,2,BR,0,Verified
T0005948,C00035,B002,2025-04-22 12:03:00,International Transfer,ATM,627.05,GBP,L019,IN,Own Account,Purchase,3,IN,0,Verified
T0003502,C00258,B008,2025-04-22 14:54:00,Card,Mobile,523.83,GBP,L007,IE,Own Account,Transfer,1,GB,0,Verified
T0004728,C00072,B010,2025-04-22 15:19:00,International Transfer,Online,647.26,GBP,L013,NG,Own Account,Invoice,5,BR,0,Verified
T0004853,C00160,B008,2025-04-22 18:57:00,International Transfer,Branch,461.38,GBP,L001,GB,Own Account,Invoice,1,US,0,Verified
T0005773,C00114,B008,2025-04-22 20:47:00,Card,ATM,1570.21,GBP,L020,ZA,Individual,Purchase,3,GB,0,Verified
T0002075,C00167,B001,2025-04-22 22:00:00,Card,Online,1419.2,GBP,L010,AU,Business,Payment,2,SG,0,Verified
T0002461,C00167,B011,2025-04-22 23:18:00,Cash Withdrawal,Mobile,2634.29,GBP,L020,ZA,Business,Payment,3,SG,0,Verified
T0002395,C00118,B007,2025-04-22 23:44:00,International Transfer,Online,359.25,GBP,L012,TR,Individual,Transfer,4,PL,0,Verified
T0004626,C00105,B010,2025-04-23 00:33:00,International Transfer,ATM,997.29,GBP,L013,NG,Own Account,Invoice,5,US,0,Verified
T0003784,C00277,B004,2025-04-23 02:19:00,Card,Mobile,461.43,GBP,L020,ZA,Business,Invoice,3,CA,0,Verified
T0000657,C00127,B002,2025-04-23 03:41:00,International Transfer,Mobile,1521.24,GBP,L008,US,Own Account,Cash,2,TR,0,Verified
T0002532,C00048,B006,2025-04-23 06:06:00,Transfer,ATM,129.49,GBP,L012,TR,Business,Transfer,4,PL,0,Verified
T0001209,C00110,B006,2025-04-23 06:39:00,Card,Branch,1162.2,GBP,L017,CH,Business,Salary,2,PL,0,Verified
T0000599,C00051,B004,2025-04-23 08:37:00,Transfer,Mobile,545.42,GBP,L015,SG,Individual,Purchase,2,CH,0,Verified
T0005304,C00115,B001,2025-04-23 13:24:00,Cash Withdrawal,ATM,1653.17,GBP,L005,IT,Own Account,Transfer,1,NL,0,Verified
T0002179,C00176,B002,2025-04-23 13:56:00,Transfer,Mobile,1723.09,GBP,L013,NG,Individual,Purchase,5,ZA,0,Verified
T0003174,C00225,B003,2025-04-23 17:31:00,Card,Online,2545.22,GBP,L001,GB,Individual,Payment,1,IE,0,Verified
T0000582,C00135,B004,2025-04-23 21:23:00,Transfer,Branch,120.98,GBP,L008,US,Own Account,Cash,2,ZA,0,Verified
T0003997,C00116,B001,2025-04-23 21:25:00,Transfer,Online,601.04,GBP,L015,SG,Business,Payment,2,AE,0,Verified
T0001163,C00171,B010,2025-04-23 23:42:00,Transfer,Mobile,2484.58,GBP,L017,CH,Own Account,Invoice,2,DE,0,Review Required
T0005700,C00243,B012,2025-04-24 00:24:00,Card,ATM,7358.24,GBP,L017,CH,Business,Invoice,2,CH,0,Verified
T0003396,C00123,B008,2025-04-24 03:19:00,International Transfer,Mobile,373.77,GBP,L003,DE,Business,Cash,1,ES,0,Verified
T0000958,C00170,B003,2025-04-24 03:37:00,Card,Online,1651.16,GBP,L002,FR,Individual,Invoice,1,HK,0,Verified
T0002344,C00245,B005,2025-04-24 04:57:00,Card,Mobile,47.35,GBP,L017,CH,Business,Transfer,2,US,0,Verified
T0005749,C00102,B006,2025-04-24 05:07:00,Transfer,ATM,550.05,GBP,L020,ZA,Own Account,Purchase,3,US,0,Verified
T0003816,C00159,B012,2025-04-24 07:03:00,International Transfer,Mobile,1088.24,GBP,L018,PL,Own Account,Salary,2,IN,0,Verified
T0002296,C00150,B002,2025-04-24 07:18:00,Card,Online,221.09,GBP,L015,SG,Individual,Purchase,2,FR,0,Verified
T0005007,C00214,B008,2025-04-24 07:22:00,Card,Mobile,1938.74,GBP,L009,CA,Own Account,Payment,2,AU,0,Verified
T0002368,C00297,B008,2025-04-24 09:51:00,Cash Withdrawal,Branch,198.62,GBP,L005,IT,Individual,Transfer,1,HK,0,Verified
T0001656,C00003,B002,2025-04-24 11:49:00,Card,Online,1492.23,GBP,L015,SG,Individual,Purchase,2,GB,0,Verified
T0001591,C00196,B012,2025-04-24 12:34:00,Card,ATM,1284.38,GBP,L007,IE,Own Account,Payment,1,AU,0,Verified
T0002287,C00079,B004,2025-04-24 12:53:00,Transfer,Branch,36.36,GBP,L015,SG,Own Account,Salary,2,PL,0,Verified
T0001514,C00259,B005,2025-04-24 13:02:00,Cash Deposit,Online,5520.52,GBP,L006,NL,Own Account,Payment,1,SG,0,Verified
T0003488,C00130,B010,2025-04-24 13:31:00,Cash Deposit,Mobile,253.09,GBP,L008,US,Business,Purchase,2,PL,0,Verified
T0003011,C00264,B003,2025-04-24 15:12:00,Transfer,Mobile,229.83,GBP,L014,BR,Own Account,Invoice,3,IN,1,Verified
T0004326,C00140,B004,2025-04-24 15:22:00,Card,Mobile,3630.57,GBP,L012,TR,Individual,Cash,4,PL,0,Verified
T0003448,C00221,B002,2025-04-24 19:40:00,Transfer,Mobile,395.76,GBP,L002,FR,Business,Purchase,1,FR,0,Verified
T0004131,C00035,B005,2025-04-24 21:21:00,Card,ATM,1245.75,GBP,L004,ES,Own Account,Transfer,1,IN,0,Verified
T0001803,C00211,B006,2025-04-24 21:36:00,Card,Online,440.74,GBP,L018,PL,Individual,Invoice,2,AE,1,Verified
T0003275,C00085,B003,2025-04-24 21:40:00,Card,Mobile,179.41,GBP,L013,NG,Business,Invoice,5,ES,0,Verified
T0000349,C00217,B007,2025-04-24 22:59:00,Card,Mobile,460.8,GBP,L011,AE,Business,Cash,4,ES,0,Verified
T0005766,C00221,B009,2025-04-25 01:29:00,Card,ATM,1336.14,GBP,L006,NL,Own Account,Payment,1,FR,0,Verified
T0000778,C00286,B004,2025-04-25 02:52:00,International Transfer,Online,2583.03,GBP,L003,DE,Own Account,Salary,1,IT,0,Verified
T0003385,C00272,B003,2025-04-25 05:17:00,Card,Mobile,377.06,GBP,L018,PL,Individual,Payment,2,ZA,0,Verified
T0003742,C00278,B008,2025-04-25 05:18:00,Card,Online,360.74,GBP,L004,ES,Individual,Transfer,1,DE,0,Verified
T0004276,C00229,B012,2025-04-25 06:07:00,Card,Online,828.62,GBP,L005,IT,Business,Purchase,1,IT,0,Verified
T0002707,C00219,B005,2025-04-25 06:19:00,Transfer,Mobile,2164.15,GBP,L005,IT,Individual,Salary,1,PL,0,Verified
T0004320,C00180,B002,2025-04-25 06:32:00,Card,Mobile,487.81,GBP,L006,NL,Own Account,Transfer,1,HK,0,Verified
T0005238,C00167,B007,2025-04-25 06:32:00,Card,Mobile,639.79,GBP,L004,ES,Own Account,Salary,1,SG,0,Verified
T0004302,C00120,B007,2025-04-25 10:19:00,Transfer,ATM,3108.64,GBP,L007,IE,Business,Payment,1,ZA,0,Verified
T0001764,C00250,B003,2025-04-25 13:13:00,Transfer,Mobile,472.15,GBP,L005,IT,Business,Salary,1,ES,0,Review Required
T0003403,C00233,B009,2025-04-25 13:46:00,International Transfer,ATM,2792.73,GBP,L007,IE,Individual,Cash,1,ES,0,Verified
T0003060,C00081,B008,2025-04-25 14:04:00,Card,Branch,90.55,GBP,L014,BR,Own Account,Payment,3,BR,0,Verified
T0001621,C00091,B006,2025-04-25 16:43:00,Transfer,Mobile,6219.15,GBP,L005,IT,Business,Salary,1,NL,0,Verified
T0000618,C00031,B002,2025-04-25 16:54:00,Transfer,Online,3293.36,GBP,L013,NG,Business,Invoice,5,NL,0,Review Required
T0002902,C00140,B003,2025-04-25 19:43:00,Transfer,Branch,641.45,GBP,L009,CA,Business,Payment,2,PL,0,Verified
T0000404,C00240,B007,2025-04-25 19:44:00,Transfer,Online,1389.15,GBP,L019,IN,Individual,Transfer,3,SG,0,Verified
T0000704,C00230,B006,2025-04-25 20:00:00,Transfer,Branch,373.07,GBP,L009,CA,Individual,Salary,2,PL,0,Verified
T0000994,C00104,B004,2025-04-25 22:35:00,Transfer,Online,376.8,GBP,L019,IN,Own Account,Payment,3,AE,0,Verified
T0002387,C00167,B001,2025-04-25 23:10:00,Card,Branch,731.75,GBP,L001,GB,Business,Payment,1,SG,0,Verified
T0005698,C00191,B012,2025-04-25 23:16:00,Transfer,Mobile,1303.08,GBP,L010,AU,Own Account,Cash,2,IT,1,Verified
T0005324,C00142,B001,2025-04-26 00:14:00,Cash Deposit,ATM,453.18,GBP,L013,NG,Individual,Transfer,5,PL,0,Verified
T0005941,C00217,B010,2025-04-26 04:16:00,Card,Branch,220.61,GBP,L011,AE,Individual,Payment,4,ES,0,Verified
T0002095,C00184,B009,2025-04-26 07:44:00,Transfer,Online,598.64,GBP,L011,AE,Own Account,Invoice,4,HK,0,Verified
T0002843,C00280,B010,2025-04-26 09:58:00,International Transfer,ATM,315.78,GBP,L018,PL,Business,Salary,2,AE,0,Verified
T0006079,C00098,B010,2025-04-26 11:22:00,Cash Deposit,Branch,9161.06,GBP,L018,PL,Own Account,Cash Deposit,2,US,0,Verified
T0006080,C00098,B010,2025-04-26 11:57:00,Cash Deposit,Branch,9369.11,GBP,L008,US,Own Account,Cash Deposit,2,US,0,Verified
T0006081,C00098,B010,2025-04-26 12:32:00,Cash Deposit,Branch,9086.91,GBP,L020,ZA,Own Account,Cash Deposit,3,US,0,Verified
T0006082,C00098,B010,2025-04-26 13:07:00,Cash Deposit,Branch,9674.86,GBP,L012,TR,Own Account,Cash Deposit,4,US,0,Verified
T0001823,C00041,B012,2025-04-26 13:42:00,Cash Deposit,Mobile,1258.09,GBP,L009,CA,Individual,Payment,2,AE,0,Verified
T0006083,C00098,B010,2025-04-26 13:42:00,Cash Deposit,Branch,8854.03,GBP,L012,TR,Own Account,Cash Deposit,4,US,0,Verified
T0006084,C00098,B010,2025-04-26 14:17:00,Cash Deposit,Branch,9468.99,GBP,L018,PL,Own Account,Cash Deposit,2,US,0,Verified
T0001037,C00165,B006,2025-04-26 14:28:00,Transfer,ATM,3361.82,GBP,L009,CA,Business,Cash,2,US,0,Review Required
T0006085,C00098,B010,2025-04-26 14:52:00,Cash Deposit,Branch,9680.49,GBP,L009,CA,Own Account,Cash Deposit,2,US,0,Verified
T0006086,C00098,B010,2025-04-26 15:27:00,Cash Deposit,Branch,8074.48,GBP,L005,IT,Own Account,Cash Deposit,1,US,0,Verified
T0005062,C00192,B007,2025-04-26 15:48:00,Card,Branch,1383.83,GBP,L012,TR,Individual,Payment,4,NG,0,Verified
T0000529,C00036,B004,2025-04-26 18:07:00,Transfer,Online,226.52,GBP,L002,FR,Business,Payment,1,FR,0,Verified
T0003600,C00211,B012,2025-04-26 22:40:00,Card,Mobile,1562.94,GBP,L015,SG,Own Account,Transfer,2,AE,1,Verified
T0001119,C00142,B004,2025-04-27 00:02:00,Cash Withdrawal,Online,7874.0,GBP,L015,SG,Business,Transfer,2,PL,0,Verified
T0005127,C00159,B008,2025-04-27 01:01:00,Cash Deposit,Branch,177.99,GBP,L014,BR,Individual,Salary,3,IN,0,Verified
T0004329,C00288,B005,2025-04-27 01:50:00,Card,Online,714.4,GBP,L013,NG,Own Account,Salary,5,FR,0,Verified
T0001945,C00167,B012,2025-04-27 02:02:00,Card,ATM,583.64,GBP,L004,ES,Individual,Purchase,1,SG,0,Verified
T0001057,C00232,B008,2025-04-27 02:56:00,Card,Online,1043.55,GBP,L011,AE,Own Account,Payment,4,IT,0,Verified
T0001818,C00161,B012,2025-04-27 06:47:00,International Transfer,Branch,2248.74,GBP,L004,ES,Individual,Transfer,1,NL,0,Verified
T0002558,C00148,B001,2025-04-27 06:53:00,Card,Mobile,1444.17,GBP,L012,TR,Business,Transfer,4,NL,0,Verified
T0005559,C00092,B002,2025-04-27 10:51:00,Card,Online,217.88,GBP,L006,NL,Business,Transfer,1,ZA,0,Verified
T0005449,C00206,B002,2025-04-27 13:03:00,Card,Mobile,3305.14,GBP,L013,NG,Own Account,Salary,5,NG,0,Verified
T0002126,C00102,B009,2025-04-27 13:50:00,International Transfer,Branch,732.34,GBP,L010,AU,Business,Payment,2,US,0,Verified
T0003529,C00063,B010,2025-04-27 15:33:00,Transfer,ATM,5448.69,GBP,L009,CA,Individual,Transfer,2,ES,0,Verified
T0005632,C00004,B007,2025-04-27 16:23:00,Card,Branch,489.69,GBP,L005,IT,Individual,Transfer,1,IT,0,Verified
T0003849,C00281,B012,2025-04-27 16:41:00,Transfer,Mobile,627.7,GBP,L009,CA,Individual,Cash,2,AU,0,Verified
T0002327,C00108,B006,2025-04-27 18:03:00,Cash Withdrawal,Branch,1520.82,GBP,L006,NL,Business,Transfer,1,IN,0,Verified
T0001920,C00039,B004,2025-04-27 20:18:00,Card,Mobile,663.25,GBP,L009,CA,Individual,Salary,2,BR,0,Verified
T0005425,C00273,B001,2025-04-27 21:36:00,Cash Deposit,Mobile,633.75,GBP,L011,AE,Business,Cash,4,ES,0,Verified
T0000107,C00196,B011,2025-04-27 22:40:00,Card,Online,402.33,GBP,L004,ES,Own Account,Cash,1,AU,0,Verified
T0000048,C00093,B008,2025-04-27 23:30:00,Card,ATM,2957.95,GBP,L002,FR,Own Account,Payment,1,IE,0,Review Required
T0002904,C00294,B001,2025-04-27 23:50:00,Cash Deposit,Online,447.18,GBP,L006,NL,Business,Salary,1,DE,0,Verified
T0001952,C00291,B005,2025-04-28 00:18:00,Card,ATM,352.96,GBP,L014,BR,Individual,Payment,3,ES,0,Verified
T0000790,C00019,B003,2025-04-28 01:05:00,Card,ATM,4148.91,GBP,L001,GB,Business,Salary,1,IT,1,Verified
T0000318,C00289,B004,2025-04-28 02:38:00,Cash Deposit,Branch,1313.67,GBP,L001,GB,Business,Purchase,1,ZA,0,Verified
T0001325,C00103,B011,2025-04-28 02:52:00,Transfer,Online,6775.45,GBP,L005,IT,Own Account,Invoice,1,US,0,Verified
T0002430,C00105,B011,2025-04-28 05:44:00,Card,ATM,1045.69,GBP,L010,AU,Business,Purchase,2,US,0,Verified
T0004962,C00066,B011,2025-04-28 06:49:00,Transfer,Branch,1213.65,GBP,L004,ES,Business,Salary,1,CA,0,Verified
T0004145,C00190,B002,2025-04-28 07:50:00,Card,Online,573.39,GBP,L008,US,Own Account,Payment,2,SG,0,Verified
T0000075,C00281,B005,2025-04-28 08:44:00,Transfer,ATM,4052.16,GBP,L008,US,Business,Payment,2,AU,0,Verified
T0004889,C00186,B002,2025-04-28 09:55:00,Cash Withdrawal,Branch,574.18,GBP,L003,DE,Business,Salary,1,AE,0,Verified
T0002419,C00269,B001,2025-04-28 11:55:00,Card,Online,516.69,GBP,L003,DE,Own Account,Purchase,1,FR,1,Verified
T0001606,C00263,B011,2025-04-28 11:57:00,Cash Withdrawal,Branch,1357.88,GBP,L005,IT,Business,Payment,1,CH,0,Verified
T0001001,C00183,B010,2025-04-28 12:24:00,Card,ATM,935.74,GBP,L004,ES,Own Account,Payment,1,AU,0,Review Required
T0001397,C00096,B009,2025-04-28 15:39:00,Card,Online,558.12,GBP,L019,IN,Business,Salary,3,IT,0,Verified
T0004503,C00085,B012,2025-04-28 22:13:00,Card,Mobile,4519.32,GBP,L019,IN,Own Account,Invoice,3,ES,0,Verified
T0001357,C00252,B007,2025-04-28 23:57:00,International Transfer,Branch,873.31,GBP,L018,PL,Individual,Salary,2,IT,1,Verified
T0002215,C00218,B012,2025-04-29 01:49:00,International Transfer,Mobile,303.56,GBP,L017,CH,Individual,Payment,2,TR,0,Verified
T0003150,C00083,B007,2025-04-29 04:01:00,Cash Withdrawal,Branch,732.46,GBP,L010,AU,Individual,Salary,2,BR,0,Verified
T0000377,C00031,B011,2025-04-29 05:22:00,Card,Mobile,225.31,GBP,L011,AE,Individual,Transfer,4,NL,0,Review Required
T0000114,C00063,B005,2025-04-29 05:41:00,Card,Mobile,463.94,GBP,L002,FR,Business,Cash,1,ES,0,Verified
T0001000,C00022,B012,2025-04-29 06:44:00,Card,ATM,389.99,GBP,L004,ES,Individual,Salary,1,PL,0,Verified
T0004532,C00184,B011,2025-04-29 07:19:00,International Transfer,ATM,189.23,GBP,L011,AE,Business,Transfer,4,HK,0,Verified
T0001025,C00076,B010,2025-04-29 08:18:00,Cash Withdrawal,ATM,1948.5,GBP,L010,AU,Individual,Transfer,2,SG,0,Verified
T0004518,C00032,B012,2025-04-29 09:21:00,Cash Withdrawal,ATM,582.6,GBP,L006,NL,Business,Transfer,1,PL,0,Verified
T0003746,C00247,B004,2025-04-29 09:31:00,International Transfer,Mobile,3347.31,GBP,L018,PL,Business,Transfer,2,IT,0,Verified
T0004223,C00051,B012,2025-04-29 11:15:00,Cash Deposit,ATM,288.05,GBP,L011,AE,Business,Payment,4,CH,0,Verified
T0002665,C00188,B010,2025-04-29 11:21:00,Card,Branch,2327.99,GBP,L011,AE,Business,Invoice,4,IT,0,Verified
T0006054,C00244,B012,2025-04-29 15:50:00,International Transfer,Online,17201.61,GBP,L011,AE,Business,International Transfer,4,PL,0,Verified
T0003634,C00244,B001,2025-04-29 16:17:00,Card,Mobile,187.16,GBP,L009,CA,Individual,Cash,2,PL,0,Verified
T0005197,C00079,B009,2025-04-29 17:42:00,International Transfer,ATM,15198.1,GBP,L011,AE,Business,Salary,4,PL,0,Verified
T0006055,C00244,B012,2025-04-29 17:50:00,International Transfer,Online,23990.62,GBP,L012,TR,Business,International Transfer,4,PL,0,Verified
T0006056,C00244,B012,2025-04-29 19:50:00,International Transfer,Online,38896.71,GBP,L013,NG,Business,International Transfer,5,PL,0,Verified
T0000542,C00150,B002,2025-04-29 21:50:00,Card,Branch,85.04,GBP,L013,NG,Own Account,Cash,5,FR,0,Verified
T0006057,C00244,B012,2025-04-29 21:50:00,International Transfer,Online,16344.45,GBP,L011,AE,Business,International Transfer,4,PL,0,Verified
T0003242,C00300,B001,2025-04-29 23:19:00,Card,Online,2347.37,GBP,L015,SG,Own Account,Transfer,2,IT,0,Verified
T0006058,C00244,B012,2025-04-29 23:50:00,International Transfer,Online,33052.19,GBP,L011,AE,Business,International Transfer,4,PL,0,Verified
T0005198,C00007,B009,2025-04-30 00:19:00,Card,ATM,583.76,GBP,L001,GB,Individual,Salary,1,NG,0,Verified
T0003615,C00053,B005,2025-04-30 04:34:00,Card,Online,857.01,GBP,L002,FR,Individual,Transfer,1,IN,0,Verified
T0005303,C00282,B006,2025-04-30 06:18:00,Transfer,Branch,612.5,GBP,L017,CH,Business,Invoice,2,DE,0,Verified
T0005492,C00171,B007,2025-04-30 07:50:00,Cash Deposit,Mobile,566.38,GBP,L001,GB,Individual,Purchase,1,DE,0,Review Required
T0001442,C00054,B007,2025-04-30 08:02:00,Card,Online,1429.26,GBP,L015,SG,Own Account,Transfer,2,BR,0,Verified
T0004806,C00144,B005,2025-04-30 08:12:00,Transfer,Online,988.51,GBP,L019,IN,Business,Transfer,3,ES,0,Verified
T0005980,C00041,B011,2025-04-30 10:00:00,International Transfer,ATM,1392.71,GBP,L011,AE,Individual,Purchase,4,AE,0,Verified
T0001179,C00073,B005,2025-04-30 11:36:00,Card,ATM,1180.16,GBP,L018,PL,Own Account,Salary,2,NL,0,Verified
T0001426,C00241,B001,2025-04-30 14:05:00,International Transfer,Mobile,1610.77,GBP,L019,IN,Business,Salary,3,DE,0,Verified
T0005914,C00277,B009,2025-04-30 14:13:00,Card,Branch,2670.18,GBP,L013,NG,Business,Salary,5,CA,0,Verified
T0003703,C00190,B012,2025-04-30 15:57:00,Card,Mobile,758.02,GBP,L007,IE,Individual,Transfer,1,SG,0,Verified
T0000401,C00295,B005,2025-04-30 16:36:00,Card,ATM,1303.57,GBP,L007,IE,Individual,Transfer,1,CH,0,Verified
T0003871,C00217,B010,2025-04-30 17:41:00,Transfer,ATM,1033.84,GBP,L016,HK,Business,Purchase,3,ES,0,Verified
T0001875,C00002,B001,2025-04-30 23:33:00,Card,Online,51.37,GBP,L020,ZA,Business,Salary,3,PL,0,Verified
T0002967,C00197,B012,2025-05-01 01:17:00,Card,Branch,2312.54,GBP,L016,HK,Own Account,Purchase,3,AU,0,Verified
T0005949,C00222,B008,2025-05-01 02:52:00,Transfer,Online,1880.33,GBP,L018,PL,Own Account,Transfer,2,US,0,Verified
T0003451,C00048,B011,2025-05-01 03:29:00,International Transfer,Branch,1074.53,GBP,L011,AE,Individual,Cash,4,PL,0,Verified
T0003287,C00118,B006,2025-05-01 09:19:00,Cash Withdrawal,ATM,651.78,GBP,L016,HK,Individual,Cash,3,PL,0,Verified
T0002604,C00178,B006,2025-05-01 10:28:00,Transfer,Mobile,357.86,GBP,L010,AU,Own Account,Invoice,2,ES,0,Verified
T0003200,C00270,B003,2025-05-01 12:30:00,Transfer,Online,771.99,GBP,L015,SG,Own Account,Cash,2,IN,0,Verified
T0005289,C00160,B007,2025-05-01 13:03:00,Card,Branch,768.01,GBP,L018,PL,Business,Salary,2,US,0,Verified
T0004862,C00061,B002,2025-05-01 13:40:00,Card,ATM,1084.96,GBP,L005,IT,Business,Purchase,1,CH,0,Verified
T0000649,C00066,B002,2025-05-01 14:49:00,Card,ATM,546.59,GBP,L006,NL,Business,Salary,1,CA,0,Verified
T0000134,C00171,B010,2025-05-01 17:04:00,Card,ATM,829.51,GBP,L019,IN,Business,Transfer,3,DE,0,Review Required
T0000512,C00159,B012,2025-05-01 19:34:00,International Transfer,ATM,484.32,GBP,L018,PL,Own Account,Cash,2,IN,0,Verified
T0004122,C00136,B008,2025-05-01 19:38:00,Transfer,Branch,517.86,GBP,L005,IT,Own Account,Salary,1,IE,0,Verified
T0005233,C00118,B008,2025-05-01 19:40:00,Transfer,Branch,632.67,GBP,L019,IN,Own Account,Invoice,3,PL,0,Verified
T0002027,C00154,B006,2025-05-01 21:29:00,Card,Branch,238.01,GBP,L006,NL,Own Account,Cash,1,ZA,0,Verified
T0004713,C00059,B001,2025-05-01 22:22:00,Card,ATM,185.19,GBP,L014,BR,Individual,Transfer,3,TR,0,Verified
T0003095,C00287,B008,2025-05-02 00:09:00,Cash Withdrawal,Mobile,1467.56,GBP,L004,ES,Own Account,Transfer,1,AE,0,Verified
T0005011,C00285,B006,2025-05-02 00:58:00,Card,Mobile,2228.11,GBP,L004,ES,Individual,Invoice,1,IN,0,Verified
T0005992,C00153,B011,2025-05-02 01:38:00,Transfer,Mobile,201.0,GBP,L002,FR,Individual,Invoice,1,SG,0,Verified
T0001833,C00214,B012,2025-05-02 02:49:00,Card,Mobile,4421.82,GBP,L005,IT,Business,Salary,1,AU,0,Verified
T0004983,C00011,B012,2025-05-02 03:25:00,Cash Deposit,ATM,1349.74,GBP,L005,IT,Business,Purchase,1,IE,0,Verified
T0004830,C00187,B009,2025-05-02 03:27:00,International Transfer,Online,816.16,GBP,L009,CA,Own Account,Salary,2,BR,0,Verified
T0005121,C00126,B004,2025-05-02 03:39:00,Transfer,Mobile,1144.76,GBP,L012,TR,Individual,Purchase,4,IN,0,Verified
T0001843,C00298,B005,2025-05-02 05:14:00,Transfer,Mobile,538.11,GBP,L006,NL,Business,Cash,1,ES,0,Verified
T0000279,C00204,B012,2025-05-02 05:44:00,Card,Online,1606.55,GBP,L017,CH,Business,Purchase,2,NG,0,Verified
T0003328,C00042,B005,2025-05-02 05:53:00,International Transfer,ATM,259.57,GBP,L015,SG,Individual,Salary,2,PL,0,Verified
T0005847,C00029,B002,2025-05-02 06:36:00,International Transfer,ATM,430.49,GBP,L001,GB,Individual,Salary,1,IN,0,Verified
T0002462,C00228,B007,2025-05-02 07:59:00,Transfer,Branch,203.38,GBP,L007,IE,Own Account,Invoice,1,ZA,0,Verified
T0003991,C00225,B011,2025-05-02 08:48:00,International Transfer,Online,655.61,GBP,L013,NG,Individual,Cash,5,IE,0,Verified
T0005041,C00249,B008,2025-05-02 09:07:00,Card,ATM,724.23,GBP,L006,NL,Own Account,Salary,1,PL,1,Verified
T0001599,C00012,B010,2025-05-02 13:36:00,Card,Branch,763.1,GBP,L008,US,Individual,Transfer,2,PL,0,Verified
T0001724,C00161,B001,2025-05-02 13:37:00,International Transfer,Mobile,1543.74,GBP,L003,DE,Own Account,Invoice,1,NL,0,Verified
T0002350,C00147,B009,2025-05-02 14:43:00,International Transfer,Branch,1518.48,GBP,L008,US,Business,Purchase,2,GB,0,Verified
T0004592,C00085,B003,2025-05-02 15:30:00,Card,Online,6222.89,GBP,L002,FR,Individual,Invoice,1,ES,0,Verified
T0001704,C00068,B001,2025-05-02 16:31:00,Transfer,ATM,762.64,GBP,L006,NL,Business,Payment,1,PL,0,Verified
T0001794,C00262,B012,2025-05-02 19:15:00,International Transfer,ATM,910.97,GBP,L019,IN,Individual,Salary,3,BR,0,Verified
T0000799,C00073,B006,2025-05-02 21:03:00,Cash Deposit,Online,338.61,GBP,L008,US,Business,Payment,2,NL,0,Verified
T0005017,C00259,B004,2025-05-02 22:16:00,Card,Branch,404.13,GBP,L016,HK,Own Account,Salary,3,SG,0,Verified
T0001487,C00057,B009,2025-05-02 22:26:00,Card,Branch,5456.56,GBP,L015,SG,Own Account,Payment,2,DE,0,Review Required
T0000053,C00133,B008,2025-05-02 22:48:00,Transfer,Online,344.84,GBP,L017,CH,Individual,Cash,2,NG,0,Verified
T0001998,C00110,B003,2025-05-02 23:12:00,Card,Branch,184.54,GBP,L019,IN,Business,Invoice,3,PL,0,Verified
T0004092,C00291,B012,2025-05-03 03:52:00,Cash Withdrawal,Online,1048.8,GBP,L012,TR,Business,Salary,4,ES,0,Verified
T0005313,C00295,B008,2025-05-03 03:52:00,International Transfer,Online,1545.85,GBP,L003,DE,Business,Salary,1,CH,0,Verified
T0004706,C00032,B002,2025-05-03 05:47:00,Card,ATM,420.08,GBP,L020,ZA,Business,Cash,3,PL,0,Verified
T0004645,C00041,B011,2025-05-03 06:16:00,Transfer,Mobile,423.96,GBP,L002,FR,Business,Salary,1,AE,0,Verified
T0000358,C00043,B004,2025-05-03 07:00:00,Card,Online,427.77,GBP,L011,AE,Own Account,Transfer,4,US,0,Verified
T0001421,C00135,B003,2025-05-03 14:51:00,Card,Online,1450.91,GBP,L008,US,Business,Invoice,2,ZA,0,Verified
T0004414,C00187,B012,2025-05-03 16:47:00,Cash Withdrawal,ATM,3737.51,GBP,L017,CH,Individual,Invoice,2,BR,0,Verified
T0005927,C00264,B008,2025-05-03 17:02:00,Card,Branch,297.09,GBP,L016,HK,Individual,Purchase,3,IN,1,Verified
T0002639,C00271,B003,2025-05-03 18:57:00,Card,Online,1992.65,GBP,L016,HK,Own Account,Purchase,3,NG,0,Verified
T0002915,C00177,B008,2025-05-03 19:52:00,Card,ATM,526.86,GBP,L001,GB,Individual,Purchase,1,PL,0,Verified
T0002057,C00214,B010,2025-05-03 21:09:00,Transfer,Online,1371.41,GBP,L004,ES,Individual,Transfer,1,AU,0,Verified
T0003389,C00219,B006,2025-05-03 22:39:00,Card,Branch,1255.65,GBP,L016,HK,Individual,Salary,3,PL,0,Verified
T0004032,C00224,B006,2025-05-04 00:53:00,Card,Branch,3471.8,GBP,L018,PL,Own Account,Payment,2,HK,0,Verified
T0000506,C00049,B001,2025-05-04 07:23:00,Card,Online,1175.53,GBP,L005,IT,Individual,Purchase,1,IE,0,Verified
T0005923,C00185,B009,2025-05-04 09:07:00,Card,Mobile,1096.22,GBP,L016,HK,Own Account,Salary,3,AE,0,Verified
T0004368,C00283,B010,2025-05-04 11:33:00,Transfer,Online,149.02,GBP,L007,IE,Individual,Salary,1,AU,0,Verified
T0002414,C00244,B012,2025-05-04 14:21:00,Transfer,Mobile,1620.4,GBP,L007,IE,Individual,Salary,1,PL,0,Verified
T0001781,C00150,B011,2025-05-04 14:41:00,Card,Branch,433.34,GBP,L011,AE,Individual,Cash,4,FR,0,Verified
T0001349,C00142,B012,2025-05-04 15:00:00,Card,Mobile,1472.01,GBP,L008,US,Own Account,Payment,2,PL,0,Verified
T0001612,C00139,B010,2025-05-04 16:10:00,International Transfer,Mobile,478.03,GBP,L017,CH,Individual,Cash,2,IN,0,Verified
T0002467,C00033,B011,2025-05-04 20:19:00,Cash Withdrawal,Online,1507.46,GBP,L007,IE,Individual,Invoice,1,TR,0,Verified
T0004925,C00248,B001,2025-05-04 21:12:00,International Transfer,Mobile,463.41,GBP,L001,GB,Individual,Invoice,1,DE,0,Verified
T0001885,C00074,B001,2025-05-04 22:25:00,Card,Online,606.24,GBP,L006,NL,Business,Cash,1,AE,0,Verified
T0003756,C00042,B005,2025-05-05 04:49:00,Transfer,Mobile,1947.63,GBP,L015,SG,Individual,Transfer,2,PL,0,Verified
T0001318,C00264,B002,2025-05-05 05:25:00,Cash Withdrawal,ATM,212.78,GBP,L015,SG,Business,Salary,2,IN,1,Verified
T0001852,C00220,B011,2025-05-05 06:14:00,Transfer,ATM,4354.89,GBP,L014,BR,Own Account,Cash,3,SG,0,Verified
T0004528,C00221,B009,2025-05-05 06:36:00,Card,ATM,755.53,GBP,L020,ZA,Own Account,Purchase,3,FR,0,Verified
T0005101,C00034,B004,2025-05-05 07:12:00,Transfer,Branch,845.11,GBP,L018,PL,Business,Cash,2,US,0,Verified
T0002502,C00020,B004,2025-05-05 07:27:00,Cash Withdrawal,Branch,295.5,GBP,L016,HK,Business,Transfer,3,IT,0,Verified
T0001395,C00017,B003,2025-05-05 07:57:00,Cash Deposit,ATM,318.81,GBP,L001,GB,Own Account,Transfer,1,US,0,Verified
T0002111,C00198,B002,2025-05-05 08:58:00,Cash Withdrawal,Branch,1461.87,GBP,L018,PL,Business,Invoice,2,BR,0,Verified
T0002811,C00293,B001,2025-05-05 10:20:00,Transfer,Branch,629.48,GBP,L002,FR,Business,Payment,1,IT,0,Verified
T0003648,C00132,B010,2025-05-05 10:23:00,Transfer,ATM,5690.1,GBP,L018,PL,Own Account,Payment,2,SG,0,Verified
T0004876,C00232,B003,2025-05-05 11:46:00,Card,Mobile,457.16,GBP,L020,ZA,Individual,Cash,3,IT,0,Verified
T0000746,C00214,B007,2025-05-05 12:17:00,Card,Online,292.49,GBP,L020,ZA,Individual,Payment,3,AU,0,Verified
T0002507,C00049,B011,2025-05-05 15:01:00,Card,Mobile,453.39,GBP,L012,TR,Business,Transfer,4,IE,0,Verified
T0003560,C00261,B011,2025-05-05 16:21:00,Transfer,Branch,2428.82,GBP,L020,ZA,Individual,Payment,3,ZA,0,Verified
T0005067,C00128,B002,2025-05-05 17:27:00,Transfer,Branch,8270.3,GBP,L020,ZA,Individual,Purchase,3,HK,0,Verified
T0005551,C00144,B001,2025-05-05 18:36:00,Transfer,Online,2981.23,GBP,L016,HK,Individual,Salary,3,ES,0,Verified
T0001244,C00263,B009,2025-05-05 19:35:00,Card,Online,1357.58,GBP,L019,IN,Individual,Cash,3,CH,0,Verified
T0001557,C00185,B012,2025-05-05 21:50:00,Card,Branch,479.83,GBP,L001,GB,Business,Salary,1,AE,0,Verified
T0003139,C00142,B009,2025-05-05 22:02:00,Card,Online,684.87,GBP,L002,FR,Business,Invoice,1,PL,0,Verified
T0000666,C00206,B005,2025-05-05 23:28:00,Transfer,Branch,21115.11,GBP,L012,TR,Individual,Transfer,4,NG,0,Verified
T0004540,C00044,B003,2025-05-06 00:02:00,International Transfer,ATM,487.81,GBP,L019,IN,Own Account,Transfer,3,PL,0,Review Required
T0001346,C00276,B004,2025-05-06 01:38:00,International Transfer,Branch,939.85,GBP,L003,DE,Business,Purchase,1,TR,0,Verified
T0000032,C00185,B012,2025-05-06 02:10:00,Card,Online,1081.6,GBP,L011,AE,Own Account,Payment,4,AE,0,Verified
T0004866,C00098,B007,2025-05-06 04:23:00,Cash Withdrawal,Branch,1102.6,GBP,L013,NG,Business,Transfer,5,US,0,Verified
T0004541,C00251,B005,2025-05-06 05:00:00,International Transfer,Branch,1177.98,GBP,L018,PL,Individual,Invoice,2,ZA,0,Verified
T0003597,C00053,B001,2025-05-06 06:21:00,Transfer,ATM,2655.72,GBP,L014,BR,Individual,Transfer,3,IN,0,Verified
T0002559,C00082,B005,2025-05-06 07:11:00,Transfer,Online,1855.32,GBP,L006,NL,Business,Transfer,1,CH,0,Verified
T0002388,C00098,B002,2025-05-06 10:38:00,Transfer,Mobile,888.49,GBP,L006,NL,Individual,Salary,1,US,0,Verified
T0004986,C00139,B012,2025-05-06 11:56:00,Transfer,Branch,409.96,GBP,L005,IT,Individual,Invoice,1,IN,0,Verified
T0005705,C00223,B006,2025-05-06 12:36:00,Transfer,Mobile,1037.17,GBP,L020,ZA,Business,Purchase,3,PL,0,Verified
T0001602,C00016,B009,2025-05-06 13:13:00,Cash Deposit,Mobile,1296.82,GBP,L002,FR,Own Account,Cash,1,NG,0,Verified
T0000149,C00173,B003,2025-05-06 14:40:00,Transfer,Online,274.99,GBP,L010,AU,Own Account,Cash,2,FR,0,Verified
T0004685,C00098,B005,2025-05-06 16:13:00,Card,ATM,2104.99,GBP,L016,HK,Business,Salary,3,US,0,Verified
T0001624,C00048,B006,2025-05-06 17:12:00,Card,ATM,5693.43,GBP,L014,BR,Individual,Invoice,3,PL,0,Verified
T0000777,C00069,B006,2025-05-06 18:30:00,Card,Mobile,930.58,GBP,L004,ES,Business,Transfer,1,TR,0,Verified
T0005074,C00054,B007,2025-05-06 18:30:00,Transfer,ATM,4850.22,GBP,L003,DE,Business,Purchase,1,BR,0,Verified
T0001422,C00088,B001,2025-05-06 21:21:00,International Transfer,Online,9630.2,GBP,L003,DE,Individual,Purchase,1,AU,0,Verified
T0002824,C00177,B005,2025-05-06 21:48:00,International Transfer,Online,829.57,GBP,L020,ZA,Individual,Cash,3,PL,0,Verified
T0000508,C00122,B011,2025-05-07 00:38:00,Card,Online,1577.15,GBP,L012,TR,Business,Cash,4,NL,0,Review Required
T0000124,C00111,B004,2025-05-07 04:36:00,Card,Online,816.29,GBP,L020,ZA,Individual,Invoice,3,BR,0,Verified
T0004888,C00227,B011,2025-05-07 05:43:00,Card,ATM,913.54,GBP,L020,ZA,Own Account,Payment,3,IE,0,Verified
T0000285,C00125,B006,2025-05-07 07:31:00,Transfer,Branch,202.04,GBP,L015,SG,Business,Purchase,2,US,0,Verified
T0000764,C00204,B006,2025-05-07 07:51:00,Transfer,ATM,738.42,GBP,L004,ES,Business,Cash,1,NG,0,Verified
T0005789,C00005,B003,2025-05-07 09:16:00,Card,Mobile,994.64,GBP,L011,AE,Business,Cash,4,ES,0,Verified
T0005976,C00261,B010,2025-05-07 11:17:00,Card,ATM,335.07,GBP,L003,DE,Individual,Purchase,1,ZA,0,Verified
T0003168,C00185,B011,2025-05-07 11:18:00,Card,Mobile,801.57,GBP,L016,HK,Business,Payment,3,AE,0,Verified
T0004027,C00106,B006,2025-05-07 12:18:00,Card,Online,3995.58,GBP,L014,BR,Individual,Transfer,3,BR,0,Verified
T0001961,C00126,B007,2025-05-07 13:34:00,Card,Branch,5467.99,GBP,L005,IT,Individual,Payment,1,IN,0,Verified
T0003975,C00223,B002,2025-05-07 14:10:00,Card,Online,1274.39,GBP,L020,ZA,Individual,Transfer,3,PL,0,Verified
T0001752,C00075,B004,2025-05-07 15:17:00,Card,Branch,1671.42,GBP,L004,ES,Business,Cash,1,ES,1,Verified
T0001079,C00218,B010,2025-05-07 16:53:00,Transfer,Mobile,359.98,GBP,L003,DE,Individual,Transfer,1,TR,0,Verified
T0001262,C00224,B010,2025-05-07 17:40:00,International Transfer,ATM,266.12,GBP,L014,BR,Individual,Invoice,3,HK,0,Verified
T0003423,C00096,B002,2025-05-07 18:01:00,Card,Online,345.41,GBP,L020,ZA,Own Account,Purchase,3,IT,0,Verified
T0004121,C00238,B006,2025-05-07 21:11:00,Transfer,ATM,795.33,GBP,L018,PL,Business,Invoice,2,CH,0,Review Required
T0000192,C00232,B008,2025-05-07 21:37:00,International Transfer,ATM,1236.97,GBP,L007,IE,Own Account,Payment,1,IT,0,Verified
T0004372,C00293,B001,2025-05-08 00:02:00,Card,Online,1443.29,GBP,L006,NL,Business,Invoice,1,IT,0,Verified
T0004785,C00032,B009,2025-05-08 00:42:00,Cash Deposit,Online,288.55,GBP,L012,TR,Business,Purchase,4,PL,0,Verified
T0002105,C00040,B002,2025-05-08 01:32:00,Transfer,Branch,1220.84,GBP,L019,IN,Business,Salary,3,FR,0,Verified
T0005540,C00103,B012,2025-05-08 03:58:00,Card,ATM,640.32,GBP,L010,AU,Individual,Salary,2,US,0,Verified
T0000841,C00238,B004,2025-05-08 06:54:00,International Transfer,ATM,421.1,GBP,L010,AU,Own Account,Transfer,2,CH,0,Review Required
T0004033,C00241,B008,2025-05-08 07:46:00,Card,Mobile,361.08,GBP,L003,DE,Individual,Salary,1,DE,0,Verified
T0005746,C00234,B002,2025-05-08 08:28:00,International Transfer,Online,163.24,GBP,L010,AU,Business,Purchase,2,US,0,Verified
T0005171,C00093,B012,2025-05-08 08:51:00,Card,ATM,2169.36,GBP,L010,AU,Individual,Transfer,2,IE,0,Review Required
T0005866,C00118,B003,2025-05-08 09:02:00,Cash Deposit,ATM,593.98,GBP,L007,IE,Business,Purchase,1,PL,0,Verified
T0002993,C00193,B012,2025-05-08 09:16:00,Transfer,Branch,2190.81,GBP,L003,DE,Own Account,Cash,1,AE,0,Verified
T0003671,C00176,B012,2025-05-08 10:00:00,Card,Online,1103.84,GBP,L005,IT,Business,Cash,1,ZA,0,Verified
T0004289,C00171,B007,2025-05-08 10:16:00,Cash Deposit,Online,662.72,GBP,L020,ZA,Own Account,Salary,3,DE,0,Review Required
T0001306,C00072,B003,2025-05-08 12:19:00,Card,Online,1105.53,GBP,L009,CA,Business,Salary,2,BR,0,Verified
T0003856,C00121,B009,2025-05-08 12:35:00,Transfer,Online,71.63,GBP,L009,CA,Individual,Salary,2,IN,0,Verified
T0005114,C00246,B007,2025-05-08 14:10:00,Transfer,Branch,1390.92,GBP,L004,ES,Own Account,Payment,1,ES,0,Verified
T0000277,C00252,B010,2025-05-08 14:10:00,Card,Mobile,1666.16,GBP,L002,FR,Business,Salary,1,IT,1,Verified
T0004459,C00038,B009,2025-05-08 16:34:00,Card,Online,941.88,GBP,L006,NL,Business,Invoice,1,US,0,Verified
T0002059,C00256,B007,2025-05-08 17:06:00,International Transfer,ATM,2661.65,GBP,L015,SG,Business,Transfer,2,AU,0,Verified
T0004905,C00160,B001,2025-05-08 20:09:00,Card,Online,563.71,GBP,L014,BR,Own Account,Purchase,3,US,0,Verified
T0000916,C00105,B005,2025-05-08 21:07:00,Cash Withdrawal,Branch,3929.69,GBP,L020,ZA,Individual,Purchase,3,US,0,Verified
T0002528,C00137,B010,2025-05-08 21:39:00,Card,Online,1090.89,GBP,L014,BR,Business,Cash,3,US,0,Verified
T0000696,C00098,B006,2025-05-08 22:52:00,Cash Withdrawal,ATM,602.27,GBP,L005,IT,Individual,Payment,1,US,0,Verified
T0004745,C00052,B006,2025-05-08 22:59:00,Card,Online,181.77,GBP,L001,GB,Individual,Invoice,1,DE,0,Verified
T0005947,C00020,B008,2025-05-09 00:25:00,Cash Deposit,Branch,1030.61,GBP,L013,NG,Own Account,Purchase,5,IT,0,Verified
T0001456,C00026,B010,2025-05-09 01:03:00,Transfer,Branch,248.36,GBP,L013,NG,Business,Cash,5,IT,0,Review Required
T0003427,C00024,B009,2025-05-09 02:16:00,Card,Branch,2088.83,GBP,L018,PL,Individual,Payment,2,NL,0,Verified
T0000564,C00259,B007,2025-05-09 02:45:00,Card,ATM,1239.1,GBP,L017,CH,Own Account,Invoice,2,SG,0,Verified
T0005544,C00191,B002,2025-05-09 09:12:00,Card,ATM,2063.3,GBP,L011,AE,Individual,Transfer,4,IT,1,Verified
T0005900,C00108,B011,2025-05-09 09:47:00,Card,Branch,3703.43,GBP,L007,IE,Business,Invoice,1,IN,0,Verified
T0004271,C00013,B012,2025-05-09 11:08:00,Card,Online,231.84,GBP,L009,CA,Individual,Payment,2,PL,0,Verified
T0001571,C00209,B012,2025-05-09 11:47:00,Card,ATM,1012.33,GBP,L006,NL,Individual,Purchase,1,IT,0,Verified
T0001872,C00228,B005,2025-05-09 12:40:00,Transfer,Branch,610.77,GBP,L020,ZA,Business,Salary,3,ZA,0,Verified
T0001434,C00226,B008,2025-05-09 13:00:00,Card,Branch,202.3,GBP,L018,PL,Business,Invoice,2,TR,0,Verified
T0003342,C00215,B007,2025-05-09 13:18:00,Transfer,Online,1668.15,GBP,L001,GB,Business,Transfer,1,DE,0,Review Required
T0005433,C00190,B006,2025-05-09 13:23:00,Transfer,Mobile,642.43,GBP,L013,NG,Own Account,Purchase,5,SG,0,Verified
T0004325,C00083,B010,2025-05-09 13:23:00,Transfer,ATM,112.64,GBP,L010,AU,Own Account,Invoice,2,BR,0,Verified
T0002096,C00135,B005,2025-05-09 13:58:00,Card,Branch,3084.24,GBP,L019,IN,Individual,Purchase,3,ZA,0,Verified
T0002164,C00012,B008,2025-05-09 16:33:00,Card,Online,3154.99,GBP,L019,IN,Own Account,Salary,3,PL,0,Verified
T0000892,C00181,B007,2025-05-09 17:34:00,Cash Deposit,Branch,3352.92,GBP,L014,BR,Individual,Transfer,3,ZA,0,Verified
T0000552,C00251,B005,2025-05-09 18:32:00,Cash Deposit,Online,1740.19,GBP,L002,FR,Business,Payment,1,ZA,0,Verified
T0000635,C00139,B003,2025-05-09 21:58:00,Transfer,ATM,1557.41,GBP,L017,CH,Business,Payment,2,IN,0,Verified
T0003794,C00226,B007,2025-05-09 23:24:00,Card,Online,214.51,GBP,L016,HK,Own Account,Payment,3,TR,0,Verified
T0002309,C00284,B005,2025-05-10 05:06:00,Card,Mobile,397.85,GBP,L014,BR,Own Account,Transfer,3,NG,0,Verified
T0004231,C00048,B009,2025-05-10 08:46:00,Transfer,Mobile,2279.38,GBP,L005,IT,Business,Salary,1,PL,0,Verified
T0002962,C00037,B012,2025-05-10 09:53:00,Transfer,ATM,1844.57,GBP,L013,NG,Business,Transfer,5,HK,0,Verified
T0003881,C00041,B008,2025-05-10 10:53:00,Cash Withdrawal,Online,66.35,GBP,L016,HK,Business,Payment,3,AE,0,Verified
T0002493,C00276,B006,2025-05-10 11:08:00,Transfer,Online,1133.87,GBP,L014,BR,Individual,Cash,3,TR,0,Verified
T0003298,C00140,B003,2025-05-10 13:09:00,Transfer,Mobile,3171.49,GBP,L014,BR,Own Account,Cash,3,PL,0,Verified
T0004845,C00217,B010,2025-05-10 13:57:00,Card,Mobile,215.58,GBP,L011,AE,Own Account,Transfer,4,ES,0,Verified
T0002162,C00220,B008,2025-05-10 14:13:00,Transfer,ATM,8227.81,GBP,L017,CH,Individual,Invoice,2,SG,0,Verified
T0000432,C00104,B004,2025-05-10 15:14:00,Card,Online,274.18,GBP,L007,IE,Individual,Cash,1,AE,0,Verified
T0002959,C00247,B005,2025-05-10 15:21:00,Transfer,Online,259.35,GBP,L014,BR,Business,Purchase,3,IT,0,Verified
T0002102,C00213,B003,2025-05-11 03:26:00,Card,Branch,710.53,GBP,L016,HK,Own Account,Salary,3,CA,0,Review Required
T0002522,C00224,B009,2025-05-11 03:40:00,Transfer,Mobile,157.87,GBP,L014,BR,Individual,Payment,3,HK,0,Verified
T0002094,C00161,B007,2025-05-11 04:01:00,Transfer,Mobile,2938.12,GBP,L011,AE,Own Account,Cash,4,NL,0,Verified
T0001853,C00092,B001,2025-05-11 06:50:00,Transfer,Branch,1837.52,GBP,L020,ZA,Individual,Salary,3,ZA,0,Verified
T0004453,C00213,B007,2025-05-11 07:01:00,Card,Online,1493.55,GBP,L003,DE,Business,Cash,1,CA,0,Review Required
T0005150,C00066,B003,2025-05-11 08:44:00,Card,ATM,2465.76,GBP,L020,ZA,Individual,Purchase,3,CA,0,Verified
T0005793,C00282,B008,2025-05-11 09:01:00,Cash Deposit,Online,1055.27,GBP,L019,IN,Own Account,Salary,3,DE,0,Verified
T0000108,C00074,B001,2025-05-11 10:33:00,Card,Mobile,1161.68,GBP,L011,AE,Individual,Transfer,4,AE,0,Verified
T0001681,C00175,B012,2025-05-11 10:34:00,International Transfer,Mobile,2994.0,GBP,L017,CH,Own Account,Payment,2,AU,0,Verified
T0005787,C00031,B004,2025-05-11 15:24:00,International Transfer,Mobile,1195.91,GBP,L013,NG,Business,Transfer,5,NL,0,Review Required
T0002756,C00234,B004,2025-05-11 16:39:00,International Transfer,Mobile,253.15,GBP,L017,CH,Individual,Cash,2,US,0,Verified
T0001171,C00248,B009,2025-05-11 18:21:00,Cash Withdrawal,Mobile,580.85,GBP,L009,CA,Own Account,Payment,2,DE,0,Verified
T0005468,C00241,B008,2025-05-11 21:51:00,International Transfer,ATM,69.37,GBP,L009,CA,Business,Salary,2,DE,0,Verified
T0002476,C00205,B012,2025-05-11 22:00:00,Transfer,ATM,850.47,GBP,L014,BR,Own Account,Transfer,3,TR,0,Review Required
T0002045,C00172,B011,2025-05-11 23:28:00,Transfer,Online,667.63,GBP,L002,FR,Business,Invoice,1,NG,0,Verified
T0004525,C00223,B012,2025-05-12 00:12:00,Card,Mobile,3940.61,GBP,L015,SG,Business,Transfer,2,PL,0,Verified
T0003939,C00252,B006,2025-05-12 00:12:00,Card,Online,1204.29,GBP,L018,PL,Individual,Purchase,2,IT,1,Verified
T0003420,C00164,B001,2025-05-12 02:46:00,Card,Branch,1720.4,GBP,L006,NL,Individual,Salary,1,BR,0,Verified
T0002539,C00161,B010,2025-05-12 03:50:00,Transfer,Online,1434.87,GBP,L002,FR,Individual,Invoice,1,NL,0,Verified
T0003767,C00251,B012,2025-05-12 04:15:00,Card,Branch,2097.81,GBP,L014,BR,Business,Cash,3,ZA,0,Verified
T0001450,C00218,B007,2025-05-12 05:41:00,Card,ATM,781.64,GBP,L007,IE,Business,Cash,1,TR,0,Verified
T0002444,C00093,B012,2025-05-12 07:52:00,Card,Mobile,519.83,GBP,L005,IT,Own Account,Payment,1,IE,0,Review Required
T0000999,C00195,B005,2025-05-12 08:46:00,Transfer,Online,2111.01,GBP,L010,AU,Individual,Transfer,2,BR,0,Verified
T0000586,C00175,B008,2025-05-12 10:46:00,Cash Deposit,Mobile,3519.11,GBP,L006,NL,Business,Purchase,1,AU,0,Verified
T0002681,C00249,B012,2025-05-12 11:07:00,Card,Mobile,178.01,GBP,L001,GB,Individual,Purchase,1,PL,1,Verified
T0003080,C00108,B009,2025-05-12 11:25:00,Card,Mobile,2030.11,GBP,L009,CA,Individual,Transfer,2,IN,0,Verified
T0003823,C00197,B003,2025-05-12 12:09:00,International Transfer,Branch,1424.03,GBP,L012,TR,Individual,Salary,4,AU,0,Verified
T0004239,C00243,B009,2025-05-12 13:32:00,Cash Withdrawal,Online,121.56,GBP,L011,AE,Own Account,Payment,4,CH,0,Verified
T0004068,C00057,B011,2025-05-12 16:33:00,Card,ATM,325.43,GBP,L019,IN,Individual,Cash,3,DE,0,Review Required
T0004583,C00250,B012,2025-05-12 21:22:00,Card,ATM,1028.6,GBP,L002,FR,Own Account,Cash,1,ES,0,Review Required
T0001930,C00273,B006,2025-05-13 00:12:00,Card,Online,1146.77,GBP,L009,CA,Individual,Purchase,2,ES,0,Verified
T0004718,C00241,B009,2025-05-13 00:26:00,International Transfer,Mobile,1306.1,GBP,L016,HK,Own Account,Cash,3,DE,0,Verified
T0004264,C00028,B009,2025-05-13 01:08:00,Card,Mobile,3073.44,GBP,L015,SG,Own Account,Cash,2,ES,0,Verified
T0005791,C00276,B004,2025-05-13 03:05:00,Transfer,ATM,457.83,GBP,L001,GB,Own Account,Salary,1,TR,0,Verified
T0002377,C00078,B012,2025-05-13 03:24:00,International Transfer,Branch,268.33,GBP,L017,CH,Own Account,Transfer,2,CA,0,Verified
T0001596,C00193,B011,2025-05-13 03:28:00,Cash Deposit,Mobile,1081.57,GBP,L016,HK,Business,Invoice,3,AE,0,Verified
T0002177,C00134,B012,2025-05-13 05:12:00,Transfer,Branch,57.82,GBP,L011,AE,Individual,Purchase,4,IE,0,Verified
T0004269,C00204,B002,2025-05-13 05:23:00,Card,Mobile,1053.97,GBP,L007,IE,Business,Payment,1,NG,0,Verified
T0003740,C00067,B006,2025-05-13 05:35:00,Transfer,ATM,908.2,GBP,L001,GB,Business,Transfer,1,CA,0,Verified
T0004398,C00199,B011,2025-05-13 07:35:00,Card,Online,1053.91,GBP,L015,SG,Own Account,Invoice,2,ZA,0,Verified
T0003378,C00279,B009,2025-05-13 08:50:00,Transfer,Branch,1337.54,GBP,L018,PL,Own Account,Transfer,2,IN,0,Verified
T0005865,C00212,B009,2025-05-13 09:56:00,Card,ATM,54.19,GBP,L006,NL,Business,Cash,1,PL,0,Verified
T0005050,C00141,B011,2025-05-13 10:01:00,Card,ATM,1364.14,GBP,L001,GB,Own Account,Cash,1,US,0,Verified
T0002505,C00048,B002,2025-05-13 10:08:00,Card,Mobile,339.54,GBP,L019,IN,Own Account,Payment,3,PL,0,Verified
T0002303,C00018,B008,2025-05-13 10:24:00,Card,Branch,448.75,GBP,L008,US,Individual,Cash,2,BR,0,Verified
T0004733,C00094,B009,2025-05-13 14:25:00,Card,Branch,897.95,GBP,L015,SG,Own Account,Salary,2,ZA,0,Verified
T0003319,C00285,B008,2025-05-13 14:31:00,Card,Branch,291.9,GBP,L012,TR,Own Account,Payment,4,IN,0,Verified
T0004628,C00078,B006,2025-05-13 15:44:00,Card,ATM,8761.57,GBP,L009,CA,Individual,Cash,2,CA,0,Verified
T0001699,C00255,B010,2025-05-14 00:13:00,Transfer,Branch,1052.34,GBP,L005,IT,Business,Transfer,1,PL,0,Verified
T0002099,C00017,B012,2025-05-14 00:31:00,Transfer,ATM,813.2,GBP,L007,IE,Individual,Cash,1,US,0,Verified
T0002280,C00096,B001,2025-05-14 01:10:00,Transfer,ATM,618.33,GBP,L012,TR,Own Account,Payment,4,IT,0,Verified
T0005629,C00291,B006,2025-05-14 01:23:00,International Transfer,Online,285.6,GBP,L005,IT,Individual,Purchase,1,ES,0,Verified
T0003354,C00174,B002,2025-05-14 02:49:00,Card,ATM,647.79,GBP,L005,IT,Own Account,Payment,1,SG,0,Verified
T0005747,C00248,B012,2025-05-14 10:38:00,Card,Mobile,1469.6,GBP,L001,GB,Individual,Payment,1,DE,0,Verified
T0001227,C00100,B006,2025-05-14 12:17:00,Transfer,Branch,735.43,GBP,L004,ES,Business,Cash,1,SG,0,Verified
T0004404,C00134,B007,2025-05-14 16:12:00,Card,ATM,224.61,GBP,L019,IN,Individual,Invoice,3,IE,0,Verified
T0002176,C00151,B007,2025-05-14 21:20:00,Card,Online,711.18,GBP,L015,SG,Business,Transfer,2,US,0,Verified
T0001218,C00187,B005,2025-05-14 23:04:00,Transfer,ATM,88.7,GBP,L019,IN,Business,Salary,3,BR,0,Verified
T0003547,C00183,B002,2025-05-14 23:27:00,Cash Withdrawal,Online,2220.94,GBP,L012,TR,Business,Transfer,4,AU,0,Review Required
T0005650,C00192,B011,2025-05-15 01:55:00,Card,ATM,177.43,GBP,L012,TR,Business,Transfer,4,NG,0,Verified
T0001493,C00133,B010,2025-05-15 02:48:00,Card,ATM,613.07,GBP,L014,BR,Own Account,Cash,3,NG,0,Verified
T0001361,C00158,B004,2025-05-15 03:06:00,International Transfer,Branch,2986.61,GBP,L013,NG,Business,Transfer,5,SG,0,Verified
T0004171,C00180,B002,2025-05-15 06:49:00,Transfer,Mobile,527.69,GBP,L016,HK,Business,Cash,3,HK,0,Verified
T0005643,C00267,B005,2025-05-15 09:42:00,Card,ATM,2957.57,GBP,L013,NG,Individual,Salary,5,HK,0,Verified
T0000438,C00256,B004,2025-05-15 10:41:00,Transfer,Mobile,1512.73,GBP,L019,IN,Business,Transfer,3,AU,0,Verified
T0004904,C00183,B007,2025-05-15 14:09:00,Card,Branch,1651.23,GBP,L002,FR,Own Account,Cash,1,AU,0,Review Required
T0002995,C00085,B009,2025-05-15 15:03:00,Transfer,Online,4189.24,GBP,L001,GB,Own Account,Purchase,1,ES,0,Verified
T0005317,C00033,B012,2025-05-15 15:49:00,Transfer,Branch,315.24,GBP,L010,AU,Own Account,Purchase,2,TR,0,Verified
T0000350,C00040,B009,2025-05-15 16:20:00,Card,Online,1834.06,GBP,L001,GB,Individual,Transfer,1,FR,0,Verified
T0000851,C00001,B012,2025-05-15 18:06:00,Card,Branch,101.66,GBP,L018,PL,Business,Salary,2,IE,0,Verified
T0004882,C00005,B006,2025-05-15 20:09:00,Card,Branch,2910.52,GBP,L015,SG,Own Account,Payment,2,ES,0,Verified
T0000471,C00064,B011,2025-05-15 21:26:00,Cash Deposit,Branch,2356.17,GBP,L017,CH,Individual,Invoice,2,IE,0,Verified
T0005952,C00247,B009,2025-05-15 22:45:00,Card,ATM,2341.48,GBP,L002,FR,Own Account,Cash,1,IT,0,Verified
T0002451,C00064,B004,2025-05-15 23:03:00,Card,Mobile,282.36,GBP,L014,BR,Individual,Cash,3,IE,0,Verified
T0004736,C00274,B008,2025-05-15 23:43:00,Card,ATM,5531.9,GBP,L014,BR,Business,Transfer,3,NG,1,Verified
T0001768,C00017,B006,2025-05-16 00:53:00,Card,ATM,1347.48,GBP,L015,SG,Business,Cash,2,US,0,Verified
T0004229,C00157,B010,2025-05-16 01:41:00,Card,Branch,1268.48,GBP,L003,DE,Business,Cash,1,HK,0,Verified
T0002365,C00128,B003,2025-05-16 04:24:00,Card,Online,362.08,GBP,L011,AE,Own Account,Transfer,4,HK,0,Verified
T0001965,C00034,B004,2025-05-16 05:38:00,Transfer,Branch,1347.7,GBP,L005,IT,Business,Salary,1,US,0,Verified
T0005663,C00001,B004,2025-05-16 05:53:00,Transfer,Mobile,888.47,GBP,L011,AE,Own Account,Salary,4,IE,0,Verified
T0005990,C00067,B003,2025-05-16 06:15:00,Card,Branch,205.7,GBP,L018,PL,Own Account,Salary,2,CA,0,Verified
T0005103,C00096,B002,2025-05-16 08:14:00,Card,ATM,5061.07,GBP,L001,GB,Own Account,Purchase,1,IT,0,Verified
T0004426,C00198,B005,2025-05-16 08:51:00,Transfer,ATM,660.57,GBP,L013,NG,Own Account,Salary,5,BR,0,Verified
T0003125,C00218,B011,2025-05-16 11:32:00,Card,ATM,295.68,GBP,L016,HK,Business,Invoice,3,TR,0,Verified
T0001953,C00147,B006,2025-05-16 13:55:00,Card,ATM,3600.72,GBP,L001,GB,Own Account,Purchase,1,GB,0,Verified
T0001153,C00179,B007,2025-05-16 14:28:00,Card,ATM,859.19,GBP,L019,IN,Individual,Purchase,3,AU,0,Verified
T0001776,C00152,B003,2025-05-16 15:25:00,Cash Withdrawal,Mobile,95.24,GBP,L020,ZA,Own Account,Salary,3,ZA,0,Verified
T0001505,C00043,B012,2025-05-16 15:35:00,Cash Deposit,Mobile,102.11,GBP,L011,AE,Business,Transfer,4,US,0,Verified
T0005396,C00121,B001,2025-05-16 16:37:00,Transfer,ATM,337.17,GBP,L011,AE,Individual,Salary,4,IN,0,Verified
T0001012,C00042,B009,2025-05-16 18:42:00,Card,Branch,550.57,GBP,L010,AU,Individual,Payment,2,PL,0,Verified
T0005153,C00165,B010,2025-05-16 19:17:00,Transfer,Online,1797.9,GBP,L014,BR,Business,Payment,3,US,0,Review Required
T0000810,C00209,B004,2025-05-16 20:18:00,Card,ATM,1137.34,GBP,L013,NG,Own Account,Cash,5,IT,0,Verified
T0001356,C00181,B012,2025-05-16 21:24:00,Card,Branch,532.33,GBP,L009,CA,Own Account,Payment,2,ZA,0,Verified
T0000938,C00136,B002,2025-05-17 01:04:00,Card,Online,267.64,GBP,L016,HK,Own Account,Payment,3,IE,0,Verified
T0002148,C00029,B002,2025-05-17 05:25:00,Card,Online,1268.03,GBP,L012,TR,Individual,Transfer,4,IN,0,Verified
T0003294,C00258,B011,2025-05-17 07:41:00,Card,Branch,2570.73,GBP,L016,HK,Business,Salary,3,GB,0,Verified
T0002071,C00078,B011,2025-05-17 10:24:00,Transfer,ATM,1785.81,GBP,L009,CA,Individual,Payment,2,CA,0,Verified
T0001481,C00124,B004,2025-05-17 12:07:00,Transfer,Mobile,2721.67,GBP,L007,IE,Own Account,Invoice,1,NG,0,Verified
T0000968,C00196,B001,2025-05-17 12:56:00,Card,ATM,730.1,GBP,L013,NG,Individual,Salary,5,AU,0,Verified
T0000801,C00157,B003,2025-05-17 13:19:00,Card,ATM,507.88,GBP,L007,IE,Business,Invoice,1,HK,0,Verified
T0005200,C00121,B002,2025-05-17 15:41:00,Card,Branch,2543.93,GBP,L020,ZA,Individual,Payment,3,IN,0,Verified
T0000139,C00289,B011,2025-05-17 16:18:00,Transfer,ATM,58.66,GBP,L012,TR,Individual,Salary,4,ZA,0,Verified
T0004961,C00286,B003,2025-05-17 17:11:00,Card,Mobile,3419.93,GBP,L002,FR,Individual,Cash,1,IT,0,Verified
T0004248,C00083,B005,2025-05-17 17:57:00,Card,Online,1555.48,GBP,L007,IE,Individual,Purchase,1,BR,0,Verified
T0001788,C00260,B004,2025-05-17 18:59:00,Cash Withdrawal,ATM,122.22,GBP,L003,DE,Business,Invoice,1,IN,0,Verified
T0004819,C00183,B005,2025-05-17 20:04:00,Transfer,Mobile,1208.91,GBP,L008,US,Own Account,Cash,2,AU,0,Review Required
T0003061,C00183,B011,2025-05-17 20:48:00,Card,Branch,529.21,GBP,L005,IT,Individual,Transfer,1,AU,0,Review Required
T0000845,C00135,B010,2025-05-17 21:23:00,International Transfer,Online,1597.8,GBP,L012,TR,Own Account,Purchase,4,ZA,0,Verified
T0006024,C00027,B001,2025-05-17 22:27:00,Transfer,Online,4443.33,GBP,L010,AU,Individual,Transfer,2,CH,0,Verified
T0006025,C00027,B001,2025-05-17 22:34:00,Transfer,Online,1790.47,GBP,L013,NG,Individual,Transfer,5,CH,0,Verified
T0005077,C00014,B007,2025-05-17 22:40:00,Card,Online,681.65,GBP,L020,ZA,Individual,Cash,3,FR,0,Verified
T0006026,C00027,B001,2025-05-17 22:41:00,Transfer,Online,4476.78,GBP,L014,BR,Individual,Transfer,3,CH,0,Verified
T0006027,C00027,B001,2025-05-17 22:48:00,Transfer,Online,3890.34,GBP,L003,DE,Individual,Transfer,1,CH,0,Verified
T0006028,C00027,B001,2025-05-17 22:55:00,Transfer,Online,2423.14,GBP,L009,CA,Individual,Transfer,2,CH,0,Verified
T0006029,C00027,B001,2025-05-17 23:02:00,Transfer,Online,2041.54,GBP,L017,CH,Individual,Transfer,2,CH,0,Verified
T0006030,C00027,B001,2025-05-17 23:09:00,Transfer,Online,4366.8,GBP,L001,GB,Individual,Transfer,1,CH,0,Verified
T0006031,C00027,B001,2025-05-17 23:16:00,Transfer,Online,3686.85,GBP,L008,US,Individual,Transfer,2,CH,0,Verified
T0006032,C00027,B001,2025-05-17 23:23:00,Transfer,Online,1820.81,GBP,L010,AU,Individual,Transfer,2,CH,0,Verified
T0003685,C00035,B001,2025-05-17 23:25:00,Transfer,Mobile,150.91,GBP,L015,SG,Own Account,Purchase,2,IN,0,Verified
T0006033,C00027,B001,2025-05-17 23:30:00,Transfer,Online,4549.62,GBP,L002,FR,Individual,Transfer,1,CH,0,Verified
T0006034,C00027,B001,2025-05-17 23:37:00,Transfer,Online,4512.67,GBP,L020,ZA,Individual,Transfer,3,CH,0,Verified
T0006035,C00027,B001,2025-05-17 23:44:00,Transfer,Online,2827.12,GBP,L006,NL,Individual,Transfer,1,CH,0,Verified
T0006036,C00027,B001,2025-05-17 23:51:00,Transfer,Online,2444.17,GBP,L017,CH,Individual,Transfer,2,CH,0,Verified
T0006037,C00027,B001,2025-05-17 23:58:00,Transfer,Online,5926.73,GBP,L007,IE,Individual,Transfer,1,CH,0,Verified
T0006038,C00027,B001,2025-05-18 00:05:00,Transfer,Online,2072.64,GBP,L008,US,Individual,Transfer,2,CH,0,Verified
T0000725,C00282,B004,2025-05-18 03:36:00,Transfer,Online,768.59,GBP,L007,IE,Individual,Invoice,1,DE,0,Verified
T0000517,C00111,B004,2025-05-18 03:59:00,Cash Withdrawal,ATM,945.03,GBP,L002,FR,Individual,Invoice,1,BR,0,Verified
T0002326,C00018,B008,2025-05-18 08:20:00,Card,Branch,1405.74,GBP,L017,CH,Own Account,Transfer,2,BR,0,Verified
T0000563,C00082,B002,2025-05-18 09:23:00,Cash Withdrawal,Branch,2052.44,GBP,L010,AU,Own Account,Salary,2,CH,0,Verified
T0002603,C00100,B007,2025-05-18 09:50:00,Card,Online,1782.05,GBP,L015,SG,Individual,Salary,2,SG,0,Verified
T0002500,C00053,B007,2025-05-18 11:22:00,Cash Withdrawal,ATM,1298.09,GBP,L017,CH,Individual,Purchase,2,IN,0,Verified
T0003982,C00275,B010,2025-05-18 11:50:00,Cash Withdrawal,Branch,667.66,GBP,L007,IE,Business,Transfer,1,NL,0,Verified
T0000469,C00250,B007,2025-05-18 12:12:00,Card,Branch,2711.95,GBP,L004,ES,Individual,Purchase,1,ES,0,Review Required
T0002167,C00245,B005,2025-05-18 14:05:00,Card,Online,347.84,GBP,L008,US,Business,Salary,2,US,0,Verified
T0002820,C00163,B009,2025-05-18 15:01:00,Transfer,ATM,6756.76,GBP,L011,AE,Individual,Salary,4,CH,0,Verified
T0005794,C00153,B011,2025-05-18 16:37:00,Card,Branch,218.99,GBP,L013,NG,Business,Transfer,5,SG,0,Verified
T0003545,C00213,B003,2025-05-18 16:45:00,International Transfer,Online,318.74,GBP,L019,IN,Individual,Purchase,3,CA,0,Review Required
T0002062,C00174,B011,2025-05-18 17:09:00,International Transfer,ATM,6720.54,GBP,L017,CH,Individual,Salary,2,SG,0,Verified
T0003646,C00074,B004,2025-05-18 20:15:00,Card,Mobile,942.39,GBP,L004,ES,Business,Transfer,1,AE,0,Verified
T0004598,C00014,B006,2025-05-18 21:41:00,Card,Online,892.34,GBP,L012,TR,Individual,Invoice,4,FR,0,Verified
T0000368,C00230,B010,2025-05-18 21:51:00,Card,Mobile,652.34,GBP,L001,GB,Business,Invoice,1,PL,0,Verified
T0000179,C00187,B012,2025-05-19 01:59:00,Transfer,ATM,676.65,GBP,L017,CH,Individual,Transfer,2,BR,0,Verified
T0001968,C00195,B009,2025-05-19 02:33:00,Card,Mobile,372.66,GBP,L012,TR,Business,Transfer,4,BR,0,Verified
T0000400,C00082,B003,2025-05-19 04:43:00,Card,Branch,899.35,GBP,L019,IN,Individual,Salary,3,CH,0,Verified
T0001879,C00006,B011,2025-05-19 08:00:00,Card,Mobile,1215.47,GBP,L003,DE,Business,Salary,1,FR,0,Review Required
T0005224,C00140,B006,2025-05-19 08:34:00,Card,Branch,2467.12,GBP,L013,NG,Business,Transfer,5,PL,0,Verified
T0005522,C00011,B001,2025-05-19 08:54:00,Cash Withdrawal,Mobile,795.73,GBP,L011,AE,Business,Invoice,4,IE,0,Verified
T0005585,C00249,B008,2025-05-19 09:01:00,Cash Withdrawal,Mobile,99.18,GBP,L009,CA,Own Account,Transfer,2,PL,1,Verified
T0003829,C00193,B002,2025-05-19 11:45:00,Card,Mobile,659.43,GBP,L019,IN,Own Account,Purchase,3,AE,0,Verified
T0004282,C00048,B008,2025-05-19 12:32:00,International Transfer,ATM,245.2,GBP,L003,DE,Individual,Transfer,1,PL,0,Verified
T0003822,C00010,B008,2025-05-19 14:22:00,Cash Withdrawal,ATM,1623.58,GBP,L012,TR,Own Account,Purchase,4,SG,0,Verified
T0003557,C00233,B006,2025-05-19 17:10:00,International Transfer,Online,149.05,GBP,L001,GB,Own Account,Invoice,1,ES,0,Verified
T0002460,C00271,B006,2025-05-19 17:15:00,Card,Online,252.47,GBP,L010,AU,Business,Salary,2,NG,0,Verified
T0001261,C00103,B008,2025-05-19 17:45:00,Card,Mobile,296.59,GBP,L005,IT,Business,Cash,1,US,0,Verified
T0001995,C00268,B012,2025-05-19 18:54:00,Cash Deposit,Online,4358.9,GBP,L012,TR,Individual,Payment,4,US,0,Verified
T0001643,C00236,B009,2025-05-19 19:30:00,Card,ATM,175.76,GBP,L020,ZA,Individual,Transfer,3,HK,0,Verified
T0004919,C00145,B005,2025-05-19 22:33:00,Transfer,Mobile,257.88,GBP,L016,HK,Own Account,Transfer,3,AU,0,Verified
T0003490,C00012,B001,2025-05-19 23:01:00,International Transfer,Online,2365.3,GBP,L002,FR,Business,Payment,1,PL,0,Verified
T0000637,C00112,B008,2025-05-19 23:07:00,Transfer,Online,522.3,GBP,L001,GB,Individual,Invoice,1,NG,0,Review Required
T0002565,C00233,B009,2025-05-20 03:46:00,Cash Withdrawal,Branch,1054.31,GBP,L014,BR,Business,Payment,3,ES,0,Verified
T0000925,C00227,B011,2025-05-20 04:16:00,Card,Branch,3082.59,GBP,L018,PL,Individual,Purchase,2,IE,0,Verified
T0005092,C00288,B003,2025-05-20 05:25:00,Card,Branch,2022.39,GBP,L020,ZA,Individual,Purchase,3,FR,0,Verified
T0003308,C00111,B010,2025-05-20 06:30:00,Cash Deposit,Online,519.15,GBP,L006,NL,Individual,Purchase,1,BR,0,Verified
T0000518,C00058,B002,2025-05-20 07:41:00,Card,Branch,463.84,GBP,L008,US,Own Account,Purchase,2,DE,0,Verified
T0003544,C00147,B009,2025-05-20 07:52:00,Card,ATM,502.25,GBP,L011,AE,Own Account,Cash,4,GB,0,Verified
T0005822,C00069,B007,2025-05-20 11:38:00,International Transfer,Branch,982.03,GBP,L008,US,Individual,Cash,2,TR,0,Verified
T0004356,C00057,B004,2025-05-20 12:11:00,Card,Online,1498.85,GBP,L010,AU,Own Account,Salary,2,DE,0,Review Required
T0003906,C00038,B005,2025-05-20 15:42:00,Card,ATM,1560.44,GBP,L018,PL,Individual,Cash,2,US,0,Verified
T0005064,C00131,B011,2025-05-20 15:45:00,Card,ATM,2057.76,GBP,L009,CA,Individual,Purchase,2,IN,0,Verified
T0000700,C00237,B005,2025-05-20 16:38:00,Card,Branch,875.66,GBP,L002,FR,Own Account,Cash,1,SG,0,Verified
T0001608,C00165,B005,2025-05-20 18:02:00,International Transfer,Branch,1757.58,GBP,L015,SG,Own Account,Payment,2,US,0,Review Required
T0002825,C00008,B002,2025-05-20 22:07:00,Cash Deposit,ATM,719.16,GBP,L006,NL,Own Account,Transfer,1,TR,0,Verified
T0005525,C00062,B002,2025-05-20 23:48:00,Transfer,Online,506.61,GBP,L002,FR,Business,Salary,1,ES,0,Verified
T0003515,C00105,B005,2025-05-21 00:54:00,Card,Online,563.83,GBP,L006,NL,Individual,Payment,1,US,0,Verified
T0005286,C00062,B007,2025-05-21 00:59:00,Card,ATM,993.3,GBP,L002,FR,Individual,Cash,1,ES,0,Verified
T0004075,C00034,B005,2025-05-21 02:49:00,Card,Online,217.66,GBP,L014,BR,Individual,Cash,3,US,0,Verified
T0005931,C00126,B001,2025-05-21 11:14:00,Cash Withdrawal,Mobile,464.44,GBP,L003,DE,Individual,Transfer,1,IN,0,Verified
T0005437,C00001,B006,2025-05-21 11:22:00,Card,Branch,1227.54,GBP,L006,NL,Business,Transfer,1,IE,0,Verified
T0004050,C00011,B001,2025-05-21 15:04:00,Transfer,Branch,3127.54,GBP,L001,GB,Business,Cash,1,IE,0,Verified
T0002576,C00040,B005,2025-05-21 19:22:00,Card,Branch,181.69,GBP,L016,HK,Own Account,Salary,3,FR,0,Verified
T0004756,C00059,B008,2025-05-21 20:02:00,Cash Deposit,ATM,610.27,GBP,L002,FR,Business,Salary,1,TR,0,Verified
T0000440,C00164,B004,2025-05-21 20:40:00,Cash Deposit,Online,121.04,GBP,L014,BR,Individual,Invoice,3,BR,0,Verified
T0001139,C00198,B011,2025-05-21 22:26:00,International Transfer,Mobile,520.67,GBP,L020,ZA,Own Account,Salary,3,BR,0,Verified
T0000167,C00137,B006,2025-05-22 00:21:00,Card,Mobile,135.03,GBP,L018,PL,Individual,Transfer,2,US,0,Verified
T0003239,C00153,B008,2025-05-22 01:45:00,Card,Mobile,1157.7,GBP,L016,HK,Individual,Transfer,3,SG,0,Verified
T0001684,C00257,B005,2025-05-22 03:00:00,Card,Branch,7072.27,GBP,L016,HK,Own Account,Cash,3,IT,0,Verified
T0002688,C00298,B008,2025-05-22 03:04:00,Cash Deposit,ATM,105.02,GBP,L008,US,Own Account,Cash,2,ES,0,Verified
T0002040,C00082,B002,2025-05-22 06:13:00,Cash Deposit,ATM,1745.05,GBP,L004,ES,Own Account,Payment,1,CH,0,Verified
T0002951,C00166,B012,2025-05-22 06:55:00,Transfer,ATM,1061.38,GBP,L017,CH,Individual,Payment,2,CA,0,Verified
T0004275,C00184,B007,2025-05-22 07:05:00,Card,Branch,4366.38,GBP,L015,SG,Individual,Salary,2,HK,0,Verified
T0003752,C00141,B008,2025-05-22 10:01:00,Card,ATM,2229.26,GBP,L010,AU,Individual,Transfer,2,US,0,Verified
T0002005,C00291,B001,2025-05-22 10:18:00,Card,Online,564.26,GBP,L020,ZA,Own Account,Salary,3,ES,0,Verified
T0001749,C00056,B004,2025-05-22 10:46:00,International Transfer,Online,281.66,GBP,L003,DE,Individual,Cash,1,IT,0,Verified
T0001287,C00156,B003,2025-05-22 11:12:00,Card,Online,748.56,GBP,L014,BR,Own Account,Salary,3,DE,0,Verified
T0001741,C00130,B001,2025-05-22 11:41:00,Card,ATM,436.0,GBP,L001,GB,Individual,Purchase,1,PL,0,Verified
T0005656,C00021,B011,2025-05-22 12:04:00,International Transfer,Branch,369.68,GBP,L012,TR,Individual,Salary,4,NG,0,Verified
T0005592,C00122,B006,2025-05-22 13:24:00,Card,Online,352.01,GBP,L017,CH,Own Account,Salary,2,NL,0,Review Required
T0002497,C00125,B010,2025-05-22 14:11:00,Cash Deposit,Mobile,1376.93,GBP,L001,GB,Own Account,Transfer,1,US,0,Verified
T0003249,C00150,B004,2025-05-22 16:59:00,Card,Branch,1439.37,GBP,L017,CH,Business,Payment,2,FR,0,Verified
T0005951,C00088,B012,2025-05-22 18:10:00,Card,Mobile,723.61,GBP,L018,PL,Individual,Transfer,2,AU,0,Verified
T0002465,C00217,B003,2025-05-22 19:10:00,Card,ATM,718.8,GBP,L017,CH,Individual,Payment,2,ES,0,Verified
T0002435,C00032,B008,2025-05-23 00:21:00,Card,Online,1373.55,GBP,L004,ES,Business,Purchase,1,PL,0,Verified
T0004422,C00112,B006,2025-05-23 01:31:00,Cash Deposit,Mobile,599.0,GBP,L018,PL,Own Account,Invoice,2,NG,0,Review Required
T0005448,C00046,B001,2025-05-23 04:07:00,Transfer,Mobile,193.3,GBP,L001,GB,Individual,Transfer,1,NG,1,Verified
T0004402,C00109,B010,2025-05-23 04:45:00,Card,Online,2260.43,GBP,L019,IN,Individual,Purchase,3,NG,0,Verified
T0005080,C00023,B006,2025-05-23 07:14:00,Card,Mobile,537.63,GBP,L014,BR,Business,Salary,3,PL,0,Verified
T0004703,C00017,B009,2025-05-23 07:28:00,Card,Mobile,902.26,GBP,L005,IT,Individual,Purchase,1,US,0,Verified
T0004137,C00293,B002,2025-05-23 10:16:00,Card,Mobile,2112.05,GBP,L010,AU,Own Account,Purchase,2,IT,0,Verified
T0000719,C00263,B003,2025-05-23 10:33:00,Card,Online,99.31,GBP,L019,IN,Individual,Salary,3,CH,0,Verified
T0004622,C00052,B005,2025-05-23 11:04:00,Card,Branch,1792.19,GBP,L017,CH,Business,Cash,2,DE,0,Verified
T0001773,C00197,B003,2025-05-23 13:29:00,Card,Branch,1307.32,GBP,L015,SG,Business,Invoice,2,AU,0,Verified
T0000718,C00137,B009,2025-05-23 13:52:00,Card,Online,1264.98,GBP,L011,AE,Business,Payment,4,US,0,Verified
T0005501,C00235,B007,2025-05-23 14:51:00,Card,ATM,1101.92,GBP,L011,AE,Own Account,Invoice,4,IT,0,Verified
T0000491,C00078,B005,2025-05-23 16:42:00,Transfer,Branch,4114.89,GBP,L004,ES,Business,Purchase,1,CA,0,Verified
T0001120,C00106,B009,2025-05-23 17:41:00,Card,Branch,857.93,GBP,L001,GB,Business,Transfer,1,BR,0,Verified
T0002847,C00025,B007,2025-05-23 20:01:00,Cash Withdrawal,Online,660.17,GBP,L017,CH,Individual,Transfer,2,CH,0,Verified
T0000655,C00184,B007,2025-05-24 01:24:00,Card,ATM,325.14,GBP,L020,ZA,Business,Invoice,3,HK,0,Verified
T0005295,C00050,B007,2025-05-24 01:41:00,Card,Online,301.86,GBP,L014,BR,Own Account,Invoice,3,AE,0,Verified
T0004185,C00019,B005,2025-05-24 07:26:00,Cash Withdrawal,Branch,1399.35,GBP,L020,ZA,Individual,Cash,3,IT,1,Verified
T0003033,C00011,B011,2025-05-24 07:40:00,Card,Online,961.48,GBP,L020,ZA,Individual,Transfer,3,IE,0,Verified
T0004700,C00056,B010,2025-05-24 09:00:00,Card,Mobile,2266.54,GBP,L004,ES,Business,Payment,1,IT,0,Verified
T0000029,C00237,B008,2025-05-24 10:02:00,Transfer,Online,1624.4,GBP,L010,AU,Business,Transfer,2,SG,0,Verified
T0005993,C00004,B007,2025-05-24 10:53:00,Transfer,Branch,1293.97,GBP,L017,CH,Business,Invoice,2,IT,0,Verified
T0004237,C00272,B010,2025-05-24 11:10:00,Card,Branch,426.92,GBP,L013,NG,Business,Cash,5,ZA,0,Verified
T0000575,C00298,B003,2025-05-24 15:03:00,Transfer,Mobile,1797.02,GBP,L009,CA,Individual,Salary,2,ES,0,Verified
T0001446,C00100,B008,2025-05-24 16:24:00,Card,Branch,8853.89,GBP,L009,CA,Business,Salary,2,SG,0,Verified
T0006162,C00176,B001,2025-05-24 18:03:00,Cash Deposit,Branch,8811.18,GBP,L008,US,Own Account,Cash Deposit,2,ZA,0,Verified
T0002606,C00085,B009,2025-05-24 18:12:00,Transfer,Online,1498.73,GBP,L003,DE,Business,Invoice,1,ES,0,Verified
T0006163,C00176,B001,2025-05-24 18:38:00,Cash Deposit,Branch,8118.34,GBP,L004,ES,Own Account,Cash Deposit,1,ZA,0,Verified
T0004346,C00032,B005,2025-05-24 19:10:00,International Transfer,Branch,2635.63,GBP,L004,ES,Business,Invoice,1,PL,0,Verified
T0006164,C00176,B001,2025-05-24 19:13:00,Cash Deposit,Branch,8419.93,GBP,L015,SG,Own Account,Cash Deposit,2,ZA,0,Verified
T0006165,C00176,B001,2025-05-24 19:48:00,Cash Deposit,Branch,8294.61,GBP,L013,NG,Own Account,Cash Deposit,5,ZA,0,Verified
T0006166,C00176,B001,2025-05-24 20:23:00,Cash Deposit,Branch,8961.43,GBP,L016,HK,Own Account,Cash Deposit,3,ZA,0,Verified
T0005626,C00289,B012,2025-05-24 20:28:00,Card,Online,763.27,GBP,L009,CA,Individual,Transfer,2,ZA,0,Verified
T0006167,C00176,B001,2025-05-24 20:58:00,Cash Deposit,Branch,8534.93,GBP,L009,CA,Own Account,Cash Deposit,2,ZA,0,Verified
T0006168,C00176,B001,2025-05-24 21:33:00,Cash Deposit,Branch,7811.8,GBP,L005,IT,Own Account,Cash Deposit,1,ZA,0,Verified
T0004814,C00197,B008,2025-05-24 21:50:00,Transfer,ATM,661.51,GBP,L018,PL,Business,Invoice,2,AU,0,Verified
T0006169,C00176,B001,2025-05-24 22:08:00,Cash Deposit,Branch,9625.72,GBP,L020,ZA,Own Account,Cash Deposit,3,ZA,0,Verified
T0003065,C00142,B010,2025-05-24 22:21:00,Transfer,Mobile,636.57,GBP,L001,GB,Business,Salary,1,PL,0,Verified
T0002035,C00092,B005,2025-05-25 00:56:00,Card,Mobile,240.2,GBP,L011,AE,Own Account,Transfer,4,ZA,0,Verified
T0002736,C00078,B009,2025-05-25 04:16:00,Cash Deposit,Online,1056.52,GBP,L010,AU,Business,Invoice,2,CA,0,Verified
T0003883,C00060,B002,2025-05-25 04:32:00,Cash Withdrawal,Branch,270.19,GBP,L015,SG,Business,Purchase,2,SG,0,Review Required
T0004487,C00151,B005,2025-05-25 04:52:00,Cash Deposit,Online,1846.74,GBP,L014,BR,Individual,Purchase,3,US,0,Verified
T0003980,C00079,B006,2025-05-25 05:23:00,Cash Withdrawal,Mobile,969.88,GBP,L017,CH,Own Account,Cash,2,PL,0,Verified
T0000234,C00231,B002,2025-05-25 06:15:00,Cash Withdrawal,Online,154.98,GBP,L003,DE,Own Account,Invoice,1,IT,0,Verified
T0001509,C00300,B010,2025-05-25 06:16:00,Transfer,Online,845.7,GBP,L001,GB,Own Account,Transfer,1,IT,0,Verified
T0001816,C00195,B002,2025-05-25 06:36:00,Cash Deposit,Online,1094.92,GBP,L005,IT,Individual,Purchase,1,BR,0,Verified
T0000739,C00180,B004,2025-05-25 12:00:00,Card,ATM,2554.64,GBP,L008,US,Own Account,Cash,2,HK,0,Verified
T0002015,C00023,B012,2025-05-25 12:44:00,International Transfer,ATM,762.46,GBP,L020,ZA,Business,Cash,3,PL,0,Verified
T0002925,C00160,B012,2025-05-25 13:38:00,Card,Branch,437.33,GBP,L006,NL,Business,Cash,1,US,0,Verified
T0006132,C00006,B011,2025-05-25 14:47:00,Transfer,Online,1630.62,GBP,L007,IE,Individual,Transfer,1,FR,0,Review Required
T0006133,C00006,B011,2025-05-25 14:54:00,Transfer,Online,1712.47,GBP,L012,TR,Individual,Transfer,4,FR,0,Review Required
T0006134,C00006,B011,2025-05-25 15:01:00,Transfer,Online,4824.36,GBP,L013,NG,Individual,Transfer,5,FR,0,Review Required
T0006135,C00006,B011,2025-05-25 15:08:00,Transfer,Online,2522.56,GBP,L002,FR,Individual,Transfer,1,FR,0,Review Required
T0006136,C00006,B011,2025-05-25 15:15:00,Transfer,Online,1537.51,GBP,L011,AE,Individual,Transfer,4,FR,0,Review Required
T0006137,C00006,B011,2025-05-25 15:22:00,Transfer,Online,1603.04,GBP,L004,ES,Individual,Transfer,1,FR,0,Review Required
T0006138,C00006,B011,2025-05-25 15:29:00,Transfer,Online,3937.55,GBP,L013,NG,Individual,Transfer,5,FR,0,Review Required
T0006139,C00006,B011,2025-05-25 15:36:00,Transfer,Online,4105.77,GBP,L009,CA,Individual,Transfer,2,FR,0,Review Required
T0006140,C00006,B011,2025-05-25 15:43:00,Transfer,Online,3568.03,GBP,L013,NG,Individual,Transfer,5,FR,0,Review Required
T0006141,C00006,B011,2025-05-25 15:50:00,Transfer,Online,4889.14,GBP,L010,AU,Individual,Transfer,2,FR,0,Review Required
T0006142,C00006,B011,2025-05-25 15:57:00,Transfer,Online,2569.73,GBP,L001,GB,Individual,Transfer,1,FR,0,Review Required
T0006143,C00006,B011,2025-05-25 16:04:00,Transfer,Online,5344.46,GBP,L006,NL,Individual,Transfer,1,FR,0,Review Required
T0006144,C00006,B011,2025-05-25 16:11:00,Transfer,Online,3645.9,GBP,L010,AU,Individual,Transfer,2,FR,0,Review Required
T0006145,C00006,B011,2025-05-25 16:18:00,Transfer,Online,2739.32,GBP,L014,BR,Individual,Transfer,3,FR,0,Review Required
T0006146,C00006,B011,2025-05-25 16:25:00,Transfer,Online,1668.4,GBP,L007,IE,Individual,Transfer,1,FR,0,Review Required
T0002171,C00231,B005,2025-05-25 17:11:00,Transfer,Online,474.52,GBP,L006,NL,Own Account,Payment,1,IT,0,Verified
T0003606,C00237,B001,2025-05-25 18:58:00,Card,Mobile,684.4,GBP,L007,IE,Own Account,Payment,1,SG,0,Verified
T0003232,C00034,B006,2025-05-25 18:59:00,Transfer,Mobile,2320.29,GBP,L010,AU,Own Account,Cash,2,US,0,Verified
T0002818,C00169,B003,2025-05-25 20:43:00,Transfer,ATM,237.33,GBP,L019,IN,Business,Cash,3,AE,0,Verified
T0001729,C00193,B004,2025-05-25 20:48:00,Transfer,Online,1076.65,GBP,L013,NG,Own Account,Cash,5,AE,0,Verified
T0001203,C00224,B011,2025-05-25 20:59:00,Transfer,Mobile,207.22,GBP,L016,HK,Own Account,Cash,3,HK,0,Verified
T0006014,C00168,B011,2025-05-25 21:26:00,International Transfer,Online,39917.11,GBP,L011,AE,Business,International Transfer,4,HK,0,Verified
T0006015,C00168,B011,2025-05-25 23:26:00,International Transfer,Online,30095.36,GBP,L012,TR,Business,International Transfer,4,HK,0,Verified
T0000159,C00262,B007,2025-05-25 23:45:00,Cash Deposit,Branch,571.66,GBP,L015,SG,Individual,Cash,2,BR,0,Verified
T0006016,C00168,B011,2025-05-26 01:26:00,International Transfer,Online,13834.37,GBP,L013,NG,Business,International Transfer,5,HK,0,Verified
T0006017,C00168,B011,2025-05-26 03:26:00,International Transfer,Online,35530.07,GBP,L011,AE,Business,International Transfer,4,HK,0,Verified
T0002861,C00190,B008,2025-05-26 04:18:00,Card,Online,537.34,GBP,L003,DE,Individual,Payment,1,SG,0,Verified
T0003177,C00209,B012,2025-05-26 04:35:00,Transfer,Branch,614.34,GBP,L002,FR,Business,Salary,1,IT,0,Verified
T0006018,C00168,B011,2025-05-26 05:26:00,International Transfer,Online,18020.93,GBP,L011,AE,Business,International Transfer,4,HK,0,Verified
T0003160,C00269,B003,2025-05-26 07:03:00,Card,Online,1482.7,GBP,L020,ZA,Own Account,Transfer,3,FR,1,Verified
T0000531,C00165,B012,2025-05-26 09:48:00,Card,Branch,535.23,GBP,L005,IT,Individual,Salary,1,US,0,Review Required
T0001305,C00199,B011,2025-05-26 10:11:00,Transfer,Mobile,282.04,GBP,L003,DE,Individual,Purchase,1,ZA,0,Verified
T0003651,C00230,B006,2025-05-26 12:13:00,Transfer,Branch,2272.55,GBP,L005,IT,Own Account,Invoice,1,PL,0,Verified
T0005807,C00257,B006,2025-05-26 12:17:00,Transfer,ATM,222.93,GBP,L009,CA,Own Account,Payment,2,IT,0,Verified
T0001329,C00218,B012,2025-05-26 12:18:00,Transfer,Mobile,1563.83,GBP,L013,NG,Own Account,Invoice,5,TR,0,Verified
T0001074,C00075,B009,2025-05-26 12:37:00,Card,Branch,720.58,GBP,L001,GB,Business,Cash,1,ES,1,Verified
T0000881,C00238,B008,2025-05-26 13:52:00,Card,ATM,3406.63,GBP,L009,CA,Own Account,Transfer,2,CH,0,Review Required
T0002335,C00120,B002,2025-05-26 16:15:00,Transfer,Mobile,526.91,GBP,L018,PL,Own Account,Invoice,2,ZA,0,Verified
T0005265,C00083,B004,2025-05-26 19:24:00,Card,Mobile,892.62,GBP,L014,BR,Business,Invoice,3,BR,0,Verified
T0005571,C00010,B006,2025-05-26 20:49:00,Card,ATM,886.17,GBP,L013,NG,Own Account,Invoice,5,SG,0,Verified
T0003329,C00036,B006,2025-05-26 21:32:00,Transfer,Branch,712.16,GBP,L020,ZA,Own Account,Purchase,3,FR,0,Verified
T0002036,C00139,B010,2025-05-26 21:34:00,International Transfer,Online,277.31,GBP,L005,IT,Own Account,Salary,1,IN,0,Verified
T0000890,C00060,B004,2025-05-26 23:42:00,Card,Online,1273.08,GBP,L005,IT,Individual,Payment,1,SG,0,Review Required
T0002982,C00069,B008,2025-05-27 02:13:00,Transfer,ATM,232.37,GBP,L016,HK,Business,Salary,3,TR,0,Verified
T0004479,C00200,B010,2025-05-27 02:31:00,Card,Online,460.52,GBP,L013,NG,Own Account,Invoice,5,IN,0,Verified
T0003441,C00103,B002,2025-05-27 04:05:00,Card,Mobile,493.89,GBP,L014,BR,Own Account,Salary,3,US,0,Verified
T0005843,C00195,B012,2025-05-27 04:24:00,Transfer,Mobile,1520.07,GBP,L002,FR,Own Account,Salary,1,BR,0,Verified
T0003858,C00054,B002,2025-05-27 05:38:00,Cash Deposit,Mobile,838.74,GBP,L013,NG,Individual,Invoice,5,BR,0,Verified
T0005395,C00079,B001,2025-05-27 07:15:00,Cash Deposit,ATM,766.25,GBP,L015,SG,Business,Transfer,2,PL,0,Verified
T0004828,C00081,B004,2025-05-27 08:00:00,International Transfer,Online,302.41,GBP,L012,TR,Business,Cash,4,BR,0,Verified
T0004179,C00291,B011,2025-05-27 08:41:00,Card,Branch,370.53,GBP,L019,IN,Individual,Invoice,3,ES,0,Verified
T0000220,C00049,B004,2025-05-27 14:33:00,Transfer,Mobile,761.3,GBP,L003,DE,Business,Transfer,1,IE,0,Verified
T0004476,C00274,B006,2025-05-27 18:00:00,Card,Branch,304.17,GBP,L002,FR,Own Account,Invoice,1,NG,1,Verified
T0003100,C00175,B011,2025-05-27 19:08:00,Card,Mobile,1321.14,GBP,L020,ZA,Business,Transfer,3,AU,0,Verified
T0003617,C00072,B006,2025-05-27 21:03:00,Cash Deposit,Branch,1954.43,GBP,L007,IE,Business,Invoice,1,BR,0,Verified
T0001295,C00100,B009,2025-05-27 22:09:00,Card,Online,1149.39,GBP,L017,CH,Own Account,Salary,2,SG,0,Verified
T0003303,C00243,B012,2025-05-27 23:10:00,Card,Online,1489.88,GBP,L019,IN,Business,Cash,3,CH,0,Verified
T0005850,C00095,B009,2025-05-28 00:03:00,Cash Withdrawal,Branch,338.02,GBP,L003,DE,Own Account,Invoice,1,IN,0,Verified
T0005638,C00153,B004,2025-05-28 00:23:00,Transfer,Mobile,664.19,GBP,L019,IN,Individual,Payment,3,SG,0,Verified
T0003901,C00199,B006,2025-05-28 01:26:00,Card,Online,1346.51,GBP,L005,IT,Own Account,Invoice,1,ZA,0,Verified
T0004420,C00210,B012,2025-05-28 01:34:00,Cash Deposit,Mobile,1277.31,GBP,L011,AE,Own Account,Salary,4,FR,1,Verified
T0003179,C00207,B003,2025-05-28 01:53:00,Cash Withdrawal,Branch,1021.68,GBP,L016,HK,Own Account,Salary,3,HK,0,Verified
T0005026,C00253,B003,2025-05-28 02:55:00,Card,Mobile,1470.81,GBP,L011,AE,Own Account,Purchase,4,PL,0,Verified
T0000466,C00286,B001,2025-05-28 04:40:00,Cash Deposit,ATM,2206.25,GBP,L001,GB,Own Account,Purchase,1,IT,0,Verified
T0000238,C00050,B005,2025-05-28 05:23:00,Transfer,ATM,1092.0,GBP,L014,BR,Own Account,Transfer,3,AE,0,Verified
T0003467,C00052,B012,2025-05-28 06:11:00,Transfer,ATM,486.79,GBP,L013,NG,Individual,Transfer,5,DE,0,Verified
T0005845,C00070,B012,2025-05-28 07:00:00,Card,ATM,981.01,GBP,L020,ZA,Own Account,Invoice,3,AU,0,Verified
T0001677,C00201,B009,2025-05-28 07:05:00,Card,Branch,1546.01,GBP,L008,US,Business,Invoice,2,GB,0,Verified
T0001215,C00150,B012,2025-05-28 07:31:00,Card,Online,1331.76,GBP,L015,SG,Individual,Salary,2,FR,0,Verified
T0002978,C00153,B010,2025-05-28 07:39:00,Cash Deposit,Mobile,486.81,GBP,L002,FR,Business,Salary,1,SG,0,Verified
T0003548,C00175,B005,2025-05-28 08:29:00,Transfer,Mobile,345.76,GBP,L007,IE,Individual,Invoice,1,AU,0,Verified
T0003846,C00228,B006,2025-05-28 08:38:00,Cash Deposit,Mobile,1226.18,GBP,L017,CH,Own Account,Payment,2,ZA,0,Verified
T0001694,C00086,B009,2025-05-28 10:07:00,Card,Online,1340.36,GBP,L005,IT,Own Account,Invoice,1,BR,0,Verified
T0004006,C00142,B003,2025-05-28 10:30:00,International Transfer,Mobile,1751.95,GBP,L005,IT,Business,Payment,1,PL,0,Verified
T0000991,C00116,B007,2025-05-28 11:32:00,Card,ATM,601.68,GBP,L008,US,Individual,Invoice,2,AE,0,Verified
T0000596,C00068,B004,2025-05-28 12:23:00,Transfer,Online,459.45,GBP,L011,AE,Individual,Cash,4,PL,0,Verified
T0005237,C00031,B003,2025-05-28 13:47:00,Card,Online,1115.8,GBP,L019,IN,Business,Payment,3,NL,0,Review Required
T0002198,C00011,B008,2025-05-28 14:20:00,Card,ATM,539.0,GBP,L013,NG,Individual,Transfer,5,IE,0,Verified
T0002024,C00278,B002,2025-05-28 17:09:00,Transfer,Online,459.55,GBP,L014,BR,Business,Transfer,3,DE,0,Verified
T0005886,C00129,B002,2025-05-28 18:12:00,Card,Mobile,2527.56,GBP,L011,AE,Own Account,Salary,4,BR,0,Verified
T0000005,C00255,B005,2025-05-28 18:31:00,Transfer,ATM,946.64,GBP,L017,CH,Business,Purchase,2,PL,0,Verified
T0000150,C00154,B012,2025-05-28 19:44:00,Card,Online,1310.03,GBP,L004,ES,Individual,Transfer,1,ZA,0,Verified
T0005521,C00039,B002,2025-05-28 21:10:00,Card,Mobile,314.33,GBP,L015,SG,Own Account,Transfer,2,BR,0,Verified
T0001753,C00209,B005,2025-05-28 23:16:00,International Transfer,Branch,309.12,GBP,L004,ES,Own Account,Transfer,1,IT,0,Verified
T0005820,C00095,B010,2025-05-29 00:01:00,International Transfer,Online,3686.84,GBP,L009,CA,Individual,Purchase,2,IN,0,Verified
T0005182,C00260,B005,2025-05-29 00:36:00,Card,Mobile,1609.41,GBP,L001,GB,Own Account,Salary,1,IN,0,Verified
T0001917,C00189,B005,2025-05-29 02:08:00,Card,Online,43.35,GBP,L017,CH,Own Account,Salary,2,IN,0,Verified
T0000736,C00299,B001,2025-05-29 02:47:00,Cash Deposit,Mobile,2094.84,GBP,L002,FR,Own Account,Salary,1,AE,0,Verified
T0002929,C00198,B010,2025-05-29 05:20:00,Transfer,Online,1576.93,GBP,L014,BR,Individual,Transfer,3,BR,0,Verified
T0001141,C00130,B001,2025-05-29 05:49:00,Transfer,Online,2867.24,GBP,L006,NL,Individual,Invoice,1,PL,0,Verified
T0003831,C00221,B005,2025-05-29 07:05:00,Card,Branch,300.79,GBP,L002,FR,Business,Payment,1,FR,0,Verified
T0005169,C00296,B007,2025-05-29 09:22:00,Transfer,ATM,231.92,GBP,L010,AU,Individual,Purchase,2,TR,0,Verified
T0002136,C00024,B012,2025-05-29 11:39:00,Transfer,Online,2067.94,GBP,L020,ZA,Own Account,Transfer,3,NL,0,Verified
T0004023,C00217,B012,2025-05-29 13:37:00,Card,Branch,500.05,GBP,L020,ZA,Individual,Transfer,3,ES,0,Verified
T0001876,C00155,B009,2025-05-29 15:41:00,Card,ATM,4046.38,GBP,L006,NL,Individual,Transfer,1,CA,0,Verified
T0000216,C00141,B006,2025-05-29 16:29:00,Cash Withdrawal,Mobile,1176.26,GBP,L010,AU,Business,Invoice,2,US,0,Verified
T0000659,C00195,B004,2025-05-29 18:18:00,Cash Withdrawal,Branch,1563.45,GBP,L020,ZA,Business,Purchase,3,BR,0,Verified
T0001834,C00215,B009,2025-05-29 20:03:00,Transfer,Mobile,273.6,GBP,L006,NL,Individual,Invoice,1,DE,0,Review Required
T0004115,C00051,B011,2025-05-29 21:04:00,Transfer,Mobile,1916.67,GBP,L001,GB,Individual,Cash,1,CH,0,Verified
T0000039,C00121,B005,2025-05-29 23:27:00,Card,ATM,1653.82,GBP,L014,BR,Business,Invoice,3,IN,0,Verified
T0004386,C00025,B001,2025-05-30 02:25:00,Transfer,ATM,214.78,GBP,L010,AU,Business,Transfer,2,CH,0,Verified
T0003556,C00133,B002,2025-05-30 06:41:00,Card,ATM,603.53,GBP,L013,NG,Business,Salary,5,NG,0,Verified
T0000295,C00226,B006,2025-05-30 07:08:00,Card,ATM,236.91,GBP,L002,FR,Own Account,Transfer,1,TR,0,Verified
T0005744,C00054,B006,2025-05-30 08:15:00,Card,Mobile,165.04,GBP,L006,NL,Business,Payment,1,BR,0,Verified
T0005267,C00153,B002,2025-05-30 17:45:00,Cash Deposit,Branch,385.62,GBP,L009,CA,Own Account,Transfer,2,SG,0,Verified
T0001070,C00143,B009,2025-05-30 21:41:00,Card,Branch,766.55,GBP,L012,TR,Own Account,Payment,4,HK,0,Verified
T0005769,C00135,B011,2025-05-30 22:10:00,Transfer,Mobile,909.68,GBP,L007,IE,Individual,Invoice,1,ZA,0,Verified
T0003763,C00197,B005,2025-05-31 00:02:00,Transfer,Branch,52.32,GBP,L016,HK,Individual,Salary,3,AU,0,Verified
T0002716,C00126,B002,2025-05-31 00:26:00,International Transfer,Mobile,1179.57,GBP,L012,TR,Individual,Invoice,4,IN,0,Verified
T0004944,C00292,B011,2025-05-31 00:55:00,Transfer,ATM,3974.6,GBP,L014,BR,Business,Purchase,3,ZA,0,Verified
T0005241,C00139,B011,2025-05-31 02:49:00,Transfer,Branch,1068.39,GBP,L018,PL,Business,Purchase,2,IN,0,Verified
T0002952,C00114,B001,2025-05-31 02:53:00,Card,Online,767.42,GBP,L001,GB,Business,Salary,1,GB,0,Verified
T0001545,C00089,B007,2025-05-31 04:30:00,Transfer,Mobile,3240.74,GBP,L010,AU,Business,Salary,2,BR,0,Verified
T0003645,C00162,B008,2025-05-31 05:24:00,Cash Deposit,Online,7433.05,GBP,L010,AU,Business,Transfer,2,SG,0,Verified
T0000641,C00115,B004,2025-05-31 06:13:00,Card,ATM,530.21,GBP,L009,CA,Business,Invoice,2,NL,0,Verified
T0005328,C00108,B004,2025-05-31 08:24:00,Cash Deposit,Online,717.29,GBP,L013,NG,Individual,Purchase,5,IN,0,Verified
T0002285,C00291,B006,2025-05-31 08:34:00,Cash Withdrawal,Mobile,1371.57,GBP,L014,BR,Own Account,Salary,3,ES,0,Verified
T0004804,C00283,B002,2025-05-31 08:59:00,Card,Branch,639.77,GBP,L015,SG,Individual,Cash,2,AU,0,Verified
T0004975,C00216,B002,2025-05-31 09:25:00,Card,ATM,555.17,GBP,L014,BR,Business,Salary,3,PL,0,Verified
T0000504,C00288,B001,2025-05-31 14:50:00,Cash Deposit,Branch,1715.09,GBP,L012,TR,Individual,Transfer,4,FR,0,Verified
T0002415,C00099,B002,2025-05-31 17:11:00,International Transfer,ATM,1065.12,GBP,L019,IN,Business,Transfer,3,SG,0,Verified
T0001820,C00103,B008,2025-05-31 20:49:00,International Transfer,Branch,1402.78,GBP,L011,AE,Individual,Salary,4,US,0,Verified
T0001988,C00093,B001,2025-06-01 04:45:00,Transfer,Mobile,5255.68,GBP,L020,ZA,Own Account,Transfer,3,IE,0,Review Required
T0001376,C00105,B011,2025-06-01 05:02:00,Card,ATM,328.96,GBP,L015,SG,Business,Transfer,2,US,0,Verified
T0005232,C00160,B004,2025-06-01 08:40:00,Card,Branch,24477.06,GBP,L014,BR,Business,Invoice,3,US,0,Verified
T0002458,C00239,B002,2025-06-01 11:03:00,Card,ATM,136.29,GBP,L014,BR,Individual,Salary,3,NG,0,Verified
T0003049,C00277,B010,2025-06-01 14:59:00,Cash Deposit,Mobile,1353.85,GBP,L001,GB,Business,Payment,1,CA,0,Verified
T0002554,C00114,B008,2025-06-01 17:40:00,Card,Branch,3457.98,GBP,L014,BR,Own Account,Invoice,3,GB,0,Verified
T0003462,C00051,B006,2025-06-01 19:45:00,Card,Mobile,381.86,GBP,L006,NL,Individual,Salary,1,CH,0,Verified
T0004287,C00098,B003,2025-06-01 20:20:00,Card,Online,307.46,GBP,L014,BR,Own Account,Salary,3,US,0,Verified
T0003357,C00290,B005,2025-06-01 21:00:00,Card,ATM,281.02,GBP,L003,DE,Business,Salary,1,AE,0,Verified
T0001026,C00217,B011,2025-06-01 21:13:00,Transfer,Online,384.49,GBP,L005,IT,Business,Transfer,1,ES,0,Verified
T0005128,C00205,B009,2025-06-01 21:58:00,Cash Withdrawal,Branch,916.81,GBP,L009,CA,Own Account,Cash,2,TR,0,Review Required
T0004877,C00272,B003,2025-06-01 22:34:00,Transfer,Online,507.72,GBP,L013,NG,Individual,Transfer,5,ZA,0,Verified
T0002268,C00213,B001,2025-06-01 23:10:00,Card,ATM,546.81,GBP,L016,HK,Individual,Invoice,3,CA,0,Review Required
T0000780,C00212,B007,2025-06-01 23:37:00,Transfer,Branch,2883.92,GBP,L017,CH,Individual,Salary,2,PL,0,Verified
T0003845,C00025,B007,2025-06-02 00:25:00,International Transfer,Online,339.67,GBP,L011,AE,Own Account,Payment,4,CH,0,Verified
T0002026,C00289,B002,2025-06-02 01:26:00,International Transfer,ATM,2869.74,GBP,L008,US,Business,Cash,2,ZA,0,Verified
T0002728,C00091,B004,2025-06-02 01:46:00,Card,Online,220.48,GBP,L004,ES,Business,Invoice,1,NL,0,Verified
T0005697,C00298,B008,2025-06-02 02:47:00,Transfer,Branch,436.01,GBP,L010,AU,Own Account,Purchase,2,ES,0,Verified
T0003573,C00165,B007,2025-06-02 03:42:00,Transfer,ATM,3043.49,GBP,L012,TR,Own Account,Payment,4,US,0,Review Required
T0002660,C00111,B002,2025-06-02 04:57:00,Transfer,Branch,900.76,GBP,L004,ES,Individual,Payment,1,BR,0,Verified
T0003583,C00035,B009,2025-06-02 06:01:00,Transfer,ATM,1253.84,GBP,L013,NG,Individual,Cash,5,IN,0,Verified
T0005742,C00044,B005,2025-06-02 07:05:00,Cash Withdrawal,Branch,4178.97,GBP,L008,US,Individual,Payment,2,PL,0,Review Required
T0000346,C00282,B008,2025-06-02 07:08:00,Transfer,Branch,2494.52,GBP,L010,AU,Own Account,Salary,2,DE,0,Verified
T0000960,C00206,B010,2025-06-02 07:27:00,Transfer,ATM,573.47,GBP,L017,CH,Own Account,Transfer,2,NG,0,Verified
T0004263,C00093,B001,2025-06-02 08:24:00,International Transfer,Mobile,3308.02,GBP,L013,NG,Own Account,Transfer,5,IE,0,Review Required
T0005311,C00004,B003,2025-06-02 09:55:00,International Transfer,Online,935.63,GBP,L011,AE,Individual,Salary,4,IT,0,Verified
T0005603,C00088,B002,2025-06-02 09:59:00,Transfer,Online,1196.2,GBP,L015,SG,Business,Cash,2,AU,0,Verified
T0002209,C00300,B002,2025-06-02 10:01:00,Card,Mobile,668.95,GBP,L020,ZA,Own Account,Invoice,3,IT,0,Verified
T0003749,C00229,B012,2025-06-02 10:03:00,International Transfer,Online,1210.09,GBP,L001,GB,Business,Purchase,1,IT,0,Verified
T0000142,C00281,B005,2025-06-02 10:20:00,Transfer,Branch,246.22,GBP,L003,DE,Individual,Payment,1,AU,0,Verified
T0004644,C00264,B009,2025-06-02 11:40:00,Card,Online,2485.68,GBP,L006,NL,Own Account,Purchase,1,IN,1,Verified
T0003804,C00192,B007,2025-06-02 12:07:00,Card,Online,538.14,GBP,L004,ES,Business,Cash,1,NG,0,Verified
T0005765,C00224,B011,2025-06-02 12:17:00,Transfer,Mobile,1277.3,GBP,L004,ES,Own Account,Transfer,1,HK,0,Verified
T0001256,C00178,B001,2025-06-02 16:37:00,Card,Online,803.08,GBP,L011,AE,Business,Payment,4,ES,0,Verified
T0002994,C00253,B001,2025-06-02 18:05:00,Card,Branch,847.15,GBP,L003,DE,Individual,Transfer,1,PL,0,Verified
T0002470,C00131,B005,2025-06-02 18:38:00,Card,Online,1532.96,GBP,L009,CA,Business,Transfer,2,IN,0,Verified
T0000481,C00229,B004,2025-06-02 18:42:00,Transfer,Mobile,8878.09,GBP,L017,CH,Own Account,Salary,2,IT,0,Verified
T0001196,C00151,B002,2025-06-02 21:12:00,Transfer,Online,1481.05,GBP,L002,FR,Own Account,Payment,1,US,0,Verified
T0001809,C00039,B012,2025-06-02 21:23:00,Transfer,ATM,423.79,GBP,L020,ZA,Own Account,Cash,3,BR,0,Verified
T0001560,C00127,B002,2025-06-02 22:06:00,Transfer,ATM,270.44,GBP,L002,FR,Individual,Invoice,1,TR,0,Verified
T0002441,C00226,B010,2025-06-02 22:26:00,Card,Mobile,1795.95,GBP,L003,DE,Own Account,Transfer,1,TR,0,Verified
T0001898,C00288,B007,2025-06-02 22:48:00,Transfer,ATM,547.01,GBP,L016,HK,Business,Salary,3,FR,0,Verified
T0005093,C00229,B008,2025-06-03 00:27:00,Cash Deposit,Online,200.11,GBP,L018,PL,Own Account,Purchase,2,IT,0,Verified
T0002427,C00111,B001,2025-06-03 00:41:00,Card,Mobile,1200.21,GBP,L002,FR,Own Account,Salary,1,BR,0,Verified
T0003859,C00191,B002,2025-06-03 00:56:00,Cash Deposit,Mobile,400.72,GBP,L007,IE,Individual,Cash,1,IT,1,Verified
T0000038,C00218,B011,2025-06-03 01:04:00,International Transfer,Mobile,798.7,GBP,L007,IE,Business,Cash,1,TR,0,Verified
T0002638,C00096,B011,2025-06-03 01:42:00,Card,ATM,621.64,GBP,L004,ES,Individual,Payment,1,IT,0,Verified
T0001248,C00257,B006,2025-06-03 03:14:00,International Transfer,Online,1971.35,GBP,L008,US,Own Account,Payment,2,IT,0,Verified
T0003898,C00216,B003,2025-06-03 05:10:00,Card,Mobile,288.26,GBP,L014,BR,Business,Cash,3,PL,0,Verified
T0002776,C00172,B010,2025-06-03 08:41:00,Transfer,Mobile,382.66,GBP,L004,ES,Business,Invoice,1,NG,0,Verified
T0000452,C00226,B008,2025-06-03 09:08:00,Cash Withdrawal,Mobile,274.18,GBP,L010,AU,Own Account,Payment,2,TR,0,Verified
T0004527,C00255,B010,2025-06-03 11:31:00,Cash Deposit,Mobile,519.76,GBP,L005,IT,Own Account,Purchase,1,PL,0,Verified
T0002131,C00232,B009,2025-06-03 13:49:00,Cash Deposit,Online,1600.9,GBP,L018,PL,Business,Payment,2,IT,0,Verified
T0002225,C00096,B012,2025-06-03 15:12:00,Card,ATM,964.3,GBP,L015,SG,Business,Salary,2,IT,0,Verified
T0001798,C00083,B011,2025-06-03 15:16:00,International Transfer,Mobile,301.91,GBP,L010,AU,Individual,Invoice,2,BR,0,Verified
T0001255,C00171,B001,2025-06-03 16:03:00,Cash Deposit,Mobile,6187.08,GBP,L004,ES,Own Account,Salary,1,DE,0,Review Required
T0003142,C00146,B006,2025-06-03 17:53:00,Cash Deposit,Branch,509.48,GBP,L003,DE,Individual,Invoice,1,FR,0,Verified
T0001982,C00225,B003,2025-06-03 18:19:00,International Transfer,Branch,375.46,GBP,L013,NG,Individual,Transfer,5,IE,0,Verified
T0000370,C00227,B005,2025-06-03 18:24:00,Transfer,Branch,203.77,GBP,L018,PL,Business,Payment,2,IE,0,Verified
T0000982,C00297,B002,2025-06-03 20:53:00,International Transfer,Branch,2051.65,GBP,L017,CH,Business,Invoice,2,HK,0,Verified
T0005422,C00264,B011,2025-06-03 21:44:00,Transfer,Branch,194.89,GBP,L019,IN,Business,Payment,3,IN,1,Verified
T0000186,C00154,B006,2025-06-03 22:40:00,Card,Branch,1241.23,GBP,L019,IN,Individual,Payment,3,ZA,0,Verified
T0003034,C00070,B006,2025-06-04 00:06:00,Transfer,Branch,1308.73,GBP,L020,ZA,Individual,Purchase,3,AU,0,Verified
T0002156,C00027,B006,2025-06-04 01:25:00,International Transfer,Branch,3663.75,GBP,L008,US,Individual,Salary,2,CH,0,Verified
T0002560,C00278,B011,2025-06-04 01:52:00,Cash Withdrawal,Branch,1274.55,GBP,L002,FR,Individual,Purchase,1,DE,0,Verified
T0001060,C00240,B008,2025-06-04 04:23:00,Transfer,Online,1044.66,GBP,L018,PL,Individual,Cash,2,SG,0,Verified
T0004587,C00260,B001,2025-06-04 06:48:00,Cash Withdrawal,Branch,3731.63,GBP,L018,PL,Business,Transfer,2,IN,0,Verified
T0001386,C00153,B009,2025-06-04 07:58:00,Transfer,Branch,2026.07,GBP,L017,CH,Individual,Salary,2,SG,0,Verified
T0003077,C00109,B006,2025-06-04 08:32:00,Card,ATM,929.59,GBP,L011,AE,Individual,Purchase,4,NG,0,Verified
T0003400,C00201,B011,2025-06-04 12:33:00,Transfer,ATM,192.42,GBP,L004,ES,Individual,Invoice,1,GB,0,Verified
T0000068,C00173,B003,2025-06-04 13:49:00,Transfer,Branch,454.57,GBP,L004,ES,Business,Cash,1,FR,0,Verified
T0002956,C00046,B008,2025-06-04 13:59:00,Transfer,Branch,373.81,GBP,L011,AE,Individual,Cash,4,NG,1,Verified
T0000380,C00014,B002,2025-06-04 15:13:00,Card,Mobile,1402.02,GBP,L011,AE,Own Account,Salary,4,FR,0,Verified
T0004378,C00235,B008,2025-06-04 15:35:00,Transfer,Online,3484.26,GBP,L015,SG,Business,Transfer,2,IT,0,Verified
T0005132,C00007,B004,2025-06-04 17:01:00,Transfer,Branch,329.26,GBP,L016,HK,Business,Cash,3,NG,0,Verified
T0001856,C00154,B003,2025-06-04 18:55:00,International Transfer,Mobile,590.8,GBP,L002,FR,Business,Cash,1,ZA,0,Verified
T0001882,C00004,B006,2025-06-04 21:23:00,International Transfer,Branch,772.63,GBP,L015,SG,Business,Cash,2,IT,0,Verified
T0004163,C00200,B002,2025-06-04 22:14:00,International Transfer,Branch,1714.01,GBP,L003,DE,Business,Transfer,1,IN,0,Verified
T0000413,C00292,B005,2025-06-05 03:53:00,Transfer,Online,907.84,GBP,L018,PL,Individual,Salary,2,ZA,0,Verified
T0003314,C00279,B012,2025-06-05 04:56:00,Card,Branch,523.25,GBP,L010,AU,Business,Salary,2,IN,0,Verified
T0004815,C00160,B002,2025-06-05 12:13:00,Card,ATM,1521.52,GBP,L007,IE,Individual,Transfer,1,US,0,Verified
T0001067,C00011,B001,2025-06-05 13:32:00,International Transfer,Branch,2162.72,GBP,L008,US,Business,Transfer,2,IE,0,Verified
T0003899,C00115,B003,2025-06-05 17:38:00,Card,Branch,139.26,GBP,L017,CH,Own Account,Cash,2,NL,0,Verified
T0004992,C00159,B010,2025-06-05 18:56:00,Cash Withdrawal,Mobile,213.55,GBP,L015,SG,Business,Purchase,2,IN,0,Verified
T0005058,C00286,B005,2025-06-05 21:23:00,Card,ATM,939.6,GBP,L007,IE,Individual,Salary,1,IT,0,Verified
T0001470,C00043,B010,2025-06-05 22:30:00,Card,Mobile,699.49,GBP,L019,IN,Business,Invoice,3,US,0,Verified
T0003593,C00160,B012,2025-06-06 03:18:00,Transfer,Online,490.08,GBP,L012,TR,Business,Purchase,4,US,0,Verified
T0003073,C00001,B004,2025-06-06 04:19:00,Transfer,Branch,2219.98,GBP,L002,FR,Individual,Cash,1,IE,0,Verified
T0000830,C00026,B011,2025-06-06 04:48:00,Card,Branch,1321.57,GBP,L018,PL,Individual,Purchase,2,IT,0,Review Required
T0005579,C00293,B009,2025-06-06 06:26:00,Transfer,Online,3794.56,GBP,L010,AU,Own Account,Transfer,2,IT,0,Verified
T0002834,C00287,B010,2025-06-06 08:25:00,Card,ATM,609.13,GBP,L019,IN,Individual,Cash,3,AE,0,Verified
T0003324,C00266,B010,2025-06-06 08:41:00,Cash Withdrawal,Branch,1375.73,GBP,L019,IN,Business,Purchase,3,IT,0,Verified
T0000470,C00093,B002,2025-06-06 08:43:00,Card,ATM,1244.38,GBP,L015,SG,Own Account,Purchase,2,IE,0,Review Required
T0000598,C00243,B004,2025-06-06 08:48:00,International Transfer,ATM,407.54,GBP,L008,US,Individual,Invoice,2,CH,0,Verified
T0003343,C00149,B002,2025-06-06 10:06:00,Card,Mobile,820.15,GBP,L019,IN,Own Account,Invoice,3,DE,0,Verified
T0001423,C00169,B011,2025-06-06 10:17:00,Transfer,Online,338.18,GBP,L002,FR,Individual,Cash,1,AE,0,Verified
T0004604,C00159,B002,2025-06-06 11:37:00,International Transfer,Branch,328.95,GBP,L001,GB,Own Account,Purchase,1,IN,0,Verified
T0003481,C00008,B006,2025-06-06 12:14:00,International Transfer,ATM,770.2,GBP,L016,HK,Individual,Cash,3,TR,0,Verified
T0004510,C00185,B009,2025-06-06 12:50:00,Transfer,Branch,1222.88,GBP,L014,BR,Own Account,Cash,3,AE,0,Verified
T0000846,C00166,B009,2025-06-06 14:43:00,Card,Online,120.79,GBP,L009,CA,Business,Payment,2,CA,0,Verified
T0000445,C00106,B001,2025-06-06 14:54:00,Transfer,Branch,1949.15,GBP,L015,SG,Business,Salary,2,BR,0,Verified
T0001358,C00191,B004,2025-06-06 16:05:00,Card,Mobile,3127.1,GBP,L013,NG,Own Account,Salary,5,IT,1,Verified
T0005715,C00031,B007,2025-06-06 16:44:00,Card,Branch,957.25,GBP,L005,IT,Business,Invoice,1,NL,0,Review Required
T0003098,C00254,B011,2025-06-06 20:09:00,Transfer,Online,363.28,GBP,L007,IE,Own Account,Transfer,1,BR,0,Verified
T0001550,C00270,B006,2025-06-06 21:42:00,Transfer,Mobile,1397.71,GBP,L019,IN,Individual,Invoice,3,IN,0,Verified
T0002772,C00111,B002,2025-06-07 03:02:00,Transfer,ATM,239.34,GBP,L005,IT,Individual,Cash,1,BR,0,Verified
T0004571,C00152,B010,2025-06-07 05:52:00,International Transfer,Mobile,350.67,GBP,L007,IE,Individual,Purchase,1,ZA,0,Verified
T0002472,C00228,B011,2025-06-07 07:19:00,Transfer,Online,287.23,GBP,L020,ZA,Business,Purchase,3,ZA,0,Verified
T0004665,C00227,B004,2025-06-07 08:04:00,Card,ATM,314.49,GBP,L014,BR,Individual,Payment,3,IE,0,Verified
T0000461,C00236,B007,2025-06-07 08:52:00,Card,Branch,2654.61,GBP,L012,TR,Individual,Cash,4,HK,0,Verified
T0005995,C00297,B011,2025-06-07 10:32:00,Cash Withdrawal,ATM,873.08,GBP,L014,BR,Business,Transfer,3,HK,0,Verified
T0005430,C00018,B004,2025-06-07 10:44:00,Card,Online,862.15,GBP,L003,DE,Own Account,Salary,1,BR,0,Verified
T0000120,C00201,B005,2025-06-07 12:06:00,Card,Online,912.9,GBP,L009,CA,Own Account,Transfer,2,GB,0,Verified
T0001800,C00105,B002,2025-06-07 16:38:00,Transfer,Branch,693.96,GBP,L013,NG,Individual,Cash,5,US,0,Verified
T0004189,C00192,B009,2025-06-07 17:39:00,International Transfer,Online,255.31,GBP,L011,AE,Business,Transfer,4,NG,0,Verified
T0004672,C00154,B001,2025-06-07 19:29:00,Card,Branch,1099.08,GBP,L012,TR,Own Account,Cash,4,ZA,0,Verified
T0004766,C00031,B004,2025-06-07 19:41:00,International Transfer,Online,722.88,GBP,L012,TR,Own Account,Cash,4,NL,0,Review Required
T0005998,C00135,B006,2025-06-07 20:32:00,Card,Mobile,343.8,GBP,L006,NL,Own Account,Purchase,1,ZA,0,Verified
T0000229,C00002,B006,2025-06-07 20:50:00,International Transfer,Mobile,872.73,GBP,L020,ZA,Business,Transfer,3,PL,0,Verified
T0003024,C00032,B008,2025-06-08 02:00:00,Card,ATM,918.51,GBP,L011,AE,Own Account,Salary,4,PL,0,Verified
T0001501,C00160,B003,2025-06-08 02:20:00,Cash Withdrawal,Online,1292.28,GBP,L004,ES,Own Account,Salary,1,US,0,Verified
T0002810,C00121,B006,2025-06-08 02:50:00,Transfer,Online,614.28,GBP,L015,SG,Business,Payment,2,IN,0,Verified
T0005598,C00023,B001,2025-06-08 05:09:00,Transfer,Mobile,627.32,GBP,L009,CA,Own Account,Cash,2,PL,0,Verified
T0005097,C00043,B001,2025-06-08 07:49:00,Card,Online,420.7,GBP,L010,AU,Business,Purchase,2,US,0,Verified
T0001370,C00051,B009,2025-06-08 09:41:00,Card,Branch,491.54,GBP,L004,ES,Business,Purchase,1,CH,0,Verified
T0001014,C00071,B001,2025-06-08 12:25:00,Card,Branch,280.36,GBP,L008,US,Business,Invoice,2,US,1,Verified
T0003103,C00211,B003,2025-06-08 13:27:00,Cash Deposit,ATM,1238.96,GBP,L003,DE,Individual,Transfer,1,AE,1,Verified
T0002778,C00029,B002,2025-06-08 13:34:00,Transfer,Branch,1021.62,GBP,L015,SG,Business,Invoice,2,IN,0,Verified
T0005987,C00028,B002,2025-06-08 15:03:00,Card,Online,4685.32,GBP,L014,BR,Individual,Invoice,3,ES,0,Verified
T0002053,C00096,B010,2025-06-08 17:23:00,Card,Online,5935.06,GBP,L010,AU,Business,Payment,2,IT,0,Verified
T0004446,C00046,B003,2025-06-08 18:03:00,International Transfer,Mobile,2035.22,GBP,L020,ZA,Own Account,Salary,3,NG,1,Verified
T0001697,C00118,B007,2025-06-08 18:47:00,Card,Branch,660.86,GBP,L002,FR,Own Account,Transfer,1,PL,0,Verified
T0002853,C00083,B004,2025-06-08 22:34:00,International Transfer,ATM,360.59,GBP,L014,BR,Business,Payment,3,BR,0,Verified
T0004965,C00247,B012,2025-06-09 01:16:00,Card,Branch,752.63,GBP,L014,BR,Business,Transfer,3,IT,0,Verified
T0003855,C00189,B002,2025-06-09 03:10:00,Card,Mobile,92.43,GBP,L005,IT,Business,Cash,1,IN,0,Verified
T0000460,C00073,B006,2025-06-09 04:33:00,Card,Branch,245.59,GBP,L018,PL,Business,Purchase,2,NL,0,Verified
T0002525,C00222,B006,2025-06-09 07:04:00,Card,ATM,69.28,GBP,L006,NL,Own Account,Purchase,1,US,0,Verified
T0000966,C00206,B012,2025-06-09 07:10:00,Cash Deposit,Mobile,437.83,GBP,L001,GB,Individual,Salary,1,NG,0,Verified
T0001981,C00243,B010,2025-06-09 07:35:00,Card,Online,296.24,GBP,L020,ZA,Individual,Transfer,3,CH,0,Verified
T0005394,C00233,B005,2025-06-09 07:55:00,Transfer,ATM,2514.89,GBP,L007,IE,Own Account,Purchase,1,ES,0,Verified
T0003345,C00259,B004,2025-06-09 09:24:00,Transfer,Online,684.65,GBP,L019,IN,Business,Invoice,3,SG,0,Verified
T0000610,C00210,B007,2025-06-09 10:26:00,Transfer,Online,990.44,GBP,L014,BR,Business,Payment,3,FR,1,Verified
T0003038,C00090,B010,2025-06-09 13:28:00,Transfer,Online,7375.57,GBP,L007,IE,Own Account,Salary,1,SG,0,Verified
T0001044,C00053,B002,2025-06-09 15:07:00,Cash Deposit,ATM,649.9,GBP,L001,GB,Business,Purchase,1,IN,0,Verified
T0004529,C00099,B008,2025-06-09 16:56:00,Transfer,Mobile,1131.09,GBP,L007,IE,Individual,Invoice,1,SG,0,Verified
T0003037,C00259,B004,2025-06-09 17:15:00,Transfer,Online,97.29,GBP,L008,US,Own Account,Purchase,2,SG,0,Verified
T0001553,C00214,B010,2025-06-09 18:00:00,Transfer,Branch,485.83,GBP,L006,NL,Own Account,Salary,1,AU,0,Verified
T0001238,C00275,B005,2025-06-09 19:34:00,Cash Deposit,Mobile,4675.09,GBP,L010,AU,Individual,Transfer,2,NL,0,Verified
T0004847,C00083,B008,2025-06-09 20:14:00,Cash Withdrawal,Branch,918.19,GBP,L016,HK,Individual,Transfer,3,BR,0,Verified
T0003141,C00128,B007,2025-06-09 23:35:00,International Transfer,Online,2614.46,GBP,L006,NL,Own Account,Transfer,1,HK,0,Verified
T0002654,C00016,B011,2025-06-10 01:38:00,Transfer,Mobile,473.78,GBP,L015,SG,Business,Payment,2,NG,0,Verified
T0000901,C00010,B002,2025-06-10 03:29:00,Card,Branch,356.94,GBP,L017,CH,Own Account,Cash,2,SG,0,Verified
T0001252,C00090,B010,2025-06-10 04:03:00,Transfer,Mobile,1093.69,GBP,L002,FR,Business,Payment,1,SG,0,Verified
T0004304,C00175,B011,2025-06-10 05:43:00,Transfer,Branch,771.83,GBP,L010,AU,Own Account,Transfer,2,AU,0,Verified
T0003101,C00184,B012,2025-06-10 07:05:00,International Transfer,Branch,384.26,GBP,L011,AE,Own Account,Purchase,4,HK,0,Verified
T0004193,C00141,B012,2025-06-10 08:12:00,Card,Branch,627.92,GBP,L007,IE,Individual,Salary,1,US,0,Verified
T0003091,C00256,B011,2025-06-10 09:25:00,Cash Deposit,Online,406.02,GBP,L013,NG,Individual,Invoice,5,AU,0,Verified
T0006019,C00138,B001,2025-06-10 09:37:00,International Transfer,Online,27461.78,GBP,L011,AE,Business,International Transfer,4,DE,0,Verified
T0001830,C00089,B001,2025-06-10 10:31:00,Cash Deposit,Mobile,4046.85,GBP,L006,NL,Own Account,Transfer,1,BR,0,Verified
T0006020,C00138,B001,2025-06-10 11:37:00,International Transfer,Online,28054.07,GBP,L012,TR,Business,International Transfer,4,DE,0,Verified
T0001254,C00074,B004,2025-06-10 12:23:00,Card,Mobile,582.65,GBP,L013,NG,Individual,Transfer,5,AE,0,Verified
T0000316,C00068,B004,2025-06-10 12:43:00,Card,Branch,4367.71,GBP,L019,IN,Individual,Purchase,3,PL,0,Verified
T0002931,C00068,B002,2025-06-10 12:46:00,Card,ATM,701.88,GBP,L011,AE,Business,Payment,4,PL,0,Verified
T0001052,C00187,B005,2025-06-10 13:19:00,Card,Branch,615.44,GBP,L014,BR,Individual,Invoice,3,BR,0,Verified
T0006021,C00138,B001,2025-06-10 13:37:00,International Transfer,Online,13023.46,GBP,L013,NG,Business,International Transfer,5,DE,0,Verified
T0002168,C00117,B006,2025-06-10 14:07:00,Transfer,Branch,345.51,GBP,L011,AE,Individual,Purchase,4,BR,0,Verified
T0002283,C00297,B008,2025-06-10 15:33:00,Transfer,Online,552.53,GBP,L005,IT,Business,Transfer,1,HK,0,Verified
T0006022,C00138,B001,2025-06-10 15:37:00,International Transfer,Online,20988.82,GBP,L011,AE,Business,International Transfer,4,DE,0,Verified
T0002372,C00020,B002,2025-06-10 15:51:00,Cash Deposit,Mobile,7229.67,GBP,L006,NL,Business,Payment,1,IT,0,Verified
T0000821,C00195,B011,2025-06-10 16:57:00,Transfer,ATM,2210.21,GBP,L002,FR,Individual,Invoice,1,BR,0,Verified
T0001974,C00128,B009,2025-06-10 17:15:00,Transfer,ATM,114.19,GBP,L006,NL,Business,Transfer,1,HK,0,Verified
T0006023,C00138,B001,2025-06-10 17:37:00,International Transfer,Online,13674.27,GBP,L011,AE,Business,International Transfer,4,DE,0,Verified
T0000833,C00169,B012,2025-06-10 18:49:00,Cash Deposit,Online,1011.44,GBP,L007,IE,Individual,Cash,1,AE,0,Verified
T0002362,C00070,B003,2025-06-10 19:51:00,Card,Branch,798.52,GBP,L011,AE,Own Account,Transfer,4,AU,0,Verified
T0004843,C00019,B005,2025-06-10 20:02:00,International Transfer,Mobile,79.55,GBP,L019,IN,Own Account,Invoice,3,IT,1,Verified
T0002264,C00114,B004,2025-06-10 21:10:00,Transfer,ATM,2280.47,GBP,L020,ZA,Own Account,Cash,3,GB,0,Verified
T0005264,C00005,B002,2025-06-10 22:27:00,Card,Mobile,356.52,GBP,L016,HK,Own Account,Cash,3,ES,0,Verified
T0000296,C00299,B003,2025-06-10 22:49:00,Transfer,ATM,16240.83,GBP,L007,IE,Own Account,Invoice,1,AE,0,Verified
T0005179,C00212,B006,2025-06-10 23:00:00,Card,ATM,1454.09,GBP,L004,ES,Business,Invoice,1,PL,0,Verified
T0003211,C00297,B003,2025-06-10 23:20:00,Card,Online,1007.62,GBP,L013,NG,Own Account,Invoice,5,HK,0,Verified
T0003839,C00200,B001,2025-06-11 02:10:00,Card,Mobile,1988.75,GBP,L004,ES,Business,Payment,1,IN,0,Verified
T0002030,C00043,B012,2025-06-11 02:27:00,International Transfer,ATM,571.34,GBP,L012,TR,Individual,Transfer,4,US,0,Verified
T0002872,C00118,B010,2025-06-11 04:02:00,Card,Mobile,1274.2,GBP,L004,ES,Business,Payment,1,PL,0,Verified
T0003587,C00045,B002,2025-06-11 06:11:00,International Transfer,Online,1995.98,GBP,L019,IN,Business,Salary,3,US,0,Verified
T0005614,C00255,B001,2025-06-11 06:45:00,Card,Online,904.32,GBP,L008,US,Business,Purchase,2,PL,0,Verified
T0002049,C00242,B008,2025-06-11 13:42:00,Card,ATM,772.57,GBP,L018,PL,Business,Salary,2,AE,0,Verified
T0001521,C00295,B008,2025-06-11 14:24:00,Card,Online,319.93,GBP,L004,ES,Business,Cash,1,CH,0,Verified
T0003589,C00067,B009,2025-06-11 17:02:00,Card,Branch,920.31,GBP,L008,US,Own Account,Payment,2,CA,0,Verified
T0003051,C00270,B004,2025-06-11 18:16:00,International Transfer,Mobile,5857.42,GBP,L001,GB,Business,Cash,1,IN,0,Verified
T0003814,C00244,B011,2025-06-11 23:10:00,Transfer,Branch,978.4,GBP,L009,CA,Own Account,Transfer,2,PL,0,Verified
T0003436,C00122,B001,2025-06-12 01:32:00,Card,Branch,470.97,GBP,L012,TR,Own Account,Invoice,4,NL,0,Review Required
T0000628,C00262,B003,2025-06-12 02:39:00,Card,Branch,1282.17,GBP,L014,BR,Individual,Purchase,3,BR,0,Verified
T0001123,C00078,B010,2025-06-12 05:26:00,Cash Deposit,Online,896.78,GBP,L017,CH,Business,Cash,2,CA,0,Verified
T0003432,C00221,B004,2025-06-12 05:29:00,Transfer,ATM,852.2,GBP,L013,NG,Own Account,Payment,5,FR,0,Verified
T0003498,C00005,B006,2025-06-12 06:17:00,Cash Deposit,Online,618.68,GBP,L020,ZA,Business,Transfer,3,ES,0,Verified
T0001433,C00019,B005,2025-06-12 07:19:00,Card,Mobile,317.92,GBP,L006,NL,Business,Transfer,1,IT,1,Verified
T0002837,C00033,B010,2025-06-12 09:12:00,Card,Branch,131.46,GBP,L020,ZA,Individual,Cash,3,TR,0,Verified
T0003788,C00270,B010,2025-06-12 10:13:00,International Transfer,Mobile,521.63,GBP,L004,ES,Business,Invoice,1,IN,0,Verified
T0002363,C00282,B005,2025-06-12 11:14:00,Card,ATM,828.68,GBP,L004,ES,Own Account,Purchase,1,DE,0,Verified
T0000883,C00146,B009,2025-06-12 14:20:00,Transfer,Branch,1360.13,GBP,L016,HK,Individual,Payment,3,FR,0,Verified
T0000169,C00171,B010,2025-06-12 19:35:00,Transfer,Mobile,419.78,GBP,L015,SG,Business,Cash,2,DE,0,Review Required
T0001634,C00247,B011,2025-06-12 20:13:00,Card,Branch,997.4,GBP,L012,TR,Individual,Payment,4,IT,0,Verified
T0002859,C00188,B010,2025-06-12 20:34:00,Transfer,Online,447.37,GBP,L014,BR,Business,Transfer,3,IT,0,Verified
T0000322,C00160,B011,2025-06-12 21:25:00,Cash Withdrawal,Branch,100.05,GBP,L020,ZA,Own Account,Payment,3,US,0,Verified
T0005675,C00288,B003,2025-06-12 23:32:00,Card,Mobile,948.69,GBP,L008,US,Own Account,Invoice,2,FR,0,Verified
T0002070,C00292,B012,2025-06-12 23:47:00,Card,Online,399.45,GBP,L019,IN,Individual,Cash,3,ZA,0,Verified
T0002483,C00003,B003,2025-06-13 01:28:00,Card,Branch,767.32,GBP,L001,GB,Business,Payment,1,GB,0,Verified
T0006001,C00173,B012,2025-06-13 04:16:00,Cash Deposit,Branch,9667.32,GBP,L015,SG,Own Account,Cash Deposit,2,FR,0,Verified
T0001782,C00217,B011,2025-06-13 04:33:00,Card,Online,685.85,GBP,L002,FR,Individual,Purchase,1,ES,0,Verified
T0006002,C00173,B012,2025-06-13 04:51:00,Cash Deposit,Branch,9793.99,GBP,L019,IN,Own Account,Cash Deposit,3,FR,0,Verified
T0005541,C00200,B006,2025-06-13 05:04:00,International Transfer,Online,2627.91,GBP,L012,TR,Business,Cash,4,IN,0,Verified
T0006003,C00173,B012,2025-06-13 05:26:00,Cash Deposit,Branch,7807.14,GBP,L016,HK,Own Account,Cash Deposit,3,FR,0,Verified
T0003715,C00011,B006,2025-06-13 05:49:00,International Transfer,ATM,1380.34,GBP,L018,PL,Individual,Purchase,2,IE,0,Verified
T0006004,C00173,B012,2025-06-13 06:01:00,Cash Deposit,Branch,8674.62,GBP,L004,ES,Own Account,Cash Deposit,1,FR,0,Verified
T0006005,C00173,B012,2025-06-13 06:36:00,Cash Deposit,Branch,7945.71,GBP,L010,AU,Own Account,Cash Deposit,2,FR,0,Verified
T0006006,C00173,B012,2025-06-13 07:11:00,Cash Deposit,Branch,8547.2,GBP,L015,SG,Own Account,Cash Deposit,2,FR,0,Verified
T0006007,C00173,B012,2025-06-13 07:46:00,Cash Deposit,Branch,8225.09,GBP,L016,HK,Own Account,Cash Deposit,3,FR,0,Verified
T0006008,C00173,B012,2025-06-13 08:21:00,Cash Deposit,Branch,9262.28,GBP,L012,TR,Own Account,Cash Deposit,4,FR,0,Verified
T0004208,C00040,B004,2025-06-13 08:58:00,Card,ATM,599.19,GBP,L015,SG,Own Account,Cash,2,FR,0,Verified
T0003744,C00074,B012,2025-06-13 09:47:00,Cash Deposit,Branch,1008.63,GBP,L020,ZA,Own Account,Purchase,3,AE,0,Verified
T0000412,C00256,B001,2025-06-13 14:22:00,International Transfer,Online,1047.06,GBP,L014,BR,Individual,Payment,3,AU,0,Verified
T0001177,C00072,B008,2025-06-13 15:10:00,Cash Withdrawal,Branch,84.13,GBP,L017,CH,Business,Payment,2,BR,0,Verified
T0005342,C00243,B011,2025-06-13 16:29:00,Card,ATM,818.55,GBP,L012,TR,Own Account,Cash,4,CH,0,Verified
T0003116,C00170,B008,2025-06-13 18:23:00,Card,ATM,274.06,GBP,L008,US,Individual,Transfer,2,HK,0,Verified
T0003224,C00239,B011,2025-06-13 18:40:00,Cash Deposit,Branch,958.17,GBP,L006,NL,Business,Invoice,1,NG,0,Verified
T0000090,C00297,B008,2025-06-13 18:52:00,Transfer,ATM,954.68,GBP,L004,ES,Business,Transfer,1,HK,0,Verified
T0003186,C00022,B012,2025-06-13 19:24:00,Card,ATM,351.25,GBP,L017,CH,Individual,Salary,2,PL,0,Verified
T0002266,C00286,B004,2025-06-13 19:52:00,Transfer,Branch,306.15,GBP,L014,BR,Own Account,Invoice,3,IT,0,Verified
T0004927,C00098,B011,2025-06-13 21:27:00,Card,Online,464.86,GBP,L020,ZA,Own Account,Payment,3,US,0,Verified
T0002566,C00183,B008,2025-06-13 22:32:00,Transfer,Online,7269.12,GBP,L016,HK,Individual,Payment,3,AU,0,Review Required
T0004306,C00208,B011,2025-06-14 00:01:00,Transfer,Branch,759.74,GBP,L018,PL,Individual,Transfer,2,TR,0,Verified
T0000009,C00196,B005,2025-06-14 04:46:00,Transfer,Online,442.29,GBP,L002,FR,Business,Invoice,1,AU,0,Verified
T0005723,C00263,B004,2025-06-14 09:31:00,Transfer,ATM,1471.17,GBP,L014,BR,Business,Salary,3,CH,0,Verified
T0000303,C00291,B012,2025-06-14 11:02:00,Card,Branch,1166.62,GBP,L011,AE,Business,Invoice,4,ES,0,Verified
T0005729,C00225,B006,2025-06-14 11:09:00,Card,Online,88.05,GBP,L013,NG,Individual,Payment,5,IE,0,Verified
T0001380,C00124,B001,2025-06-14 14:11:00,Cash Deposit,Mobile,192.68,GBP,L016,HK,Individual,Payment,3,NG,0,Verified
T0000122,C00232,B004,2025-06-14 15:10:00,Transfer,Branch,4179.17,GBP,L006,NL,Own Account,Payment,1,IT,0,Verified
T0004560,C00060,B008,2025-06-14 16:19:00,Cash Deposit,ATM,276.68,GBP,L001,GB,Own Account,Cash,1,SG,0,Review Required
T0000802,C00048,B003,2025-06-14 16:21:00,Transfer,ATM,815.96,GBP,L003,DE,Individual,Transfer,1,PL,0,Verified
T0005221,C00236,B001,2025-06-14 16:25:00,Card,Mobile,817.36,GBP,L019,IN,Own Account,Invoice,3,HK,0,Verified
T0005716,C00089,B002,2025-06-14 17:24:00,Cash Deposit,Branch,527.56,GBP,L009,CA,Business,Payment,2,BR,0,Verified
T0001411,C00260,B004,2025-06-14 18:08:00,Transfer,Online,623.4,GBP,L001,GB,Business,Transfer,1,IN,0,Verified
T0003669,C00269,B007,2025-06-14 18:58:00,Transfer,Mobile,780.23,GBP,L002,FR,Own Account,Transfer,1,FR,1,Verified
T0003872,C00176,B004,2025-06-14 19:12:00,Transfer,Branch,205.5,GBP,L019,IN,Individual,Invoice,3,ZA,0,Verified
T0003408,C00089,B011,2025-06-14 20:53:00,Transfer,Mobile,426.14,GBP,L015,SG,Business,Transfer,2,BR,0,Verified
T0002687,C00020,B006,2025-06-14 22:42:00,Card,Branch,550.51,GBP,L006,NL,Own Account,Salary,1,IT,0,Verified
T0003595,C00097,B001,2025-06-15 02:31:00,Card,ATM,1318.3,GBP,L016,HK,Business,Salary,3,US,0,Verified
T0001552,C00129,B004,2025-06-15 02:52:00,Card,ATM,2156.54,GBP,L015,SG,Business,Payment,2,BR,0,Verified
T0000955,C00054,B004,2025-06-15 07:36:00,Transfer,Branch,1371.01,GBP,L001,GB,Own Account,Purchase,1,BR,0,Verified
T0004363,C00291,B003,2025-06-15 10:06:00,Cash Withdrawal,Branch,9823.01,GBP,L009,CA,Own Account,Purchase,2,ES,0,Verified
T0001527,C00105,B005,2025-06-15 10:46:00,International Transfer,Mobile,854.44,GBP,L017,CH,Own Account,Invoice,2,US,0,Verified
T0005332,C00169,B003,2025-06-15 11:08:00,Card,Mobile,186.08,GBP,L011,AE,Business,Transfer,4,AE,0,Verified
T0005644,C00263,B007,2025-06-15 11:45:00,Cash Withdrawal,ATM,213.73,GBP,L003,DE,Business,Transfer,1,CH,0,Verified
T0004081,C00212,B001,2025-06-15 12:24:00,Transfer,Branch,178.88,GBP,L001,GB,Individual,Salary,1,PL,0,Verified
T0002290,C00083,B002,2025-06-15 14:29:00,Transfer,ATM,1083.06,GBP,L011,AE,Business,Salary,4,BR,0,Verified
T0003004,C00294,B004,2025-06-15 16:42:00,Transfer,ATM,151.71,GBP,L004,ES,Business,Invoice,1,DE,0,Verified
T0003021,C00266,B002,2025-06-15 17:59:00,Transfer,ATM,565.7,GBP,L010,AU,Business,Cash,2,IT,0,Verified
T0001133,C00220,B005,2025-06-15 19:21:00,Transfer,Branch,1073.28,GBP,L019,IN,Business,Salary,3,SG,0,Verified
T0002858,C00203,B003,2025-06-15 19:30:00,Cash Deposit,Online,379.56,GBP,L003,DE,Business,Purchase,1,BR,0,Verified
T0001217,C00055,B011,2025-06-15 20:01:00,Cash Deposit,Branch,1193.77,GBP,L007,IE,Business,Payment,1,CA,0,Verified
T0005506,C00264,B007,2025-06-15 21:11:00,Card,Online,4089.23,GBP,L013,NG,Individual,Payment,5,IN,1,Verified
T0005738,C00208,B008,2025-06-15 21:19:00,International Transfer,Branch,3891.62,GBP,L016,HK,Business,Purchase,3,TR,0,Verified
T0002863,C00167,B008,2025-06-15 23:15:00,International Transfer,Branch,467.82,GBP,L003,DE,Individual,Salary,1,SG,0,Verified
T0005383,C00165,B010,2025-06-15 23:50:00,Card,ATM,1232.02,GBP,L007,IE,Business,Salary,1,US,0,Review Required
T0002301,C00292,B007,2025-06-16 00:46:00,Card,Branch,1101.51,GBP,L019,IN,Own Account,Payment,3,ZA,0,Verified
T0002839,C00063,B012,2025-06-16 04:13:00,Transfer,Online,847.41,GBP,L012,TR,Own Account,Purchase,4,ES,0,Verified
T0000429,C00217,B012,2025-06-16 04:53:00,Cash Deposit,ATM,3332.42,GBP,L016,HK,Own Account,Payment,3,ES,0,Verified
T0001319,C00264,B007,2025-06-16 05:00:00,Card,Online,1561.61,GBP,L003,DE,Own Account,Payment,1,IN,1,Verified
T0004073,C00138,B009,2025-06-16 07:08:00,Transfer,ATM,461.05,GBP,L012,TR,Business,Cash,4,DE,0,Verified
T0001815,C00218,B008,2025-06-16 07:56:00,Transfer,Branch,347.06,GBP,L020,ZA,Individual,Salary,3,TR,0,Verified
T0002021,C00001,B008,2025-06-16 09:42:00,Transfer,Online,4799.37,GBP,L005,IT,Own Account,Purchase,1,IE,0,Verified
T0005804,C00157,B001,2025-06-16 11:53:00,Cash Withdrawal,Mobile,941.15,GBP,L006,NL,Own Account,Salary,1,HK,0,Verified
T0002352,C00110,B002,2025-06-16 13:16:00,Transfer,ATM,670.09,GBP,L012,TR,Individual,Payment,4,PL,0,Verified
T0000367,C00136,B003,2025-06-16 15:21:00,International Transfer,Mobile,1016.78,GBP,L007,IE,Individual,Purchase,1,IE,0,Verified
T0003618,C00164,B005,2025-06-16 17:53:00,Card,Branch,369.84,GBP,L013,NG,Business,Payment,5,BR,0,Verified
T0005373,C00153,B004,2025-06-16 19:18:00,Card,Mobile,476.97,GBP,L011,AE,Business,Payment,4,SG,0,Verified
T0002247,C00162,B003,2025-06-16 19:33:00,Card,ATM,609.33,GBP,L017,CH,Own Account,Payment,2,SG,0,Verified
T0002406,C00272,B002,2025-06-16 19:47:00,Cash Deposit,Branch,3113.17,GBP,L011,AE,Business,Invoice,4,ZA,0,Verified
T0002927,C00224,B001,2025-06-16 20:22:00,Card,Mobile,522.19,GBP,L015,SG,Individual,Cash,2,HK,0,Verified
T0001100,C00153,B007,2025-06-17 00:29:00,International Transfer,Branch,752.37,GBP,L015,SG,Own Account,Purchase,2,SG,0,Verified
T0004205,C00257,B004,2025-06-17 01:41:00,Card,Mobile,1589.84,GBP,L019,IN,Own Account,Purchase,3,IT,0,Verified
T0004385,C00165,B009,2025-06-17 03:18:00,Card,Mobile,4271.96,GBP,L017,CH,Business,Transfer,2,US,0,Review Required
T0003126,C00077,B012,2025-06-17 03:56:00,Card,Mobile,1102.97,GBP,L011,AE,Individual,Transfer,4,IE,0,Review Required
T0004318,C00052,B011,2025-06-17 06:14:00,International Transfer,Branch,703.74,GBP,L017,CH,Individual,Transfer,2,DE,0,Verified
T0005712,C00152,B001,2025-06-17 07:20:00,Transfer,Branch,986.49,GBP,L017,CH,Business,Purchase,2,ZA,0,Verified
T0000446,C00162,B012,2025-06-17 07:22:00,Card,Branch,5499.83,GBP,L017,CH,Business,Transfer,2,SG,0,Verified
T0000988,C00113,B007,2025-06-17 12:00:00,Transfer,Branch,394.11,GBP,L014,BR,Own Account,Invoice,3,PL,0,Verified
T0002916,C00187,B004,2025-06-17 13:41:00,International Transfer,ATM,945.11,GBP,L014,BR,Individual,Salary,3,BR,0,Verified
T0000195,C00014,B009,2025-06-17 19:03:00,International Transfer,Online,189.95,GBP,L010,AU,Individual,Payment,2,FR,0,Verified
T0001811,C00041,B005,2025-06-17 22:32:00,Card,Branch,721.17,GBP,L013,NG,Individual,Invoice,5,AE,0,Verified
T0001774,C00231,B009,2025-06-17 23:42:00,Card,Online,1016.16,GBP,L006,NL,Business,Payment,1,IT,0,Verified
T0002895,C00033,B002,2025-06-18 01:11:00,Card,Branch,3361.66,GBP,L012,TR,Business,Transfer,4,TR,0,Verified
T0001513,C00199,B011,2025-06-18 01:51:00,Cash Withdrawal,Branch,477.1,GBP,L005,IT,Individual,Cash,1,ZA,0,Verified
T0002849,C00149,B001,2025-06-18 01:51:00,Cash Withdrawal,Mobile,68.63,GBP,L019,IN,Individual,Payment,3,DE,0,Verified
T0005029,C00241,B007,2025-06-18 02:08:00,Card,Branch,1523.49,GBP,L006,NL,Business,Payment,1,DE,0,Verified
T0002578,C00017,B002,2025-06-18 04:08:00,Cash Deposit,ATM,444.86,GBP,L011,AE,Individual,Invoice,4,US,0,Verified
T0003811,C00125,B010,2025-06-18 05:26:00,Card,Online,743.72,GBP,L017,CH,Individual,Cash,2,US,0,Verified
T0000072,C00097,B004,2025-06-18 08:11:00,Transfer,Online,1619.77,GBP,L006,NL,Individual,Purchase,1,US,0,Verified
T0003897,C00232,B012,2025-06-18 08:29:00,Card,Online,701.88,GBP,L011,AE,Individual,Transfer,4,IT,0,Verified
T0001099,C00235,B012,2025-06-18 08:55:00,Transfer,ATM,123.0,GBP,L017,CH,Business,Salary,2,IT,0,Verified
T0001200,C00295,B003,2025-06-18 12:40:00,Card,Mobile,291.19,GBP,L006,NL,Business,Purchase,1,CH,0,Verified
T0003697,C00117,B008,2025-06-18 13:34:00,Cash Deposit,Branch,4229.83,GBP,L003,DE,Own Account,Transfer,1,BR,0,Verified
T0004262,C00179,B005,2025-06-18 17:15:00,Transfer,Mobile,1572.47,GBP,L001,GB,Business,Salary,1,AU,0,Verified
T0001253,C00051,B001,2025-06-18 19:06:00,Card,Online,1245.1,GBP,L007,IE,Own Account,Payment,1,CH,0,Verified
T0002055,C00040,B012,2025-06-18 19:27:00,Transfer,ATM,1631.98,GBP,L009,CA,Individual,Purchase,2,FR,0,Verified
T0002977,C00200,B009,2025-06-18 21:49:00,Transfer,Branch,2321.29,GBP,L001,GB,Business,Transfer,1,IN,0,Verified
T0001504,C00017,B004,2025-06-19 02:48:00,Card,Branch,1035.58,GBP,L017,CH,Individual,Salary,2,US,0,Verified
T0000642,C00097,B007,2025-06-19 04:33:00,Card,Mobile,372.47,GBP,L016,HK,Individual,Payment,3,US,0,Verified
T0000145,C00283,B007,2025-06-19 05:47:00,Transfer,Branch,2966.6,GBP,L011,AE,Individual,Cash,4,AU,0,Verified
T0000241,C00053,B003,2025-06-19 07:08:00,Card,ATM,1449.13,GBP,L009,CA,Individual,Invoice,2,IN,0,Verified
T0000351,C00114,B003,2025-06-19 07:57:00,International Transfer,Mobile,343.4,GBP,L015,SG,Own Account,Salary,2,GB,0,Verified
T0000856,C00149,B006,2025-06-19 09:33:00,Transfer,ATM,1267.89,GBP,L017,CH,Own Account,Purchase,2,DE,0,Verified
T0003459,C00087,B004,2025-06-19 11:18:00,International Transfer,Branch,330.49,GBP,L013,NG,Individual,Invoice,5,BR,0,Verified
T0004519,C00097,B004,2025-06-19 11:23:00,Card,Mobile,544.9,GBP,L010,AU,Business,Purchase,2,US,0,Verified
T0005640,C00275,B004,2025-06-19 11:30:00,Transfer,ATM,1224.31,GBP,L012,TR,Individual,Cash,4,NL,0,Verified
T0001728,C00057,B010,2025-06-19 12:26:00,Card,Online,4625.54,GBP,L004,ES,Individual,Cash,1,DE,0,Review Required
T0000717,C00229,B007,2025-06-19 13:05:00,Cash Withdrawal,Mobile,468.81,GBP,L007,IE,Own Account,Cash,1,IT,0,Verified
T0001962,C00299,B011,2025-06-19 14:16:00,International Transfer,Branch,198.72,GBP,L008,US,Individual,Invoice,2,AE,0,Verified
T0005703,C00091,B001,2025-06-19 14:18:00,Transfer,ATM,4603.09,GBP,L015,SG,Business,Invoice,2,NL,0,Verified
T0005055,C00077,B012,2025-06-19 15:23:00,Card,Mobile,332.21,GBP,L004,ES,Own Account,Invoice,1,IE,0,Review Required
T0002306,C00045,B011,2025-06-19 16:16:00,Card,Online,552.63,GBP,L008,US,Own Account,Salary,2,US,0,Verified
T0005717,C00020,B012,2025-06-19 17:16:00,Cash Deposit,ATM,239.92,GBP,L017,CH,Individual,Purchase,2,IT,0,Verified
T0000133,C00072,B006,2025-06-20 00:02:00,Card,Mobile,905.72,GBP,L005,IT,Business,Payment,1,BR,0,Verified
T0003171,C00049,B002,2025-06-20 01:01:00,Transfer,Branch,539.54,GBP,L009,CA,Business,Purchase,2,IE,0,Verified
T0005465,C00251,B006,2025-06-20 02:04:00,Cash Deposit,ATM,3243.03,GBP,L010,AU,Business,Salary,2,ZA,0,Verified
T0000735,C00113,B001,2025-06-20 03:01:00,Transfer,Branch,1342.45,GBP,L007,IE,Own Account,Transfer,1,PL,0,Verified
T0001679,C00033,B006,2025-06-20 04:16:00,Card,Online,351.32,GBP,L014,BR,Own Account,Payment,3,TR,0,Verified
T0005151,C00186,B007,2025-06-20 04:53:00,Transfer,Branch,827.96,GBP,L020,ZA,Business,Purchase,3,AE,0,Verified
T0001516,C00052,B008,2025-06-20 07:00:00,Card,Online,2180.84,GBP,L011,AE,Business,Purchase,4,DE,0,Verified
T0004292,C00052,B004,2025-06-20 09:11:00,Transfer,Online,992.77,GBP,L016,HK,Business,Payment,3,DE,0,Verified
T0002944,C00161,B009,2025-06-20 10:06:00,Cash Deposit,ATM,813.03,GBP,L009,CA,Business,Invoice,2,NL,0,Verified
T0000980,C00126,B005,2025-06-20 16:09:00,Card,Mobile,573.47,GBP,L015,SG,Own Account,Invoice,2,IN,0,Verified
T0005562,C00234,B006,2025-06-20 16:59:00,Cash Withdrawal,Mobile,1597.18,GBP,L004,ES,Individual,Purchase,1,US,0,Verified
T0004552,C00260,B004,2025-06-20 17:20:00,Card,Online,3670.28,GBP,L016,HK,Own Account,Cash,3,IN,0,Verified
T0004095,C00155,B006,2025-06-20 18:22:00,International Transfer,Mobile,510.47,GBP,L014,BR,Individual,Transfer,3,CA,0,Verified
T0003419,C00081,B009,2025-06-20 19:43:00,Cash Deposit,Mobile,928.6,GBP,L012,TR,Own Account,Invoice,4,BR,0,Verified
T0001275,C00002,B010,2025-06-20 20:28:00,Card,Branch,315.15,GBP,L002,FR,Business,Salary,1,PL,0,Verified
T0003307,C00159,B011,2025-06-20 21:16:00,Card,Branch,5863.96,GBP,L014,BR,Own Account,Purchase,3,IN,0,Verified
T0005297,C00289,B009,2025-06-20 21:29:00,Card,Mobile,789.47,GBP,L006,NL,Business,Payment,1,ZA,0,Verified
T0000240,C00291,B002,2025-06-20 21:42:00,Transfer,Mobile,191.02,GBP,L009,CA,Own Account,Purchase,2,ES,0,Verified
T0000674,C00047,B002,2025-06-21 00:12:00,Card,Mobile,986.32,GBP,L016,HK,Own Account,Transfer,3,NG,0,Verified
T0001637,C00202,B007,2025-06-21 01:50:00,Transfer,ATM,209.14,GBP,L007,IE,Individual,Purchase,1,NL,0,Verified
T0003848,C00114,B012,2025-06-21 02:00:00,Transfer,Online,714.63,GBP,L013,NG,Individual,Transfer,5,GB,0,Verified
T0002575,C00011,B003,2025-06-21 03:48:00,Transfer,ATM,260.37,GBP,L008,US,Own Account,Transfer,2,IE,0,Verified
T0002798,C00140,B005,2025-06-21 04:02:00,Card,ATM,2792.34,GBP,L009,CA,Business,Payment,2,PL,0,Verified
T0003492,C00240,B010,2025-06-21 04:34:00,Card,ATM,169.77,GBP,L017,CH,Business,Payment,2,SG,0,Verified
T0000699,C00258,B001,2025-06-21 05:30:00,Card,Branch,825.87,GBP,L013,NG,Own Account,Invoice,5,GB,0,Verified
T0004403,C00239,B008,2025-06-21 05:43:00,Card,Mobile,1643.53,GBP,L005,IT,Business,Purchase,1,NG,0,Verified
T0001756,C00146,B002,2025-06-21 07:47:00,Card,ATM,7329.33,GBP,L007,IE,Business,Cash,1,FR,0,Verified
T0000651,C00029,B004,2025-06-21 09:18:00,Card,ATM,1873.85,GBP,L011,AE,Business,Salary,4,IN,0,Verified
T0000884,C00242,B001,2025-06-21 10:12:00,Cash Deposit,Mobile,1453.14,GBP,L007,IE,Business,Payment,1,AE,0,Verified
T0005484,C00234,B003,2025-06-21 11:22:00,Transfer,Branch,1043.49,GBP,L002,FR,Business,Invoice,1,US,0,Verified
T0001769,C00252,B003,2025-06-21 12:21:00,Card,Online,260.0,GBP,L002,FR,Own Account,Invoice,1,IT,1,Verified
T0004048,C00198,B004,2025-06-21 12:46:00,Card,Branch,2889.1,GBP,L019,IN,Own Account,Payment,3,BR,0,Verified
T0000102,C00252,B011,2025-06-21 12:48:00,Transfer,Branch,2448.24,GBP,L002,FR,Individual,Cash,1,IT,1,Verified
T0001053,C00089,B008,2025-06-21 20:46:00,Card,Online,352.59,GBP,L014,BR,Business,Transfer,3,BR,0,Verified
T0001015,C00067,B002,2025-06-21 21:36:00,Card,Online,202.09,GBP,L010,AU,Business,Transfer,2,CA,0,Verified
T0004130,C00147,B008,2025-06-21 23:32:00,Cash Deposit,Branch,1477.75,GBP,L004,ES,Business,Payment,1,GB,0,Verified
T0004061,C00055,B001,2025-06-22 00:02:00,Card,Branch,3762.35,GBP,L008,US,Business,Salary,2,CA,0,Verified
T0004744,C00283,B003,2025-06-22 00:06:00,Transfer,Branch,971.42,GBP,L010,AU,Individual,Salary,2,AU,0,Verified
T0002230,C00044,B008,2025-06-22 01:49:00,Transfer,Branch,465.26,GBP,L010,AU,Individual,Salary,2,PL,0,Review Required
T0001663,C00045,B005,2025-06-22 02:03:00,Transfer,Branch,309.7,GBP,L017,CH,Own Account,Invoice,2,US,0,Verified
T0001069,C00131,B001,2025-06-22 04:26:00,Transfer,Branch,2109.79,GBP,L009,CA,Business,Invoice,2,IN,0,Verified
T0004371,C00217,B008,2025-06-22 04:54:00,Transfer,ATM,134.19,GBP,L010,AU,Business,Salary,2,ES,0,Verified
T0003453,C00139,B008,2025-06-22 05:25:00,Cash Withdrawal,Mobile,441.87,GBP,L018,PL,Business,Transfer,2,IN,0,Verified
T0003676,C00047,B005,2025-06-22 06:21:00,Transfer,ATM,2183.87,GBP,L007,IE,Own Account,Invoice,1,NG,0,Verified
T0002563,C00296,B006,2025-06-22 06:36:00,International Transfer,ATM,864.19,GBP,L004,ES,Own Account,Transfer,1,TR,0,Verified
T0004550,C00286,B004,2025-06-22 07:23:00,Transfer,Mobile,401.99,GBP,L002,FR,Own Account,Salary,1,IT,0,Verified
T0001866,C00263,B008,2025-06-22 08:25:00,Transfer,Mobile,651.54,GBP,L005,IT,Individual,Payment,1,CH,0,Verified
T0005530,C00300,B003,2025-06-22 09:24:00,Transfer,Online,2264.61,GBP,L014,BR,Own Account,Transfer,3,IT,0,Verified
T0003113,C00094,B004,2025-06-22 10:18:00,International Transfer,Branch,681.13,GBP,L015,SG,Individual,Purchase,2,ZA,0,Verified
T0000298,C00012,B010,2025-06-22 11:35:00,Transfer,Online,5098.15,GBP,L020,ZA,Individual,Salary,3,PL,0,Verified
T0001284,C00063,B006,2025-06-22 12:17:00,Card,Branch,403.76,GBP,L001,GB,Own Account,Payment,1,ES,0,Verified
T0002953,C00210,B008,2025-06-22 12:19:00,Card,ATM,1037.67,GBP,L008,US,Own Account,Salary,2,FR,1,Verified
T0001639,C00192,B007,2025-06-22 14:02:00,Cash Deposit,Mobile,120.76,GBP,L006,NL,Individual,Transfer,1,NG,0,Verified
T0000825,C00041,B007,2025-06-22 16:32:00,Card,Branch,655.94,GBP,L011,AE,Own Account,Transfer,4,AE,0,Verified
T0001290,C00166,B005,2025-06-22 17:27:00,Transfer,Mobile,1126.66,GBP,L015,SG,Individual,Salary,2,CA,0,Verified
T0005906,C00266,B010,2025-06-22 18:03:00,International Transfer,Online,7194.66,GBP,L014,BR,Own Account,Purchase,3,IT,0,Verified
T0004586,C00245,B007,2025-06-22 18:39:00,Transfer,ATM,1151.78,GBP,L003,DE,Individual,Purchase,1,US,0,Verified
T0005023,C00143,B001,2025-06-22 21:03:00,Cash Deposit,Mobile,5806.82,GBP,L007,IE,Individual,Transfer,1,HK,0,Verified
T0000605,C00053,B003,2025-06-22 22:46:00,Transfer,Mobile,2417.9,GBP,L016,HK,Business,Payment,3,IN,0,Verified
T0003445,C00144,B007,2025-06-23 00:39:00,Card,ATM,1218.98,GBP,L011,AE,Individual,Payment,4,ES,0,Verified
T0003059,C00207,B005,2025-06-23 03:01:00,Card,ATM,290.58,GBP,L002,FR,Individual,Payment,1,HK,0,Verified
T0001268,C00145,B010,2025-06-23 03:53:00,Card,Branch,517.9,GBP,L019,IN,Individual,Salary,3,AU,0,Verified
T0004966,C00050,B003,2025-06-23 07:22:00,Transfer,ATM,3046.06,GBP,L013,NG,Business,Salary,5,AE,0,Verified
T0005282,C00012,B010,2025-06-23 07:48:00,Cash Deposit,Online,940.45,GBP,L013,NG,Own Account,Salary,5,PL,0,Verified
T0002229,C00298,B011,2025-06-23 07:48:00,Card,Branch,290.36,GBP,L014,BR,Individual,Transfer,3,ES,0,Verified
T0000378,C00046,B012,2025-06-23 07:55:00,Cash Deposit,Branch,840.95,GBP,L006,NL,Own Account,Payment,1,NG,1,Verified
T0000932,C00051,B009,2025-06-23 09:05:00,International Transfer,Mobile,897.37,GBP,L020,ZA,Individual,Payment,3,CH,0,Verified
T0005572,C00280,B008,2025-06-23 09:12:00,Card,Mobile,734.7,GBP,L009,CA,Individual,Transfer,2,AE,0,Verified
T0000788,C00144,B002,2025-06-23 09:56:00,Transfer,Online,456.53,GBP,L001,GB,Own Account,Payment,1,ES,0,Verified
T0000726,C00214,B008,2025-06-23 11:20:00,Card,Mobile,3190.48,GBP,L014,BR,Own Account,Invoice,3,AU,0,Verified
T0000357,C00094,B001,2025-06-23 11:40:00,Transfer,ATM,901.87,GBP,L009,CA,Business,Cash,2,ZA,0,Verified
T0002512,C00049,B012,2025-06-23 12:27:00,Card,Branch,1406.47,GBP,L012,TR,Own Account,Purchase,4,IE,0,Verified
T0002661,C00096,B009,2025-06-23 12:59:00,Card,ATM,411.84,GBP,L019,IN,Own Account,Purchase,3,IT,0,Verified
T0005187,C00099,B012,2025-06-23 13:31:00,Transfer,ATM,1576.35,GBP,L004,ES,Individual,Transfer,1,SG,0,Verified
T0000189,C00149,B011,2025-06-23 13:54:00,Transfer,Branch,603.9,GBP,L006,NL,Own Account,Purchase,1,DE,0,Verified
T0005412,C00038,B006,2025-06-23 15:17:00,Transfer,Branch,452.71,GBP,L013,NG,Individual,Purchase,5,US,0,Verified
T0000275,C00279,B007,2025-06-23 18:55:00,International Transfer,Branch,528.02,GBP,L003,DE,Own Account,Cash,1,IN,0,Verified
T0005363,C00285,B010,2025-06-23 21:02:00,International Transfer,Online,1821.81,GBP,L007,IE,Individual,Purchase,1,IN,0,Verified
T0003555,C00267,B004,2025-06-23 21:55:00,Transfer,Online,2637.48,GBP,L010,AU,Individual,Transfer,2,HK,0,Verified
T0001465,C00225,B002,2025-06-23 21:58:00,Transfer,Branch,2456.66,GBP,L014,BR,Business,Payment,3,IE,0,Verified
T0000546,C00155,B009,2025-06-23 22:14:00,Card,Mobile,615.7,GBP,L013,NG,Business,Purchase,5,CA,0,Verified
T0002655,C00048,B003,2025-06-23 22:24:00,Cash Withdrawal,Branch,857.26,GBP,L006,NL,Business,Invoice,1,PL,0,Verified
T0004321,C00211,B004,2025-06-24 00:00:00,Transfer,Online,829.99,GBP,L020,ZA,Individual,Transfer,3,AE,1,Verified
T0005230,C00130,B008,2025-06-24 00:09:00,Card,Branch,2512.59,GBP,L019,IN,Business,Invoice,3,PL,0,Verified
T0000940,C00279,B003,2025-06-24 00:16:00,Card,ATM,111.72,GBP,L004,ES,Individual,Payment,1,IN,0,Verified
T0000907,C00018,B003,2025-06-24 02:10:00,Transfer,Online,1214.22,GBP,L005,IT,Own Account,Transfer,1,BR,0,Verified
T0004643,C00111,B011,2025-06-24 02:32:00,International Transfer,Mobile,339.44,GBP,L004,ES,Own Account,Cash,1,BR,0,Verified
T0001494,C00220,B004,2025-06-24 03:43:00,Card,Online,302.98,GBP,L002,FR,Own Account,Payment,1,SG,0,Verified
T0004738,C00241,B001,2025-06-24 04:01:00,Card,Branch,302.38,GBP,L002,FR,Own Account,Purchase,1,DE,0,Verified
T0002337,C00284,B008,2025-06-24 04:19:00,Cash Deposit,ATM,463.7,GBP,L019,IN,Individual,Invoice,3,NG,0,Verified
T0003346,C00137,B002,2025-06-24 04:27:00,Cash Withdrawal,Mobile,3819.7,GBP,L012,TR,Own Account,Salary,4,US,0,Verified
T0000333,C00168,B004,2025-06-24 04:33:00,Transfer,ATM,3796.49,GBP,L019,IN,Business,Salary,3,HK,0,Verified
T0005452,C00002,B006,2025-06-24 06:16:00,Card,Online,320.6,GBP,L017,CH,Own Account,Salary,2,PL,0,Verified
T0004869,C00130,B002,2025-06-24 07:06:00,Card,Mobile,545.39,GBP,L008,US,Individual,Payment,2,PL,0,Verified
T0003477,C00255,B004,2025-06-24 10:15:00,Transfer,Branch,2011.87,GBP,L011,AE,Business,Payment,4,PL,0,Verified
T0005082,C00206,B002,2025-06-24 10:20:00,Transfer,ATM,166.55,GBP,L002,FR,Individual,Transfer,1,NG,0,Verified
T0002262,C00283,B009,2025-06-24 10:30:00,Transfer,ATM,694.31,GBP,L006,NL,Own Account,Payment,1,AU,0,Verified
T0004957,C00253,B001,2025-06-24 11:29:00,Card,Branch,382.1,GBP,L019,IN,Business,Purchase,3,PL,0,Verified
T0004870,C00124,B006,2025-06-24 11:34:00,Cash Withdrawal,Mobile,871.9,GBP,L007,IE,Individual,Transfer,1,NG,0,Verified
T0000820,C00023,B009,2025-06-24 12:43:00,International Transfer,Online,611.81,GBP,L003,DE,Individual,Salary,1,PL,0,Verified
T0003929,C00059,B004,2025-06-24 13:19:00,International Transfer,Branch,2671.16,GBP,L013,NG,Business,Purchase,5,TR,0,Verified
T0004823,C00047,B011,2025-06-24 15:17:00,International Transfer,Branch,230.84,GBP,L012,TR,Own Account,Salary,4,NG,0,Verified
T0002452,C00033,B002,2025-06-24 16:18:00,International Transfer,ATM,4148.98,GBP,L009,CA,Own Account,Transfer,2,TR,0,Verified
T0002139,C00237,B006,2025-06-24 16:54:00,International Transfer,ATM,886.3,GBP,L011,AE,Business,Transfer,4,SG,0,Verified
T0001967,C00107,B004,2025-06-24 17:31:00,Card,Branch,521.23,GBP,L011,AE,Business,Transfer,4,BR,0,Verified
T0005939,C00042,B008,2025-06-24 20:42:00,Card,Online,2129.55,GBP,L014,BR,Business,Invoice,3,PL,0,Verified
T0000236,C00170,B005,2025-06-24 23:41:00,Card,Branch,193.4,GBP,L009,CA,Individual,Salary,2,HK,0,Verified
T0001718,C00181,B008,2025-06-24 23:44:00,Card,Online,777.43,GBP,L002,FR,Business,Transfer,1,ZA,0,Verified
T0001622,C00124,B007,2025-06-24 23:47:00,Card,Online,299.43,GBP,L014,BR,Own Account,Cash,3,NG,0,Verified
T0004467,C00065,B010,2025-06-25 00:06:00,Card,ATM,158.81,GBP,L009,CA,Business,Cash,2,CA,0,Verified
T0005969,C00128,B002,2025-06-25 02:01:00,Card,ATM,331.5,GBP,L001,GB,Own Account,Payment,1,HK,0,Verified
T0005049,C00281,B007,2025-06-25 03:34:00,Transfer,Online,179.38,GBP,L019,IN,Individual,Payment,3,AU,0,Verified
T0001912,C00168,B011,2025-06-25 06:27:00,Cash Deposit,Mobile,4425.78,GBP,L005,IT,Business,Transfer,1,HK,0,Verified
T0000056,C00070,B010,2025-06-25 10:07:00,International Transfer,Online,200.15,GBP,L003,DE,Own Account,Salary,1,AU,0,Verified
T0003960,C00268,B007,2025-06-25 10:19:00,International Transfer,Online,3803.05,GBP,L010,AU,Individual,Purchase,2,US,0,Verified
T0004359,C00278,B007,2025-06-25 13:11:00,Card,Online,4098.29,GBP,L011,AE,Own Account,Payment,4,DE,0,Verified
T0005902,C00193,B004,2025-06-25 14:51:00,Card,Mobile,1108.59,GBP,L010,AU,Individual,Invoice,2,AE,0,Verified
T0001270,C00280,B004,2025-06-25 15:17:00,Transfer,Online,813.07,GBP,L011,AE,Individual,Invoice,4,AE,0,Verified
T0004594,C00174,B005,2025-06-25 15:29:00,International Transfer,Branch,418.9,GBP,L001,GB,Own Account,Salary,1,SG,0,Verified
T0003834,C00205,B012,2025-06-25 18:36:00,Cash Deposit,ATM,2607.36,GBP,L001,GB,Own Account,Cash,1,TR,0,Review Required
T0003598,C00147,B002,2025-06-25 18:58:00,Card,Online,1262.3,GBP,L007,IE,Business,Payment,1,GB,0,Verified
T0000140,C00117,B010,2025-06-25 20:14:00,Cash Withdrawal,Mobile,653.0,GBP,L011,AE,Own Account,Payment,4,BR,0,Verified
T0000507,C00145,B011,2025-06-25 22:45:00,Card,ATM,534.45,GBP,L012,TR,Individual,Payment,4,AU,0,Verified
T0005195,C00209,B003,2025-06-25 23:34:00,Card,Online,482.6,GBP,L010,AU,Business,Salary,2,IT,0,Verified
T0005249,C00001,B001,2025-06-26 00:57:00,Card,Mobile,1245.85,GBP,L004,ES,Business,Salary,1,IE,0,Verified
T0005661,C00200,B009,2025-06-26 02:18:00,Transfer,Branch,2678.82,GBP,L006,NL,Business,Purchase,1,IN,0,Verified
T0005681,C00112,B011,2025-06-26 04:31:00,Transfer,Branch,801.24,GBP,L016,HK,Own Account,Cash,3,NG,0,Review Required
T0005848,C00094,B012,2025-06-26 08:31:00,Cash Deposit,ATM,76.49,GBP,L009,CA,Business,Salary,2,ZA,0,Verified
T0000843,C00238,B001,2025-06-26 08:42:00,Card,ATM,497.13,GBP,L013,NG,Own Account,Salary,5,CH,0,Review Required
T0000983,C00077,B007,2025-06-26 09:56:00,Cash Deposit,Mobile,387.24,GBP,L003,DE,Own Account,Cash,1,IE,0,Review Required
T0002422,C00110,B001,2025-06-26 10:03:00,Card,Mobile,2436.66,GBP,L019,IN,Business,Salary,3,PL,0,Verified
T0000919,C00128,B004,2025-06-26 10:50:00,Card,Online,462.58,GBP,L006,NL,Own Account,Invoice,1,HK,0,Verified
T0005811,C00192,B004,2025-06-26 11:35:00,International Transfer,Branch,355.83,GBP,L008,US,Own Account,Cash,2,NG,0,Verified
T0003835,C00078,B002,2025-06-26 12:20:00,Transfer,ATM,746.9,GBP,L015,SG,Individual,Purchase,2,CA,0,Verified
T0001327,C00189,B008,2025-06-26 15:42:00,Card,Mobile,834.58,GBP,L016,HK,Own Account,Cash,3,IN,0,Verified
T0002117,C00099,B003,2025-06-26 17:44:00,International Transfer,Branch,2207.8,GBP,L001,GB,Business,Transfer,1,SG,0,Verified
T0000863,C00047,B005,2025-06-26 22:09:00,Card,Online,2375.01,GBP,L017,CH,Business,Purchase,2,NG,0,Verified
T0000792,C00164,B010,2025-06-27 05:02:00,Cash Deposit,Branch,1851.19,GBP,L013,NG,Own Account,Payment,5,BR,0,Verified
T0004827,C00181,B011,2025-06-27 08:53:00,Transfer,Mobile,4339.66,GBP,L020,ZA,Business,Salary,3,ZA,0,Verified
T0000587,C00072,B009,2025-06-27 09:04:00,Card,Mobile,812.96,GBP,L014,BR,Business,Invoice,3,BR,0,Verified
T0001934,C00193,B001,2025-06-27 10:14:00,Transfer,Branch,3211.41,GBP,L017,CH,Own Account,Salary,2,AE,0,Verified
T0003708,C00262,B001,2025-06-27 12:25:00,Card,ATM,391.93,GBP,L011,AE,Business,Invoice,4,BR,0,Verified
T0004881,C00051,B002,2025-06-27 13:18:00,Card,ATM,309.47,GBP,L004,ES,Individual,Payment,1,CH,0,Verified
T0000752,C00059,B008,2025-06-27 14:07:00,Card,Mobile,357.77,GBP,L001,GB,Individual,Salary,1,TR,0,Verified
T0004480,C00076,B001,2025-06-27 19:26:00,Card,Online,477.07,GBP,L016,HK,Individual,Invoice,3,SG,0,Verified
T0002221,C00150,B010,2025-06-27 21:23:00,Transfer,Mobile,1894.55,GBP,L019,IN,Own Account,Payment,3,FR,0,Verified
T0003719,C00052,B010,2025-06-28 02:06:00,Transfer,Branch,2848.1,GBP,L015,SG,Business,Cash,2,DE,0,Verified
T0003036,C00086,B010,2025-06-28 05:53:00,Cash Withdrawal,Branch,2022.4,GBP,L007,IE,Own Account,Payment,1,BR,0,Verified
T0000693,C00226,B004,2025-06-28 07:29:00,Card,Online,739.91,GBP,L006,NL,Business,Transfer,1,TR,0,Verified
T0001593,C00205,B010,2025-06-28 10:52:00,Card,Online,599.12,GBP,L018,PL,Own Account,Cash,2,TR,0,Review Required
T0000361,C00106,B011,2025-06-28 13:57:00,Card,Mobile,639.57,GBP,L014,BR,Business,Cash,3,BR,0,Verified
T0001055,C00214,B001,2025-06-28 14:53:00,Card,ATM,1017.13,GBP,L015,SG,Own Account,Transfer,2,AU,0,Verified
T0002760,C00215,B003,2025-06-28 17:18:00,Card,Branch,1366.3,GBP,L010,AU,Individual,Cash,2,DE,0,Review Required
T0005170,C00269,B005,2025-06-28 18:09:00,International Transfer,Online,187.99,GBP,L019,IN,Individual,Salary,3,FR,1,Verified
T0001890,C00174,B003,2025-06-28 19:01:00,Card,Online,990.96,GBP,L016,HK,Business,Invoice,3,SG,0,Verified
T0001472,C00249,B001,2025-06-28 21:25:00,Card,Online,985.16,GBP,L007,IE,Own Account,Purchase,1,PL,1,Verified
T0001355,C00088,B011,2025-06-28 22:01:00,Transfer,Branch,1620.7,GBP,L011,AE,Own Account,Cash,4,AU,0,Verified
T0001561,C00201,B007,2025-06-28 22:55:00,Transfer,Mobile,315.0,GBP,L006,NL,Own Account,Transfer,1,GB,0,Verified
T0004794,C00216,B001,2025-06-28 23:53:00,Card,Branch,16924.25,GBP,L016,HK,Individual,Payment,3,PL,0,Verified
T0003044,C00115,B011,2025-06-29 00:46:00,Card,Branch,4226.21,GBP,L018,PL,Individual,Cash,2,NL,0,Verified
T0002066,C00126,B005,2025-06-29 02:46:00,Card,Branch,488.35,GBP,L015,SG,Own Account,Payment,2,IN,0,Verified
T0002513,C00186,B003,2025-06-29 05:41:00,Transfer,Branch,1480.62,GBP,L008,US,Business,Transfer,2,AE,0,Verified
T0003795,C00156,B004,2025-06-29 06:24:00,Card,Online,1522.45,GBP,L016,HK,Individual,Transfer,3,DE,0,Verified
T0003158,C00251,B004,2025-06-29 06:55:00,Transfer,Branch,1996.6,GBP,L008,US,Individual,Invoice,2,ZA,0,Verified
T0000076,C00215,B010,2025-06-29 07:24:00,Transfer,Branch,660.35,GBP,L004,ES,Own Account,Payment,1,DE,0,Review Required
T0003878,C00155,B007,2025-06-29 09:20:00,Transfer,Mobile,1173.38,GBP,L007,IE,Individual,Cash,1,CA,0,Verified
T0004911,C00116,B012,2025-06-29 10:26:00,Transfer,ATM,800.88,GBP,L006,NL,Individual,Payment,1,AE,0,Verified
T0000952,C00169,B002,2025-06-29 10:27:00,Card,Branch,634.65,GBP,L014,BR,Individual,Cash,3,AE,0,Verified
T0002974,C00124,B005,2025-06-29 14:08:00,Transfer,Mobile,619.6,GBP,L003,DE,Individual,Transfer,1,NG,0,Verified
T0004951,C00204,B004,2025-06-29 14:46:00,Card,ATM,1331.72,GBP,L013,NG,Business,Purchase,5,NG,0,Verified
T0001748,C00152,B006,2025-06-29 15:38:00,Card,Online,1631.82,GBP,L010,AU,Business,Cash,2,ZA,0,Verified
T0005536,C00061,B006,2025-06-29 18:13:00,Cash Deposit,Online,3469.61,GBP,L015,SG,Own Account,Payment,2,CH,0,Verified
T0000652,C00165,B004,2025-06-29 18:55:00,Card,ATM,1163.4,GBP,L005,IT,Own Account,Transfer,1,US,0,Review Required
T0004367,C00121,B005,2025-06-29 19:53:00,Transfer,Mobile,1128.68,GBP,L011,AE,Individual,Payment,4,IN,0,Verified
T0003070,C00078,B001,2025-06-29 21:28:00,International Transfer,Mobile,741.76,GBP,L008,US,Individual,Payment,2,CA,0,Verified
T0000302,C00155,B012,2025-06-30 03:07:00,Transfer,Branch,3037.42,GBP,L007,IE,Business,Purchase,1,CA,0,Verified
T0004723,C00282,B002,2025-06-30 03:31:00,Transfer,Online,730.09,GBP,L002,FR,Individual,Payment,1,DE,0,Verified
T0003652,C00054,B001,2025-06-30 04:49:00,Card,ATM,223.75,GBP,L016,HK,Business,Transfer,3,BR,0,Verified
T0002357,C00215,B003,2025-06-30 05:03:00,Transfer,Online,565.29,GBP,L020,ZA,Business,Purchase,3,DE,0,Review Required
T0003135,C00063,B002,2025-06-30 08:35:00,Card,Branch,504.8,GBP,L005,IT,Own Account,Payment,1,ES,0,Verified
T0002672,C00263,B002,2025-06-30 08:37:00,Transfer,Branch,2462.01,GBP,L005,IT,Business,Invoice,1,CH,0,Verified
T0001166,C00033,B011,2025-06-30 09:56:00,Cash Deposit,ATM,780.61,GBP,L010,AU,Business,Transfer,2,TR,0,Verified
T0003480,C00081,B009,2025-06-30 09:57:00,Transfer,Online,1201.97,GBP,L002,FR,Business,Cash,1,BR,0,Verified
T0001642,C00085,B003,2025-06-30 12:07:00,Card,Online,1468.49,GBP,L007,IE,Business,Payment,1,ES,0,Verified
T0005476,C00235,B005,2025-06-30 12:17:00,Cash Deposit,Branch,521.94,GBP,L005,IT,Business,Payment,1,IT,0,Verified
T0000391,C00223,B001,2025-06-30 12:41:00,Transfer,Online,2870.19,GBP,L012,TR,Business,Purchase,4,PL,0,Verified
T0004980,C00209,B002,2025-06-30 14:08:00,International Transfer,Mobile,2726.42,GBP,L015,SG,Individual,Salary,2,IT,0,Verified
T0001455,C00276,B001,2025-06-30 14:12:00,Card,Branch,3746.12,GBP,L009,CA,Business,Cash,2,TR,0,Verified
T0004808,C00063,B010,2025-06-30 14:17:00,Transfer,Online,459.71,GBP,L019,IN,Business,Salary,3,ES,0,Verified
T0000267,C00097,B007,2025-06-30 21:30:00,Cash Deposit,Branch,434.31,GBP,L013,NG,Own Account,Transfer,5,US,0,Verified
T0002218,C00271,B012,2025-06-30 22:03:00,Transfer,Online,264.0,GBP,L001,GB,Business,Salary,1,NG,0,Verified
T0002041,C00144,B009,2025-07-01 00:27:00,Cash Deposit,ATM,350.95,GBP,L012,TR,Individual,Salary,4,ES,0,Verified
T0000556,C00038,B010,2025-07-01 01:10:00,Transfer,Mobile,342.62,GBP,L006,NL,Business,Transfer,1,US,0,Verified
T0003836,C00225,B012,2025-07-01 01:13:00,Card,ATM,558.28,GBP,L011,AE,Own Account,Payment,4,IE,0,Verified
T0001623,C00217,B002,2025-07-01 02:01:00,Card,Online,3586.23,GBP,L004,ES,Business,Cash,1,ES,0,Verified
T0004865,C00136,B010,2025-07-01 07:47:00,Card,ATM,477.65,GBP,L013,NG,Business,Payment,5,IE,0,Verified
T0002403,C00120,B002,2025-07-01 08:03:00,Transfer,Branch,13834.02,GBP,L019,IN,Own Account,Payment,3,ZA,0,Verified
T0002133,C00236,B006,2025-07-01 08:44:00,Transfer,Online,275.77,GBP,L019,IN,Business,Invoice,3,HK,0,Verified
T0005887,C00268,B009,2025-07-01 09:36:00,Card,Mobile,5908.12,GBP,L016,HK,Own Account,Salary,3,US,0,Verified
T0005126,C00228,B012,2025-07-01 11:06:00,Card,ATM,2320.84,GBP,L014,BR,Individual,Transfer,3,ZA,0,Verified
T0000525,C00011,B008,2025-07-01 12:53:00,Card,Online,1905.79,GBP,L014,BR,Individual,Payment,3,IE,0,Verified
T0002572,C00034,B006,2025-07-01 13:20:00,Card,Mobile,657.66,GBP,L006,NL,Own Account,Cash,1,US,0,Verified
T0001107,C00206,B009,2025-07-01 15:54:00,Transfer,Mobile,1442.41,GBP,L011,AE,Business,Payment,4,NG,0,Verified
T0000505,C00132,B009,2025-07-01 22:37:00,Card,Online,108.46,GBP,L016,HK,Business,Invoice,3,SG,0,Verified
T0004802,C00115,B006,2025-07-01 23:49:00,Cash Deposit,Branch,940.69,GBP,L007,IE,Individual,Invoice,1,NL,0,Verified
T0000116,C00241,B012,2025-07-02 00:04:00,Card,ATM,930.82,GBP,L007,IE,Own Account,Payment,1,DE,0,Verified
T0005569,C00076,B006,2025-07-02 02:13:00,Cash Deposit,ATM,560.82,GBP,L009,CA,Business,Purchase,2,SG,0,Verified
T0003998,C00145,B012,2025-07-02 02:37:00,Transfer,Online,2489.91,GBP,L009,CA,Own Account,Purchase,2,AU,0,Verified
T0003575,C00208,B006,2025-07-02 02:49:00,International Transfer,Branch,235.21,GBP,L015,SG,Own Account,Purchase,2,TR,0,Verified
T0004809,C00104,B008,2025-07-02 03:04:00,Transfer,Branch,2126.16,GBP,L008,US,Individual,Cash,2,AE,0,Verified
T0000945,C00246,B006,2025-07-02 09:08:00,Card,Online,13400.48,GBP,L016,HK,Business,Payment,3,ES,0,Verified
T0004412,C00253,B012,2025-07-02 10:46:00,International Transfer,ATM,4385.36,GBP,L011,AE,Individual,Invoice,4,PL,0,Verified
T0001721,C00259,B006,2025-07-02 13:40:00,Transfer,ATM,561.43,GBP,L001,GB,Own Account,Transfer,1,SG,0,Verified
T0005520,C00021,B007,2025-07-02 18:04:00,Transfer,Online,1489.19,GBP,L011,AE,Own Account,Cash,4,NG,0,Verified
T0005152,C00113,B006,2025-07-02 20:33:00,Card,Mobile,565.18,GBP,L010,AU,Own Account,Transfer,2,PL,0,Verified
T0002906,C00237,B006,2025-07-02 21:32:00,International Transfer,ATM,310.73,GBP,L013,NG,Own Account,Transfer,5,SG,0,Verified
T0001207,C00012,B008,2025-07-02 22:51:00,Cash Deposit,Branch,2394.0,GBP,L012,TR,Own Account,Payment,4,PL,0,Verified
T0001404,C00125,B008,2025-07-02 23:27:00,Cash Deposit,Mobile,127.31,GBP,L013,NG,Business,Payment,5,US,0,Verified
T0001857,C00298,B004,2025-07-02 23:33:00,Card,Online,316.09,GBP,L015,SG,Business,Transfer,2,ES,0,Verified
T0001548,C00275,B001,2025-07-03 02:05:00,International Transfer,Branch,1982.98,GBP,L009,CA,Individual,Transfer,2,NL,0,Verified
T0005345,C00075,B007,2025-07-03 03:17:00,Cash Withdrawal,Online,1360.66,GBP,L001,GB,Individual,Cash,1,ES,1,Verified
T0001195,C00096,B008,2025-07-03 03:45:00,Card,Online,177.05,GBP,L014,BR,Individual,Transfer,3,IT,0,Verified
T0003792,C00233,B012,2025-07-03 05:26:00,Transfer,ATM,374.68,GBP,L007,IE,Individual,Invoice,1,ES,0,Verified
T0000905,C00061,B010,2025-07-03 05:32:00,Card,Mobile,1938.05,GBP,L007,IE,Individual,Purchase,1,CH,0,Verified
T0001104,C00022,B011,2025-07-03 06:44:00,Card,Branch,209.98,GBP,L001,GB,Individual,Payment,1,PL,0,Verified
T0004031,C00124,B001,2025-07-03 08:25:00,Transfer,Branch,167.69,GBP,L015,SG,Own Account,Salary,2,NG,0,Verified
T0002893,C00262,B007,2025-07-03 09:23:00,International Transfer,Branch,357.34,GBP,L006,NL,Own Account,Salary,1,BR,0,Verified
T0000415,C00228,B004,2025-07-03 10:00:00,Card,Online,363.45,GBP,L015,SG,Own Account,Payment,2,ZA,0,Verified
T0004775,C00029,B010,2025-07-03 10:53:00,International Transfer,Branch,901.16,GBP,L009,CA,Own Account,Cash,2,IN,0,Verified
T0000416,C00141,B004,2025-07-03 11:28:00,Cash Deposit,ATM,1041.15,GBP,L008,US,Individual,Purchase,2,US,0,Verified
T0003773,C00055,B003,2025-07-03 13:06:00,Transfer,Mobile,1185.79,GBP,L012,TR,Business,Purchase,4,CA,0,Verified
T0000844,C00094,B010,2025-07-03 16:46:00,Transfer,Branch,368.62,GBP,L020,ZA,Business,Transfer,3,ZA,0,Verified
T0002161,C00181,B009,2025-07-03 19:07:00,Cash Deposit,Branch,1378.12,GBP,L020,ZA,Business,Transfer,3,ZA,0,Verified
T0002614,C00263,B001,2025-07-03 20:54:00,Card,ATM,3360.18,GBP,L015,SG,Own Account,Salary,2,CH,0,Verified
T0002490,C00028,B012,2025-07-03 22:01:00,International Transfer,Online,420.86,GBP,L004,ES,Individual,Payment,1,ES,0,Verified
T0005577,C00091,B003,2025-07-04 03:34:00,Cash Deposit,ATM,449.53,GBP,L002,FR,Individual,Invoice,1,NL,0,Verified
T0002426,C00061,B007,2025-07-04 04:24:00,Card,Mobile,312.24,GBP,L016,HK,Individual,Cash,3,CH,0,Verified
T0005002,C00156,B001,2025-07-04 04:55:00,Cash Deposit,Online,339.67,GBP,L002,FR,Individual,Salary,1,DE,0,Verified
T0004360,C00073,B006,2025-07-04 08:05:00,Card,Branch,1427.42,GBP,L019,IN,Business,Invoice,3,NL,0,Verified
T0005439,C00159,B003,2025-07-04 09:24:00,International Transfer,Mobile,895.68,GBP,L013,NG,Business,Cash,5,IN,0,Verified
T0004034,C00030,B012,2025-07-04 10:44:00,Transfer,Branch,3421.14,GBP,L002,FR,Own Account,Transfer,1,PL,0,Verified
T0000319,C00025,B007,2025-07-04 12:12:00,Card,Online,1070.41,GBP,L004,ES,Business,Payment,1,CH,0,Verified
T0000612,C00095,B001,2025-07-04 12:48:00,Transfer,Online,2953.32,GBP,L002,FR,Individual,Payment,1,IN,0,Verified
T0002529,C00189,B009,2025-07-04 16:26:00,International Transfer,ATM,489.18,GBP,L019,IN,Own Account,Salary,3,IN,0,Verified
T0003739,C00213,B001,2025-07-04 17:26:00,Transfer,Mobile,1473.51,GBP,L015,SG,Business,Invoice,2,CA,0,Review Required
T0003647,C00043,B010,2025-07-04 19:02:00,Transfer,Branch,614.81,GBP,L009,CA,Own Account,Salary,2,US,0,Verified
T0001225,C00282,B010,2025-07-04 20:41:00,Card,Branch,627.59,GBP,L013,NG,Own Account,Payment,5,DE,0,Verified
T0002970,C00213,B001,2025-07-04 20:44:00,International Transfer,Branch,1327.4,GBP,L011,AE,Business,Cash,4,CA,0,Review Required
T0005834,C00212,B002,2025-07-04 21:08:00,Transfer,Online,2183.2,GBP,L014,BR,Business,Invoice,3,PL,0,Verified
T0005353,C00224,B010,2025-07-04 21:15:00,Card,Mobile,1067.66,GBP,L007,IE,Own Account,Payment,1,HK,0,Verified
T0000954,C00005,B004,2025-07-04 21:30:00,Card,ATM,344.3,GBP,L005,IT,Individual,Cash,1,ES,0,Verified
T0000893,C00048,B011,2025-07-04 22:45:00,Card,Online,209.08,GBP,L007,IE,Business,Cash,1,PL,0,Verified
T0003850,C00091,B009,2025-07-05 00:10:00,Transfer,Online,943.12,GBP,L013,NG,Own Account,Transfer,5,NL,0,Verified
T0001108,C00245,B007,2025-07-05 01:54:00,Transfer,Online,918.35,GBP,L016,HK,Individual,Salary,3,US,0,Verified
T0002322,C00109,B001,2025-07-05 02:14:00,Transfer,Mobile,1033.56,GBP,L014,BR,Business,Invoice,3,NG,0,Verified
T0004749,C00056,B002,2025-07-05 02:47:00,Transfer,ATM,5330.59,GBP,L016,HK,Own Account,Purchase,3,IT,0,Verified
T0004078,C00277,B002,2025-07-05 06:18:00,Transfer,Online,166.33,GBP,L020,ZA,Own Account,Salary,3,CA,0,Verified
T0001392,C00132,B002,2025-07-05 07:39:00,Transfer,Mobile,1327.64,GBP,L005,IT,Business,Salary,1,SG,0,Verified
T0000592,C00244,B007,2025-07-05 07:40:00,Cash Withdrawal,Branch,3884.11,GBP,L015,SG,Individual,Transfer,2,PL,0,Verified
T0001619,C00155,B010,2025-07-05 08:40:00,Card,ATM,498.55,GBP,L002,FR,Own Account,Purchase,1,CA,0,Verified
T0004390,C00238,B005,2025-07-05 11:14:00,Transfer,Online,637.09,GBP,L015,SG,Individual,Purchase,2,CH,0,Review Required
T0001110,C00259,B002,2025-07-05 11:52:00,International Transfer,Online,1307.23,GBP,L005,IT,Own Account,Salary,1,SG,0,Verified
T0004726,C00201,B004,2025-07-05 12:09:00,Transfer,Branch,323.07,GBP,L013,NG,Individual,Purchase,5,GB,0,Verified
T0005305,C00263,B005,2025-07-05 15:31:00,Card,Mobile,5199.0,GBP,L017,CH,Individual,Purchase,2,CH,0,Verified
T0000609,C00265,B005,2025-07-05 15:56:00,Card,Branch,3693.5,GBP,L016,HK,Individual,Purchase,3,ZA,0,Verified
T0002016,C00216,B009,2025-07-05 15:58:00,Card,Mobile,1854.19,GBP,L005,IT,Business,Invoice,1,PL,0,Verified
T0003623,C00207,B005,2025-07-05 15:58:00,Transfer,Mobile,944.96,GBP,L001,GB,Own Account,Cash,1,HK,0,Verified
T0005399,C00021,B009,2025-07-05 18:22:00,Card,Branch,748.6,GBP,L015,SG,Business,Payment,2,NG,0,Verified
T0003054,C00044,B001,2025-07-05 22:19:00,Transfer,Mobile,850.42,GBP,L012,TR,Own Account,Transfer,4,PL,0,Review Required
T0001151,C00234,B009,2025-07-05 22:36:00,International Transfer,Mobile,4947.73,GBP,L016,HK,Business,Transfer,3,US,0,Verified
T0003945,C00067,B007,2025-07-06 01:43:00,Cash Deposit,ATM,470.76,GBP,L004,ES,Business,Payment,1,CA,0,Verified
T0001682,C00246,B007,2025-07-06 03:04:00,Card,Mobile,1410.93,GBP,L010,AU,Individual,Purchase,2,ES,0,Verified
T0001828,C00068,B001,2025-07-06 03:06:00,International Transfer,Branch,221.52,GBP,L004,ES,Own Account,Salary,1,PL,0,Verified
T0004379,C00222,B012,2025-07-06 04:07:00,Cash Withdrawal,Online,4051.74,GBP,L019,IN,Business,Salary,3,US,0,Verified
T0002948,C00052,B005,2025-07-06 06:39:00,Transfer,Branch,1929.12,GBP,L010,AU,Own Account,Invoice,2,DE,0,Verified
T0002238,C00113,B005,2025-07-06 07:14:00,Cash Deposit,Mobile,802.63,GBP,L008,US,Own Account,Invoice,2,PL,0,Verified
T0004654,C00255,B008,2025-07-06 07:49:00,Cash Withdrawal,ATM,1216.45,GBP,L019,IN,Individual,Cash,3,PL,0,Verified
T0002333,C00234,B009,2025-07-06 09:15:00,Cash Deposit,Online,263.36,GBP,L018,PL,Business,Transfer,2,US,0,Verified
T0005386,C00048,B004,2025-07-06 09:58:00,Card,Branch,337.23,GBP,L018,PL,Business,Transfer,2,PL,0,Verified
T0003362,C00300,B003,2025-07-06 11:43:00,Transfer,Branch,514.59,GBP,L015,SG,Business,Salary,2,IT,0,Verified
T0003204,C00059,B003,2025-07-06 12:12:00,Card,Mobile,746.9,GBP,L018,PL,Own Account,Cash,2,TR,0,Verified
T0003215,C00192,B003,2025-07-06 14:26:00,Cash Withdrawal,Online,163.42,GBP,L007,IE,Business,Payment,1,NG,0,Verified
T0004511,C00252,B006,2025-07-06 15:28:00,Cash Deposit,ATM,700.46,GBP,L003,DE,Individual,Transfer,1,IT,1,Verified
T0003261,C00078,B012,2025-07-06 15:45:00,Cash Deposit,Branch,2850.05,GBP,L005,IT,Business,Salary,1,CA,0,Verified
T0003688,C00195,B012,2025-07-06 19:38:00,Card,Online,459.69,GBP,L015,SG,Individual,Invoice,2,BR,0,Verified
T0004576,C00110,B008,2025-07-06 20:29:00,International Transfer,Mobile,237.68,GBP,L018,PL,Business,Purchase,2,PL,0,Verified
T0003216,C00245,B004,2025-07-06 21:47:00,Cash Deposit,ATM,186.76,GBP,L006,NL,Own Account,Invoice,1,US,0,Verified
T0004339,C00254,B005,2025-07-06 22:01:00,Transfer,Online,1217.74,GBP,L007,IE,Individual,Salary,1,BR,0,Verified
T0003247,C00283,B012,2025-07-06 22:57:00,Transfer,Mobile,1575.17,GBP,L016,HK,Business,Transfer,3,AU,0,Verified
T0005854,C00282,B011,2025-07-06 23:19:00,Card,Mobile,1886.87,GBP,L012,TR,Business,Cash,4,DE,0,Verified
T0003255,C00191,B002,2025-07-07 01:25:00,Card,ATM,245.76,GBP,L006,NL,Individual,Salary,1,IT,1,Verified
T0002346,C00109,B003,2025-07-07 02:12:00,Card,ATM,2418.23,GBP,L001,GB,Individual,Cash,1,NG,0,Verified
T0005610,C00022,B008,2025-07-07 02:56:00,Card,Branch,529.48,GBP,L019,IN,Business,Salary,3,PL,0,Verified
T0004361,C00259,B003,2025-07-07 06:25:00,Transfer,Mobile,755.08,GBP,L007,IE,Individual,Salary,1,SG,0,Verified
T0002780,C00160,B006,2025-07-07 09:13:00,Transfer,ATM,2264.78,GBP,L011,AE,Individual,Cash,4,US,0,Verified
T0003887,C00125,B005,2025-07-07 10:44:00,Card,Online,685.68,GBP,L018,PL,Individual,Cash,2,US,0,Verified
T0005810,C00171,B009,2025-07-07 10:50:00,Cash Deposit,Online,41.48,GBP,L015,SG,Business,Salary,2,DE,0,Review Required
T0001499,C00134,B001,2025-07-07 11:21:00,Card,Branch,4696.08,GBP,L001,GB,Own Account,Payment,1,IE,0,Verified
T0005263,C00002,B005,2025-07-07 11:31:00,International Transfer,ATM,1147.7,GBP,L012,TR,Individual,Transfer,4,PL,0,Verified
T0004677,C00264,B011,2025-07-07 12:16:00,Cash Deposit,Online,1944.83,GBP,L003,DE,Individual,Payment,1,IN,1,Verified
T0003973,C00019,B012,2025-07-07 13:18:00,Card,Branch,2091.8,GBP,L002,FR,Business,Payment,1,IT,1,Verified
T0000967,C00085,B005,2025-07-07 16:16:00,International Transfer,Online,669.44,GBP,L014,BR,Individual,Payment,3,ES,0,Verified
T0003251,C00205,B007,2025-07-07 21:46:00,Transfer,Mobile,1033.34,GBP,L004,ES,Individual,Cash,1,TR,0,Review Required
T0001146,C00253,B007,2025-07-07 22:38:00,Cash Deposit,Online,522.33,GBP,L019,IN,Business,Cash,3,PL,0,Verified
T0005059,C00001,B009,2025-07-08 00:22:00,Card,Mobile,866.35,GBP,L015,SG,Individual,Salary,2,IE,0,Verified
T0003079,C00075,B008,2025-07-08 01:07:00,Card,Mobile,2184.88,GBP,L017,CH,Business,Cash,2,ES,1,Verified
T0004844,C00276,B007,2025-07-08 04:14:00,Cash Withdrawal,Branch,4672.47,GBP,L012,TR,Business,Cash,4,TR,0,Verified
T0000301,C00037,B001,2025-07-08 05:25:00,Card,Online,65.83,GBP,L009,CA,Business,Salary,2,HK,0,Verified
T0004613,C00039,B007,2025-07-08 08:37:00,Card,Online,796.43,GBP,L009,CA,Business,Transfer,2,BR,0,Verified
T0004771,C00164,B009,2025-07-08 13:30:00,International Transfer,ATM,670.42,GBP,L004,ES,Own Account,Transfer,1,BR,0,Verified
T0004482,C00281,B003,2025-07-08 13:43:00,Cash Deposit,Branch,1177.9,GBP,L007,IE,Individual,Payment,1,AU,0,Verified
T0005682,C00104,B011,2025-07-08 15:05:00,Transfer,ATM,1343.15,GBP,L008,US,Business,Transfer,2,AE,0,Verified
T0000897,C00057,B003,2025-07-08 15:51:00,Card,Mobile,2557.12,GBP,L003,DE,Business,Payment,1,DE,0,Review Required
T0003089,C00128,B002,2025-07-08 19:11:00,Transfer,ATM,1595.16,GBP,L010,AU,Business,Purchase,2,HK,0,Verified
T0004691,C00190,B003,2025-07-08 20:35:00,Card,ATM,88.06,GBP,L008,US,Business,Payment,2,SG,0,Verified
T0000815,C00260,B006,2025-07-08 21:03:00,Transfer,ATM,1413.91,GBP,L019,IN,Own Account,Salary,3,IN,0,Verified
T0003670,C00017,B004,2025-07-08 21:34:00,Transfer,Branch,1859.68,GBP,L020,ZA,Business,Cash,3,US,0,Verified
T0000013,C00001,B010,2025-07-08 22:42:00,Card,Mobile,6133.49,GBP,L007,IE,Individual,Transfer,1,IE,0,Verified
T0003284,C00127,B002,2025-07-08 23:28:00,Card,Mobile,258.92,GBP,L013,NG,Individual,Payment,5,TR,0,Verified
T0001116,C00020,B003,2025-07-09 00:41:00,Card,Online,3250.76,GBP,L002,FR,Business,Transfer,1,IT,0,Verified
T0003072,C00212,B004,2025-07-09 03:50:00,Card,ATM,307.08,GBP,L012,TR,Business,Purchase,4,PL,0,Verified
T0001614,C00188,B008,2025-07-09 09:09:00,International Transfer,Online,1265.29,GBP,L011,AE,Own Account,Transfer,4,IT,0,Verified
T0000233,C00063,B003,2025-07-09 09:41:00,International Transfer,Online,1514.66,GBP,L018,PL,Own Account,Invoice,2,ES,0,Verified
T0002234,C00080,B007,2025-07-09 13:59:00,Card,Online,685.73,GBP,L020,ZA,Individual,Invoice,3,CA,0,Verified
T0000184,C00177,B006,2025-07-09 15:15:00,Card,Online,778.69,GBP,L011,AE,Own Account,Invoice,4,PL,0,Verified
T0000538,C00153,B004,2025-07-09 15:31:00,Card,Online,2070.6,GBP,L011,AE,Individual,Cash,4,SG,0,Verified
T0002588,C00257,B001,2025-07-09 15:57:00,Card,ATM,2299.57,GBP,L016,HK,Own Account,Cash,3,IT,0,Verified
T0004153,C00178,B001,2025-07-09 17:26:00,Card,Branch,509.48,GBP,L010,AU,Individual,Payment,2,ES,0,Verified
T0004982,C00264,B005,2025-07-09 18:51:00,Card,Branch,246.1,GBP,L002,FR,Individual,Transfer,1,IN,1,Verified
T0002473,C00152,B008,2025-07-09 20:54:00,Card,Online,142.27,GBP,L004,ES,Own Account,Transfer,1,ZA,0,Verified
T0004254,C00120,B004,2025-07-09 21:50:00,Card,Mobile,1558.83,GBP,L020,ZA,Individual,Invoice,3,ZA,0,Verified
T0003317,C00116,B012,2025-07-09 22:24:00,International Transfer,Mobile,1484.56,GBP,L019,IN,Individual,Transfer,3,AE,0,Verified
T0005085,C00154,B004,2025-07-09 22:36:00,Card,ATM,855.71,GBP,L001,GB,Individual,Purchase,1,ZA,0,Verified
T0001817,C00228,B007,2025-07-09 23:01:00,Transfer,Mobile,2447.69,GBP,L009,CA,Business,Cash,2,ZA,0,Verified
T0002146,C00288,B009,2025-07-10 01:17:00,Transfer,Mobile,317.74,GBP,L012,TR,Business,Purchase,4,FR,0,Verified
T0002207,C00185,B012,2025-07-10 02:56:00,Card,ATM,1989.24,GBP,L018,PL,Own Account,Payment,2,AE,0,Verified
T0004758,C00075,B003,2025-07-10 03:41:00,Transfer,Branch,360.87,GBP,L005,IT,Individual,Payment,1,ES,1,Verified
T0002276,C00146,B002,2025-07-10 04:46:00,Card,Branch,2036.47,GBP,L005,IT,Individual,Invoice,1,FR,0,Verified
T0004310,C00272,B003,2025-07-10 04:52:00,International Transfer,Branch,1043.91,GBP,L016,HK,Own Account,Transfer,3,ZA,0,Verified
T0003430,C00050,B008,2025-07-10 06:00:00,Card,Online,13238.59,GBP,L012,TR,Own Account,Invoice,4,AE,0,Verified
T0005857,C00158,B004,2025-07-10 06:18:00,Card,Branch,1959.71,GBP,L017,CH,Own Account,Purchase,2,SG,0,Verified
T0004929,C00008,B010,2025-07-10 07:28:00,Transfer,ATM,708.69,GBP,L015,SG,Business,Salary,2,TR,0,Verified
T0003424,C00019,B011,2025-07-10 09:26:00,Cash Withdrawal,Online,715.17,GBP,L008,US,Individual,Cash,2,IT,1,Verified
T0001887,C00004,B003,2025-07-10 09:51:00,Card,Branch,573.11,GBP,L019,IN,Individual,Payment,3,IT,0,Verified
T0000873,C00278,B007,2025-07-10 11:31:00,Transfer,Mobile,672.68,GBP,L013,NG,Business,Purchase,5,DE,0,Verified
T0000364,C00208,B005,2025-07-10 11:38:00,Cash Deposit,ATM,615.97,GBP,L011,AE,Individual,Invoice,4,TR,0,Verified
T0000633,C00140,B003,2025-07-10 13:18:00,Card,Mobile,410.14,GBP,L005,IT,Individual,Invoice,1,PL,0,Verified
T0004760,C00087,B004,2025-07-10 13:26:00,Card,Mobile,334.4,GBP,L012,TR,Business,Transfer,4,BR,0,Verified
T0000284,C00093,B008,2025-07-10 13:48:00,Card,Branch,187.01,GBP,L009,CA,Business,Purchase,2,IE,0,Review Required
T0005330,C00274,B001,2025-07-10 15:07:00,Card,ATM,3644.09,GBP,L006,NL,Business,Payment,1,NG,1,Verified
T0000558,C00286,B006,2025-07-10 16:01:00,Card,ATM,607.09,GBP,L009,CA,Own Account,Transfer,2,IT,0,Verified
T0003613,C00191,B008,2025-07-10 16:06:00,Card,Branch,301.56,GBP,L011,AE,Individual,Purchase,4,IT,1,Verified
T0002610,C00289,B008,2025-07-10 16:17:00,Transfer,ATM,313.42,GBP,L019,IN,Business,Purchase,3,ZA,0,Verified
T0003916,C00240,B002,2025-07-10 16:21:00,Cash Deposit,ATM,1515.72,GBP,L005,IT,Individual,Salary,1,SG,0,Verified
T0000636,C00193,B012,2025-07-10 19:47:00,International Transfer,Branch,542.56,GBP,L013,NG,Individual,Salary,5,AE,0,Verified
T0003523,C00299,B009,2025-07-11 01:48:00,Card,Mobile,1384.86,GBP,L007,IE,Own Account,Salary,1,AE,0,Verified
T0000644,C00125,B009,2025-07-11 02:08:00,Transfer,Online,1551.95,GBP,L011,AE,Business,Payment,4,US,0,Verified
T0002000,C00029,B012,2025-07-11 04:54:00,Transfer,ATM,910.2,GBP,L012,TR,Individual,Salary,4,IN,0,Verified
T0002960,C00108,B002,2025-07-11 05:36:00,Card,ATM,200.61,GBP,L017,CH,Individual,Transfer,2,IN,0,Verified
T0002636,C00226,B003,2025-07-11 05:49:00,Card,ATM,1084.97,GBP,L005,IT,Business,Invoice,1,TR,0,Verified
T0004216,C00235,B007,2025-07-11 05:52:00,Cash Withdrawal,ATM,178.69,GBP,L007,IE,Own Account,Transfer,1,IT,0,Verified
T0003405,C00114,B006,2025-07-11 07:13:00,Cash Withdrawal,Branch,914.17,GBP,L011,AE,Own Account,Purchase,4,GB,0,Verified
T0004364,C00067,B002,2025-07-11 07:29:00,International Transfer,Mobile,409.19,GBP,L009,CA,Own Account,Transfer,2,CA,0,Verified
T0003217,C00218,B004,2025-07-11 13:44:00,Card,Branch,3362.38,GBP,L009,CA,Individual,Payment,2,TR,0,Verified
T0005687,C00135,B009,2025-07-11 16:32:00,Cash Withdrawal,Mobile,3577.06,GBP,L012,TR,Business,Salary,4,ZA,0,Verified
T0001394,C00066,B004,2025-07-11 16:54:00,Cash Deposit,ATM,4931.46,GBP,L010,AU,Individual,Cash,2,CA,0,Verified
T0003666,C00298,B006,2025-07-11 17:30:00,Transfer,Mobile,882.23,GBP,L004,ES,Own Account,Salary,1,ES,0,Verified
T0004950,C00129,B011,2025-07-11 18:22:00,Card,Online,1760.99,GBP,L006,NL,Individual,Salary,1,BR,0,Verified
T0000804,C00233,B004,2025-07-11 18:40:00,Cash Deposit,Online,572.03,GBP,L008,US,Business,Salary,2,ES,0,Verified
T0005379,C00078,B010,2025-07-11 18:59:00,Card,Branch,319.74,GBP,L008,US,Individual,Payment,2,CA,0,Verified
T0003508,C00023,B003,2025-07-11 20:52:00,Card,Online,1077.37,GBP,L015,SG,Own Account,Salary,2,PL,0,Verified
T0005946,C00049,B004,2025-07-11 22:30:00,Transfer,ATM,1190.92,GBP,L014,BR,Individual,Payment,3,IE,0,Verified
T0005327,C00230,B012,2025-07-11 23:39:00,International Transfer,Online,1250.48,GBP,L010,AU,Business,Purchase,2,PL,0,Verified
T0000813,C00128,B008,2025-07-12 01:34:00,Transfer,ATM,1514.75,GBP,L001,GB,Individual,Purchase,1,HK,0,Verified
T0002842,C00076,B001,2025-07-12 01:43:00,Card,Online,323.52,GBP,L017,CH,Own Account,Transfer,2,SG,0,Verified
T0001072,C00063,B008,2025-07-12 03:00:00,Transfer,Online,1314.59,GBP,L011,AE,Own Account,Payment,4,ES,0,Verified
T0000420,C00050,B002,2025-07-12 03:47:00,International Transfer,ATM,2067.0,GBP,L019,IN,Individual,Transfer,3,AE,0,Verified
T0001739,C00129,B010,2025-07-12 04:00:00,International Transfer,Branch,84.17,GBP,L009,CA,Individual,Cash,2,BR,0,Verified
T0002267,C00061,B006,2025-07-12 04:29:00,Card,Online,311.19,GBP,L018,PL,Individual,Invoice,2,CH,0,Verified
T0000535,C00187,B008,2025-07-12 05:04:00,Transfer,Mobile,1892.2,GBP,L013,NG,Business,Cash,5,BR,0,Verified
T0001401,C00019,B005,2025-07-12 07:03:00,International Transfer,Mobile,2464.71,GBP,L001,GB,Individual,Purchase,1,IT,1,Verified
T0001793,C00102,B006,2025-07-12 09:53:00,Card,Online,2453.83,GBP,L004,ES,Own Account,Salary,1,US,0,Verified
T0002520,C00095,B012,2025-07-12 11:14:00,Card,Branch,2780.82,GBP,L020,ZA,Business,Cash,3,IN,0,Verified
T0003365,C00245,B004,2025-07-12 14:26:00,Transfer,ATM,404.32,GBP,L002,FR,Business,Purchase,1,US,0,Verified
T0001666,C00137,B007,2025-07-12 15:14:00,Cash Deposit,Online,550.85,GBP,L010,AU,Individual,Payment,2,US,0,Verified
T0000622,C00297,B010,2025-07-12 15:25:00,Card,ATM,523.1,GBP,L017,CH,Individual,Payment,2,HK,0,Verified
T0005542,C00119,B012,2025-07-12 16:57:00,Card,ATM,13844.35,GBP,L006,NL,Own Account,Payment,1,FR,0,Verified
T0003813,C00049,B005,2025-07-12 17:26:00,Card,Online,259.92,GBP,L014,BR,Business,Purchase,3,IE,0,Verified
T0005021,C00092,B001,2025-07-12 19:23:00,Card,ATM,1344.53,GBP,L008,US,Business,Transfer,2,ZA,0,Verified
T0004779,C00243,B009,2025-07-12 20:32:00,Cash Deposit,Branch,470.98,GBP,L012,TR,Individual,Invoice,4,CH,0,Verified
T0003096,C00268,B003,2025-07-12 20:32:00,Card,Mobile,246.02,GBP,L018,PL,Own Account,Invoice,2,US,0,Verified
T0002169,C00083,B005,2025-07-12 21:49:00,Cash Deposit,Mobile,657.15,GBP,L009,CA,Own Account,Salary,2,BR,0,Verified
T0000315,C00097,B003,2025-07-12 22:01:00,International Transfer,ATM,337.52,GBP,L008,US,Own Account,Transfer,2,US,0,Verified
T0001006,C00032,B001,2025-07-12 22:11:00,International Transfer,Branch,1534.93,GBP,L008,US,Individual,Invoice,2,PL,0,Verified
T0001646,C00177,B004,2025-07-13 05:31:00,Card,Mobile,348.98,GBP,L011,AE,Business,Salary,4,PL,0,Verified
T0002150,C00139,B003,2025-07-13 05:38:00,International Transfer,ATM,2694.43,GBP,L002,FR,Individual,Transfer,1,IN,0,Verified
T0004351,C00139,B002,2025-07-13 05:49:00,Card,Online,748.96,GBP,L008,US,Individual,Salary,2,IN,0,Verified
T0003007,C00191,B007,2025-07-13 07:48:00,Card,Branch,1045.59,GBP,L016,HK,Business,Salary,3,IT,1,Verified
T0005156,C00052,B012,2025-07-13 08:21:00,Card,ATM,9079.44,GBP,L003,DE,Business,Cash,1,DE,0,Verified
T0003444,C00032,B007,2025-07-13 09:17:00,International Transfer,Online,33.39,GBP,L001,GB,Own Account,Transfer,1,PL,0,Verified
T0004875,C00068,B003,2025-07-13 12:40:00,Card,Branch,1601.69,GBP,L016,HK,Individual,Transfer,3,PL,0,Verified
T0003207,C00146,B009,2025-07-13 12:46:00,Transfer,ATM,1133.99,GBP,L009,CA,Own Account,Purchase,2,FR,0,Verified
T0000791,C00022,B002,2025-07-13 17:50:00,Card,ATM,510.95,GBP,L019,IN,Own Account,Salary,3,PL,0,Verified
T0001664,C00080,B003,2025-07-13 21:50:00,Cash Withdrawal,Mobile,294.02,GBP,L002,FR,Individual,Payment,1,CA,0,Verified
T0005889,C00179,B005,2025-07-13 22:29:00,Cash Deposit,Online,872.17,GBP,L018,PL,Individual,Salary,2,AU,0,Verified
T0005780,C00286,B004,2025-07-13 23:39:00,Cash Withdrawal,Branch,5042.75,GBP,L007,IE,Business,Cash,1,IT,0,Verified
T0002769,C00212,B002,2025-07-14 03:01:00,Card,Mobile,639.5,GBP,L002,FR,Individual,Invoice,1,PL,0,Verified
T0002231,C00111,B006,2025-07-14 03:15:00,Card,Branch,962.03,GBP,L013,NG,Business,Payment,5,BR,0,Verified
T0000020,C00292,B005,2025-07-14 03:19:00,Card,Branch,1209.39,GBP,L011,AE,Own Account,Payment,4,ZA,0,Verified
T0005888,C00136,B002,2025-07-14 09:27:00,Card,Branch,413.64,GBP,L001,GB,Own Account,Cash,1,IE,0,Verified
T0004083,C00109,B008,2025-07-14 09:31:00,Card,Mobile,367.02,GBP,L004,ES,Individual,Payment,1,NG,0,Verified
T0002634,C00015,B004,2025-07-14 10:00:00,Transfer,Online,1072.26,GBP,L012,TR,Business,Purchase,4,IN,0,Verified
T0005358,C00158,B003,2025-07-14 10:10:00,Card,ATM,290.01,GBP,L015,SG,Business,Payment,2,SG,0,Verified
T0004633,C00202,B005,2025-07-14 12:52:00,Card,Online,2152.57,GBP,L010,AU,Own Account,Invoice,2,NL,0,Verified
T0001720,C00229,B006,2025-07-14 14:48:00,Transfer,Branch,806.05,GBP,L008,US,Individual,Cash,2,IT,0,Verified
T0003286,C00206,B010,2025-07-14 17:17:00,International Transfer,Branch,3690.81,GBP,L014,BR,Own Account,Salary,3,NG,0,Verified
T0001228,C00082,B002,2025-07-14 17:53:00,Card,Online,244.34,GBP,L009,CA,Individual,Invoice,2,CH,0,Verified
T0000604,C00173,B012,2025-07-14 18:01:00,Cash Withdrawal,Mobile,1369.13,GBP,L002,FR,Business,Transfer,1,FR,0,Verified
T0000078,C00098,B002,2025-07-14 20:26:00,International Transfer,Online,301.02,GBP,L007,IE,Individual,Cash,1,US,0,Verified
T0000442,C00074,B005,2025-07-14 21:00:00,Card,Mobile,705.94,GBP,L014,BR,Individual,Transfer,3,AE,0,Verified
T0003169,C00176,B011,2025-07-15 00:12:00,Card,Branch,640.83,GBP,L002,FR,Individual,Salary,1,ZA,0,Verified
T0005457,C00287,B007,2025-07-15 01:27:00,Card,Branch,2477.76,GBP,L001,GB,Individual,Invoice,1,AE,0,Verified
T0004874,C00096,B012,2025-07-15 04:10:00,Transfer,Online,2867.07,GBP,L001,GB,Business,Salary,1,IT,0,Verified
T0000158,C00282,B002,2025-07-15 05:42:00,Transfer,Online,499.08,GBP,L015,SG,Own Account,Purchase,2,DE,0,Verified
T0002402,C00227,B011,2025-07-15 05:54:00,International Transfer,ATM,577.76,GBP,L011,AE,Own Account,Cash,4,IE,0,Verified
T0003953,C00205,B006,2025-07-15 11:11:00,Cash Withdrawal,Branch,1316.83,GBP,L004,ES,Business,Transfer,1,TR,0,Review Required
T0000906,C00048,B011,2025-07-15 12:10:00,Card,Branch,810.76,GBP,L009,CA,Business,Purchase,2,PL,0,Verified
T0001714,C00162,B001,2025-07-15 12:37:00,Card,Online,974.09,GBP,L013,NG,Individual,Salary,5,SG,0,Verified
T0003244,C00011,B004,2025-07-15 12:44:00,International Transfer,Branch,5219.33,GBP,L015,SG,Business,Salary,2,IE,0,Verified
T0005160,C00230,B007,2025-07-15 14:22:00,Transfer,Mobile,127.79,GBP,L003,DE,Own Account,Purchase,1,PL,0,Verified
T0000872,C00088,B001,2025-07-15 15:38:00,Card,Online,215.01,GBP,L016,HK,Individual,Transfer,3,AU,0,Verified
T0005391,C00238,B007,2025-07-15 16:50:00,Card,Online,2157.53,GBP,L011,AE,Individual,Cash,4,CH,0,Review Required
T0002816,C00232,B003,2025-07-15 19:21:00,Card,Branch,553.02,GBP,L012,TR,Business,Salary,4,IT,0,Verified
T0000014,C00136,B007,2025-07-15 20:20:00,International Transfer,Mobile,666.04,GBP,L008,US,Individual,Invoice,2,IE,0,Verified
T0002159,C00197,B010,2025-07-15 20:32:00,Card,ATM,1622.92,GBP,L013,NG,Own Account,Purchase,5,AU,0,Verified
T0005245,C00300,B008,2025-07-15 21:13:00,Card,ATM,1934.86,GBP,L019,IN,Individual,Cash,3,IT,0,Verified
T0004191,C00156,B010,2025-07-15 21:56:00,International Transfer,Branch,443.8,GBP,L001,GB,Individual,Purchase,1,DE,0,Verified
T0005057,C00219,B009,2025-07-15 23:43:00,International Transfer,ATM,510.92,GBP,L012,TR,Own Account,Purchase,4,PL,0,Verified
T0002217,C00126,B005,2025-07-16 01:08:00,Card,Mobile,343.99,GBP,L002,FR,Business,Invoice,1,IN,0,Verified
T0000175,C00110,B011,2025-07-16 02:02:00,Transfer,Mobile,842.19,GBP,L006,NL,Individual,Cash,1,PL,0,Verified
T0001132,C00244,B011,2025-07-16 02:13:00,Cash Deposit,Online,348.73,GBP,L003,DE,Own Account,Purchase,1,PL,0,Verified
T0004054,C00050,B004,2025-07-16 03:31:00,International Transfer,Branch,1297.96,GBP,L017,CH,Business,Salary,2,AE,0,Verified
T0002014,C00017,B004,2025-07-16 08:41:00,Transfer,Mobile,1224.3,GBP,L001,GB,Business,Salary,1,US,0,Verified
T0001147,C00047,B010,2025-07-16 08:49:00,Card,ATM,401.58,GBP,L015,SG,Individual,Transfer,2,NG,0,Verified
T0000534,C00271,B012,2025-07-16 10:59:00,Card,Online,883.19,GBP,L017,CH,Individual,Transfer,2,NG,0,Verified
T0004004,C00133,B010,2025-07-16 11:17:00,Transfer,Online,2813.71,GBP,L013,NG,Own Account,Payment,5,NG,0,Verified
T0005876,C00008,B001,2025-07-16 11:26:00,Card,Online,525.36,GBP,L013,NG,Business,Salary,5,TR,0,Verified
T0000921,C00074,B006,2025-07-16 12:02:00,Card,ATM,2970.27,GBP,L012,TR,Own Account,Invoice,4,AE,0,Verified
T0003799,C00119,B009,2025-07-16 13:35:00,Card,Online,140.62,GBP,L019,IN,Individual,Cash,3,FR,0,Verified
T0000672,C00086,B009,2025-07-16 14:20:00,Cash Withdrawal,ATM,2172.7,GBP,L009,CA,Own Account,Salary,2,BR,0,Verified
T0002369,C00024,B008,2025-07-16 15:25:00,Transfer,Online,846.28,GBP,L012,TR,Individual,Transfer,4,NL,0,Verified
T0004230,C00019,B007,2025-07-16 17:14:00,Card,Branch,1511.08,GBP,L010,AU,Own Account,Salary,2,IT,1,Verified
T0000620,C00162,B007,2025-07-16 17:38:00,Card,Mobile,711.38,GBP,L019,IN,Own Account,Salary,3,SG,0,Verified
T0001367,C00127,B006,2025-07-16 19:51:00,Card,ATM,5235.6,GBP,L012,TR,Business,Payment,4,TR,0,Verified
T0001812,C00238,B006,2025-07-16 21:29:00,Card,Online,213.31,GBP,L004,ES,Own Account,Salary,1,CH,0,Review Required
T0003931,C00197,B007,2025-07-16 22:45:00,Card,ATM,642.14,GBP,L003,DE,Business,Purchase,1,AU,0,Verified
T0005798,C00065,B012,2025-07-17 01:32:00,Transfer,Mobile,386.1,GBP,L003,DE,Individual,Cash,1,CA,0,Verified
T0004437,C00020,B006,2025-07-17 01:34:00,Cash Withdrawal,Branch,528.73,GBP,L003,DE,Individual,Salary,1,IT,0,Verified
T0002936,C00018,B003,2025-07-17 04:05:00,Transfer,ATM,1668.37,GBP,L009,CA,Individual,Salary,2,BR,0,Verified
T0002152,C00225,B006,2025-07-17 04:28:00,Card,Mobile,214.26,GBP,L004,ES,Business,Transfer,1,IE,0,Verified
T0000904,C00090,B012,2025-07-17 04:42:00,Transfer,Online,1422.79,GBP,L005,IT,Business,Purchase,1,SG,0,Verified
T0002795,C00026,B002,2025-07-17 04:55:00,Card,Online,3264.11,GBP,L014,BR,Individual,Transfer,3,IT,0,Review Required
T0002313,C00271,B010,2025-07-17 05:43:00,Card,Mobile,676.45,GBP,L020,ZA,Own Account,Invoice,3,NG,0,Verified
T0000867,C00092,B005,2025-07-17 06:22:00,Card,Mobile,1912.29,GBP,L018,PL,Business,Transfer,2,ZA,0,Verified
T0002966,C00270,B005,2025-07-17 06:53:00,Cash Deposit,ATM,478.55,GBP,L011,AE,Own Account,Transfer,4,IN,0,Verified
T0002889,C00128,B006,2025-07-17 07:38:00,Transfer,ATM,332.53,GBP,L001,GB,Business,Invoice,1,HK,0,Verified
T0003640,C00105,B010,2025-07-17 07:46:00,Transfer,Online,229.71,GBP,L008,US,Individual,Payment,2,US,0,Verified
T0005279,C00140,B006,2025-07-17 08:03:00,Transfer,Online,2492.6,GBP,L020,ZA,Own Account,Transfer,3,PL,0,Verified
T0005581,C00036,B010,2025-07-17 08:27:00,Transfer,Branch,307.86,GBP,L018,PL,Business,Payment,2,FR,0,Verified
T0005821,C00173,B006,2025-07-17 09:06:00,Card,ATM,2829.46,GBP,L011,AE,Business,Invoice,4,FR,0,Verified
T0004017,C00092,B012,2025-07-17 09:43:00,Transfer,Branch,3731.75,GBP,L019,IN,Business,Transfer,3,ZA,0,Verified
T0003031,C00201,B010,2025-07-17 11:37:00,Card,Online,1064.54,GBP,L003,DE,Business,Payment,1,GB,0,Verified
T0002182,C00109,B008,2025-07-17 12:14:00,Card,Mobile,3456.76,GBP,L001,GB,Individual,Purchase,1,NG,0,Verified
T0005124,C00090,B008,2025-07-17 12:40:00,Card,ATM,1285.62,GBP,L007,IE,Own Account,Salary,1,SG,0,Verified
T0002417,C00285,B006,2025-07-17 15:27:00,Card,ATM,2059.38,GBP,L014,BR,Business,Salary,3,IN,0,Verified
T0005785,C00031,B012,2025-07-17 16:01:00,Card,Mobile,6822.14,GBP,L002,FR,Business,Invoice,1,NL,0,Review Required
T0002081,C00237,B012,2025-07-17 17:32:00,International Transfer,ATM,237.83,GBP,L014,BR,Business,Cash,3,SG,0,Verified
T0005417,C00159,B012,2025-07-17 19:30:00,Transfer,Online,482.29,GBP,L013,NG,Individual,Cash,5,IN,0,Verified
T0001212,C00255,B009,2025-07-17 20:25:00,Cash Deposit,Branch,1279.22,GBP,L020,ZA,Own Account,Transfer,3,PL,0,Verified
T0000046,C00223,B003,2025-07-17 20:36:00,Card,Branch,92.93,GBP,L020,ZA,Own Account,Purchase,3,PL,0,Verified
T0004383,C00252,B002,2025-07-17 21:28:00,Transfer,Branch,7793.56,GBP,L006,NL,Own Account,Payment,1,IT,1,Verified
T0000002,C00223,B008,2025-07-17 23:06:00,Card,ATM,553.59,GBP,L009,CA,Own Account,Purchase,2,PL,0,Verified
T0002118,C00118,B012,2025-07-18 03:50:00,Card,ATM,4604.82,GBP,L019,IN,Business,Cash,3,PL,0,Verified
T0001906,C00267,B006,2025-07-18 05:07:00,Card,ATM,184.36,GBP,L012,TR,Business,Transfer,4,HK,0,Verified
T0000589,C00263,B003,2025-07-18 05:29:00,Transfer,ATM,3020.06,GBP,L020,ZA,Own Account,Purchase,3,CH,0,Verified
T0003622,C00066,B012,2025-07-18 07:47:00,Card,ATM,223.19,GBP,L001,GB,Individual,Payment,1,CA,0,Verified
T0001159,C00069,B005,2025-07-18 08:34:00,Card,Branch,944.25,GBP,L012,TR,Own Account,Cash,4,TR,0,Verified
T0000165,C00091,B007,2025-07-18 09:01:00,Transfer,Online,1154.05,GBP,L008,US,Business,Payment,2,NL,0,Verified
T0003790,C00024,B007,2025-07-18 09:45:00,Transfer,ATM,1059.22,GBP,L018,PL,Business,Salary,2,NL,0,Verified
T0004294,C00101,B001,2025-07-18 10:03:00,Card,ATM,520.54,GBP,L014,BR,Individual,Salary,3,PL,0,Verified
T0005496,C00203,B001,2025-07-18 10:04:00,Transfer,ATM,321.32,GBP,L016,HK,Individual,Cash,3,BR,0,Verified
T0005689,C00105,B002,2025-07-18 12:28:00,Card,Mobile,378.41,GBP,L005,IT,Own Account,Salary,1,US,0,Verified
T0002254,C00133,B004,2025-07-18 13:04:00,Transfer,Mobile,1744.96,GBP,L002,FR,Business,Invoice,1,NG,0,Verified
T0001542,C00256,B009,2025-07-18 13:53:00,Card,Branch,3314.25,GBP,L016,HK,Own Account,Payment,3,AU,0,Verified
T0000052,C00099,B004,2025-07-18 18:14:00,Transfer,Mobile,1769.99,GBP,L018,PL,Own Account,Payment,2,SG,0,Verified
T0004509,C00017,B001,2025-07-18 19:01:00,Card,Online,404.74,GBP,L009,CA,Business,Payment,2,US,0,Verified
T0004536,C00252,B009,2025-07-18 19:11:00,Card,Online,494.6,GBP,L017,CH,Individual,Purchase,2,IT,1,Verified
T0003796,C00022,B003,2025-07-18 20:12:00,Card,Branch,3626.62,GBP,L008,US,Business,Purchase,2,PL,0,Verified
T0004923,C00216,B008,2025-07-18 20:30:00,Card,Online,608.73,GBP,L012,TR,Individual,Payment,4,PL,0,Verified
T0005108,C00103,B004,2025-07-18 20:30:00,Card,Mobile,648.39,GBP,L011,AE,Own Account,Invoice,4,US,0,Verified
T0002279,C00211,B008,2025-07-18 22:42:00,Transfer,Mobile,1175.18,GBP,L006,NL,Business,Transfer,1,AE,1,Verified
T0002719,C00284,B009,2025-07-18 23:00:00,Cash Withdrawal,Online,299.49,GBP,L005,IT,Business,Salary,1,NG,0,Verified
T0005388,C00267,B004,2025-07-19 05:06:00,Transfer,Online,1169.99,GBP,L002,FR,Own Account,Salary,1,HK,0,Verified
T0005063,C00156,B008,2025-07-19 05:19:00,Cash Deposit,Branch,213.33,GBP,L011,AE,Individual,Purchase,4,DE,0,Verified
T0001640,C00047,B001,2025-07-19 05:24:00,Card,ATM,130.9,GBP,L004,ES,Individual,Payment,1,NG,0,Verified
T0005665,C00279,B008,2025-07-19 05:58:00,Card,Branch,1030.73,GBP,L012,TR,Business,Salary,4,IN,0,Verified
T0004387,C00172,B010,2025-07-19 07:25:00,International Transfer,Mobile,1979.29,GBP,L007,IE,Own Account,Invoice,1,NG,0,Verified
T0003097,C00038,B003,2025-07-19 09:03:00,Cash Deposit,Online,868.01,GBP,L007,IE,Own Account,Invoice,1,US,0,Verified
T0004343,C00092,B005,2025-07-19 12:15:00,Transfer,Online,349.52,GBP,L017,CH,Own Account,Salary,2,ZA,0,Verified
T0000634,C00221,B002,2025-07-19 12:28:00,Card,ATM,2022.8,GBP,L005,IT,Business,Transfer,1,FR,0,Verified
T0004168,C00183,B011,2025-07-19 12:29:00,International Transfer,Mobile,567.45,GBP,L017,CH,Individual,Transfer,2,AU,0,Review Required
T0003714,C00232,B011,2025-07-19 15:02:00,Transfer,Mobile,625.14,GBP,L004,ES,Individual,Cash,1,IT,0,Verified
T0005618,C00148,B012,2025-07-19 16:09:00,International Transfer,Mobile,1307.6,GBP,L010,AU,Individual,Purchase,2,NL,0,Verified
T0002194,C00205,B011,2025-07-19 16:43:00,International Transfer,Branch,1606.44,GBP,L019,IN,Own Account,Payment,3,TR,0,Review Required
T0004217,C00279,B005,2025-07-19 17:35:00,Transfer,Branch,2992.67,GBP,L013,NG,Individual,Purchase,5,IN,0,Verified
T0005229,C00119,B004,2025-07-20 00:41:00,Transfer,Online,1428.28,GBP,L004,ES,Individual,Salary,1,FR,0,Verified
T0000961,C00189,B002,2025-07-20 03:10:00,Transfer,Mobile,509.19,GBP,L011,AE,Individual,Purchase,4,IN,0,Verified
T0003366,C00048,B012,2025-07-20 03:20:00,Card,ATM,4046.03,GBP,L009,CA,Individual,Payment,2,PL,0,Verified
T0004154,C00227,B002,2025-07-20 03:23:00,International Transfer,Branch,405.34,GBP,L019,IN,Own Account,Transfer,3,IE,0,Verified
T0005903,C00078,B003,2025-07-20 04:56:00,Transfer,ATM,602.38,GBP,L005,IT,Business,Transfer,1,CA,0,Verified
T0001059,C00096,B007,2025-07-20 05:06:00,International Transfer,Online,432.34,GBP,L010,AU,Own Account,Invoice,2,IT,0,Verified
T0005377,C00070,B002,2025-07-20 11:19:00,Card,ATM,524.66,GBP,L015,SG,Individual,Salary,2,AU,0,Verified
T0000330,C00179,B011,2025-07-20 13:33:00,Cash Withdrawal,Online,1088.53,GBP,L007,IE,Business,Invoice,1,AU,0,Verified
T0005000,C00034,B010,2025-07-20 17:34:00,Card,Branch,771.68,GBP,L007,IE,Business,Salary,1,US,0,Verified
T0001431,C00196,B001,2025-07-20 17:53:00,Cash Withdrawal,ATM,497.33,GBP,L011,AE,Business,Payment,4,AU,0,Verified
T0005291,C00136,B008,2025-07-20 19:38:00,International Transfer,ATM,306.42,GBP,L015,SG,Individual,Transfer,2,IE,0,Verified
T0001878,C00081,B005,2025-07-20 19:45:00,Transfer,Branch,1045.44,GBP,L002,FR,Business,Payment,1,BR,0,Verified
T0001023,C00080,B012,2025-07-20 19:49:00,Card,Mobile,1193.3,GBP,L004,ES,Own Account,Payment,1,CA,0,Verified
T0000795,C00131,B010,2025-07-20 20:39:00,Card,ATM,350.46,GBP,L015,SG,Business,Salary,2,IN,0,Verified
T0001234,C00094,B011,2025-07-20 22:01:00,Card,Branch,308.0,GBP,L010,AU,Individual,Payment,2,ZA,0,Verified
T0004769,C00186,B007,2025-07-21 01:15:00,Transfer,Branch,743.53,GBP,L005,IT,Own Account,Purchase,1,AE,0,Verified
T0001551,C00167,B001,2025-07-21 01:35:00,International Transfer,Branch,278.94,GBP,L002,FR,Own Account,Invoice,1,SG,0,Verified
T0001276,C00025,B010,2025-07-21 05:18:00,Transfer,Branch,1541.57,GBP,L006,NL,Business,Salary,1,CH,0,Verified
T0001264,C00068,B006,2025-07-21 05:49:00,Card,Branch,482.25,GBP,L016,HK,Own Account,Payment,3,PL,0,Verified
T0001222,C00203,B009,2025-07-21 08:41:00,Transfer,ATM,1605.25,GBP,L010,AU,Own Account,Payment,2,BR,0,Verified
T0004026,C00040,B010,2025-07-21 11:32:00,International Transfer,Branch,579.38,GBP,L018,PL,Individual,Invoice,2,FR,0,Verified
T0002526,C00074,B012,2025-07-21 11:57:00,Cash Deposit,Branch,7578.08,GBP,L018,PL,Own Account,Salary,2,AE,0,Verified
T0003678,C00174,B005,2025-07-21 15:05:00,Card,Online,2354.12,GBP,L002,FR,Business,Invoice,1,SG,0,Verified
T0004851,C00241,B001,2025-07-21 16:08:00,International Transfer,Branch,213.35,GBP,L013,NG,Individual,Salary,5,DE,0,Verified
T0005071,C00102,B005,2025-07-21 16:33:00,International Transfer,ATM,1706.55,GBP,L011,AE,Business,Payment,4,US,0,Verified
T0004855,C00011,B008,2025-07-21 16:40:00,Cash Deposit,Branch,152.05,GBP,L007,IE,Individual,Payment,1,IE,0,Verified
T0003220,C00144,B008,2025-07-21 19:13:00,Cash Withdrawal,Mobile,150.71,GBP,L003,DE,Business,Salary,1,ES,0,Verified
T0003636,C00081,B005,2025-07-21 19:28:00,Card,Online,1802.13,GBP,L020,ZA,Business,Salary,3,BR,0,Verified
T0004910,C00299,B008,2025-07-21 20:10:00,Card,Mobile,715.88,GBP,L008,US,Individual,Purchase,2,AE,0,Verified
T0001652,C00041,B009,2025-07-21 22:58:00,Card,Branch,12217.73,GBP,L020,ZA,Individual,Cash,3,AE,0,Verified
T0005566,C00137,B001,2025-07-21 23:10:00,Cash Withdrawal,ATM,1296.2,GBP,L013,NG,Individual,Purchase,5,US,0,Verified
T0002683,C00267,B004,2025-07-21 23:20:00,Card,Online,257.92,GBP,L010,AU,Own Account,Salary,2,HK,0,Verified
T0005441,C00035,B007,2025-07-22 01:31:00,Card,Online,643.93,GBP,L016,HK,Individual,Invoice,3,IN,0,Verified
T0003659,C00136,B001,2025-07-22 04:32:00,Transfer,Mobile,1747.51,GBP,L004,ES,Business,Salary,1,IE,0,Verified
T0000323,C00032,B010,2025-07-22 04:52:00,Cash Deposit,Online,567.62,GBP,L020,ZA,Own Account,Salary,3,PL,0,Verified
T0005921,C00271,B001,2025-07-22 05:32:00,Transfer,Online,1219.67,GBP,L002,FR,Own Account,Salary,1,NG,0,Verified
T0003917,C00115,B008,2025-07-22 06:05:00,Card,Online,207.4,GBP,L009,CA,Own Account,Invoice,2,NL,0,Verified
T0003966,C00230,B008,2025-07-22 12:27:00,Transfer,Mobile,287.82,GBP,L015,SG,Business,Cash,2,PL,0,Verified
T0003191,C00127,B005,2025-07-22 14:56:00,Card,Mobile,2034.33,GBP,L009,CA,Business,Invoice,2,TR,0,Verified
T0003185,C00231,B007,2025-07-22 17:12:00,Transfer,Online,647.26,GBP,L019,IN,Individual,Transfer,3,IT,0,Verified
T0003214,C00251,B011,2025-07-22 18:42:00,Cash Deposit,Mobile,1264.79,GBP,L016,HK,Own Account,Transfer,3,ZA,0,Verified
T0005975,C00182,B001,2025-07-22 18:50:00,International Transfer,Branch,692.33,GBP,L004,ES,Business,Salary,1,BR,0,Verified
T0005910,C00096,B006,2025-07-22 20:31:00,Card,ATM,305.71,GBP,L012,TR,Own Account,Purchase,4,IT,0,Verified
T0003409,C00225,B003,2025-07-22 21:08:00,Card,Mobile,71.65,GBP,L002,FR,Own Account,Payment,1,IE,0,Verified
T0004290,C00209,B011,2025-07-22 22:34:00,Card,Online,1253.62,GBP,L004,ES,Individual,Salary,1,IT,0,Verified
T0002894,C00279,B007,2025-07-22 23:56:00,Card,Mobile,628.49,GBP,L011,AE,Individual,Invoice,4,IN,0,Verified
T0001223,C00087,B007,2025-07-23 03:18:00,Cash Withdrawal,Mobile,3232.75,GBP,L003,DE,Business,Purchase,1,BR,0,Verified
T0001077,C00237,B002,2025-07-23 04:57:00,Card,ATM,2719.76,GBP,L012,TR,Business,Payment,4,SG,0,Verified
T0001134,C00264,B009,2025-07-23 07:57:00,Card,Mobile,1438.12,GBP,L011,AE,Own Account,Purchase,4,IN,1,Verified
T0004688,C00192,B010,2025-07-23 08:09:00,International Transfer,Mobile,1257.71,GBP,L005,IT,Individual,Transfer,1,NG,0,Verified
T0002988,C00101,B003,2025-07-23 08:14:00,International Transfer,ATM,352.64,GBP,L010,AU,Own Account,Cash,2,PL,0,Verified
T0005339,C00087,B008,2025-07-23 09:02:00,Card,Branch,3230.57,GBP,L010,AU,Individual,Invoice,2,BR,0,Verified
T0005178,C00017,B008,2025-07-23 09:05:00,International Transfer,Mobile,336.08,GBP,L013,NG,Business,Salary,5,US,0,Verified
T0004409,C00222,B001,2025-07-23 10:44:00,Card,Online,6284.4,GBP,L005,IT,Business,Salary,1,US,0,Verified
T0003920,C00098,B004,2025-07-23 11:13:00,Card,Online,720.58,GBP,L013,NG,Business,Purchase,5,US,0,Verified
T0001653,C00159,B007,2025-07-23 14:54:00,Transfer,ATM,1016.78,GBP,L006,NL,Business,Purchase,1,IN,0,Verified
T0004144,C00266,B005,2025-07-23 15:33:00,Cash Withdrawal,Online,1766.16,GBP,L002,FR,Individual,Invoice,1,IT,0,Verified
T0002764,C00014,B005,2025-07-23 17:01:00,Cash Withdrawal,Online,2197.78,GBP,L007,IE,Own Account,Transfer,1,FR,0,Verified
T0005006,C00216,B004,2025-07-23 17:49:00,Card,ATM,1623.19,GBP,L009,CA,Own Account,Invoice,2,PL,0,Verified
T0002997,C00250,B007,2025-07-23 18:06:00,Transfer,Online,5269.32,GBP,L017,CH,Individual,Payment,2,ES,0,Review Required
T0000593,C00268,B004,2025-07-23 19:47:00,Card,Branch,495.67,GBP,L005,IT,Business,Payment,1,US,0,Verified
T0003376,C00238,B012,2025-07-23 20:33:00,Card,Branch,677.79,GBP,L005,IT,Business,Cash,1,CH,0,Review Required
T0001369,C00165,B012,2025-07-23 21:18:00,Transfer,Online,1772.05,GBP,L013,NG,Business,Invoice,5,US,0,Review Required
T0001650,C00240,B010,2025-07-23 22:47:00,Cash Deposit,ATM,761.28,GBP,L010,AU,Individual,Cash,2,SG,0,Verified
T0004708,C00295,B002,2025-07-24 00:16:00,Cash Withdrawal,Online,4548.52,GBP,L017,CH,Individual,Purchase,2,CH,0,Verified
T0005069,C00286,B002,2025-07-24 06:39:00,Card,Mobile,941.9,GBP,L011,AE,Individual,Payment,4,IT,0,Verified
T0003933,C00277,B007,2025-07-24 07:34:00,Cash Withdrawal,ATM,684.27,GBP,L019,IN,Business,Purchase,3,CA,0,Verified
T0001534,C00199,B004,2025-07-24 09:09:00,Card,Mobile,1801.82,GBP,L018,PL,Own Account,Transfer,2,ZA,0,Verified
T0005479,C00186,B012,2025-07-24 09:34:00,International Transfer,ATM,10352.48,GBP,L012,TR,Individual,Salary,4,AE,0,Verified
T0005350,C00147,B002,2025-07-24 09:49:00,Card,Mobile,1207.19,GBP,L006,NL,Own Account,Transfer,1,GB,0,Verified
T0003151,C00238,B004,2025-07-24 13:52:00,Transfer,Branch,152.73,GBP,L004,ES,Individual,Payment,1,CH,0,Review Required
T0002481,C00103,B004,2025-07-24 15:11:00,Transfer,ATM,546.4,GBP,L012,TR,Business,Transfer,4,US,0,Verified
T0001396,C00253,B009,2025-07-24 17:24:00,Cash Withdrawal,ATM,2149.13,GBP,L013,NG,Own Account,Invoice,5,PL,0,Verified
T0000489,C00178,B005,2025-07-24 19:57:00,Transfer,Branch,98.27,GBP,L016,HK,Own Account,Cash,3,ES,0,Verified
T0005591,C00111,B008,2025-07-24 20:16:00,Card,ATM,4541.77,GBP,L014,BR,Own Account,Salary,3,BR,0,Verified
T0001792,C00224,B011,2025-07-24 22:39:00,Card,ATM,2065.64,GBP,L008,US,Individual,Purchase,2,HK,0,Verified
T0004079,C00265,B007,2025-07-24 23:23:00,Cash Deposit,ATM,775.61,GBP,L003,DE,Individual,Salary,1,ZA,0,Verified
T0001165,C00095,B002,2025-07-24 23:24:00,Card,Online,653.85,GBP,L018,PL,Own Account,Cash,2,IN,0,Verified
T0003686,C00239,B002,2025-07-25 02:58:00,Cash Withdrawal,Branch,523.52,GBP,L007,IE,Individual,Cash,1,NG,0,Verified
T0004829,C00069,B007,2025-07-25 03:43:00,Card,Branch,2070.37,GBP,L016,HK,Business,Salary,3,TR,0,Verified
T0005431,C00097,B007,2025-07-25 05:10:00,International Transfer,Online,170.23,GBP,L005,IT,Individual,Cash,1,US,0,Verified
T0002773,C00005,B010,2025-07-25 06:35:00,Cash Withdrawal,Mobile,130.22,GBP,L010,AU,Business,Cash,2,ES,0,Verified
T0004658,C00031,B002,2025-07-25 08:05:00,Card,ATM,234.23,GBP,L007,IE,Individual,Invoice,1,NL,0,Review Required
T0000656,C00293,B005,2025-07-25 08:07:00,Transfer,Online,298.8,GBP,L005,IT,Individual,Cash,1,IT,0,Verified
T0004620,C00169,B004,2025-07-25 11:22:00,Card,Online,4486.65,GBP,L017,CH,Business,Cash,2,AE,0,Verified
T0000579,C00119,B007,2025-07-25 12:02:00,International Transfer,ATM,331.25,GBP,L005,IT,Business,Payment,1,FR,0,Verified
T0002121,C00266,B006,2025-07-25 12:33:00,Transfer,Mobile,2076.1,GBP,L008,US,Individual,Payment,2,IT,0,Verified
T0002235,C00292,B005,2025-07-25 13:47:00,Cash Deposit,Online,272.0,GBP,L020,ZA,Individual,Salary,3,ZA,0,Verified
T0002073,C00079,B008,2025-07-25 15:36:00,Card,ATM,449.51,GBP,L007,IE,Business,Payment,1,PL,0,Verified
T0002047,C00102,B006,2025-07-25 16:13:00,Card,Mobile,1037.5,GBP,L003,DE,Own Account,Salary,1,US,0,Verified
T0000929,C00240,B011,2025-07-25 16:37:00,Card,Online,165.94,GBP,L020,ZA,Individual,Transfer,3,SG,0,Verified
T0000099,C00049,B004,2025-07-25 21:28:00,Cash Withdrawal,Mobile,366.87,GBP,L010,AU,Individual,Salary,2,IE,0,Verified
T0005546,C00182,B001,2025-07-26 00:37:00,Transfer,Online,1142.12,GBP,L009,CA,Individual,Cash,2,BR,0,Verified
T0004314,C00263,B005,2025-07-26 01:38:00,Card,Mobile,525.37,GBP,L010,AU,Own Account,Salary,2,CH,0,Verified
T0001874,C00054,B005,2025-07-26 03:30:00,Transfer,ATM,769.02,GBP,L010,AU,Own Account,Transfer,2,BR,0,Verified
T0000135,C00297,B005,2025-07-26 06:04:00,Card,Mobile,1015.8,GBP,L018,PL,Business,Invoice,2,HK,0,Verified
T0002989,C00043,B002,2025-07-26 06:38:00,Cash Withdrawal,Branch,887.96,GBP,L020,ZA,Business,Purchase,3,US,0,Verified
T0003964,C00073,B001,2025-07-26 07:28:00,International Transfer,Online,1523.49,GBP,L015,SG,Individual,Cash,2,NL,0,Verified
T0003576,C00258,B010,2025-07-26 09:07:00,Transfer,Branch,167.12,GBP,L008,US,Own Account,Salary,2,GB,0,Verified
T0003730,C00044,B007,2025-07-26 09:13:00,Transfer,ATM,941.13,GBP,L003,DE,Individual,Payment,1,PL,0,Review Required
T0002468,C00116,B002,2025-07-26 09:56:00,International Transfer,Branch,5384.04,GBP,L020,ZA,Business,Invoice,3,AE,0,Verified
T0002926,C00209,B005,2025-07-26 12:05:00,Cash Deposit,Online,2496.64,GBP,L002,FR,Individual,Invoice,1,IT,0,Verified
T0000417,C00231,B005,2025-07-26 12:19:00,Card,Mobile,1324.3,GBP,L013,NG,Business,Invoice,5,IT,0,Verified
T0000964,C00143,B006,2025-07-26 13:12:00,Card,ATM,578.38,GBP,L013,NG,Business,Payment,5,HK,0,Verified
T0001799,C00283,B002,2025-07-26 14:18:00,Transfer,Mobile,4065.13,GBP,L011,AE,Individual,Purchase,4,AU,0,Verified
T0002963,C00068,B008,2025-07-26 15:46:00,Card,Online,73.27,GBP,L018,PL,Own Account,Transfer,2,PL,0,Verified
T0001093,C00101,B006,2025-07-26 16:38:00,Card,Branch,679.05,GBP,L004,ES,Own Account,Salary,1,PL,0,Verified
T0002657,C00112,B003,2025-07-26 17:38:00,Transfer,Online,1250.53,GBP,L014,BR,Business,Salary,3,NG,0,Review Required
T0002696,C00200,B002,2025-07-26 18:45:00,Transfer,Online,7295.5,GBP,L014,BR,Individual,Cash,3,IN,0,Verified
T0000581,C00173,B005,2025-07-26 22:29:00,Transfer,ATM,2018.57,GBP,L010,AU,Own Account,Purchase,2,FR,0,Verified
T0000885,C00027,B004,2025-07-27 00:56:00,Transfer,ATM,2630.02,GBP,L001,GB,Individual,Invoice,1,CH,0,Verified
T0000608,C00218,B007,2025-07-27 01:06:00,Card,Branch,287.61,GBP,L017,CH,Individual,Payment,2,TR,0,Verified
T0001690,C00262,B010,2025-07-27 07:58:00,Card,Mobile,6760.63,GBP,L004,ES,Own Account,Salary,1,BR,0,Verified
T0002354,C00148,B012,2025-07-27 09:26:00,Cash Deposit,Branch,2416.36,GBP,L002,FR,Business,Payment,1,NL,0,Verified
T0000557,C00027,B005,2025-07-27 11:45:00,Transfer,Online,1649.19,GBP,L009,CA,Own Account,Invoice,2,CH,0,Verified
T0002192,C00034,B009,2025-07-27 13:04:00,Card,Online,923.61,GBP,L001,GB,Individual,Cash,1,US,0,Verified
T0003590,C00103,B011,2025-07-27 13:40:00,Card,Branch,359.2,GBP,L013,NG,Individual,Invoice,5,US,0,Verified
T0001538,C00199,B011,2025-07-27 13:45:00,Card,Online,457.83,GBP,L004,ES,Own Account,Payment,1,ZA,0,Verified
T0000779,C00179,B003,2025-07-27 14:07:00,Card,Branch,2492.97,GBP,L013,NG,Individual,Cash,5,AU,0,Verified
T0000754,C00167,B007,2025-07-27 14:54:00,Card,Mobile,1096.65,GBP,L002,FR,Business,Transfer,1,SG,0,Verified
T0000291,C00034,B004,2025-07-27 14:59:00,International Transfer,Branch,2695.63,GBP,L020,ZA,Business,Purchase,3,US,0,Verified
T0002950,C00056,B012,2025-07-27 17:15:00,Card,Branch,198.54,GBP,L013,NG,Business,Cash,5,IT,0,Verified
T0002257,C00163,B011,2025-07-27 19:28:00,Cash Deposit,Branch,1312.7,GBP,L013,NG,Business,Salary,5,CH,0,Verified
T0002282,C00174,B012,2025-07-27 20:51:00,International Transfer,Online,812.01,GBP,L007,IE,Own Account,Salary,1,SG,0,Verified
T0005816,C00209,B001,2025-07-27 23:22:00,Cash Withdrawal,Mobile,687.18,GBP,L002,FR,Own Account,Purchase,1,IT,0,Verified
T0000306,C00213,B001,2025-07-28 01:03:00,Card,Branch,727.61,GBP,L005,IT,Own Account,Transfer,1,CA,0,Review Required
T0001635,C00167,B012,2025-07-28 02:28:00,Transfer,ATM,23958.87,GBP,L006,NL,Business,Invoice,1,SG,0,Verified
T0002007,C00180,B010,2025-07-28 04:28:00,Card,Mobile,890.37,GBP,L002,FR,Individual,Cash,1,HK,0,Verified
T0005737,C00159,B012,2025-07-28 07:08:00,International Transfer,ATM,1970.68,GBP,L007,IE,Individual,Transfer,1,IN,0,Verified
T0002202,C00006,B010,2025-07-28 07:32:00,Cash Deposit,ATM,863.22,GBP,L008,US,Business,Payment,2,FR,0,Review Required
T0003972,C00285,B006,2025-07-28 07:48:00,Transfer,Branch,934.23,GBP,L002,FR,Own Account,Salary,1,IN,0,Verified
T0004392,C00095,B002,2025-07-28 09:22:00,Transfer,Online,2497.81,GBP,L019,IN,Own Account,Invoice,3,IN,0,Verified
T0004577,C00241,B001,2025-07-28 09:35:00,Card,Branch,726.02,GBP,L006,NL,Own Account,Purchase,1,DE,0,Verified
T0003243,C00234,B002,2025-07-28 10:55:00,Cash Withdrawal,ATM,751.38,GBP,L018,PL,Own Account,Cash,2,US,0,Verified
T0000733,C00013,B004,2025-07-28 11:37:00,Card,ATM,1047.79,GBP,L015,SG,Business,Transfer,2,PL,0,Verified
T0001232,C00143,B006,2025-07-28 12:45:00,Transfer,Branch,1165.59,GBP,L001,GB,Own Account,Payment,1,HK,0,Verified
T0004352,C00107,B009,2025-07-28 16:40:00,Card,Online,3127.49,GBP,L009,CA,Business,Salary,2,BR,0,Verified
T0003711,C00248,B009,2025-07-28 18:00:00,Card,Branch,965.12,GBP,L016,HK,Individual,Transfer,3,DE,0,Verified
T0004224,C00118,B002,2025-07-28 19:36:00,Transfer,ATM,940.63,GBP,L007,IE,Own Account,Invoice,1,PL,0,Verified
T0002314,C00016,B010,2025-07-28 19:42:00,Transfer,ATM,272.26,GBP,L019,IN,Business,Salary,3,NG,0,Verified
T0001911,C00103,B006,2025-07-28 19:49:00,International Transfer,Online,626.56,GBP,L003,DE,Business,Invoice,1,US,0,Verified
T0003978,C00183,B001,2025-07-28 20:49:00,Cash Deposit,Branch,675.55,GBP,L017,CH,Individual,Salary,2,AU,0,Review Required
T0003728,C00035,B006,2025-07-28 22:26:00,Card,Branch,649.45,GBP,L014,BR,Individual,Salary,3,IN,0,Verified
T0002510,C00159,B010,2025-07-28 22:27:00,Card,ATM,218.38,GBP,L011,AE,Own Account,Purchase,4,IN,0,Verified
T0005310,C00220,B005,2025-07-29 02:31:00,International Transfer,ATM,1130.53,GBP,L008,US,Business,Invoice,2,SG,0,Verified
T0004698,C00171,B003,2025-07-29 03:07:00,International Transfer,Online,2893.16,GBP,L003,DE,Business,Cash,1,DE,0,Review Required
T0001009,C00130,B001,2025-07-29 03:08:00,Card,Mobile,216.66,GBP,L003,DE,Business,Salary,1,PL,0,Verified
T0001339,C00096,B007,2025-07-29 06:24:00,Cash Withdrawal,ATM,391.82,GBP,L001,GB,Own Account,Cash,1,IT,0,Verified
T0000468,C00037,B003,2025-07-29 09:05:00,Transfer,ATM,105.84,GBP,L003,DE,Business,Salary,1,HK,0,Verified
T0002127,C00040,B001,2025-07-29 10:14:00,Cash Withdrawal,Mobile,508.98,GBP,L001,GB,Business,Purchase,1,FR,0,Verified
T0003875,C00286,B011,2025-07-29 10:30:00,Card,Online,112.27,GBP,L009,CA,Business,Transfer,2,IT,0,Verified
T0003333,C00163,B002,2025-07-29 12:49:00,Cash Withdrawal,Branch,1705.5,GBP,L019,IN,Individual,Cash,3,CH,0,Verified
T0005177,C00048,B001,2025-07-29 15:10:00,Transfer,ATM,745.47,GBP,L011,AE,Business,Payment,4,PL,0,Verified
T0000484,C00045,B010,2025-07-29 15:16:00,Card,Branch,3978.54,GBP,L018,PL,Individual,Cash,2,US,0,Verified
T0005806,C00146,B011,2025-07-29 17:05:00,Card,ATM,5108.45,GBP,L006,NL,Own Account,Invoice,1,FR,0,Verified
T0003877,C00158,B001,2025-07-29 17:21:00,Transfer,Online,244.73,GBP,L010,AU,Own Account,Salary,2,SG,0,Verified
T0004730,C00233,B007,2025-07-29 17:31:00,Card,ATM,837.08,GBP,L001,GB,Own Account,Transfer,1,ES,0,Verified
T0005299,C00103,B002,2025-07-29 18:22:00,Card,ATM,1971.13,GBP,L011,AE,Own Account,Salary,4,US,0,Verified
T0001546,C00129,B008,2025-07-29 18:34:00,Card,Mobile,1527.3,GBP,L016,HK,Individual,Transfer,3,BR,0,Verified
T0003415,C00148,B007,2025-07-29 19:53:00,Cash Deposit,ATM,1142.34,GBP,L006,NL,Business,Payment,1,NL,0,Verified
T0002827,C00187,B012,2025-07-29 20:21:00,Card,ATM,1723.71,GBP,L012,TR,Own Account,Transfer,4,BR,0,Verified
T0005788,C00188,B008,2025-07-29 20:38:00,Card,Online,1080.29,GBP,L020,ZA,Individual,Payment,3,IT,0,Verified
T0004252,C00263,B010,2025-07-29 22:31:00,Card,Branch,387.12,GBP,L008,US,Business,Transfer,2,CH,0,Verified
T0001385,C00136,B011,2025-07-30 01:27:00,Transfer,Mobile,1280.1,GBP,L004,ES,Business,Salary,1,IE,0,Verified
T0005988,C00193,B008,2025-07-30 02:12:00,Cash Deposit,Branch,181.64,GBP,L004,ES,Own Account,Invoice,1,AE,0,Verified
T0001837,C00183,B010,2025-07-30 03:15:00,Card,Branch,1541.1,GBP,L020,ZA,Individual,Salary,3,AU,0,Review Required
T0002957,C00278,B009,2025-07-30 03:58:00,Card,ATM,1480.35,GBP,L002,FR,Own Account,Transfer,1,DE,0,Verified
T0003637,C00239,B008,2025-07-30 04:12:00,Card,Branch,6490.82,GBP,L014,BR,Business,Salary,3,NG,0,Verified
T0002370,C00246,B011,2025-07-30 05:49:00,International Transfer,Mobile,454.02,GBP,L019,IN,Business,Transfer,3,ES,0,Verified
T0005596,C00189,B012,2025-07-30 07:32:00,Card,ATM,592.83,GBP,L017,CH,Own Account,Cash,2,IN,0,Verified
T0005913,C00295,B007,2025-07-30 08:28:00,Card,Mobile,5189.71,GBP,L018,PL,Business,Purchase,2,CH,0,Verified
T0002051,C00120,B008,2025-07-30 10:04:00,Transfer,Branch,2995.21,GBP,L001,GB,Own Account,Purchase,1,ZA,0,Verified
T0002730,C00300,B002,2025-07-30 11:41:00,Transfer,Online,2439.79,GBP,L010,AU,Own Account,Payment,2,IT,0,Verified
T0000702,C00186,B011,2025-07-30 13:52:00,Transfer,Branch,2501.62,GBP,L001,GB,Individual,Cash,1,AE,0,Verified
T0002698,C00010,B012,2025-07-30 14:12:00,Card,Branch,3881.07,GBP,L007,IE,Own Account,Purchase,1,SG,0,Verified
T0002347,C00230,B003,2025-07-30 14:28:00,Cash Deposit,Branch,278.67,GBP,L015,SG,Individual,Payment,2,PL,0,Verified
T0001420,C00289,B010,2025-07-30 16:28:00,Cash Deposit,ATM,1406.74,GBP,L019,IN,Individual,Salary,3,ZA,0,Verified
T0004117,C00122,B004,2025-07-30 17:05:00,Card,Branch,435.0,GBP,L007,IE,Business,Salary,1,NL,0,Review Required
T0001530,C00180,B006,2025-07-30 22:07:00,Card,Branch,484.66,GBP,L012,TR,Business,Salary,4,HK,0,Verified
T0000924,C00261,B003,2025-07-30 23:39:00,International Transfer,ATM,7104.27,GBP,L016,HK,Own Account,Invoice,3,ZA,0,Verified
T0000981,C00214,B011,2025-07-31 00:37:00,Transfer,Mobile,710.13,GBP,L010,AU,Individual,Purchase,2,AU,0,Verified
T0001010,C00044,B012,2025-07-31 03:05:00,Card,Online,3722.62,GBP,L011,AE,Business,Salary,4,PL,0,Review Required
T0004167,C00031,B001,2025-07-31 03:20:00,Card,ATM,309.79,GBP,L009,CA,Individual,Cash,2,NL,0,Review Required
T0005685,C00196,B007,2025-07-31 04:42:00,Cash Deposit,Branch,912.16,GBP,L004,ES,Individual,Invoice,1,AU,0,Verified
T0005659,C00204,B004,2025-07-31 04:45:00,Card,Branch,1169.61,GBP,L017,CH,Business,Payment,2,NG,0,Verified
T0001114,C00047,B011,2025-07-31 06:09:00,Transfer,Online,395.95,GBP,L019,IN,Individual,Cash,3,NG,0,Verified
T0005056,C00075,B007,2025-07-31 06:50:00,Transfer,Branch,1320.45,GBP,L012,TR,Individual,Salary,4,ES,1,Verified
T0004614,C00163,B003,2025-07-31 06:58:00,International Transfer,ATM,447.66,GBP,L006,NL,Business,Purchase,1,CH,0,Verified
T0000130,C00032,B012,2025-07-31 07:50:00,International Transfer,Mobile,871.1,GBP,L019,IN,Own Account,Purchase,3,PL,0,Verified
T0005472,C00221,B007,2025-07-31 07:57:00,Cash Deposit,Branch,691.13,GBP,L012,TR,Own Account,Purchase,4,FR,0,Verified
T0002434,C00178,B006,2025-07-31 08:22:00,Transfer,Branch,793.38,GBP,L008,US,Own Account,Invoice,2,ES,0,Verified
T0002947,C00214,B001,2025-07-31 08:26:00,Cash Deposit,Mobile,711.27,GBP,L017,CH,Business,Cash,2,AU,0,Verified
T0005620,C00189,B009,2025-07-31 09:45:00,Card,Mobile,902.58,GBP,L014,BR,Individual,Invoice,3,IN,0,Verified
T0000723,C00229,B004,2025-07-31 13:47:00,Cash Withdrawal,ATM,1549.5,GBP,L013,NG,Own Account,Invoice,5,IT,0,Verified
T0003914,C00102,B004,2025-07-31 14:43:00,Card,Branch,813.89,GBP,L019,IN,Individual,Payment,3,US,0,Verified
T0000936,C00076,B011,2025-07-31 16:15:00,Transfer,Mobile,1296.99,GBP,L018,PL,Individual,Salary,2,SG,0,Verified
T0003213,C00165,B011,2025-07-31 21:00:00,Transfer,ATM,1493.88,GBP,L007,IE,Business,Payment,1,US,0,Review Required
T0005584,C00013,B002,2025-07-31 21:29:00,Cash Deposit,ATM,1625.07,GBP,L016,HK,Business,Invoice,3,PL,0,Verified
T0003907,C00131,B012,2025-07-31 23:29:00,Transfer,Branch,469.98,GBP,L013,NG,Own Account,Purchase,5,IN,0,Verified
T0005991,C00199,B008,2025-08-01 05:35:00,Cash Deposit,ATM,276.34,GBP,L011,AE,Business,Cash,4,ZA,0,Verified
T0001895,C00275,B003,2025-08-01 06:59:00,Card,Branch,593.86,GBP,L007,IE,Business,Transfer,1,NL,0,Verified
T0002971,C00096,B011,2025-08-01 12:22:00,International Transfer,Online,3580.81,GBP,L018,PL,Individual,Transfer,2,IT,0,Verified
T0005965,C00118,B012,2025-08-01 12:26:00,Card,ATM,247.33,GBP,L017,CH,Individual,Purchase,2,PL,0,Verified
T0003484,C00225,B005,2025-08-01 12:40:00,Card,Branch,3006.88,GBP,L001,GB,Business,Payment,1,IE,0,Verified
T0000695,C00213,B010,2025-08-01 12:42:00,Card,Mobile,248.91,GBP,L019,IN,Individual,Cash,3,CA,0,Review Required
T0001572,C00198,B009,2025-08-01 14:59:00,Card,Online,332.37,GBP,L017,CH,Individual,Transfer,2,BR,0,Verified
T0001265,C00022,B003,2025-08-01 15:08:00,Transfer,Branch,287.22,GBP,L001,GB,Own Account,Cash,1,PL,0,Verified
T0000255,C00202,B007,2025-08-01 15:57:00,International Transfer,Branch,704.61,GBP,L011,AE,Own Account,Transfer,4,NL,0,Verified
T0001955,C00186,B002,2025-08-01 16:06:00,Transfer,ATM,11064.99,GBP,L015,SG,Own Account,Purchase,2,AE,0,Verified
T0001131,C00006,B012,2025-08-01 16:44:00,International Transfer,Online,782.55,GBP,L001,GB,Own Account,Payment,1,FR,0,Review Required
T0002535,C00146,B012,2025-08-01 17:22:00,Cash Deposit,Mobile,1204.19,GBP,L013,NG,Individual,Cash,5,FR,0,Verified
T0005356,C00022,B009,2025-08-01 20:37:00,Card,ATM,91.55,GBP,L011,AE,Individual,Payment,4,PL,0,Verified
T0001398,C00251,B001,2025-08-01 23:38:00,Transfer,Branch,54.05,GBP,L018,PL,Business,Transfer,2,ZA,0,Verified
T0005359,C00236,B011,2025-08-02 01:44:00,Transfer,Online,1430.25,GBP,L006,NL,Individual,Invoice,1,HK,0,Verified
T0001914,C00149,B006,2025-08-02 01:56:00,Transfer,Online,608.57,GBP,L004,ES,Own Account,Payment,1,DE,0,Verified
T0004285,C00269,B005,2025-08-02 03:30:00,Transfer,Branch,553.11,GBP,L011,AE,Own Account,Invoice,4,FR,1,Verified
T0002577,C00002,B009,2025-08-02 03:44:00,Card,Branch,248.08,GBP,L001,GB,Own Account,Transfer,1,PL,0,Verified
T0001865,C00115,B006,2025-08-02 04:28:00,Card,Online,1273.87,GBP,L018,PL,Business,Invoice,2,NL,0,Verified
T0000421,C00069,B010,2025-08-02 05:15:00,Cash Withdrawal,Mobile,769.33,GBP,L007,IE,Business,Invoice,1,TR,0,Verified
T0000565,C00264,B011,2025-08-02 06:14:00,Cash Withdrawal,Online,4972.8,GBP,L020,ZA,Business,Salary,3,IN,1,Verified
T0002533,C00161,B004,2025-08-02 10:20:00,Transfer,ATM,6404.36,GBP,L001,GB,Business,Invoice,1,NL,0,Verified
T0000117,C00242,B005,2025-08-02 10:26:00,Cash Withdrawal,Mobile,874.06,GBP,L016,HK,Own Account,Cash,3,AE,0,Verified
T0005721,C00010,B001,2025-08-02 11:14:00,International Transfer,Online,695.95,GBP,L004,ES,Business,Cash,1,SG,0,Verified
T0004551,C00217,B012,2025-08-02 15:53:00,Card,Mobile,752.93,GBP,L003,DE,Own Account,Salary,1,ES,0,Verified
T0002088,C00060,B008,2025-08-02 17:02:00,Card,Branch,13185.78,GBP,L008,US,Own Account,Salary,2,SG,0,Review Required
T0003479,C00255,B004,2025-08-02 17:48:00,Transfer,Branch,677.6,GBP,L007,IE,Business,Cash,1,PL,0,Verified
T0000058,C00092,B004,2025-08-02 21:01:00,Cash Deposit,Branch,723.33,GBP,L010,AU,Own Account,Purchase,2,ZA,0,Verified
T0001135,C00055,B012,2025-08-02 22:49:00,Cash Deposit,Online,641.71,GBP,L002,FR,Business,Salary,1,CA,0,Verified
T0002613,C00193,B010,2025-08-02 23:32:00,Cash Withdrawal,Online,902.58,GBP,L015,SG,Own Account,Transfer,2,AE,0,Verified
T0001322,C00245,B005,2025-08-03 00:45:00,Transfer,Branch,1365.08,GBP,L015,SG,Own Account,Transfer,2,US,0,Verified
T0000809,C00179,B002,2025-08-03 00:47:00,Card,Mobile,554.9,GBP,L007,IE,Business,Purchase,1,AU,0,Verified
T0001985,C00179,B008,2025-08-03 02:03:00,Transfer,ATM,576.84,GBP,L016,HK,Own Account,Salary,3,AU,0,Verified
T0005066,C00042,B012,2025-08-03 02:11:00,Transfer,Mobile,3850.3,GBP,L018,PL,Individual,Purchase,2,PL,0,Verified
T0003335,C00223,B005,2025-08-03 03:03:00,Card,Online,1680.67,GBP,L003,DE,Business,Salary,1,PL,0,Verified
T0005296,C00222,B007,2025-08-03 07:46:00,Transfer,Mobile,6535.39,GBP,L015,SG,Business,Invoice,2,US,0,Verified
T0000639,C00063,B005,2025-08-03 09:31:00,Card,ATM,2603.24,GBP,L012,TR,Business,Cash,4,ES,0,Verified
T0000611,C00196,B010,2025-08-03 10:18:00,Card,Online,2090.81,GBP,L019,IN,Own Account,Invoice,3,AU,0,Verified
T0001111,C00122,B012,2025-08-03 10:34:00,Transfer,ATM,372.51,GBP,L018,PL,Own Account,Purchase,2,NL,0,Review Required
T0000443,C00006,B005,2025-08-03 10:40:00,Card,Mobile,2644.23,GBP,L006,NL,Individual,Invoice,1,FR,0,Review Required
T0000427,C00079,B004,2025-08-03 11:40:00,International Transfer,Online,1731.24,GBP,L003,DE,Individual,Cash,1,PL,0,Verified
T0004940,C00079,B003,2025-08-03 16:28:00,Transfer,Online,656.29,GBP,L017,CH,Business,Purchase,2,PL,0,Verified
T0000926,C00220,B005,2025-08-03 17:40:00,Cash Deposit,Online,2967.18,GBP,L017,CH,Own Account,Transfer,2,SG,0,Verified
T0005020,C00053,B011,2025-08-03 19:40:00,Cash Withdrawal,Branch,420.67,GBP,L001,GB,Individual,Salary,1,IN,0,Verified
T0001409,C00159,B006,2025-08-03 19:41:00,Card,Branch,917.59,GBP,L014,BR,Individual,Salary,3,IN,0,Verified
T0006178,C00095,B005,2025-08-03 22:54:00,International Transfer,Online,29196.04,GBP,L011,AE,Business,International Transfer,4,IN,0,Verified
T0001908,C00266,B005,2025-08-03 23:01:00,Card,Online,1873.71,GBP,L012,TR,Individual,Salary,4,IT,0,Verified
T0006179,C00095,B005,2025-08-04 00:54:00,International Transfer,Online,25042.37,GBP,L012,TR,Business,International Transfer,4,IN,0,Verified
T0000119,C00240,B011,2025-08-04 02:32:00,Card,Online,4979.09,GBP,L001,GB,Business,Cash,1,SG,0,Verified
T0006180,C00095,B005,2025-08-04 02:54:00,International Transfer,Online,40566.57,GBP,L013,NG,Business,International Transfer,5,IN,0,Verified
T0006181,C00095,B005,2025-08-04 04:54:00,International Transfer,Online,33366.13,GBP,L011,AE,Business,International Transfer,4,IN,0,Verified
T0004166,C00061,B002,2025-08-04 06:11:00,Card,Branch,147.71,GBP,L018,PL,Individual,Transfer,2,CH,0,Verified
T0006182,C00095,B005,2025-08-04 06:54:00,International Transfer,Online,26351.71,GBP,L011,AE,Business,International Transfer,4,IN,0,Verified
T0004549,C00059,B005,2025-08-04 10:55:00,Transfer,ATM,504.22,GBP,L011,AE,Own Account,Invoice,4,TR,0,Verified
T0001210,C00247,B012,2025-08-04 11:07:00,Cash Deposit,Online,2156.85,GBP,L002,FR,Business,Invoice,1,IT,0,Verified
T0005022,C00122,B004,2025-08-04 15:59:00,Card,Online,137.03,GBP,L020,ZA,Own Account,Transfer,3,NL,0,Review Required
T0002890,C00119,B008,2025-08-04 16:17:00,International Transfer,Branch,1065.13,GBP,L008,US,Own Account,Invoice,2,FR,0,Verified
T0002582,C00109,B002,2025-08-04 16:44:00,Transfer,ATM,604.74,GBP,L005,IT,Individual,Payment,1,NG,0,Verified
T0003681,C00162,B007,2025-08-04 18:25:00,International Transfer,ATM,772.86,GBP,L015,SG,Individual,Invoice,2,SG,0,Verified
T0001581,C00038,B008,2025-08-04 21:02:00,Card,ATM,211.67,GBP,L019,IN,Individual,Transfer,3,US,0,Verified
T0001298,C00129,B004,2025-08-04 21:05:00,Transfer,Mobile,279.97,GBP,L008,US,Business,Salary,2,BR,0,Verified
T0004834,C00284,B011,2025-08-04 22:09:00,International Transfer,Mobile,538.55,GBP,L016,HK,Business,Purchase,3,NG,0,Verified
T0002100,C00274,B009,2025-08-04 23:35:00,Card,ATM,2035.83,GBP,L008,US,Own Account,Salary,2,NG,1,Verified
T0004932,C00264,B005,2025-08-05 00:08:00,Card,ATM,411.09,GBP,L015,SG,Individual,Salary,2,IN,1,Verified
T0004442,C00259,B004,2025-08-05 00:57:00,Card,ATM,844.15,GBP,L001,GB,Individual,Invoice,1,SG,0,Verified
T0004602,C00262,B002,2025-08-05 01:08:00,Card,Online,602.39,GBP,L005,IT,Business,Salary,1,BR,0,Verified
T0004258,C00079,B004,2025-08-05 01:12:00,Card,Online,183.3,GBP,L013,NG,Own Account,Cash,5,PL,0,Verified
T0005667,C00161,B003,2025-08-05 01:49:00,Card,Branch,607.19,GBP,L013,NG,Individual,Salary,5,NL,0,Verified
T0004524,C00060,B011,2025-08-05 04:48:00,Card,Online,1111.92,GBP,L006,NL,Business,Salary,1,SG,0,Review Required
T0002534,C00109,B006,2025-08-05 04:51:00,International Transfer,Online,3923.58,GBP,L003,DE,Business,Invoice,1,NG,0,Verified
T0003131,C00173,B006,2025-08-05 04:51:00,Card,Online,1065.15,GBP,L012,TR,Individual,Cash,4,FR,0,Verified
T0003538,C00102,B004,2025-08-05 05:21:00,Transfer,ATM,628.64,GBP,L003,DE,Own Account,Purchase,1,US,0,Verified
T0004892,C00293,B007,2025-08-05 07:33:00,Card,Online,865.44,GBP,L007,IE,Own Account,Transfer,1,IT,0,Verified
T0003674,C00144,B007,2025-08-05 07:36:00,International Transfer,Mobile,1040.81,GBP,L007,IE,Own Account,Cash,1,ES,0,Verified
T0003504,C00080,B009,2025-08-05 10:20:00,Card,Mobile,565.14,GBP,L008,US,Own Account,Invoice,2,CA,0,Verified
T0004041,C00104,B012,2025-08-05 12:06:00,Card,Mobile,4787.47,GBP,L011,AE,Business,Purchase,4,AE,0,Verified
T0002489,C00034,B004,2025-08-05 12:44:00,Transfer,Mobile,257.64,GBP,L016,HK,Individual,Salary,3,US,0,Verified
T0005251,C00224,B003,2025-08-05 14:50:00,Card,Online,1044.44,GBP,L005,IT,Own Account,Invoice,1,HK,0,Verified
T0001486,C00081,B002,2025-08-05 15:38:00,Card,Online,315.17,GBP,L016,HK,Business,Cash,3,BR,0,Verified
T0001932,C00074,B012,2025-08-05 20:26:00,Cash Deposit,Branch,3042.76,GBP,L001,GB,Own Account,Salary,1,AE,0,Verified
T0001892,C00116,B008,2025-08-05 20:34:00,Cash Withdrawal,ATM,296.3,GBP,L001,GB,Business,Salary,1,AE,0,Verified
T0000915,C00147,B002,2025-08-06 00:50:00,Cash Deposit,Mobile,2349.35,GBP,L004,ES,Business,Salary,1,GB,0,Verified
T0005686,C00063,B012,2025-08-06 04:12:00,Transfer,Branch,3787.49,GBP,L014,BR,Own Account,Payment,3,ES,0,Verified
T0002968,C00277,B002,2025-08-06 04:42:00,Transfer,ATM,259.79,GBP,L005,IT,Individual,Purchase,1,CA,0,Verified
T0004863,C00268,B003,2025-08-06 09:42:00,Cash Withdrawal,ATM,681.03,GBP,L009,CA,Individual,Invoice,2,US,0,Verified
T0005302,C00178,B007,2025-08-06 09:46:00,Card,Branch,182.28,GBP,L005,IT,Own Account,Salary,1,ES,0,Verified
T0001439,C00148,B006,2025-08-06 11:13:00,Transfer,Mobile,851.92,GBP,L020,ZA,Own Account,Transfer,3,NL,0,Verified
T0004099,C00173,B006,2025-08-06 12:32:00,International Transfer,Mobile,969.27,GBP,L014,BR,Business,Payment,3,FR,0,Verified
T0003903,C00157,B011,2025-08-06 12:32:00,International Transfer,Branch,1204.33,GBP,L015,SG,Business,Invoice,2,HK,0,Verified
T0005053,C00017,B012,2025-08-06 15:28:00,Card,Branch,1153.58,GBP,L020,ZA,Own Account,Salary,3,US,0,Verified
T0005371,C00037,B010,2025-08-06 18:26:00,Cash Deposit,ATM,3963.03,GBP,L018,PL,Individual,Payment,2,HK,0,Verified
T0004305,C00125,B006,2025-08-06 19:21:00,International Transfer,ATM,2316.15,GBP,L018,PL,Individual,Invoice,2,US,0,Verified
T0003658,C00266,B009,2025-08-06 20:26:00,Card,Mobile,454.48,GBP,L011,AE,Business,Cash,4,IT,0,Verified
T0003925,C00176,B007,2025-08-06 22:35:00,International Transfer,ATM,7984.31,GBP,L011,AE,Individual,Purchase,4,ZA,0,Verified
T0004811,C00017,B003,2025-08-06 23:57:00,Card,Mobile,380.99,GBP,L017,CH,Business,Purchase,2,US,0,Verified
T0001659,C00298,B008,2025-08-07 00:09:00,Cash Deposit,Mobile,1282.89,GBP,L005,IT,Individual,Payment,1,ES,0,Verified
T0004212,C00051,B002,2025-08-07 00:23:00,Transfer,Branch,2601.06,GBP,L008,US,Individual,Cash,2,CH,0,Verified
T0000128,C00292,B012,2025-08-07 01:10:00,Transfer,Mobile,1585.2,GBP,L004,ES,Own Account,Transfer,1,ZA,0,Verified
T0003260,C00146,B011,2025-08-07 01:13:00,Transfer,ATM,91.37,GBP,L010,AU,Business,Payment,2,FR,0,Verified
T0003987,C00019,B004,2025-08-07 02:33:00,Cash Deposit,Branch,363.99,GBP,L008,US,Individual,Salary,2,IT,1,Verified
T0002700,C00008,B001,2025-08-07 05:34:00,Transfer,Online,1118.86,GBP,L002,FR,Individual,Payment,1,TR,0,Verified
T0001867,C00106,B002,2025-08-07 05:55:00,Card,Mobile,288.83,GBP,L003,DE,Own Account,Payment,1,BR,0,Verified
T0005104,C00013,B003,2025-08-07 06:20:00,Cash Deposit,Online,519.92,GBP,L009,CA,Own Account,Transfer,2,PL,0,Verified
T0000878,C00093,B011,2025-08-07 07:31:00,Transfer,Mobile,632.15,GBP,L009,CA,Business,Invoice,2,IE,0,Review Required
T0002515,C00247,B003,2025-08-07 07:57:00,Card,Mobile,1504.72,GBP,L014,BR,Own Account,Invoice,3,IT,0,Verified
T0003581,C00271,B012,2025-08-07 11:57:00,Transfer,Mobile,1293.88,GBP,L006,NL,Business,Invoice,1,NG,0,Verified
T0003130,C00058,B007,2025-08-07 12:47:00,International Transfer,Online,2480.74,GBP,L014,BR,Individual,Salary,3,DE,0,Verified
T0003330,C00269,B007,2025-08-07 13:56:00,International Transfer,ATM,5607.47,GBP,L013,NG,Business,Cash,5,FR,1,Verified
T0000526,C00249,B009,2025-08-07 14:16:00,Card,ATM,556.64,GBP,L006,NL,Own Account,Salary,1,PL,1,Verified
T0005186,C00068,B005,2025-08-07 16:57:00,Transfer,ATM,75.93,GBP,L011,AE,Own Account,Invoice,4,PL,0,Verified
T0005225,C00050,B012,2025-08-07 18:59:00,Cash Withdrawal,Mobile,281.77,GBP,L010,AU,Individual,Transfer,2,AE,0,Verified
T0000031,C00091,B008,2025-08-07 21:19:00,Cash Deposit,Mobile,1354.57,GBP,L014,BR,Individual,Purchase,3,NL,0,Verified
T0001929,C00006,B006,2025-08-07 21:39:00,Card,Branch,732.48,GBP,L006,NL,Individual,Invoice,1,FR,0,Review Required
T0003305,C00280,B002,2025-08-08 00:41:00,International Transfer,Mobile,2319.33,GBP,L020,ZA,Own Account,Payment,3,AE,0,Verified
T0004134,C00120,B011,2025-08-08 03:44:00,Cash Withdrawal,Branch,674.99,GBP,L005,IT,Individual,Cash,1,ZA,0,Verified
T0002711,C00171,B012,2025-08-08 05:18:00,Cash Withdrawal,Branch,503.06,GBP,L013,NG,Business,Cash,5,DE,0,Review Required
T0004228,C00262,B004,2025-08-08 05:52:00,International Transfer,ATM,13439.26,GBP,L007,IE,Business,Cash,1,BR,0,Verified
T0005360,C00126,B003,2025-08-08 07:10:00,Card,Mobile,1124.85,GBP,L001,GB,Individual,Transfer,1,IN,0,Verified
T0004417,C00122,B011,2025-08-08 09:27:00,Transfer,Online,2404.04,GBP,L015,SG,Individual,Invoice,2,NL,0,Review Required
T0003475,C00048,B004,2025-08-08 14:14:00,Transfer,Mobile,1113.63,GBP,L002,FR,Own Account,Transfer,1,PL,0,Verified
T0004169,C00068,B012,2025-08-08 15:40:00,Transfer,Mobile,2513.6,GBP,L006,NL,Business,Invoice,1,PL,0,Verified
T0001028,C00285,B006,2025-08-08 15:44:00,Transfer,ATM,1058.19,GBP,L014,BR,Own Account,Payment,3,IN,0,Verified
T0005398,C00254,B008,2025-08-08 16:14:00,Transfer,Mobile,678.86,GBP,L015,SG,Business,Purchase,2,BR,0,Verified
T0000300,C00288,B007,2025-08-08 17:29:00,Transfer,ATM,3946.99,GBP,L013,NG,Business,Transfer,5,FR,0,Verified
T0005061,C00199,B010,2025-08-08 19:09:00,Card,Mobile,487.86,GBP,L014,BR,Own Account,Payment,3,ZA,0,Verified
T0000615,C00267,B002,2025-08-08 19:58:00,Card,Online,785.82,GBP,L001,GB,Business,Transfer,1,HK,0,Verified
T0000410,C00222,B010,2025-08-08 21:06:00,Transfer,Online,283.04,GBP,L017,CH,Business,Cash,2,US,0,Verified
T0002897,C00009,B012,2025-08-08 22:44:00,Card,Branch,1299.49,GBP,L020,ZA,Business,Purchase,3,AU,0,Verified
T0004277,C00074,B010,2025-08-09 00:42:00,Card,Online,70.96,GBP,L010,AU,Business,Purchase,2,AE,0,Verified
T0001101,C00257,B004,2025-08-09 00:55:00,International Transfer,Online,3914.65,GBP,L001,GB,Individual,Invoice,1,IT,0,Verified
T0004381,C00031,B008,2025-08-09 01:15:00,International Transfer,Online,309.79,GBP,L008,US,Business,Purchase,2,NL,0,Review Required
T0005983,C00197,B005,2025-08-09 01:21:00,Cash Withdrawal,Mobile,1016.47,GBP,L013,NG,Individual,Salary,5,AU,0,Verified
T0005052,C00285,B006,2025-08-09 01:37:00,Cash Withdrawal,ATM,367.47,GBP,L004,ES,Business,Payment,1,IN,0,Verified
T0002555,C00139,B001,2025-08-09 02:20:00,Card,Branch,1789.1,GBP,L013,NG,Individual,Cash,5,IN,0,Verified
T0000338,C00260,B006,2025-08-09 05:50:00,Card,Online,88.36,GBP,L013,NG,Business,Cash,5,IN,0,Verified
T0004014,C00250,B003,2025-08-09 06:30:00,Card,Online,951.9,GBP,L003,DE,Individual,Payment,1,ES,0,Review Required
T0002574,C00127,B007,2025-08-09 06:32:00,Cash Withdrawal,Branch,1059.38,GBP,L003,DE,Individual,Invoice,1,TR,0,Verified
T0004313,C00048,B004,2025-08-09 07:26:00,Card,Branch,2816.31,GBP,L019,IN,Individual,Salary,3,PL,0,Verified
T0005320,C00006,B003,2025-08-09 10:36:00,Card,Online,825.42,GBP,L019,IN,Own Account,Salary,3,FR,0,Review Required
T0002623,C00041,B009,2025-08-09 12:48:00,Transfer,ATM,526.38,GBP,L012,TR,Own Account,Invoice,4,AE,0,Verified
T0002757,C00162,B003,2025-08-09 19:47:00,Transfer,Online,698.93,GBP,L019,IN,Business,Invoice,3,SG,0,Verified
T0005678,C00268,B009,2025-08-09 20:05:00,Card,ATM,1655.71,GBP,L013,NG,Individual,Payment,5,US,0,Verified
T0002766,C00054,B003,2025-08-09 20:47:00,Card,Branch,1424.88,GBP,L010,AU,Own Account,Payment,2,BR,0,Verified
T0003785,C00160,B001,2025-08-09 22:19:00,Card,ATM,9279.87,GBP,L004,ES,Own Account,Invoice,1,US,0,Verified
T0001746,C00014,B002,2025-08-10 02:12:00,Card,ATM,393.9,GBP,L009,CA,Own Account,Transfer,2,FR,0,Verified
T0004443,C00172,B011,2025-08-10 06:35:00,Card,ATM,1897.82,GBP,L002,FR,Individual,Payment,1,NG,0,Verified
T0002562,C00267,B002,2025-08-10 06:43:00,Card,ATM,1605.94,GBP,L002,FR,Individual,Purchase,1,HK,0,Verified
T0001671,C00232,B002,2025-08-10 07:21:00,Transfer,ATM,265.16,GBP,L006,NL,Business,Payment,1,IT,0,Verified
T0000997,C00176,B003,2025-08-10 07:29:00,Transfer,Branch,1159.88,GBP,L011,AE,Individual,Payment,4,ZA,0,Verified
T0004559,C00197,B007,2025-08-10 08:58:00,International Transfer,Mobile,784.74,GBP,L012,TR,Own Account,Cash,4,AU,0,Verified
T0000327,C00031,B002,2025-08-10 09:31:00,Card,ATM,1691.95,GBP,L011,AE,Own Account,Cash,4,NL,0,Review Required
T0003196,C00292,B008,2025-08-10 10:07:00,Card,Mobile,407.59,GBP,L003,DE,Individual,Transfer,1,ZA,0,Verified
T0002821,C00105,B003,2025-08-10 10:15:00,Card,Branch,855.75,GBP,L019,IN,Individual,Invoice,3,US,0,Verified
T0004114,C00026,B006,2025-08-10 11:36:00,Transfer,Branch,4074.8,GBP,L009,CA,Individual,Purchase,2,IT,0,Review Required
T0001638,C00215,B002,2025-08-10 13:14:00,Card,ATM,3585.02,GBP,L003,DE,Business,Transfer,1,DE,0,Review Required
T0004395,C00015,B012,2025-08-10 14:57:00,Card,Online,1143.85,GBP,L005,IT,Business,Salary,1,IN,0,Verified
T0000141,C00192,B012,2025-08-10 15:10:00,Card,Online,3101.94,GBP,L015,SG,Own Account,Payment,2,NG,0,Verified
T0004324,C00109,B012,2025-08-10 15:46:00,Card,Branch,2478.51,GBP,L008,US,Own Account,Cash,2,NG,0,Verified
T0003527,C00115,B012,2025-08-10 16:32:00,Cash Deposit,Mobile,163.81,GBP,L018,PL,Business,Salary,2,NL,0,Verified
T0001444,C00060,B010,2025-08-10 17:24:00,Transfer,Online,1023.38,GBP,L003,DE,Individual,Salary,1,SG,0,Review Required
T0003870,C00144,B005,2025-08-10 17:50:00,Transfer,Branch,2189.83,GBP,L006,NL,Own Account,Transfer,1,ES,0,Verified
T0003281,C00074,B010,2025-08-10 17:58:00,Card,ATM,3284.84,GBP,L017,CH,Business,Invoice,2,AE,0,Verified
T0002199,C00294,B002,2025-08-10 18:33:00,Card,Online,1765.84,GBP,L014,BR,Individual,Cash,3,DE,0,Verified
T0000865,C00050,B008,2025-08-10 19:35:00,Card,Mobile,1812.61,GBP,L015,SG,Business,Cash,2,AE,0,Verified
T0004953,C00105,B011,2025-08-10 20:48:00,Card,ATM,326.35,GBP,L013,NG,Own Account,Transfer,5,US,0,Verified
T0003132,C00133,B003,2025-08-10 22:34:00,Card,ATM,1144.23,GBP,L002,FR,Individual,Invoice,1,NG,0,Verified
T0000019,C00001,B004,2025-08-10 23:12:00,Card,Online,2997.57,GBP,L019,IN,Individual,Purchase,3,IE,0,Verified
T0005758,C00266,B009,2025-08-10 23:35:00,Card,Mobile,3299.27,GBP,L012,TR,Business,Purchase,4,IT,0,Verified
T0005651,C00095,B007,2025-08-11 00:34:00,Cash Withdrawal,Online,291.78,GBP,L003,DE,Individual,Invoice,1,IN,0,Verified
T0005032,C00118,B009,2025-08-11 00:56:00,Cash Deposit,Online,486.89,GBP,L010,AU,Individual,Transfer,2,PL,0,Verified
T0002232,C00298,B004,2025-08-11 04:05:00,International Transfer,Online,1212.48,GBP,L004,ES,Own Account,Cash,1,ES,0,Verified
T0000624,C00232,B005,2025-08-11 04:48:00,Card,Online,3666.2,GBP,L020,ZA,Individual,Cash,3,IT,0,Verified
T0005550,C00106,B002,2025-08-11 06:17:00,Cash Withdrawal,ATM,3517.6,GBP,L016,HK,Individual,Invoice,3,BR,0,Verified
T0001880,C00048,B010,2025-08-11 07:55:00,Card,ATM,2677.8,GBP,L015,SG,Own Account,Cash,2,PL,0,Verified
T0002428,C00282,B012,2025-08-11 13:50:00,Transfer,Online,271.97,GBP,L014,BR,Own Account,Purchase,3,DE,0,Verified
T0000860,C00164,B010,2025-08-11 14:14:00,Transfer,ATM,630.76,GBP,L016,HK,Own Account,Salary,3,BR,0,Verified
T0005277,C00118,B003,2025-08-11 16:00:00,Card,Mobile,386.07,GBP,L012,TR,Individual,Payment,4,PL,0,Verified
T0000047,C00231,B012,2025-08-11 16:07:00,Card,Online,882.8,GBP,L012,TR,Business,Payment,4,IT,0,Verified
T0004635,C00060,B008,2025-08-11 17:49:00,Cash Deposit,Mobile,5514.35,GBP,L017,CH,Business,Cash,2,SG,0,Review Required
T0000336,C00164,B008,2025-08-11 19:08:00,Card,ATM,1048.22,GBP,L005,IT,Own Account,Payment,1,BR,0,Verified
T0000456,C00050,B009,2025-08-11 20:10:00,International Transfer,Mobile,2286.92,GBP,L012,TR,Individual,Invoice,4,AE,0,Verified
T0000760,C00044,B011,2025-08-11 23:23:00,Card,Branch,369.91,GBP,L015,SG,Individual,Cash,2,PL,0,Review Required
T0002836,C00025,B002,2025-08-11 23:26:00,Card,Online,224.21,GBP,L004,ES,Individual,Transfer,1,CH,0,Verified
T0000854,C00125,B012,2025-08-12 01:01:00,Transfer,ATM,857.16,GBP,L012,TR,Own Account,Invoice,4,US,0,Verified
T0003680,C00211,B006,2025-08-12 01:03:00,Transfer,Mobile,735.21,GBP,L013,NG,Individual,Invoice,5,AE,1,Verified
T0002808,C00103,B009,2025-08-12 02:12:00,Card,Online,8255.51,GBP,L008,US,Own Account,Transfer,2,US,0,Verified
T0004973,C00171,B001,2025-08-12 04:20:00,Transfer,ATM,440.81,GBP,L004,ES,Own Account,Cash,1,DE,0,Review Required
T0001807,C00262,B005,2025-08-12 05:28:00,Card,ATM,868.5,GBP,L014,BR,Individual,Cash,3,BR,0,Verified
T0003751,C00094,B009,2025-08-12 05:32:00,Cash Withdrawal,Online,1875.64,GBP,L016,HK,Own Account,Purchase,3,ZA,0,Verified
T0004887,C00132,B001,2025-08-12 07:24:00,Transfer,Branch,977.4,GBP,L016,HK,Individual,Purchase,3,SG,0,Verified
T0000682,C00197,B009,2025-08-12 09:02:00,Transfer,Mobile,6170.63,GBP,L015,SG,Own Account,Invoice,2,AU,0,Verified
T0002034,C00213,B002,2025-08-12 09:16:00,Card,Mobile,348.11,GBP,L014,BR,Business,Purchase,3,CA,0,Review Required
T0003315,C00282,B004,2025-08-12 09:58:00,Transfer,Online,3159.69,GBP,L020,ZA,Individual,Transfer,3,DE,0,Verified
T0004530,C00246,B005,2025-08-12 10:22:00,Card,ATM,225.97,GBP,L001,GB,Individual,Salary,1,ES,0,Verified
T0003310,C00108,B002,2025-08-12 11:30:00,Cash Withdrawal,ATM,1347.71,GBP,L006,NL,Own Account,Cash,1,IN,0,Verified
T0005231,C00263,B008,2025-08-12 12:19:00,Cash Withdrawal,Online,4787.21,GBP,L017,CH,Own Account,Salary,2,CH,0,Verified
T0003999,C00176,B003,2025-08-12 12:25:00,Transfer,Mobile,903.31,GBP,L009,CA,Business,Invoice,2,ZA,0,Verified
T0001149,C00197,B001,2025-08-12 12:33:00,International Transfer,Branch,342.49,GBP,L008,US,Own Account,Purchase,2,AU,0,Verified
T0001923,C00257,B003,2025-08-12 12:52:00,Transfer,Online,2903.89,GBP,L016,HK,Own Account,Purchase,3,IT,0,Verified
T0000449,C00180,B008,2025-08-12 12:58:00,Cash Deposit,Branch,930.32,GBP,L019,IN,Individual,Transfer,3,HK,0,Verified
T0000889,C00002,B007,2025-08-12 13:18:00,Transfer,ATM,160.83,GBP,L003,DE,Business,Salary,1,PL,0,Verified
T0004353,C00150,B004,2025-08-12 16:09:00,Transfer,ATM,1268.68,GBP,L003,DE,Individual,Salary,1,FR,0,Verified
T0005630,C00035,B005,2025-08-12 18:17:00,Transfer,Branch,1215.24,GBP,L013,NG,Individual,Transfer,5,IN,0,Verified
T0002734,C00183,B005,2025-08-12 20:06:00,Cash Deposit,Mobile,1056.81,GBP,L016,HK,Individual,Salary,3,AU,0,Review Required
T0004895,C00030,B002,2025-08-12 21:06:00,Cash Withdrawal,Branch,65.06,GBP,L017,CH,Business,Invoice,2,PL,0,Verified
T0003336,C00195,B010,2025-08-12 21:22:00,Card,Online,795.52,GBP,L007,IE,Individual,Transfer,1,BR,0,Verified
T0000213,C00188,B012,2025-08-12 22:24:00,Card,Branch,664.75,GBP,L010,AU,Individual,Purchase,2,IT,0,Verified
T0001302,C00285,B007,2025-08-12 22:46:00,Card,ATM,808.43,GBP,L010,AU,Individual,Transfer,2,IN,0,Verified
T0001374,C00136,B012,2025-08-12 23:14:00,International Transfer,ATM,125.48,GBP,L011,AE,Individual,Transfer,4,IE,0,Verified
T0004842,C00075,B003,2025-08-13 00:11:00,Transfer,Online,2971.23,GBP,L002,FR,Own Account,Purchase,1,ES,1,Verified
T0000963,C00099,B010,2025-08-13 01:04:00,Transfer,Online,141.38,GBP,L019,IN,Business,Payment,3,SG,0,Verified
T0004101,C00097,B012,2025-08-13 02:06:00,International Transfer,Online,978.59,GBP,L007,IE,Own Account,Transfer,1,US,0,Verified
T0005385,C00155,B012,2025-08-13 03:26:00,Card,Mobile,5054.76,GBP,L006,NL,Business,Invoice,1,CA,0,Verified
T0002187,C00014,B004,2025-08-13 04:06:00,Cash Deposit,Mobile,3585.21,GBP,L007,IE,Own Account,Cash,1,FR,0,Verified
T0003486,C00148,B009,2025-08-13 04:52:00,Card,Online,941.24,GBP,L009,CA,Business,Purchase,2,NL,0,Verified
T0000365,C00128,B001,2025-08-13 06:01:00,International Transfer,Branch,208.07,GBP,L014,BR,Business,Transfer,3,HK,0,Verified
T0004299,C00169,B007,2025-08-13 06:37:00,Card,Mobile,360.8,GBP,L007,IE,Own Account,Payment,1,AE,0,Verified
T0005117,C00138,B007,2025-08-13 07:54:00,Cash Deposit,Branch,2954.25,GBP,L008,US,Own Account,Invoice,2,DE,0,Verified
T0003704,C00216,B009,2025-08-13 10:24:00,Transfer,ATM,202.88,GBP,L002,FR,Individual,Payment,1,PL,0,Verified
T0005779,C00183,B005,2025-08-13 10:50:00,International Transfer,ATM,668.57,GBP,L013,NG,Individual,Payment,5,AU,0,Review Required
T0001616,C00182,B009,2025-08-13 15:38:00,Transfer,Mobile,1186.44,GBP,L016,HK,Business,Purchase,3,BR,0,Verified
T0000540,C00113,B001,2025-08-13 16:47:00,Cash Withdrawal,Mobile,406.82,GBP,L020,ZA,Business,Payment,3,PL,0,Verified
T0001500,C00225,B011,2025-08-13 19:36:00,Cash Deposit,ATM,1477.52,GBP,L004,ES,Business,Purchase,1,IE,0,Verified
T0002093,C00060,B011,2025-08-13 19:51:00,Card,ATM,2331.93,GBP,L016,HK,Own Account,Purchase,3,SG,0,Review Required
T0003800,C00159,B012,2025-08-13 21:17:00,Card,Branch,1150.14,GBP,L005,IT,Individual,Transfer,1,IN,0,Verified
T0001537,C00053,B012,2025-08-13 23:47:00,Transfer,Mobile,2477.46,GBP,L019,IN,Business,Payment,3,IN,0,Verified
T0001480,C00294,B001,2025-08-14 05:12:00,Transfer,Online,1849.95,GBP,L010,AU,Business,Transfer,2,DE,0,Verified
T0002996,C00180,B012,2025-08-14 06:43:00,Cash Withdrawal,Branch,233.78,GBP,L013,NG,Individual,Transfer,5,HK,0,Verified
T0005444,C00225,B011,2025-08-14 08:46:00,International Transfer,Branch,333.33,GBP,L010,AU,Individual,Payment,2,IE,0,Verified
T0003778,C00135,B011,2025-08-14 08:58:00,Card,Mobile,37.42,GBP,L019,IN,Business,Payment,3,ZA,0,Verified
T0003209,C00072,B009,2025-08-14 09:22:00,Cash Withdrawal,ATM,6617.36,GBP,L002,FR,Own Account,Cash,1,BR,0,Verified
T0001886,C00083,B003,2025-08-14 09:45:00,International Transfer,Mobile,423.13,GBP,L001,GB,Individual,Salary,1,BR,0,Verified
T0002042,C00231,B011,2025-08-14 11:26:00,Card,Mobile,599.35,GBP,L014,BR,Individual,Invoice,3,IT,0,Verified
T0005487,C00289,B001,2025-08-14 12:47:00,Card,Mobile,2688.01,GBP,L003,DE,Business,Salary,1,ZA,0,Verified
T0005635,C00226,B012,2025-08-14 16:36:00,International Transfer,Online,1880.53,GBP,L002,FR,Own Account,Transfer,1,TR,0,Verified
T0001835,C00257,B005,2025-08-14 16:51:00,Card,Mobile,155.44,GBP,L005,IT,Individual,Salary,1,IT,0,Verified
T0001333,C00208,B007,2025-08-14 16:53:00,Transfer,Branch,213.53,GBP,L005,IT,Individual,Purchase,1,TR,0,Verified
T0002646,C00003,B001,2025-08-14 17:00:00,Card,Mobile,3112.52,GBP,L007,IE,Individual,Transfer,1,GB,0,Verified
T0003588,C00178,B001,2025-08-14 17:41:00,International Transfer,Mobile,751.8,GBP,L016,HK,Individual,Transfer,3,ES,0,Verified
T0005271,C00049,B005,2025-08-14 18:26:00,Cash Deposit,Branch,1378.19,GBP,L009,CA,Own Account,Transfer,2,IE,0,Verified
T0001915,C00182,B006,2025-08-14 18:49:00,Transfer,ATM,1734.73,GBP,L004,ES,Business,Purchase,1,BR,0,Verified
T0002109,C00296,B008,2025-08-14 21:50:00,Card,Mobile,193.52,GBP,L014,BR,Own Account,Invoice,3,TR,0,Verified
T0004836,C00280,B007,2025-08-14 23:16:00,International Transfer,Mobile,870.93,GBP,L008,US,Own Account,Payment,2,AE,0,Verified
T0000689,C00064,B011,2025-08-15 00:09:00,Card,Online,2928.75,GBP,L020,ZA,Own Account,Purchase,3,IE,0,Verified
T0003770,C00254,B010,2025-08-15 00:56:00,Transfer,Online,1727.31,GBP,L011,AE,Individual,Transfer,4,BR,0,Verified
T0003832,C00266,B002,2025-08-15 01:18:00,Transfer,Mobile,513.71,GBP,L012,TR,Own Account,Transfer,4,IT,0,Verified
T0000111,C00016,B002,2025-08-15 03:25:00,Card,Mobile,242.28,GBP,L010,AU,Own Account,Purchase,2,NG,0,Verified
T0000064,C00008,B006,2025-08-15 04:17:00,Card,Online,459.12,GBP,L009,CA,Business,Salary,2,TR,0,Verified
T0004337,C00072,B011,2025-08-15 06:17:00,Transfer,Mobile,199.88,GBP,L010,AU,Individual,Transfer,2,BR,0,Verified
T0004331,C00239,B007,2025-08-15 09:58:00,Transfer,ATM,883.77,GBP,L009,CA,Own Account,Cash,2,NG,0,Verified
T0003231,C00021,B009,2025-08-15 11:50:00,Card,Mobile,685.43,GBP,L005,IT,Own Account,Payment,1,NG,0,Verified
T0002281,C00292,B009,2025-08-15 11:57:00,Card,Online,569.44,GBP,L010,AU,Individual,Invoice,2,ZA,0,Verified
T0002547,C00103,B010,2025-08-15 12:50:00,Transfer,Online,1150.11,GBP,L001,GB,Individual,Invoice,1,US,0,Verified
T0005846,C00089,B002,2025-08-15 15:41:00,Card,Online,1278.18,GBP,L002,FR,Own Account,Cash,1,BR,0,Verified
T0001626,C00090,B010,2025-08-15 22:50:00,Card,ATM,1103.67,GBP,L007,IE,Business,Cash,1,SG,0,Verified
T0000292,C00102,B007,2025-08-15 23:30:00,Cash Withdrawal,Online,9193.6,GBP,L006,NL,Business,Payment,1,US,0,Verified
T0001796,C00287,B006,2025-08-16 01:57:00,Transfer,Online,674.05,GBP,L015,SG,Individual,Transfer,2,AE,0,Verified
T0003696,C00118,B005,2025-08-16 04:04:00,Cash Withdrawal,ATM,1042.14,GBP,L010,AU,Individual,Cash,2,PL,0,Verified
T0003483,C00289,B010,2025-08-16 04:44:00,International Transfer,Mobile,450.96,GBP,L008,US,Individual,Transfer,2,ZA,0,Verified
T0004357,C00281,B012,2025-08-16 05:25:00,Transfer,Mobile,1062.05,GBP,L014,BR,Own Account,Invoice,3,AU,0,Verified
T0004396,C00157,B012,2025-08-16 06:06:00,Card,Online,1018.23,GBP,L002,FR,Own Account,Invoice,1,HK,0,Verified
T0000024,C00018,B010,2025-08-16 06:55:00,Cash Withdrawal,ATM,848.29,GBP,L014,BR,Own Account,Cash,3,BR,0,Verified
T0000640,C00020,B001,2025-08-16 09:16:00,Card,Branch,859.7,GBP,L016,HK,Business,Transfer,3,IT,0,Verified
T0005672,C00260,B011,2025-08-16 09:59:00,Card,ATM,4639.22,GBP,L008,US,Business,Salary,2,IN,0,Verified
T0001633,C00008,B012,2025-08-16 10:02:00,Cash Deposit,Branch,522.97,GBP,L006,NL,Business,Transfer,1,TR,0,Verified
T0002677,C00254,B003,2025-08-16 10:23:00,Card,Online,644.64,GBP,L014,BR,Individual,Salary,3,BR,0,Verified
T0003764,C00061,B006,2025-08-16 10:44:00,Card,ATM,1246.63,GBP,L003,DE,Business,Transfer,1,CH,0,Verified
T0005945,C00105,B012,2025-08-16 11:20:00,Cash Deposit,Online,113.15,GBP,L015,SG,Own Account,Salary,2,US,0,Verified
T0002205,C00186,B004,2025-08-16 13:35:00,Card,Mobile,16153.98,GBP,L009,CA,Individual,Salary,2,AE,0,Verified
T0000917,C00115,B009,2025-08-16 14:10:00,Card,ATM,150.67,GBP,L001,GB,Own Account,Transfer,1,NL,0,Verified
T0002857,C00192,B003,2025-08-16 17:30:00,Transfer,ATM,424.8,GBP,L011,AE,Individual,Payment,4,NG,0,Verified
T0002731,C00233,B005,2025-08-16 20:02:00,Card,Branch,1239.79,GBP,L001,GB,Own Account,Transfer,1,ES,0,Verified
T0003190,C00281,B006,2025-08-16 23:02:00,Card,Branch,583.71,GBP,L012,TR,Individual,Transfer,4,AU,0,Verified
T0001676,C00162,B004,2025-08-16 23:06:00,Cash Deposit,Online,1834.6,GBP,L017,CH,Individual,Purchase,2,SG,0,Verified
T0004431,C00185,B005,2025-08-17 01:27:00,Transfer,Online,4571.32,GBP,L015,SG,Business,Transfer,2,AE,0,Verified
T0002219,C00153,B007,2025-08-17 03:47:00,Cash Deposit,Mobile,1060.93,GBP,L015,SG,Individual,Purchase,2,SG,0,Verified
T0001801,C00039,B012,2025-08-17 05:37:00,Transfer,Online,3738.86,GBP,L018,PL,Own Account,Transfer,2,BR,0,Verified
T0000880,C00224,B002,2025-08-17 09:29:00,Card,Branch,666.62,GBP,L002,FR,Business,Purchase,1,HK,0,Verified
T0003173,C00179,B006,2025-08-17 10:37:00,Card,Branch,391.34,GBP,L020,ZA,Individual,Payment,3,AU,0,Verified
T0002998,C00101,B005,2025-08-17 11:59:00,Card,ATM,2512.04,GBP,L006,NL,Own Account,Transfer,1,PL,0,Verified
T0003923,C00100,B005,2025-08-17 12:36:00,Cash Withdrawal,Branch,240.57,GBP,L001,GB,Individual,Transfer,1,SG,0,Verified
T0005608,C00274,B009,2025-08-17 13:17:00,Card,Branch,1737.83,GBP,L019,IN,Business,Invoice,3,NG,1,Verified
T0001511,C00274,B010,2025-08-17 13:20:00,Transfer,Online,501.96,GBP,L018,PL,Business,Purchase,2,NG,1,Verified
T0004440,C00116,B006,2025-08-17 13:36:00,Transfer,Online,755.24,GBP,L007,IE,Own Account,Payment,1,AE,0,Verified
T0002004,C00060,B010,2025-08-17 13:42:00,Cash Deposit,Branch,2675.09,GBP,L016,HK,Business,Transfer,3,SG,0,Review Required
T0004922,C00216,B002,2025-08-17 16:08:00,Cash Deposit,Online,1497.35,GBP,L001,GB,Business,Purchase,1,PL,0,Verified
T0001466,C00274,B005,2025-08-17 16:11:00,Card,Online,636.61,GBP,L016,HK,Own Account,Payment,3,NG,1,Verified
T0003271,C00091,B001,2025-08-17 16:38:00,Card,Online,400.67,GBP,L015,SG,Business,Cash,2,NL,0,Verified
T0000441,C00209,B004,2025-08-17 20:06:00,Card,ATM,678.12,GBP,L007,IE,Business,Transfer,1,IT,0,Verified
T0002649,C00085,B001,2025-08-17 20:53:00,Cash Deposit,Mobile,2319.65,GBP,L003,DE,Business,Cash,1,ES,0,Verified
T0001137,C00286,B007,2025-08-17 21:17:00,Transfer,Online,137.13,GBP,L007,IE,Individual,Cash,1,IT,0,Verified
T0003911,C00265,B011,2025-08-17 23:10:00,Card,ATM,223.62,GBP,L004,ES,Individual,Invoice,1,ZA,0,Verified
T0001155,C00016,B009,2025-08-18 01:12:00,Card,Online,1197.33,GBP,L015,SG,Business,Cash,2,NG,0,Verified
T0002108,C00249,B010,2025-08-18 01:21:00,Card,Online,1042.48,GBP,L003,DE,Own Account,Cash,1,PL,1,Verified
T0003720,C00025,B002,2025-08-18 03:53:00,Transfer,ATM,2657.22,GBP,L010,AU,Individual,Salary,2,CH,0,Verified
T0001467,C00196,B010,2025-08-18 04:04:00,Transfer,ATM,2114.36,GBP,L019,IN,Business,Cash,3,AU,0,Verified
T0004563,C00056,B003,2025-08-18 06:33:00,Transfer,Branch,473.37,GBP,L014,BR,Business,Salary,3,IT,0,Verified
T0004523,C00275,B004,2025-08-18 08:11:00,Cash Deposit,Mobile,1369.79,GBP,L003,DE,Business,Salary,1,NL,0,Verified
T0005642,C00079,B006,2025-08-18 08:14:00,Cash Withdrawal,Branch,491.17,GBP,L018,PL,Business,Payment,2,PL,0,Verified
T0005081,C00038,B003,2025-08-18 10:14:00,Card,Mobile,282.5,GBP,L003,DE,Business,Payment,1,US,0,Verified
T0001330,C00258,B005,2025-08-18 15:00:00,Transfer,Mobile,419.6,GBP,L002,FR,Individual,Invoice,1,GB,0,Verified
T0004930,C00096,B006,2025-08-18 16:00:00,Card,Online,2099.48,GBP,L011,AE,Individual,Invoice,4,IT,0,Verified
T0002137,C00106,B007,2025-08-18 22:07:00,International Transfer,Branch,918.28,GBP,L008,US,Individual,Invoice,2,BR,0,Verified
T0003246,C00118,B001,2025-08-18 22:44:00,International Transfer,ATM,891.14,GBP,L015,SG,Own Account,Purchase,2,PL,0,Verified
T0005490,C00246,B006,2025-08-18 23:34:00,International Transfer,Branch,3128.63,GBP,L005,IT,Individual,Purchase,1,ES,0,Verified
T0003290,C00292,B007,2025-08-19 01:01:00,Card,Online,1153.08,GBP,L010,AU,Business,Salary,2,ZA,0,Verified
T0004967,C00024,B011,2025-08-19 02:04:00,International Transfer,Mobile,439.7,GBP,L020,ZA,Own Account,Purchase,3,NL,0,Verified
T0003660,C00091,B004,2025-08-19 02:19:00,Transfer,Mobile,355.28,GBP,L003,DE,Business,Salary,1,NL,0,Verified
T0004517,C00068,B005,2025-08-19 04:54:00,Card,ATM,3294.92,GBP,L013,NG,Business,Payment,5,PL,0,Verified
T0005652,C00297,B010,2025-08-19 06:03:00,Transfer,Online,96.32,GBP,L008,US,Own Account,Salary,2,HK,0,Verified
T0000283,C00026,B010,2025-08-19 06:47:00,Card,Mobile,772.65,GBP,L001,GB,Business,Purchase,1,IT,0,Review Required
T0005645,C00165,B012,2025-08-19 07:19:00,Transfer,Branch,924.76,GBP,L019,IN,Business,Salary,3,US,0,Review Required
T0005558,C00211,B003,2025-08-19 10:15:00,Cash Withdrawal,Online,1268.56,GBP,L001,GB,Individual,Invoice,1,AE,1,Verified
T0001762,C00051,B007,2025-08-19 11:42:00,Transfer,Mobile,2406.33,GBP,L002,FR,Own Account,Purchase,1,CH,0,Verified
T0003482,C00208,B006,2025-08-19 11:57:00,Card,ATM,377.84,GBP,L011,AE,Business,Cash,4,TR,0,Verified
T0001502,C00058,B002,2025-08-19 13:07:00,Cash Withdrawal,Mobile,2704.92,GBP,L002,FR,Business,Payment,1,DE,0,Verified
T0001003,C00089,B002,2025-08-19 13:39:00,Card,ATM,237.42,GBP,L009,CA,Own Account,Salary,2,BR,0,Verified
T0003269,C00088,B005,2025-08-19 16:15:00,Card,Branch,2230.6,GBP,L006,NL,Individual,Invoice,1,AU,0,Verified
T0005248,C00012,B005,2025-08-19 16:42:00,Transfer,Online,1834.21,GBP,L013,NG,Own Account,Invoice,5,PL,0,Verified
T0002393,C00188,B004,2025-08-19 17:26:00,Cash Withdrawal,Online,7330.92,GBP,L020,ZA,Business,Cash,3,IT,0,Verified
T0000373,C00231,B010,2025-08-19 19:25:00,Transfer,ATM,486.81,GBP,L011,AE,Individual,Invoice,4,IT,0,Verified
T0001555,C00251,B012,2025-08-19 21:05:00,Transfer,Branch,405.92,GBP,L013,NG,Business,Salary,5,ZA,0,Verified
T0004680,C00244,B006,2025-08-19 23:12:00,Transfer,Branch,322.77,GBP,L001,GB,Own Account,Salary,1,PL,0,Verified
T0003919,C00138,B007,2025-08-20 01:08:00,Card,Mobile,1917.42,GBP,L003,DE,Individual,Transfer,1,DE,0,Verified
T0004259,C00191,B004,2025-08-20 01:15:00,Transfer,Online,658.89,GBP,L001,GB,Own Account,Payment,1,IT,1,Verified
T0005038,C00028,B001,2025-08-20 05:33:00,Transfer,Mobile,2774.53,GBP,L004,ES,Business,Transfer,1,ES,0,Verified
T0005033,C00260,B010,2025-08-20 05:52:00,Transfer,Branch,1692.19,GBP,L007,IE,Own Account,Salary,1,IN,0,Verified
T0003017,C00289,B001,2025-08-20 10:50:00,Cash Deposit,Branch,839.44,GBP,L015,SG,Individual,Cash,2,ZA,0,Verified
T0000152,C00298,B011,2025-08-20 11:53:00,Cash Deposit,Branch,367.77,GBP,L018,PL,Own Account,Purchase,2,ES,0,Verified
T0005235,C00218,B008,2025-08-20 15:32:00,Transfer,Online,757.09,GBP,L013,NG,Business,Cash,5,TR,0,Verified
T0003554,C00217,B010,2025-08-20 15:44:00,Transfer,Branch,320.06,GBP,L014,BR,Individual,Transfer,3,ES,0,Verified
T0005762,C00105,B004,2025-08-20 16:28:00,Card,Online,803.4,GBP,L020,ZA,Individual,Purchase,3,US,0,Verified
T0004902,C00289,B007,2025-08-20 17:12:00,Card,Mobile,249.88,GBP,L003,DE,Individual,Salary,1,ZA,0,Verified
T0005043,C00074,B006,2025-08-20 18:12:00,Card,Online,592.31,GBP,L013,NG,Own Account,Payment,5,AE,0,Verified
T0002367,C00003,B010,2025-08-20 19:48:00,Transfer,Online,253.02,GBP,L005,IT,Own Account,Purchase,1,GB,0,Verified
T0003594,C00192,B005,2025-08-20 20:05:00,Transfer,Online,903.83,GBP,L001,GB,Own Account,Cash,1,NG,0,Verified
T0004449,C00192,B011,2025-08-20 20:24:00,International Transfer,Mobile,418.73,GBP,L007,IE,Business,Invoice,1,NG,0,Verified
T0000781,C00161,B002,2025-08-20 21:17:00,Card,Online,1333.62,GBP,L007,IE,Own Account,Salary,1,NL,0,Verified
T0001098,C00261,B006,2025-08-20 21:49:00,International Transfer,Mobile,1146.67,GBP,L011,AE,Individual,Cash,4,ZA,0,Verified
T0002193,C00202,B009,2025-08-20 22:59:00,Transfer,Mobile,3505.26,GBP,L006,NL,Own Account,Transfer,1,NL,0,Verified
T0000274,C00133,B009,2025-08-20 23:30:00,Card,Online,73.97,GBP,L003,DE,Own Account,Cash,1,NG,0,Verified
T0004630,C00233,B002,2025-08-21 01:37:00,Transfer,Branch,390.47,GBP,L005,IT,Individual,Invoice,1,ES,0,Verified
T0003818,C00106,B011,2025-08-21 03:58:00,Card,Mobile,313.22,GBP,L003,DE,Individual,Invoice,1,BR,0,Verified
T0002735,C00140,B002,2025-08-21 04:00:00,Transfer,Online,1379.55,GBP,L006,NL,Own Account,Payment,1,PL,0,Verified
T0002804,C00236,B012,2025-08-21 04:34:00,International Transfer,Branch,1542.34,GBP,L014,BR,Individual,Cash,3,HK,0,Verified
T0005588,C00259,B007,2025-08-21 07:10:00,Transfer,ATM,4608.82,GBP,L018,PL,Individual,Transfer,2,SG,0,Verified
T0003372,C00109,B001,2025-08-21 09:51:00,Card,ATM,1054.37,GBP,L009,CA,Business,Cash,2,NG,0,Verified
T0001851,C00226,B003,2025-08-21 10:27:00,Transfer,ATM,360.52,GBP,L003,DE,Own Account,Transfer,1,TR,0,Verified
T0002914,C00298,B005,2025-08-21 10:59:00,Transfer,ATM,280.07,GBP,L004,ES,Individual,Purchase,1,ES,0,Verified
T0003533,C00039,B011,2025-08-21 11:09:00,Cash Deposit,Mobile,151.43,GBP,L006,NL,Own Account,Payment,1,BR,0,Verified
T0003506,C00122,B008,2025-08-21 11:13:00,Card,Online,130.98,GBP,L002,FR,Own Account,Payment,1,NL,0,Review Required
T0005348,C00240,B005,2025-08-21 14:09:00,International Transfer,Online,590.59,GBP,L008,US,Own Account,Payment,2,SG,0,Verified
T0004002,C00054,B011,2025-08-21 14:26:00,Card,Online,403.48,GBP,L014,BR,Individual,Payment,3,BR,0,Verified
T0001428,C00056,B005,2025-08-21 14:33:00,Card,Online,1571.83,GBP,L003,DE,Own Account,Salary,1,IT,0,Verified
T0004497,C00166,B002,2025-08-21 16:34:00,Card,Mobile,597.02,GBP,L013,NG,Business,Cash,5,CA,0,Verified
T0001062,C00144,B007,2025-08-21 20:18:00,Transfer,Online,1007.25,GBP,L016,HK,Individual,Purchase,3,ES,0,Verified
T0000191,C00272,B006,2025-08-21 20:19:00,Transfer,Branch,9507.2,GBP,L010,AU,Individual,Invoice,2,ZA,0,Verified
T0002908,C00001,B008,2025-08-21 20:29:00,Cash Deposit,Online,953.57,GBP,L010,AU,Individual,Cash,2,IE,0,Verified
T0000260,C00118,B005,2025-08-21 22:50:00,Card,Online,5616.36,GBP,L008,US,Business,Cash,2,PL,0,Verified
T0003093,C00141,B006,2025-08-22 00:31:00,Cash Deposit,Online,8051.17,GBP,L001,GB,Own Account,Purchase,1,US,0,Verified
T0002154,C00250,B007,2025-08-22 03:13:00,Transfer,ATM,308.32,GBP,L013,NG,Individual,Salary,5,ES,0,Review Required
T0001902,C00254,B001,2025-08-22 03:50:00,Transfer,Online,1884.28,GBP,L008,US,Business,Payment,2,BR,0,Verified
T0001350,C00066,B007,2025-08-22 04:33:00,Cash Deposit,ATM,1130.98,GBP,L014,BR,Own Account,Payment,3,CA,0,Verified
T0000026,C00160,B006,2025-08-22 05:45:00,Card,Online,818.8,GBP,L006,NL,Own Account,Purchase,1,US,0,Verified
T0004605,C00125,B011,2025-08-22 06:02:00,International Transfer,Branch,2005.64,GBP,L007,IE,Own Account,Invoice,1,US,0,Verified
T0004240,C00284,B001,2025-08-22 07:04:00,Card,Mobile,376.13,GBP,L013,NG,Individual,Payment,5,NG,0,Verified
T0004494,C00202,B008,2025-08-22 09:56:00,Transfer,Online,2051.71,GBP,L016,HK,Own Account,Cash,3,NL,0,Verified
T0005491,C00105,B002,2025-08-22 10:09:00,Cash Deposit,ATM,758.04,GBP,L013,NG,Business,Cash,5,US,0,Verified
T0003924,C00231,B007,2025-08-22 10:26:00,Card,Branch,226.61,GBP,L003,DE,Business,Transfer,1,IT,0,Verified
T0001194,C00071,B012,2025-08-22 10:50:00,Cash Deposit,Mobile,1016.81,GBP,L012,TR,Business,Cash,4,US,1,Verified
T0004132,C00071,B002,2025-08-22 12:24:00,Card,Online,524.35,GBP,L015,SG,Individual,Invoice,2,US,1,Verified
T0003892,C00043,B002,2025-08-22 15:50:00,Card,Online,330.65,GBP,L003,DE,Own Account,Cash,1,US,0,Verified
T0003513,C00015,B005,2025-08-22 17:18:00,Transfer,Online,3870.43,GBP,L009,CA,Individual,Transfer,2,IN,0,Verified
T0000548,C00299,B005,2025-08-22 17:18:00,Card,ATM,459.16,GBP,L001,GB,Business,Purchase,1,AE,0,Verified
T0005853,C00237,B007,2025-08-22 17:40:00,Card,ATM,309.42,GBP,L015,SG,Own Account,Payment,2,SG,0,Verified
T0002389,C00086,B009,2025-08-22 18:38:00,Transfer,Branch,189.81,GBP,L007,IE,Business,Salary,1,BR,0,Verified
T0004912,C00257,B012,2025-08-22 19:19:00,Cash Deposit,ATM,1485.82,GBP,L010,AU,Individual,Invoice,2,IT,0,Verified
T0001586,C00166,B004,2025-08-22 19:58:00,Transfer,Online,349.73,GBP,L020,ZA,Own Account,Cash,3,CA,0,Verified
T0003707,C00090,B002,2025-08-22 20:43:00,Card,ATM,265.35,GBP,L014,BR,Individual,Transfer,3,SG,0,Verified
T0005777,C00137,B012,2025-08-22 21:57:00,Card,ATM,1249.41,GBP,L019,IN,Individual,Cash,3,US,0,Verified
T0003657,C00023,B012,2025-08-22 22:20:00,Transfer,Online,846.72,GBP,L010,AU,Business,Payment,2,PL,0,Verified
T0005136,C00272,B003,2025-08-22 22:46:00,Transfer,Branch,2048.6,GBP,L005,IT,Business,Salary,1,ZA,0,Verified
T0001405,C00110,B004,2025-08-22 23:26:00,Cash Deposit,Mobile,2195.63,GBP,L015,SG,Own Account,Payment,2,PL,0,Verified
T0000308,C00059,B004,2025-08-23 04:04:00,Transfer,Mobile,552.86,GBP,L008,US,Individual,Purchase,2,TR,0,Verified
T0002457,C00243,B009,2025-08-23 04:29:00,Transfer,Branch,1227.16,GBP,L004,ES,Own Account,Invoice,1,CH,0,Verified
T0001786,C00160,B005,2025-08-23 05:53:00,International Transfer,Online,1509.52,GBP,L015,SG,Business,Payment,2,US,0,Verified
T0004591,C00181,B005,2025-08-23 05:56:00,Transfer,ATM,1436.38,GBP,L002,FR,Individual,Cash,1,ZA,0,Verified
T0001558,C00221,B008,2025-08-23 08:02:00,Card,Mobile,452.37,GBP,L016,HK,Individual,Cash,3,FR,0,Verified
T0000523,C00266,B008,2025-08-23 11:41:00,Card,ATM,306.44,GBP,L011,AE,Business,Purchase,4,IT,0,Verified
T0001804,C00292,B004,2025-08-23 13:08:00,International Transfer,ATM,1058.21,GBP,L015,SG,Individual,Purchase,2,ZA,0,Verified
T0005867,C00043,B001,2025-08-23 14:09:00,Transfer,Branch,1438.13,GBP,L004,ES,Business,Payment,1,US,0,Verified
T0004058,C00056,B002,2025-08-23 14:20:00,Card,ATM,1044.11,GBP,L012,TR,Own Account,Transfer,4,IT,0,Verified
T0000212,C00110,B006,2025-08-23 16:39:00,Card,Online,111.49,GBP,L013,NG,Business,Purchase,5,PL,0,Verified
T0001629,C00114,B012,2025-08-23 19:04:00,Card,Online,1078.64,GBP,L007,IE,Individual,Invoice,1,GB,0,Verified
T0003942,C00082,B008,2025-08-23 20:30:00,International Transfer,Online,1311.25,GBP,L003,DE,Individual,Invoice,1,CH,0,Verified
T0001604,C00124,B012,2025-08-23 22:41:00,Card,ATM,104.54,GBP,L008,US,Business,Transfer,2,NG,0,Verified
T0001824,C00033,B008,2025-08-23 23:11:00,Transfer,ATM,22075.34,GBP,L019,IN,Own Account,Payment,3,TR,0,Verified
T0004077,C00298,B001,2025-08-24 02:19:00,Card,Branch,1550.72,GBP,L004,ES,Business,Cash,1,ES,0,Verified
T0003797,C00113,B011,2025-08-24 03:34:00,Transfer,Mobile,3259.64,GBP,L002,FR,Own Account,Cash,1,PL,0,Verified
T0001391,C00167,B010,2025-08-24 07:07:00,International Transfer,ATM,1087.48,GBP,L012,TR,Individual,Payment,4,SG,0,Verified
T0000057,C00210,B003,2025-08-24 08:36:00,Transfer,Mobile,1308.93,GBP,L013,NG,Business,Transfer,5,FR,1,Verified
T0005668,C00279,B011,2025-08-24 09:10:00,Cash Withdrawal,Mobile,151.16,GBP,L006,NL,Business,Invoice,1,IN,0,Verified
T0005823,C00214,B001,2025-08-24 11:05:00,Card,ATM,646.65,GBP,L020,ZA,Individual,Invoice,3,AU,0,Verified
T0004546,C00238,B003,2025-08-24 11:43:00,Cash Deposit,Branch,664.36,GBP,L011,AE,Individual,Salary,4,CH,0,Review Required
T0004009,C00280,B011,2025-08-24 12:03:00,Transfer,ATM,177.74,GBP,L013,NG,Business,Transfer,5,AE,0,Verified
T0005582,C00090,B008,2025-08-24 12:08:00,Transfer,Branch,447.72,GBP,L003,DE,Individual,Transfer,1,SG,0,Verified
T0005167,C00088,B001,2025-08-24 13:00:00,Cash Deposit,Online,1601.0,GBP,L004,ES,Business,Purchase,1,AU,0,Verified
T0000933,C00218,B012,2025-08-24 13:34:00,Transfer,Online,2082.1,GBP,L016,HK,Business,Transfer,3,TR,0,Verified
T0004533,C00225,B011,2025-08-24 13:46:00,Transfer,ATM,1478.09,GBP,L020,ZA,Business,Transfer,3,IE,0,Verified
T0004548,C00035,B001,2025-08-24 13:59:00,Card,ATM,574.39,GBP,L005,IT,Business,Payment,1,IN,0,Verified
T0000654,C00044,B011,2025-08-24 14:12:00,Card,ATM,6412.2,GBP,L020,ZA,Own Account,Payment,3,PL,0,Review Required
T0001678,C00114,B007,2025-08-24 20:12:00,Card,Online,2622.53,GBP,L020,ZA,Own Account,Payment,3,GB,0,Verified
T0001189,C00037,B008,2025-08-24 20:13:00,Transfer,ATM,737.54,GBP,L003,DE,Own Account,Salary,1,HK,0,Verified
T0000101,C00180,B011,2025-08-24 21:30:00,Transfer,Online,1617.84,GBP,L016,HK,Business,Cash,3,HK,0,Verified
T0004293,C00104,B010,2025-08-24 21:47:00,Card,Online,495.25,GBP,L008,US,Own Account,Salary,2,AE,0,Verified
T0004621,C00138,B012,2025-08-24 21:50:00,Cash Deposit,ATM,3051.67,GBP,L020,ZA,Business,Cash,3,DE,0,Verified
T0001491,C00194,B012,2025-08-24 21:52:00,Transfer,Mobile,363.31,GBP,L020,ZA,Business,Payment,3,DE,0,Verified
T0004976,C00038,B002,2025-08-24 23:23:00,Transfer,Mobile,6077.13,GBP,L016,HK,Business,Purchase,3,US,0,Verified
T0001154,C00263,B010,2025-08-25 01:05:00,Cash Deposit,Branch,7642.57,GBP,L004,ES,Own Account,Invoice,1,CH,0,Verified
T0003514,C00109,B010,2025-08-25 01:22:00,Card,Mobile,1203.28,GBP,L014,BR,Individual,Salary,3,NG,0,Verified
T0000870,C00035,B003,2025-08-25 01:32:00,Card,Branch,3779.57,GBP,L018,PL,Own Account,Transfer,2,IN,0,Verified
T0005275,C00242,B008,2025-08-25 03:28:00,Transfer,Online,258.61,GBP,L018,PL,Business,Purchase,2,AE,0,Verified
T0005613,C00144,B006,2025-08-25 04:29:00,Card,Branch,1612.28,GBP,L017,CH,Business,Invoice,2,ES,0,Verified
T0004464,C00180,B010,2025-08-25 08:49:00,Card,Online,7519.29,GBP,L018,PL,Business,Cash,2,HK,0,Verified
T0001224,C00134,B008,2025-08-25 10:02:00,Cash Deposit,Mobile,2316.0,GBP,L011,AE,Own Account,Cash,4,IE,0,Verified
T0005545,C00127,B011,2025-08-25 12:25:00,Cash Deposit,Mobile,634.09,GBP,L009,CA,Individual,Transfer,2,TR,0,Verified
T0000190,C00241,B010,2025-08-25 14:05:00,Card,ATM,561.29,GBP,L015,SG,Own Account,Salary,2,DE,0,Verified
T0002659,C00113,B004,2025-08-25 15:10:00,Card,Branch,408.16,GBP,L015,SG,Individual,Cash,2,PL,0,Verified
T0002855,C00035,B002,2025-08-25 15:12:00,Card,Mobile,337.71,GBP,L013,NG,Individual,Salary,5,IN,0,Verified
T0001024,C00013,B006,2025-08-25 16:58:00,Card,Online,1710.19,GBP,L012,TR,Individual,Purchase,4,PL,0,Verified
T0004056,C00107,B004,2025-08-25 17:00:00,International Transfer,Online,1133.64,GBP,L005,IT,Business,Payment,1,BR,0,Verified
T0001904,C00042,B005,2025-08-25 19:14:00,Cash Withdrawal,Mobile,1290.93,GBP,L009,CA,Business,Cash,2,PL,0,Verified
T0001889,C00204,B008,2025-08-25 20:18:00,Card,ATM,922.51,GBP,L002,FR,Business,Salary,1,NG,0,Verified
T0002550,C00192,B006,2025-08-25 22:00:00,Cash Withdrawal,ATM,3002.06,GBP,L003,DE,Business,Invoice,1,NG,0,Verified
T0002142,C00257,B012,2025-08-25 23:45:00,Transfer,Mobile,777.35,GBP,L018,PL,Individual,Invoice,2,IT,0,Verified
T0003511,C00073,B007,2025-08-26 00:29:00,Card,Online,548.04,GBP,L010,AU,Business,Transfer,2,NL,0,Verified
T0000818,C00042,B005,2025-08-26 01:28:00,Transfer,Mobile,2103.89,GBP,L014,BR,Own Account,Cash,3,PL,0,Verified
T0003382,C00015,B003,2025-08-26 05:09:00,International Transfer,Online,569.66,GBP,L003,DE,Own Account,Invoice,1,IN,0,Verified
T0001343,C00275,B002,2025-08-26 07:26:00,International Transfer,Online,159.09,GBP,L019,IN,Individual,Salary,3,NL,0,Verified
T0005455,C00184,B003,2025-08-26 10:32:00,Card,Mobile,150.73,GBP,L005,IT,Business,Cash,1,HK,0,Verified
T0005215,C00082,B002,2025-08-26 11:49:00,Transfer,Mobile,184.51,GBP,L013,NG,Own Account,Purchase,5,CH,0,Verified
T0004119,C00011,B010,2025-08-26 11:56:00,Transfer,Online,1738.71,GBP,L014,BR,Business,Cash,3,IE,0,Verified
T0000360,C00241,B012,2025-08-26 12:57:00,Card,ATM,459.38,GBP,L006,NL,Individual,Transfer,1,DE,0,Verified
T0004893,C00294,B001,2025-08-26 14:08:00,Card,Branch,1521.29,GBP,L009,CA,Business,Cash,2,DE,0,Verified
T0004575,C00269,B008,2025-08-26 14:48:00,International Transfer,Mobile,1025.39,GBP,L004,ES,Business,Purchase,1,FR,1,Verified
T0002940,C00094,B006,2025-08-26 15:26:00,Card,ATM,901.52,GBP,L008,US,Individual,Invoice,2,ZA,0,Verified
T0004704,C00124,B008,2025-08-26 16:07:00,Cash Withdrawal,Mobile,1098.84,GBP,L012,TR,Own Account,Invoice,4,NG,0,Verified
T0003111,C00167,B008,2025-08-26 17:36:00,International Transfer,Online,2593.24,GBP,L001,GB,Individual,Cash,1,SG,0,Verified
T0004284,C00108,B005,2025-08-26 17:38:00,International Transfer,ATM,1149.29,GBP,L009,CA,Own Account,Purchase,2,IN,0,Verified
T0003747,C00157,B007,2025-08-26 17:47:00,Transfer,ATM,1209.97,GBP,L014,BR,Business,Salary,3,HK,0,Verified
T0004859,C00066,B004,2025-08-26 18:04:00,Card,ATM,629.9,GBP,L012,TR,Individual,Cash,4,CA,0,Verified
T0003512,C00237,B008,2025-08-26 19:27:00,Transfer,ATM,417.38,GBP,L017,CH,Own Account,Transfer,2,SG,0,Verified
T0002983,C00093,B003,2025-08-26 21:10:00,Transfer,Branch,2052.07,GBP,L001,GB,Individual,Cash,1,IE,0,Review Required
T0003782,C00139,B010,2025-08-26 22:18:00,International Transfer,Online,167.81,GBP,L013,NG,Own Account,Cash,5,IN,0,Verified
T0001080,C00146,B006,2025-08-27 01:20:00,Transfer,ATM,1877.34,GBP,L019,IN,Own Account,Invoice,3,FR,0,Verified
T0001011,C00023,B008,2025-08-27 05:02:00,International Transfer,ATM,384.45,GBP,L005,IT,Own Account,Salary,1,PL,0,Verified
T0003937,C00160,B005,2025-08-27 05:25:00,Transfer,Mobile,485.91,GBP,L004,ES,Own Account,Invoice,1,US,0,Verified
T0004616,C00126,B001,2025-08-27 08:46:00,International Transfer,Mobile,720.61,GBP,L014,BR,Individual,Payment,3,IN,0,Verified
T0005601,C00159,B010,2025-08-27 09:15:00,Card,Online,705.62,GBP,L010,AU,Own Account,Cash,2,IN,0,Verified
T0000868,C00266,B006,2025-08-27 10:50:00,Card,Branch,213.67,GBP,L005,IT,Own Account,Salary,1,IT,0,Verified
T0003341,C00290,B010,2025-08-27 13:08:00,Cash Withdrawal,Mobile,2233.28,GBP,L016,HK,Individual,Purchase,3,AE,0,Verified
T0000435,C00178,B001,2025-08-27 14:40:00,Transfer,ATM,7882.79,GBP,L003,DE,Individual,Cash,1,ES,0,Verified
T0001726,C00099,B011,2025-08-27 14:47:00,Transfer,Branch,2238.58,GBP,L005,IT,Own Account,Invoice,1,SG,0,Verified
T0001351,C00050,B012,2025-08-27 15:22:00,Transfer,ATM,1351.08,GBP,L001,GB,Business,Purchase,1,AE,0,Verified
T0004161,C00213,B012,2025-08-27 16:41:00,Card,ATM,478.86,GBP,L017,CH,Individual,Invoice,2,CA,0,Review Required
T0003884,C00067,B003,2025-08-27 18:29:00,Cash Withdrawal,Online,320.59,GBP,L020,ZA,Own Account,Purchase,3,CA,0,Verified
T0004086,C00235,B009,2025-08-27 18:46:00,Card,Mobile,168.48,GBP,L007,IE,Individual,Transfer,1,IT,0,Verified
T0000584,C00246,B009,2025-08-27 19:13:00,Cash Deposit,Branch,414.24,GBP,L015,SG,Own Account,Purchase,2,ES,0,Verified
T0005892,C00253,B004,2025-08-27 19:14:00,Transfer,ATM,232.73,GBP,L002,FR,Individual,Cash,1,PL,0,Verified
T0004813,C00055,B008,2025-08-27 20:10:00,International Transfer,Mobile,1053.22,GBP,L005,IT,Own Account,Salary,1,CA,0,Verified
T0002448,C00065,B011,2025-08-27 20:20:00,Card,Mobile,3400.8,GBP,L014,BR,Individual,Purchase,3,CA,0,Verified
T0005701,C00261,B012,2025-08-28 00:18:00,Card,ATM,1064.95,GBP,L015,SG,Own Account,Salary,2,ZA,0,Verified
T0003539,C00072,B011,2025-08-28 02:19:00,Transfer,ATM,2643.02,GBP,L016,HK,Own Account,Salary,3,BR,0,Verified
T0005518,C00043,B009,2025-08-28 02:41:00,Card,Online,539.53,GBP,L010,AU,Own Account,Transfer,2,US,0,Verified
T0001432,C00031,B009,2025-08-28 02:53:00,Transfer,ATM,3594.18,GBP,L017,CH,Own Account,Invoice,2,NL,0,Review Required
T0004786,C00065,B007,2025-08-28 04:43:00,Transfer,Branch,87.16,GBP,L013,NG,Own Account,Invoice,5,CA,0,Verified
T0000943,C00102,B003,2025-08-28 07:52:00,Card,Mobile,981.27,GBP,L014,BR,Business,Payment,3,US,0,Verified
T0000676,C00048,B007,2025-08-28 09:52:00,International Transfer,Mobile,423.65,GBP,L001,GB,Business,Salary,1,PL,0,Verified
T0002674,C00036,B011,2025-08-28 14:00:00,Card,Branch,1373.0,GBP,L011,AE,Business,Cash,4,FR,0,Verified
T0003352,C00222,B002,2025-08-28 15:35:00,Card,ATM,874.12,GBP,L005,IT,Own Account,Invoice,1,US,0,Verified
T0004784,C00083,B003,2025-08-28 17:45:00,Card,Branch,1400.2,GBP,L018,PL,Own Account,Cash,2,BR,0,Verified
T0000691,C00224,B001,2025-08-28 19:37:00,Card,Branch,557.75,GBP,L002,FR,Own Account,Payment,1,HK,0,Verified
T0003012,C00226,B011,2025-08-28 19:48:00,Cash Deposit,Branch,1275.94,GBP,L015,SG,Own Account,Purchase,2,TR,0,Verified
T0004601,C00269,B011,2025-08-28 19:50:00,Cash Withdrawal,ATM,3055.85,GBP,L009,CA,Own Account,Transfer,2,FR,1,Verified
T0001772,C00011,B005,2025-08-28 21:24:00,Card,Online,1931.52,GBP,L015,SG,Individual,Transfer,2,IE,0,Verified
T0001332,C00179,B006,2025-08-28 21:47:00,Card,Branch,656.82,GBP,L016,HK,Own Account,Cash,3,AU,0,Verified
T0002255,C00153,B010,2025-08-28 21:52:00,Card,ATM,1874.33,GBP,L010,AU,Own Account,Purchase,2,SG,0,Verified
T0003535,C00118,B010,2025-08-29 06:17:00,Card,Branch,824.46,GBP,L002,FR,Own Account,Purchase,1,PL,0,Verified
T0002557,C00104,B004,2025-08-29 06:30:00,Card,Online,2602.37,GBP,L005,IT,Own Account,Transfer,1,AE,0,Verified
T0005106,C00148,B008,2025-08-29 07:44:00,Card,Branch,799.72,GBP,L006,NL,Own Account,Transfer,1,NL,0,Verified
T0001767,C00074,B002,2025-08-29 08:15:00,Card,Online,678.77,GBP,L018,PL,Own Account,Salary,2,AE,0,Verified
T0000265,C00071,B008,2025-08-29 08:17:00,Card,Branch,396.6,GBP,L006,NL,Own Account,Invoice,1,US,1,Verified
T0000123,C00116,B006,2025-08-29 10:40:00,Transfer,ATM,396.86,GBP,L006,NL,Individual,Payment,1,AE,0,Verified
T0003030,C00249,B009,2025-08-29 11:34:00,International Transfer,Branch,149.68,GBP,L004,ES,Own Account,Salary,1,PL,1,Verified
T0001508,C00063,B002,2025-08-29 11:39:00,Card,Mobile,2407.26,GBP,L010,AU,Business,Payment,2,ES,0,Verified
T0004864,C00223,B004,2025-08-29 13:28:00,Transfer,Branch,2169.17,GBP,L001,GB,Own Account,Payment,1,PL,0,Verified
T0001393,C00293,B003,2025-08-29 16:10:00,Transfer,Branch,1929.88,GBP,L006,NL,Individual,Invoice,1,IT,0,Verified
T0000331,C00270,B003,2025-08-29 21:28:00,Transfer,Branch,445.07,GBP,L017,CH,Business,Cash,2,IN,0,Verified
T0005783,C00144,B012,2025-08-30 01:29:00,Cash Withdrawal,Online,721.29,GBP,L010,AU,Individual,Salary,2,ES,0,Verified
T0004678,C00293,B009,2025-08-30 02:20:00,Cash Deposit,Online,2443.58,GBP,L011,AE,Business,Purchase,4,IT,0,Verified
T0001034,C00278,B010,2025-08-30 04:15:00,International Transfer,Branch,792.93,GBP,L010,AU,Individual,Purchase,2,DE,0,Verified
T0002615,C00054,B009,2025-08-30 08:52:00,Card,ATM,267.36,GBP,L020,ZA,Own Account,Salary,3,BR,0,Verified
T0002431,C00293,B009,2025-08-30 11:10:00,Card,Online,798.79,GBP,L015,SG,Business,Transfer,2,IT,0,Verified
T0001347,C00257,B004,2025-08-30 11:23:00,Card,Online,205.58,GBP,L015,SG,Business,Salary,2,IT,0,Verified
T0000944,C00282,B005,2025-08-30 11:47:00,Card,ATM,1125.97,GBP,L020,ZA,Business,Payment,3,DE,0,Verified
T0001477,C00057,B004,2025-08-30 12:58:00,Card,Online,1092.64,GBP,L005,IT,Own Account,Purchase,1,DE,0,Review Required
T0005532,C00152,B001,2025-08-30 16:00:00,Transfer,ATM,689.04,GBP,L018,PL,Business,Transfer,2,ZA,0,Verified
T0001737,C00139,B012,2025-08-30 17:06:00,Transfer,Mobile,1618.9,GBP,L007,IE,Individual,Salary,1,IN,0,Verified
T0002651,C00006,B008,2025-08-30 17:56:00,Transfer,Online,1711.09,GBP,L009,CA,Individual,Purchase,2,FR,0,Review Required
T0003926,C00101,B006,2025-08-30 18:05:00,Card,ATM,1116.97,GBP,L015,SG,Individual,Invoice,2,PL,0,Verified
T0002992,C00029,B011,2025-08-30 19:52:00,Card,Online,240.81,GBP,L020,ZA,Individual,Cash,3,IN,0,Verified
T0005129,C00297,B009,2025-08-30 20:18:00,International Transfer,Branch,4614.43,GBP,L015,SG,Individual,Transfer,2,HK,0,Verified
T0001888,C00175,B005,2025-08-30 20:37:00,Transfer,Online,2353.43,GBP,L005,IT,Individual,Salary,1,AU,0,Verified
T0003241,C00011,B011,2025-08-30 20:55:00,Card,Branch,211.91,GBP,L004,ES,Individual,Invoice,1,IE,0,Verified
T0000041,C00040,B008,2025-08-30 23:05:00,Cash Withdrawal,Online,1265.25,GBP,L015,SG,Own Account,Purchase,2,FR,0,Verified
T0000425,C00089,B004,2025-08-30 23:13:00,International Transfer,Branch,349.38,GBP,L002,FR,Own Account,Cash,1,BR,0,Verified
T0003551,C00180,B011,2025-08-31 04:26:00,Card,Online,541.01,GBP,L007,IE,Own Account,Salary,1,HK,0,Verified
T0002243,C00129,B010,2025-08-31 04:35:00,Card,Mobile,1341.24,GBP,L011,AE,Individual,Cash,4,BR,0,Verified
T0002807,C00038,B005,2025-08-31 05:47:00,International Transfer,Online,622.17,GBP,L015,SG,Business,Payment,2,US,0,Verified
T0005909,C00044,B012,2025-08-31 05:49:00,International Transfer,ATM,690.24,GBP,L006,NL,Own Account,Transfer,1,PL,0,Review Required
T0002237,C00251,B009,2025-08-31 05:50:00,Transfer,Online,2271.41,GBP,L010,AU,Individual,Cash,2,ZA,0,Verified
T0001498,C00248,B005,2025-08-31 07:12:00,Transfer,Branch,427.35,GBP,L008,US,Business,Transfer,2,DE,0,Verified
T0000671,C00067,B002,2025-08-31 08:08:00,Transfer,Online,355.1,GBP,L017,CH,Own Account,Transfer,2,CA,0,Verified
T0005315,C00248,B003,2025-08-31 11:16:00,International Transfer,Online,1320.1,GBP,L005,IT,Business,Payment,1,DE,0,Verified
T0005025,C00209,B008,2025-08-31 12:01:00,Transfer,Mobile,1180.84,GBP,L018,PL,Individual,Payment,2,IT,0,Verified
T0005768,C00122,B006,2025-08-31 14:00:00,Card,Mobile,1729.43,GBP,L016,HK,Own Account,Purchase,3,NL,0,Review Required
T0004165,C00111,B005,2025-08-31 14:22:00,Card,Branch,808.21,GBP,L016,HK,Own Account,Invoice,3,BR,0,Verified
T0004500,C00290,B007,2025-08-31 14:25:00,International Transfer,ATM,509.93,GBP,L013,NG,Own Account,Payment,5,AE,0,Verified
T0005196,C00200,B005,2025-08-31 15:26:00,Cash Deposit,Branch,4018.94,GBP,L001,GB,Individual,Purchase,1,IN,0,Verified
T0004226,C00058,B002,2025-08-31 17:20:00,International Transfer,Branch,1499.33,GBP,L007,IE,Own Account,Purchase,1,DE,0,Verified
T0004545,C00076,B007,2025-08-31 18:53:00,Transfer,ATM,229.37,GBP,L013,NG,Individual,Salary,5,SG,0,Verified
T0000480,C00030,B011,2025-08-31 19:16:00,Card,Branch,1248.73,GBP,L003,DE,Individual,Cash,1,PL,0,Verified
T0004610,C00185,B002,2025-08-31 22:12:00,Transfer,ATM,225.53,GBP,L005,IT,Individual,Invoice,1,AE,0,Verified
T0005674,C00278,B006,2025-09-01 02:02:00,Card,Branch,2728.33,GBP,L006,NL,Individual,Invoice,1,DE,0,Verified
T0003672,C00135,B008,2025-09-01 07:26:00,International Transfer,Online,988.73,GBP,L007,IE,Individual,Salary,1,ZA,0,Verified
T0001999,C00053,B010,2025-09-01 08:09:00,Card,ATM,573.1,GBP,L012,TR,Own Account,Transfer,4,IN,0,Verified
T0000658,C00045,B006,2025-09-01 09:54:00,Card,ATM,920.03,GBP,L020,ZA,Business,Purchase,3,US,0,Verified
T0003201,C00263,B005,2025-09-01 10:18:00,International Transfer,Mobile,2500.77,GBP,L016,HK,Individual,Payment,3,CH,0,Verified
T0002835,C00285,B002,2025-09-01 10:48:00,Transfer,Branch,308.7,GBP,L018,PL,Business,Purchase,2,IN,0,Verified
T0004074,C00196,B004,2025-09-01 11:16:00,Cash Deposit,Branch,153.37,GBP,L015,SG,Individual,Invoice,2,AU,0,Verified
T0002116,C00261,B001,2025-09-01 13:45:00,Cash Withdrawal,Mobile,199.59,GBP,L020,ZA,Own Account,Invoice,3,ZA,0,Verified
T0003879,C00125,B009,2025-09-01 15:20:00,Cash Withdrawal,Mobile,1000.39,GBP,L018,PL,Individual,Purchase,2,US,0,Verified
T0003890,C00197,B010,2025-09-01 16:14:00,International Transfer,Branch,405.23,GBP,L005,IT,Own Account,Salary,1,AU,0,Verified
T0003252,C00140,B007,2025-09-01 16:22:00,Card,Mobile,2003.06,GBP,L017,CH,Own Account,Payment,2,PL,0,Verified
T0001005,C00179,B003,2025-09-01 16:31:00,Transfer,Branch,1317.48,GBP,L020,ZA,Own Account,Cash,3,AU,0,Verified
T0004924,C00297,B011,2025-09-01 17:21:00,Transfer,Mobile,299.61,GBP,L015,SG,Individual,Transfer,2,HK,0,Verified
T0001607,C00068,B005,2025-09-01 17:44:00,Card,Online,1570.75,GBP,L001,GB,Own Account,Purchase,1,PL,0,Verified
T0005885,C00284,B006,2025-09-01 17:52:00,Card,ATM,3201.67,GBP,L006,NL,Individual,Purchase,1,NG,0,Verified
T0003758,C00197,B010,2025-09-01 20:34:00,Card,Mobile,318.98,GBP,L001,GB,Individual,Cash,1,AU,0,Verified
T0004807,C00100,B007,2025-09-01 22:31:00,Transfer,Mobile,832.33,GBP,L014,BR,Business,Transfer,3,SG,0,Verified
T0000146,C00174,B002,2025-09-01 22:34:00,International Transfer,Branch,830.37,GBP,L013,NG,Business,Payment,5,SG,0,Verified
T0004534,C00229,B011,2025-09-01 22:47:00,Card,Mobile,189.11,GBP,L012,TR,Own Account,Invoice,4,IT,0,Verified
T0003157,C00071,B005,2025-09-02 02:48:00,International Transfer,Online,1120.23,GBP,L012,TR,Own Account,Transfer,4,US,1,Verified
T0002991,C00054,B003,2025-09-02 06:59:00,International Transfer,Branch,2351.3,GBP,L011,AE,Business,Salary,4,BR,0,Verified
T0000567,C00169,B005,2025-09-02 07:44:00,Transfer,Mobile,1391.4,GBP,L007,IE,Own Account,Payment,1,AE,0,Verified
T0002965,C00173,B010,2025-09-02 09:15:00,Cash Deposit,Mobile,976.1,GBP,L011,AE,Business,Purchase,4,FR,0,Verified
T0005728,C00024,B002,2025-09-02 10:10:00,Cash Withdrawal,Online,1315.85,GBP,L007,IE,Individual,Payment,1,NL,0,Verified
T0005801,C00042,B007,2025-09-02 14:28:00,Transfer,Branch,1008.92,GBP,L019,IN,Own Account,Cash,3,PL,0,Verified
T0004300,C00227,B006,2025-09-02 19:05:00,Card,Branch,372.73,GBP,L011,AE,Business,Salary,4,IE,0,Verified
T0005878,C00201,B012,2025-09-02 22:15:00,International Transfer,Branch,1031.34,GBP,L001,GB,Individual,Transfer,1,GB,0,Verified
T0002409,C00091,B012,2025-09-03 02:37:00,Transfer,Online,1300.3,GBP,L008,US,Business,Payment,2,NL,0,Verified
T0005285,C00047,B012,2025-09-03 02:46:00,Card,Mobile,2729.52,GBP,L007,IE,Business,Invoice,1,NG,0,Verified
T0002569,C00152,B007,2025-09-03 05:42:00,Card,ATM,751.22,GBP,L007,IE,Individual,Payment,1,ZA,0,Verified
T0005482,C00164,B005,2025-09-03 06:54:00,Transfer,Mobile,487.1,GBP,L006,NL,Own Account,Purchase,1,BR,0,Verified
T0000972,C00066,B005,2025-09-03 07:44:00,Transfer,ATM,2251.07,GBP,L017,CH,Individual,Salary,2,CA,0,Verified
T0001589,C00230,B004,2025-09-03 08:49:00,Transfer,Online,1934.36,GBP,L002,FR,Business,Purchase,1,PL,0,Verified
T0000073,C00063,B001,2025-09-03 09:02:00,Card,ATM,268.55,GBP,L008,US,Own Account,Transfer,2,ES,0,Verified
T0001033,C00133,B007,2025-09-03 09:27:00,Card,ATM,814.96,GBP,L016,HK,Individual,Cash,3,NG,0,Verified
T0004196,C00060,B010,2025-09-03 09:51:00,Card,Mobile,773.89,GBP,L014,BR,Own Account,Transfer,3,SG,0,Review Required
T0004456,C00127,B009,2025-09-03 10:08:00,Transfer,Branch,649.22,GBP,L009,CA,Business,Payment,2,TR,0,Verified
T0001084,C00156,B012,2025-09-03 11:42:00,Card,Branch,1017.11,GBP,L003,DE,Individual,Salary,1,DE,0,Verified
T0004839,C00225,B008,2025-09-03 11:53:00,Card,ATM,1871.32,GBP,L015,SG,Individual,Transfer,2,IE,0,Verified
T0000181,C00056,B008,2025-09-03 14:11:00,Card,ATM,2020.06,GBP,L004,ES,Own Account,Purchase,1,IT,0,Verified
T0000703,C00191,B011,2025-09-03 15:22:00,Cash Withdrawal,Online,460.36,GBP,L008,US,Business,Transfer,2,IT,1,Verified
T0001184,C00257,B002,2025-09-03 16:39:00,International Transfer,ATM,910.98,GBP,L016,HK,Individual,Invoice,3,IT,0,Verified
T0000759,C00211,B012,2025-09-03 20:30:00,International Transfer,Online,6741.53,GBP,L016,HK,Own Account,Cash,3,AE,1,Verified
T0003226,C00226,B008,2025-09-03 21:09:00,Card,Online,420.18,GBP,L002,FR,Own Account,Transfer,1,TR,0,Verified
T0005343,C00088,B005,2025-09-04 01:47:00,Cash Withdrawal,Mobile,4614.64,GBP,L006,NL,Individual,Cash,1,AU,0,Verified
T0000356,C00136,B002,2025-09-04 01:56:00,Card,Mobile,327.23,GBP,L014,BR,Own Account,Purchase,3,IE,0,Verified
T0004627,C00031,B001,2025-09-04 02:06:00,Card,Mobile,1217.57,GBP,L009,CA,Own Account,Transfer,2,NL,0,Review Required
T0002900,C00135,B001,2025-09-04 02:17:00,Transfer,Mobile,150.19,GBP,L004,ES,Individual,Transfer,1,ZA,0,Verified
T0004521,C00086,B004,2025-09-04 05:47:00,Cash Withdrawal,ATM,432.98,GBP,L013,NG,Business,Purchase,5,BR,0,Verified
T0000045,C00085,B004,2025-09-04 06:41:00,Card,Online,1184.51,GBP,L006,NL,Own Account,Transfer,1,ES,0,Verified
T0005451,C00009,B003,2025-09-04 07:42:00,International Transfer,Online,1092.33,GBP,L012,TR,Individual,Purchase,4,AU,0,Verified
T0004579,C00161,B002,2025-09-04 10:02:00,Card,Online,7420.15,GBP,L012,TR,Individual,Payment,4,NL,0,Verified
T0004702,C00151,B008,2025-09-04 10:03:00,Transfer,Branch,473.68,GBP,L012,TR,Own Account,Invoice,4,US,0,Verified
T0001383,C00259,B003,2025-09-04 10:43:00,Card,Mobile,1573.64,GBP,L012,TR,Individual,Cash,4,SG,0,Verified
T0004428,C00297,B010,2025-09-04 10:49:00,Card,Online,5779.61,GBP,L009,CA,Business,Transfer,2,HK,0,Verified
T0003993,C00189,B009,2025-09-04 11:02:00,Card,Mobile,160.98,GBP,L005,IT,Business,Cash,1,IN,0,Verified
T0004455,C00101,B011,2025-09-04 15:02:00,International Transfer,Mobile,364.44,GBP,L002,FR,Individual,Cash,1,PL,0,Verified
T0001103,C00057,B006,2025-09-04 16:59:00,Cash Deposit,ATM,3464.56,GBP,L011,AE,Business,Invoice,4,DE,0,Review Required
T0002932,C00065,B008,2025-09-04 18:30:00,Card,Online,227.64,GBP,L008,US,Own Account,Purchase,2,CA,0,Verified
T0005333,C00227,B002,2025-09-04 19:39:00,Card,Mobile,601.67,GBP,L020,ZA,Individual,Salary,3,IE,0,Verified
T0000927,C00143,B002,2025-09-04 20:36:00,Card,Mobile,709.96,GBP,L013,NG,Business,Invoice,5,HK,0,Verified
T0001271,C00277,B010,2025-09-04 21:43:00,Transfer,Branch,380.65,GBP,L011,AE,Individual,Salary,4,CA,0,Verified
T0003223,C00054,B008,2025-09-04 21:53:00,Transfer,Mobile,263.99,GBP,L003,DE,Own Account,Transfer,1,BR,0,Verified
T0004793,C00108,B004,2025-09-05 05:27:00,Card,Mobile,2988.17,GBP,L003,DE,Individual,Transfer,1,IN,0,Verified
T0004257,C00189,B012,2025-09-05 05:38:00,Card,Mobile,463.54,GBP,L009,CA,Individual,Transfer,2,IN,0,Verified
T0002265,C00016,B003,2025-09-05 06:59:00,Cash Withdrawal,ATM,2745.45,GBP,L002,FR,Individual,Cash,1,NG,0,Verified
T0000829,C00121,B005,2025-09-05 07:27:00,Transfer,Mobile,1497.43,GBP,L004,ES,Individual,Payment,1,IN,0,Verified
T0005538,C00107,B007,2025-09-05 08:54:00,Cash Withdrawal,Online,1094.79,GBP,L005,IT,Individual,Salary,1,BR,0,Verified
T0001547,C00003,B011,2025-09-05 09:38:00,Cash Withdrawal,Branch,733.74,GBP,L012,TR,Individual,Invoice,4,GB,0,Verified
T0000257,C00233,B009,2025-09-05 11:02:00,Card,ATM,663.13,GBP,L006,NL,Own Account,Cash,1,ES,0,Verified
T0003461,C00076,B004,2025-09-05 12:11:00,Card,ATM,348.72,GBP,L003,DE,Business,Salary,1,SG,0,Verified
T0004267,C00242,B003,2025-09-05 12:17:00,Transfer,Mobile,1478.49,GBP,L020,ZA,Own Account,Payment,3,AE,0,Verified
T0003974,C00166,B005,2025-09-05 12:19:00,Cash Deposit,Mobile,6039.55,GBP,L012,TR,Own Account,Transfer,4,CA,0,Verified
T0002907,C00122,B001,2025-09-05 12:22:00,Transfer,Mobile,1827.5,GBP,L018,PL,Business,Payment,2,NL,0,Review Required
T0004219,C00059,B004,2025-09-05 13:11:00,Card,Mobile,254.79,GBP,L012,TR,Own Account,Cash,4,TR,0,Verified
T0003426,C00028,B004,2025-09-05 13:45:00,Cash Deposit,Online,874.05,GBP,L013,NG,Own Account,Invoice,5,ES,0,Verified
T0004057,C00140,B002,2025-09-05 16:53:00,Card,Branch,347.24,GBP,L019,IN,Individual,Invoice,3,PL,0,Verified
T0002695,C00105,B008,2025-09-05 17:36:00,Card,Online,1379.32,GBP,L005,IT,Business,Invoice,1,US,0,Verified
T0004959,C00113,B006,2025-09-05 17:47:00,Transfer,ATM,3981.92,GBP,L009,CA,Business,Cash,2,PL,0,Verified
T0001314,C00085,B006,2025-09-05 20:15:00,Card,Branch,662.73,GBP,L009,CA,Own Account,Salary,2,ES,0,Verified
T0004012,C00234,B006,2025-09-05 21:31:00,Cash Deposit,Mobile,3272.16,GBP,L013,NG,Business,Transfer,5,US,0,Verified
T0001282,C00055,B012,2025-09-05 21:37:00,Cash Deposit,ATM,269.1,GBP,L004,ES,Own Account,Salary,1,CA,0,Verified
T0004629,C00121,B008,2025-09-05 21:46:00,Transfer,ATM,6061.33,GBP,L001,GB,Individual,Payment,1,IN,0,Verified
T0003359,C00025,B011,2025-09-05 22:00:00,Card,Branch,6919.18,GBP,L011,AE,Business,Purchase,4,CH,0,Verified
T0002530,C00121,B006,2025-09-06 00:55:00,Card,ATM,1365.88,GBP,L020,ZA,Individual,Salary,3,IN,0,Verified
T0000386,C00169,B003,2025-09-06 05:06:00,Transfer,Mobile,2420.23,GBP,L015,SG,Own Account,Invoice,2,AE,0,Verified
T0001169,C00199,B004,2025-09-06 07:15:00,Card,Mobile,254.66,GBP,L011,AE,Business,Cash,4,ZA,0,Verified
T0003340,C00206,B007,2025-09-06 08:00:00,Card,Online,1520.77,GBP,L009,CA,Individual,Purchase,2,NG,0,Verified
T0001673,C00161,B006,2025-09-06 08:03:00,Cash Deposit,Branch,2248.31,GBP,L020,ZA,Business,Transfer,3,NL,0,Verified
T0000131,C00185,B001,2025-09-06 08:28:00,Transfer,Mobile,1245.28,GBP,L019,IN,Own Account,Transfer,3,AE,0,Verified
T0001087,C00224,B011,2025-09-06 10:03:00,Card,ATM,1528.35,GBP,L016,HK,Individual,Salary,3,HK,0,Verified
T0003338,C00087,B009,2025-09-06 15:25:00,Card,Online,311.86,GBP,L020,ZA,Own Account,Cash,3,BR,0,Verified
T0004886,C00293,B009,2025-09-06 15:50:00,Card,ATM,1260.34,GBP,L002,FR,Individual,Payment,1,IT,0,Verified
T0002270,C00290,B006,2025-09-06 15:54:00,Card,Branch,2245.76,GBP,L014,BR,Own Account,Transfer,3,AE,0,Verified
T0002356,C00138,B006,2025-09-06 15:56:00,Card,Branch,3142.23,GBP,L019,IN,Individual,Payment,3,DE,0,Verified
T0003137,C00153,B010,2025-09-06 16:54:00,Transfer,Mobile,791.95,GBP,L001,GB,Business,Payment,1,SG,0,Verified
T0002394,C00065,B010,2025-09-06 19:59:00,Card,Branch,318.76,GBP,L005,IT,Business,Purchase,1,CA,0,Verified
T0003661,C00282,B011,2025-09-06 20:11:00,Cash Withdrawal,ATM,578.16,GBP,L014,BR,Business,Purchase,3,DE,0,Verified
T0002788,C00234,B006,2025-09-06 21:00:00,Cash Withdrawal,Online,294.56,GBP,L011,AE,Business,Payment,4,US,0,Verified
T0003078,C00101,B009,2025-09-07 02:51:00,International Transfer,ATM,1022.83,GBP,L006,NL,Individual,Invoice,1,PL,0,Verified
T0005470,C00099,B002,2025-09-07 03:10:00,Card,Online,470.01,GBP,L001,GB,Business,Salary,1,SG,0,Verified
T0000294,C00186,B009,2025-09-07 03:28:00,Transfer,ATM,280.12,GBP,L012,TR,Business,Invoice,4,AE,0,Verified
T0005957,C00279,B010,2025-09-07 03:56:00,International Transfer,ATM,1168.25,GBP,L002,FR,Business,Invoice,1,IN,0,Verified
T0002291,C00065,B001,2025-09-07 07:53:00,Card,Mobile,442.65,GBP,L015,SG,Own Account,Transfer,2,CA,0,Verified
T0004757,C00037,B009,2025-09-07 10:43:00,Card,Branch,505.88,GBP,L005,IT,Individual,Transfer,1,HK,0,Verified
T0002620,C00180,B004,2025-09-07 10:57:00,Card,Online,391.15,GBP,L016,HK,Individual,Invoice,3,HK,0,Verified
T0001198,C00015,B003,2025-09-07 13:20:00,International Transfer,Online,2006.63,GBP,L001,GB,Business,Transfer,1,IN,0,Verified
T0005695,C00003,B003,2025-09-07 15:02:00,Card,Branch,2253.5,GBP,L004,ES,Business,Payment,1,GB,0,Verified
T0002475,C00057,B004,2025-09-07 15:41:00,Card,Branch,920.42,GBP,L015,SG,Own Account,Purchase,2,DE,0,Review Required
T0005557,C00169,B011,2025-09-07 16:52:00,Transfer,Online,5003.82,GBP,L005,IT,Individual,Purchase,1,AE,0,Verified
T0003047,C00014,B011,2025-09-07 18:00:00,International Transfer,Branch,3102.77,GBP,L001,GB,Own Account,Payment,1,FR,0,Verified
T0001603,C00224,B005,2025-09-07 19:25:00,Card,Online,131.59,GBP,L019,IN,Business,Cash,3,HK,0,Verified
T0001539,C00264,B001,2025-09-08 01:42:00,Card,ATM,1412.51,GBP,L003,DE,Own Account,Salary,1,IN,1,Verified
T0001240,C00103,B005,2025-09-08 01:50:00,Card,Online,615.96,GBP,L018,PL,Business,Salary,2,US,0,Verified
T0002297,C00006,B011,2025-09-08 02:22:00,Card,Online,556.8,GBP,L004,ES,Own Account,Transfer,1,FR,0,Review Required
T0004175,C00294,B006,2025-09-08 03:57:00,Card,Online,591.68,GBP,L004,ES,Individual,Transfer,1,DE,0,Verified
T0000049,C00156,B005,2025-09-08 04:20:00,Card,ATM,1414.68,GBP,L009,CA,Business,Transfer,2,DE,0,Verified
T0002334,C00288,B005,2025-09-08 06:19:00,Card,Branch,1590.83,GBP,L019,IN,Business,Salary,3,FR,0,Verified
T0001989,C00217,B012,2025-09-08 07:08:00,International Transfer,Branch,565.68,GBP,L012,TR,Business,Salary,4,ES,0,Verified
T0005858,C00245,B003,2025-09-08 07:54:00,Card,Online,222.04,GBP,L001,GB,Own Account,Invoice,1,US,0,Verified
T0000288,C00207,B004,2025-09-08 09:47:00,Card,Mobile,376.85,GBP,L020,ZA,Business,Purchase,3,HK,0,Verified
T0000069,C00074,B007,2025-09-08 10:47:00,Card,Branch,1027.23,GBP,L006,NL,Individual,Salary,1,AE,0,Verified
T0000950,C00105,B008,2025-09-08 13:21:00,Card,Mobile,374.27,GBP,L014,BR,Business,Cash,3,US,0,Verified
T0004242,C00166,B010,2025-09-08 15:06:00,Card,Mobile,214.35,GBP,L018,PL,Business,Payment,2,CA,0,Verified
T0003300,C00032,B012,2025-09-08 16:20:00,Card,Mobile,440.74,GBP,L004,ES,Individual,Transfer,1,PL,0,Verified
T0002546,C00181,B002,2025-09-08 17:50:00,Card,Online,704.95,GBP,L004,ES,Business,Cash,1,ZA,0,Verified
T0001709,C00172,B008,2025-09-08 18:11:00,Transfer,Online,179.02,GBP,L002,FR,Own Account,Salary,1,NG,0,Verified
T0000362,C00082,B002,2025-09-08 22:47:00,Transfer,ATM,1414.58,GBP,L004,ES,Business,Payment,1,CH,0,Verified
T0002278,C00010,B010,2025-09-09 00:54:00,Transfer,Branch,1201.13,GBP,L003,DE,Own Account,Cash,1,SG,0,Verified
T0001340,C00188,B010,2025-09-09 03:53:00,Transfer,Mobile,688.14,GBP,L002,FR,Business,Cash,1,IT,0,Verified
T0000948,C00280,B006,2025-09-09 04:01:00,Card,ATM,714.3,GBP,L005,IT,Business,Cash,1,AE,0,Verified
T0003629,C00146,B002,2025-09-09 05:28:00,Transfer,ATM,540.44,GBP,L004,ES,Own Account,Cash,1,FR,0,Verified
T0000675,C00275,B010,2025-09-09 07:12:00,Card,Branch,360.25,GBP,L011,AE,Business,Transfer,4,NL,0,Verified
T0000290,C00226,B003,2025-09-09 10:46:00,Card,Online,443.79,GBP,L010,AU,Own Account,Transfer,2,TR,0,Verified
T0005250,C00169,B006,2025-09-09 11:55:00,Transfer,Branch,1261.05,GBP,L007,IE,Own Account,Payment,1,AE,0,Verified
T0002210,C00173,B006,2025-09-09 15:27:00,Card,Online,225.5,GBP,L018,PL,Own Account,Salary,2,FR,0,Verified
T0003025,C00094,B005,2025-09-09 18:41:00,Cash Withdrawal,ATM,652.27,GBP,L017,CH,Individual,Transfer,2,ZA,0,Verified
T0005862,C00011,B002,2025-09-09 21:22:00,Card,ATM,486.45,GBP,L018,PL,Own Account,Transfer,2,IE,0,Verified
T0001095,C00167,B005,2025-09-09 21:23:00,International Transfer,Online,281.41,GBP,L006,NL,Business,Payment,1,SG,0,Verified
T0004732,C00151,B006,2025-09-09 22:04:00,International Transfer,Mobile,659.75,GBP,L011,AE,Own Account,Payment,4,US,0,Verified
T0002184,C00057,B002,2025-09-09 23:05:00,Card,ATM,1712.41,GBP,L005,IT,Business,Purchase,1,DE,0,Review Required
T0005165,C00023,B001,2025-09-09 23:37:00,Card,ATM,433.66,GBP,L001,GB,Own Account,Cash,1,PL,0,Verified
T0000237,C00158,B008,2025-09-09 23:55:00,Transfer,Mobile,1264.09,GBP,L015,SG,Individual,Cash,2,SG,0,Verified
T0005692,C00153,B001,2025-09-10 02:11:00,Card,Online,811.33,GBP,L005,IT,Business,Salary,1,SG,0,Verified
T0001297,C00264,B006,2025-09-10 03:22:00,Card,Branch,1101.79,GBP,L009,CA,Own Account,Transfer,2,IN,1,Verified
T0002351,C00289,B011,2025-09-10 03:47:00,Card,ATM,214.36,GBP,L012,TR,Business,Cash,4,ZA,0,Verified
T0001727,C00058,B011,2025-09-10 07:33:00,Transfer,Mobile,308.2,GBP,L004,ES,Own Account,Payment,1,DE,0,Verified
T0004118,C00191,B008,2025-09-10 08:48:00,Cash Deposit,ATM,674.81,GBP,L001,GB,Business,Cash,1,IT,1,Verified
T0002074,C00198,B005,2025-09-10 11:27:00,Transfer,Branch,996.96,GBP,L011,AE,Own Account,Payment,4,BR,0,Verified
T0000492,C00167,B008,2025-09-10 11:43:00,Cash Deposit,Mobile,1632.58,GBP,L012,TR,Individual,Salary,4,SG,0,Verified
T0005244,C00206,B012,2025-09-10 12:29:00,Cash Deposit,Online,1222.19,GBP,L009,CA,Business,Salary,2,NG,0,Verified
T0000732,C00129,B003,2025-09-10 15:12:00,Card,Mobile,419.81,GBP,L019,IN,Own Account,Invoice,3,BR,0,Verified
T0003520,C00133,B006,2025-09-10 18:52:00,Transfer,ATM,658.01,GBP,L004,ES,Own Account,Invoice,1,NG,0,Verified
T0003015,C00005,B003,2025-09-10 21:01:00,Transfer,Mobile,175.7,GBP,L010,AU,Business,Payment,2,ES,0,Verified
T0003208,C00174,B012,2025-09-10 21:38:00,Card,ATM,204.31,GBP,L010,AU,Own Account,Cash,2,SG,0,Verified
T0002961,C00053,B004,2025-09-10 23:24:00,Cash Withdrawal,ATM,4653.77,GBP,L008,US,Individual,Cash,2,IN,0,Verified
T0003904,C00070,B010,2025-09-11 01:01:00,Transfer,Mobile,341.81,GBP,L006,NL,Own Account,Payment,1,AU,0,Verified
T0005958,C00059,B009,2025-09-11 01:59:00,Transfer,ATM,1812.68,GBP,L004,ES,Individual,Cash,1,TR,0,Verified
T0004148,C00017,B002,2025-09-11 02:18:00,Card,Branch,2379.78,GBP,L010,AU,Own Account,Cash,2,US,0,Verified
T0004261,C00232,B005,2025-09-11 03:44:00,Card,Branch,355.51,GBP,L003,DE,Own Account,Cash,1,IT,0,Verified
T0001453,C00076,B012,2025-09-11 05:14:00,International Transfer,Online,954.25,GBP,L007,IE,Individual,Payment,1,SG,0,Verified
T0003491,C00008,B010,2025-09-11 10:26:00,Card,Branch,8429.67,GBP,L004,ES,Own Account,Cash,1,TR,0,Verified
T0002186,C00034,B010,2025-09-11 11:32:00,Transfer,Branch,589.15,GBP,L002,FR,Business,Purchase,1,US,0,Verified
T0002713,C00105,B002,2025-09-11 11:45:00,Card,Online,2591.91,GBP,L018,PL,Business,Purchase,2,US,0,Verified
T0004928,C00234,B006,2025-09-11 12:16:00,Card,Branch,1196.11,GBP,L010,AU,Own Account,Purchase,2,US,0,Verified
T0002236,C00136,B007,2025-09-11 12:51:00,Cash Deposit,Mobile,1070.74,GBP,L018,PL,Individual,Payment,2,IE,0,Verified
T0001839,C00128,B006,2025-09-11 14:19:00,Card,Online,6575.36,GBP,L005,IT,Business,Salary,1,HK,0,Verified
T0005486,C00033,B001,2025-09-11 16:27:00,Transfer,ATM,2481.56,GBP,L005,IT,Business,Salary,1,TR,0,Verified
T0004457,C00222,B012,2025-09-11 18:35:00,Cash Deposit,ATM,1250.17,GBP,L005,IT,Own Account,Payment,1,US,0,Verified
T0003912,C00175,B011,2025-09-11 21:29:00,Card,Branch,703.07,GBP,L017,CH,Own Account,Purchase,2,AU,0,Verified
T0001389,C00231,B012,2025-09-12 02:15:00,Transfer,ATM,895.57,GBP,L002,FR,Individual,Invoice,1,IT,0,Verified
T0003163,C00299,B003,2025-09-12 02:32:00,Transfer,Mobile,781.93,GBP,L013,NG,Own Account,Transfer,5,AE,0,Verified
T0000482,C00105,B007,2025-09-12 02:57:00,Cash Deposit,Mobile,3184.03,GBP,L006,NL,Own Account,Salary,1,US,0,Verified
T0005493,C00150,B010,2025-09-12 05:07:00,Card,Branch,2154.55,GBP,L013,NG,Individual,Transfer,5,FR,0,Verified
T0003148,C00186,B012,2025-09-12 07:36:00,Transfer,Mobile,475.1,GBP,L011,AE,Own Account,Payment,4,AE,0,Verified
T0002275,C00059,B008,2025-09-12 08:35:00,Cash Withdrawal,Online,167.84,GBP,L017,CH,Individual,Purchase,2,TR,0,Verified
T0003110,C00267,B010,2025-09-12 09:07:00,Card,Online,501.13,GBP,L008,US,Own Account,Cash,2,HK,0,Verified
T0003321,C00289,B004,2025-09-12 09:34:00,Transfer,Mobile,1510.93,GBP,L014,BR,Individual,Payment,3,ZA,0,Verified
T0001462,C00249,B003,2025-09-12 09:52:00,Card,ATM,401.63,GBP,L006,NL,Business,Transfer,1,PL,1,Verified
T0002305,C00161,B006,2025-09-12 11:15:00,Card,Branch,66.89,GBP,L019,IN,Own Account,Transfer,3,NL,0,Verified
T0004696,C00160,B001,2025-09-12 13:04:00,Card,Mobile,325.31,GBP,L002,FR,Own Account,Invoice,1,US,0,Verified
T0000747,C00013,B002,2025-09-12 16:56:00,Transfer,Mobile,2567.05,GBP,L018,PL,Business,Salary,2,PL,0,Verified
T0002220,C00174,B005,2025-09-12 19:59:00,International Transfer,Online,856.93,GBP,L003,DE,Own Account,Payment,1,SG,0,Verified
T0004822,C00216,B002,2025-09-12 20:41:00,Transfer,Online,155.51,GBP,L007,IE,Own Account,Cash,1,PL,0,Verified
T0000836,C00264,B002,2025-09-13 05:52:00,Transfer,Mobile,1168.52,GBP,L007,IE,Individual,Transfer,1,IN,1,Verified
T0001826,C00257,B003,2025-09-13 06:28:00,Card,Branch,88.4,GBP,L012,TR,Individual,Transfer,4,IT,0,Verified
T0004406,C00021,B008,2025-09-13 06:48:00,Card,Mobile,3150.65,GBP,L017,CH,Own Account,Cash,2,NG,0,Verified
T0005318,C00217,B005,2025-09-13 07:32:00,Cash Deposit,Online,309.17,GBP,L009,CA,Own Account,Transfer,2,ES,0,Verified
T0002905,C00039,B006,2025-09-13 09:23:00,Card,Branch,547.42,GBP,L016,HK,Business,Purchase,3,BR,0,Verified
T0002185,C00232,B009,2025-09-13 10:01:00,Card,Online,1524.3,GBP,L008,US,Own Account,Invoice,2,IT,0,Verified
T0003743,C00276,B010,2025-09-13 12:13:00,Cash Deposit,Branch,696.71,GBP,L019,IN,Business,Cash,3,TR,0,Verified
T0003741,C00263,B008,2025-09-13 17:25:00,Card,Online,852.25,GBP,L013,NG,Business,Transfer,5,CH,0,Verified
T0002943,C00266,B009,2025-09-13 17:41:00,International Transfer,Online,533.82,GBP,L017,CH,Business,Payment,2,IT,0,Verified
T0004714,C00201,B004,2025-09-13 18:11:00,Transfer,Branch,558.38,GBP,L009,CA,Business,Cash,2,GB,0,Verified
T0005896,C00208,B003,2025-09-13 23:31:00,Card,Branch,2098.61,GBP,L007,IE,Own Account,Cash,1,TR,0,Verified
T0004683,C00170,B009,2025-09-14 00:03:00,Card,Branch,864.32,GBP,L015,SG,Business,Cash,2,HK,0,Verified
T0005442,C00271,B001,2025-09-14 00:15:00,Transfer,Mobile,371.12,GBP,L001,GB,Own Account,Payment,1,NG,0,Verified
T0003631,C00115,B010,2025-09-14 00:20:00,International Transfer,Branch,3135.3,GBP,L020,ZA,Own Account,Transfer,3,NL,0,Verified
T0001336,C00109,B009,2025-09-14 00:43:00,Card,Mobile,1298.55,GBP,L015,SG,Own Account,Payment,2,NG,0,Verified
T0005940,C00034,B010,2025-09-14 01:04:00,Transfer,ATM,805.51,GBP,L009,CA,Individual,Invoice,2,US,0,Verified
T0001109,C00300,B006,2025-09-14 01:22:00,Card,Mobile,388.28,GBP,L010,AU,Own Account,Transfer,2,IT,0,Verified
T0005776,C00007,B005,2025-09-14 03:20:00,Card,Branch,341.01,GBP,L011,AE,Business,Invoice,4,NG,0,Verified
T0003002,C00214,B007,2025-09-14 03:46:00,Cash Withdrawal,Online,516.54,GBP,L005,IT,Business,Transfer,1,AU,0,Verified
T0005205,C00089,B009,2025-09-14 04:41:00,Card,Online,2429.63,GBP,L016,HK,Individual,Cash,3,BR,0,Verified
T0002459,C00269,B001,2025-09-14 05:22:00,Card,Branch,690.17,GBP,L004,ES,Business,Transfer,1,FR,1,Verified
T0001655,C00261,B003,2025-09-14 06:36:00,International Transfer,Mobile,493.51,GBP,L006,NL,Own Account,Salary,1,ZA,0,Verified
T0005755,C00097,B003,2025-09-14 06:46:00,Cash Withdrawal,ATM,209.82,GBP,L012,TR,Own Account,Cash,4,US,0,Verified
T0003693,C00266,B003,2025-09-14 09:00:00,Card,ATM,858.37,GBP,L016,HK,Business,Salary,3,IT,0,Verified
T0003360,C00226,B003,2025-09-14 09:27:00,International Transfer,Mobile,1468.03,GBP,L014,BR,Own Account,Invoice,3,TR,0,Verified
T0001984,C00105,B001,2025-09-14 09:41:00,Transfer,Mobile,615.86,GBP,L014,BR,Own Account,Invoice,3,US,0,Verified
T0003753,C00217,B011,2025-09-14 10:35:00,Card,Mobile,944.56,GBP,L003,DE,Individual,Purchase,1,ES,0,Verified
T0004151,C00074,B009,2025-09-14 14:47:00,Card,Mobile,4469.45,GBP,L014,BR,Business,Invoice,3,AE,0,Verified
T0004049,C00125,B006,2025-09-14 14:57:00,Transfer,Branch,967.11,GBP,L009,CA,Business,Purchase,2,US,0,Verified
T0001368,C00246,B007,2025-09-14 17:21:00,Card,ATM,421.39,GBP,L006,NL,Individual,Salary,1,ES,0,Verified
T0002542,C00049,B004,2025-09-14 18:31:00,Transfer,Online,1856.29,GBP,L004,ES,Individual,Payment,1,IE,0,Verified
T0001687,C00047,B006,2025-09-14 19:56:00,Card,Mobile,3263.41,GBP,L017,CH,Business,Payment,2,NG,0,Verified
T0000453,C00270,B005,2025-09-14 21:05:00,International Transfer,Online,322.33,GBP,L015,SG,Own Account,Cash,2,IN,0,Verified
T0001208,C00092,B002,2025-09-14 22:05:00,Card,ATM,610.67,GBP,L018,PL,Business,Salary,2,ZA,0,Verified
T0002635,C00011,B004,2025-09-14 22:21:00,Transfer,Mobile,3683.95,GBP,L016,HK,Individual,Invoice,3,IE,0,Verified
T0001630,C00171,B002,2025-09-15 00:11:00,Cash Withdrawal,Branch,1012.63,GBP,L010,AU,Individual,Salary,2,DE,0,Review Required
T0002762,C00228,B012,2025-09-15 02:50:00,International Transfer,Mobile,2168.72,GBP,L019,IN,Business,Salary,3,ZA,0,Verified
T0001170,C00045,B009,2025-09-15 04:30:00,Transfer,Branch,289.06,GBP,L012,TR,Individual,Payment,4,US,0,Verified
T0002643,C00122,B010,2025-09-15 05:29:00,Cash Withdrawal,ATM,677.51,GBP,L009,CA,Business,Payment,2,NL,0,Review Required
T0000166,C00065,B012,2025-09-15 06:23:00,Card,Branch,41.88,GBP,L009,CA,Individual,Payment,2,CA,0,Verified
T0003493,C00188,B005,2025-09-15 07:16:00,Cash Withdrawal,Online,321.95,GBP,L003,DE,Business,Purchase,1,IT,0,Verified
T0001199,C00149,B002,2025-09-15 08:19:00,Transfer,ATM,1205.97,GBP,L008,US,Own Account,Payment,2,DE,0,Verified
T0004021,C00166,B012,2025-09-15 08:54:00,Cash Deposit,ATM,1138.35,GBP,L005,IT,Own Account,Invoice,1,CA,0,Verified
T0003349,C00266,B008,2025-09-15 09:56:00,Card,Branch,140.18,GBP,L009,CA,Own Account,Purchase,2,IT,0,Verified
T0000434,C00258,B004,2025-09-15 10:11:00,Card,Online,1448.6,GBP,L010,AU,Own Account,Salary,2,GB,0,Verified
T0001706,C00055,B002,2025-09-15 10:18:00,Cash Withdrawal,Branch,657.8,GBP,L017,CH,Own Account,Salary,2,CA,0,Verified
T0003094,C00202,B003,2025-09-15 14:54:00,Card,ATM,2568.49,GBP,L017,CH,Individual,Cash,2,NL,0,Verified
T0003705,C00118,B007,2025-09-15 16:30:00,International Transfer,Branch,1961.02,GBP,L015,SG,Own Account,Payment,2,PL,0,Verified
T0000722,C00286,B003,2025-09-15 17:52:00,Cash Withdrawal,Branch,351.51,GBP,L004,ES,Own Account,Payment,1,IT,0,Verified
T0003517,C00034,B012,2025-09-15 18:35:00,Card,Branch,1504.34,GBP,L015,SG,Individual,Salary,2,US,0,Verified
T0001567,C00109,B005,2025-09-15 21:54:00,Transfer,ATM,1664.96,GBP,L006,NL,Business,Transfer,1,NG,0,Verified
T0003153,C00119,B010,2025-09-15 23:52:00,Card,Online,123.49,GBP,L013,NG,Individual,Salary,5,FR,0,Verified
T0004562,C00054,B011,2025-09-16 00:10:00,International Transfer,ATM,2740.67,GBP,L013,NG,Individual,Salary,5,BR,0,Verified
T0005340,C00249,B005,2025-09-16 00:26:00,Transfer,Mobile,1137.77,GBP,L019,IN,Business,Transfer,3,PL,1,Verified
T0002149,C00251,B006,2025-09-16 02:40:00,Transfer,Online,887.73,GBP,L005,IT,Own Account,Cash,1,ZA,0,Verified
T0004612,C00093,B012,2025-09-16 02:43:00,Transfer,ATM,566.54,GBP,L004,ES,Individual,Purchase,1,IE,0,Review Required
T0001096,C00010,B006,2025-09-16 03:51:00,Transfer,Mobile,1050.45,GBP,L015,SG,Business,Cash,2,SG,0,Verified
T0002633,C00008,B002,2025-09-16 04:32:00,Transfer,ATM,1677.4,GBP,L010,AU,Individual,Invoice,2,TR,0,Verified
T0002685,C00014,B011,2025-09-16 05:48:00,Card,Online,751.27,GBP,L003,DE,Business,Payment,1,FR,0,Verified
T0005574,C00083,B009,2025-09-16 05:49:00,Transfer,Branch,1299.25,GBP,L012,TR,Own Account,Transfer,4,BR,0,Verified
T0001743,C00219,B001,2025-09-16 07:57:00,International Transfer,Online,796.53,GBP,L015,SG,Individual,Salary,2,PL,0,Verified
T0004485,C00015,B009,2025-09-16 12:48:00,International Transfer,Online,701.43,GBP,L010,AU,Business,Purchase,2,IN,0,Verified
T0004065,C00118,B007,2025-09-16 13:02:00,Card,ATM,608.99,GBP,L018,PL,Own Account,Payment,2,PL,0,Verified
T0005733,C00236,B001,2025-09-16 13:57:00,International Transfer,Branch,414.8,GBP,L015,SG,Business,Invoice,2,HK,0,Verified
T0005604,C00025,B011,2025-09-16 17:25:00,Cash Withdrawal,ATM,941.87,GBP,L015,SG,Business,Invoice,2,CH,0,Verified
T0004308,C00018,B006,2025-09-16 19:24:00,Transfer,Branch,214.8,GBP,L016,HK,Individual,Purchase,3,BR,0,Verified
T0005469,C00087,B004,2025-09-16 19:35:00,Cash Withdrawal,Mobile,2965.86,GBP,L012,TR,Business,Invoice,4,BR,0,Verified
T0002410,C00101,B011,2025-09-16 20:23:00,Transfer,Mobile,234.49,GBP,L013,NG,Business,Payment,5,PL,0,Verified
T0005445,C00220,B010,2025-09-17 00:43:00,Card,ATM,1623.54,GBP,L019,IN,Own Account,Purchase,3,SG,0,Verified
T0005664,C00261,B008,2025-09-17 02:01:00,Transfer,Branch,2427.87,GBP,L011,AE,Individual,Salary,4,ZA,0,Verified
T0005155,C00296,B006,2025-09-17 03:22:00,Card,Mobile,4566.55,GBP,L006,NL,Own Account,Transfer,1,TR,0,Verified
T0001258,C00184,B010,2025-09-17 04:51:00,Transfer,ATM,256.73,GBP,L002,FR,Individual,Payment,1,HK,0,Verified
T0005390,C00269,B005,2025-09-17 06:03:00,Transfer,Mobile,1316.49,GBP,L002,FR,Individual,Transfer,1,FR,1,Verified
T0003240,C00170,B001,2025-09-17 08:22:00,Card,Branch,1175.59,GBP,L004,ES,Individual,Salary,1,HK,0,Verified
T0005308,C00052,B006,2025-09-17 11:17:00,International Transfer,ATM,2051.38,GBP,L019,IN,Business,Payment,3,DE,0,Verified
T0003601,C00203,B009,2025-09-17 11:19:00,International Transfer,ATM,941.52,GBP,L013,NG,Individual,Transfer,5,BR,0,Verified
T0005882,C00142,B007,2025-09-17 12:18:00,Transfer,Branch,1405.89,GBP,L010,AU,Individual,Purchase,2,PL,0,Verified
T0003986,C00061,B005,2025-09-17 17:18:00,Transfer,Online,293.81,GBP,L002,FR,Own Account,Invoice,1,CH,0,Verified
T0000337,C00157,B010,2025-09-17 18:32:00,Cash Deposit,ATM,2492.33,GBP,L005,IT,Own Account,Cash,1,HK,0,Verified
T0001316,C00152,B008,2025-09-17 21:34:00,Card,ATM,589.59,GBP,L018,PL,Own Account,Cash,2,ZA,0,Verified
T0001178,C00138,B011,2025-09-18 00:20:00,Transfer,Mobile,517.59,GBP,L013,NG,Own Account,Transfer,5,DE,0,Verified
T0003815,C00251,B007,2025-09-18 00:53:00,Card,Online,266.8,GBP,L014,BR,Own Account,Payment,3,ZA,0,Verified
T0000965,C00142,B004,2025-09-18 01:06:00,Card,Mobile,396.22,GBP,L006,NL,Own Account,Invoice,1,PL,0,Verified
T0005734,C00278,B001,2025-09-18 02:21:00,Transfer,ATM,1048.18,GBP,L006,NL,Individual,Cash,1,DE,0,Verified
T0004330,C00135,B008,2025-09-18 05:43:00,Card,Online,143.79,GBP,L016,HK,Business,Cash,3,ZA,0,Verified
T0004652,C00193,B010,2025-09-18 08:28:00,International Transfer,ATM,448.37,GBP,L018,PL,Business,Invoice,2,AE,0,Verified
T0003885,C00168,B002,2025-09-18 08:44:00,Card,Mobile,320.67,GBP,L015,SG,Own Account,Purchase,2,HK,0,Verified
T0001766,C00196,B010,2025-09-18 09:41:00,Card,Online,3345.92,GBP,L003,DE,Own Account,Transfer,1,AU,0,Verified
T0000619,C00065,B010,2025-09-18 10:00:00,Cash Deposit,ATM,459.71,GBP,L014,BR,Individual,Cash,3,CA,0,Verified
T0000900,C00242,B007,2025-09-18 10:39:00,International Transfer,Mobile,680.69,GBP,L011,AE,Own Account,Transfer,4,AE,0,Verified
T0000394,C00046,B009,2025-09-18 11:01:00,Transfer,Online,186.03,GBP,L009,CA,Business,Salary,2,NG,1,Verified
T0005148,C00144,B001,2025-09-18 11:26:00,Card,ATM,2007.16,GBP,L015,SG,Own Account,Transfer,2,ES,0,Verified
T0000566,C00280,B011,2025-09-18 15:42:00,Transfer,Online,1050.11,GBP,L012,TR,Individual,Purchase,4,AE,0,Verified
T0001076,C00213,B004,2025-09-18 16:43:00,Card,Online,513.0,GBP,L020,ZA,Business,Purchase,3,CA,0,Review Required
T0002814,C00207,B005,2025-09-18 18:38:00,Card,ATM,192.98,GBP,L017,CH,Business,Cash,2,HK,0,Verified
T0002201,C00295,B007,2025-09-18 18:58:00,International Transfer,Online,388.72,GBP,L019,IN,Own Account,Salary,3,CH,0,Verified
T0003734,C00099,B006,2025-09-18 20:06:00,Cash Deposit,ATM,636.76,GBP,L007,IE,Own Account,Cash,1,SG,0,Verified
T0003108,C00175,B005,2025-09-18 20:56:00,Card,Mobile,789.7,GBP,L005,IT,Own Account,Cash,1,AU,0,Verified
T0005792,C00116,B002,2025-09-18 21:55:00,Card,ATM,2726.52,GBP,L014,BR,Business,Payment,3,AE,0,Verified
T0002785,C00002,B008,2025-09-18 22:58:00,Card,ATM,2311.55,GBP,L017,CH,Own Account,Transfer,2,PL,0,Verified
T0002806,C00213,B004,2025-09-18 23:26:00,Card,Branch,216.83,GBP,L013,NG,Business,Invoice,5,CA,0,Review Required
T0005403,C00042,B003,2025-09-18 23:42:00,Card,Online,3825.33,GBP,L008,US,Business,Cash,2,PL,0,Verified
T0002288,C00099,B012,2025-09-19 04:53:00,Card,Online,793.17,GBP,L018,PL,Individual,Transfer,2,SG,0,Verified
T0003187,C00101,B012,2025-09-19 05:50:00,Card,Branch,1717.25,GBP,L011,AE,Own Account,Transfer,4,PL,0,Verified
T0004773,C00139,B009,2025-09-19 06:14:00,Transfer,Online,1156.0,GBP,L006,NL,Business,Salary,1,IN,0,Verified
T0001140,C00143,B010,2025-09-19 06:26:00,Card,Mobile,514.79,GBP,L012,TR,Own Account,Purchase,4,HK,0,Verified
T0003765,C00137,B012,2025-09-19 07:03:00,Card,Online,261.61,GBP,L018,PL,Business,Invoice,2,US,0,Verified
T0000923,C00202,B010,2025-09-19 10:29:00,Card,ATM,336.18,GBP,L009,CA,Business,Transfer,2,NL,0,Verified
T0004669,C00254,B003,2025-09-19 11:20:00,Card,Online,145.85,GBP,L001,GB,Individual,Transfer,1,BR,0,Verified
T0000388,C00121,B005,2025-09-19 14:44:00,Transfer,Branch,381.31,GBP,L007,IE,Own Account,Transfer,1,IN,0,Verified
T0005835,C00049,B010,2025-09-19 15:30:00,Card,ATM,2036.76,GBP,L014,BR,Individual,Invoice,3,IE,0,Verified
T0001860,C00268,B003,2025-09-19 16:08:00,Transfer,ATM,1744.88,GBP,L005,IT,Business,Transfer,1,US,0,Verified
T0004663,C00115,B004,2025-09-19 18:38:00,Transfer,Online,647.34,GBP,L018,PL,Own Account,Salary,2,NL,0,Verified
T0003713,C00117,B007,2025-09-19 19:45:00,International Transfer,Online,1605.74,GBP,L002,FR,Own Account,Payment,1,BR,0,Verified
T0000701,C00070,B002,2025-09-19 21:58:00,Card,Online,415.52,GBP,L020,ZA,Business,Purchase,3,AU,0,Verified
T0002975,C00062,B008,2025-09-20 00:46:00,International Transfer,Mobile,2539.47,GBP,L011,AE,Business,Purchase,4,ES,0,Verified
T0001018,C00005,B009,2025-09-20 03:46:00,Cash Deposit,ATM,11090.79,GBP,L002,FR,Own Account,Payment,1,ES,0,Verified
T0005370,C00250,B001,2025-09-20 06:30:00,Transfer,ATM,3113.21,GBP,L008,US,Own Account,Invoice,2,ES,0,Review Required
T0004917,C00149,B008,2025-09-20 07:15:00,Transfer,Branch,289.42,GBP,L005,IT,Individual,Payment,1,DE,0,Verified
T0004260,C00052,B004,2025-09-20 09:39:00,Cash Withdrawal,ATM,348.64,GBP,L013,NG,Individual,Purchase,5,DE,0,Verified
T0003591,C00008,B011,2025-09-20 11:22:00,Card,Online,5881.69,GBP,L001,GB,Individual,Salary,1,TR,0,Verified
T0003327,C00102,B011,2025-09-20 13:55:00,Card,Online,1037.09,GBP,L006,NL,Individual,Salary,1,US,0,Verified
T0000037,C00269,B007,2025-09-20 17:17:00,Card,Branch,965.33,GBP,L003,DE,Individual,Salary,1,FR,1,Verified
T0001016,C00299,B011,2025-09-20 18:14:00,Transfer,Mobile,1190.75,GBP,L020,ZA,Individual,Payment,3,AE,0,Verified
T0005031,C00238,B011,2025-09-20 20:18:00,Transfer,ATM,539.02,GBP,L018,PL,Individual,Cash,2,CH,0,Review Required
T0002829,C00025,B011,2025-09-20 22:25:00,International Transfer,Branch,398.73,GBP,L008,US,Individual,Payment,2,CH,0,Verified
T0005967,C00268,B003,2025-09-20 22:53:00,Card,ATM,1928.15,GBP,L008,US,Own Account,Invoice,2,US,0,Verified
T0002471,C00019,B001,2025-09-20 23:07:00,Card,ATM,438.16,GBP,L011,AE,Own Account,Transfer,4,IT,1,Verified
T0005164,C00154,B012,2025-09-21 00:44:00,Card,ATM,197.66,GBP,L004,ES,Own Account,Payment,1,ZA,0,Verified
T0004411,C00001,B010,2025-09-21 04:02:00,Card,ATM,316.67,GBP,L010,AU,Business,Transfer,2,IE,0,Verified
T0003971,C00278,B007,2025-09-21 06:11:00,Card,Mobile,6431.76,GBP,L004,ES,Business,Invoice,1,DE,0,Verified
T0002727,C00120,B012,2025-09-21 09:15:00,Transfer,Online,97.02,GBP,L013,NG,Own Account,Payment,5,ZA,0,Verified
T0003876,C00200,B009,2025-09-21 10:35:00,Card,Online,1396.32,GBP,L001,GB,Own Account,Cash,1,IN,0,Verified
T0000182,C00243,B003,2025-09-21 11:54:00,Transfer,ATM,1859.4,GBP,L016,HK,Business,Invoice,3,CH,0,Verified
T0003381,C00043,B006,2025-09-21 14:18:00,Cash Deposit,ATM,141.11,GBP,L014,BR,Business,Cash,3,US,0,Verified
T0005911,C00054,B009,2025-09-21 14:43:00,International Transfer,Branch,279.71,GBP,L002,FR,Own Account,Payment,1,BR,0,Verified
T0005462,C00145,B003,2025-09-21 16:01:00,Transfer,ATM,4624.72,GBP,L001,GB,Individual,Purchase,1,AU,0,Verified
T0002174,C00270,B009,2025-09-21 17:24:00,Card,Online,4702.71,GBP,L015,SG,Business,Salary,2,IN,0,Verified
T0002114,C00117,B007,2025-09-21 17:50:00,Transfer,Mobile,587.73,GBP,L006,NL,Own Account,Transfer,1,BR,0,Verified
T0002656,C00099,B003,2025-09-21 18:35:00,Transfer,Online,374.36,GBP,L020,ZA,Business,Cash,3,SG,0,Verified
T0005144,C00229,B003,2025-09-21 18:37:00,Transfer,Online,3099.07,GBP,L014,BR,Business,Cash,3,IT,0,Verified
T0002130,C00083,B004,2025-09-21 20:32:00,Card,Mobile,534.87,GBP,L014,BR,Own Account,Transfer,3,BR,0,Verified
T0003296,C00255,B002,2025-09-21 20:53:00,International Transfer,ATM,390.01,GBP,L008,US,Own Account,Payment,2,PL,0,Verified
T0001883,C00153,B002,2025-09-21 21:03:00,Transfer,ATM,4666.93,GBP,L003,DE,Business,Salary,1,SG,0,Verified
T0000448,C00009,B007,2025-09-22 01:15:00,Card,ATM,178.64,GBP,L002,FR,Business,Cash,1,AU,0,Verified
T0002980,C00088,B002,2025-09-22 03:58:00,Card,Mobile,1235.2,GBP,L006,NL,Business,Payment,1,AU,0,Verified
T0003270,C00281,B008,2025-09-22 05:58:00,Transfer,ATM,166.97,GBP,L008,US,Own Account,Invoice,2,AU,0,Verified
T0003380,C00088,B005,2025-09-22 07:15:00,Card,Branch,642.14,GBP,L015,SG,Own Account,Salary,2,AU,0,Verified
T0005034,C00123,B012,2025-09-22 07:32:00,Card,Mobile,3033.74,GBP,L015,SG,Individual,Transfer,2,ES,0,Verified
T0002930,C00055,B010,2025-09-22 12:52:00,Transfer,Online,549.74,GBP,L011,AE,Own Account,Payment,4,CA,0,Verified
T0003234,C00123,B004,2025-09-22 13:57:00,Card,ATM,496.32,GBP,L003,DE,Business,Salary,1,ES,0,Verified
T0005837,C00095,B004,2025-09-22 17:17:00,Card,ATM,433.56,GBP,L016,HK,Individual,Salary,3,IN,0,Verified
T0002761,C00273,B004,2025-09-22 17:59:00,Card,Branch,392.69,GBP,L018,PL,Business,Salary,2,ES,0,Verified
T0002898,C00043,B011,2025-09-22 19:54:00,Card,Branch,5284.41,GBP,L001,GB,Individual,Transfer,1,US,0,Verified
T0001143,C00051,B006,2025-09-22 20:29:00,Card,ATM,1285.17,GBP,L015,SG,Business,Salary,2,CH,0,Verified
T0000812,C00257,B001,2025-09-22 21:41:00,Transfer,ATM,797.33,GBP,L004,ES,Individual,Transfer,1,IT,0,Verified
T0000030,C00195,B004,2025-09-23 01:20:00,Card,ATM,2711.21,GBP,L009,CA,Business,Purchase,2,BR,0,Verified
T0001958,C00191,B005,2025-09-23 03:00:00,International Transfer,Branch,709.42,GBP,L020,ZA,Own Account,Payment,3,IT,1,Verified
T0001954,C00168,B009,2025-09-23 03:18:00,Card,Mobile,2618.74,GBP,L001,GB,Own Account,Invoice,1,HK,0,Verified
T0001910,C00246,B005,2025-09-23 03:34:00,Transfer,Branch,1261.6,GBP,L010,AU,Business,Transfer,2,ES,0,Verified
T0002881,C00237,B009,2025-09-23 06:35:00,Transfer,Online,7238.71,GBP,L020,ZA,Business,Payment,3,SG,0,Verified
T0005404,C00191,B003,2025-09-23 06:40:00,Cash Deposit,Branch,176.06,GBP,L018,PL,Business,Cash,2,IT,1,Verified
T0002671,C00140,B002,2025-09-23 08:58:00,International Transfer,Mobile,588.76,GBP,L020,ZA,Business,Purchase,3,PL,0,Verified
T0002147,C00064,B010,2025-09-23 09:23:00,Card,Mobile,2593.84,GBP,L016,HK,Own Account,Salary,3,IE,0,Verified
T0003956,C00240,B003,2025-09-23 10:02:00,Card,Branch,691.44,GBP,L004,ES,Individual,Purchase,1,SG,0,Verified
T0001427,C00122,B010,2025-09-23 13:08:00,Cash Withdrawal,Branch,859.49,GBP,L015,SG,Own Account,Cash,2,NL,0,Review Required
T0000914,C00222,B001,2025-09-23 14:19:00,Transfer,Mobile,466.63,GBP,L004,ES,Business,Payment,1,US,0,Verified
T0000071,C00032,B002,2025-09-23 15:54:00,Transfer,ATM,2362.75,GBP,L014,BR,Own Account,Salary,3,PL,0,Verified
T0002585,C00236,B010,2025-09-23 15:59:00,Cash Deposit,ATM,944.44,GBP,L013,NG,Own Account,Salary,5,HK,0,Verified
T0004272,C00222,B005,2025-09-23 16:23:00,Card,Mobile,518.89,GBP,L016,HK,Individual,Salary,3,US,0,Verified
T0003952,C00185,B008,2025-09-23 16:51:00,Card,Branch,1111.44,GBP,L018,PL,Individual,Transfer,2,AE,0,Verified
T0001323,C00277,B002,2025-09-23 20:49:00,Cash Withdrawal,Online,872.85,GBP,L009,CA,Business,Transfer,2,CA,0,Verified
T0000879,C00117,B002,2025-09-23 21:04:00,Card,Mobile,813.5,GBP,L017,CH,Own Account,Cash,2,BR,0,Verified
T0004124,C00255,B012,2025-09-23 21:35:00,Card,Mobile,282.45,GBP,L010,AU,Own Account,Salary,2,PL,0,Verified
T0002412,C00183,B003,2025-09-23 23:12:00,International Transfer,Mobile,377.57,GBP,L005,IT,Individual,Salary,1,AU,0,Review Required
T0000785,C00131,B006,2025-09-23 23:41:00,Card,Branch,213.25,GBP,L008,US,Individual,Payment,2,IN,0,Verified
T0003801,C00178,B010,2025-09-23 23:42:00,Cash Withdrawal,ATM,1299.83,GBP,L014,BR,Individual,Purchase,3,ES,0,Verified
T0003585,C00104,B004,2025-09-23 23:56:00,Card,ATM,2423.07,GBP,L006,NL,Individual,Payment,1,AE,0,Verified
T0001105,C00287,B012,2025-09-24 00:47:00,Card,Mobile,206.95,GBP,L006,NL,Business,Invoice,1,AE,0,Verified
T0002321,C00065,B002,2025-09-24 00:48:00,International Transfer,Branch,412.46,GBP,L013,NG,Business,Purchase,5,CA,0,Verified
T0005009,C00128,B009,2025-09-24 02:36:00,International Transfer,Branch,376.96,GBP,L011,AE,Own Account,Invoice,4,HK,0,Verified
T0003754,C00051,B004,2025-09-24 03:33:00,International Transfer,Branch,1171.5,GBP,L001,GB,Individual,Invoice,1,CH,0,Verified
T0005973,C00159,B002,2025-09-24 05:48:00,Cash Deposit,Mobile,303.39,GBP,L004,ES,Own Account,Salary,1,IN,0,Verified
T0004060,C00226,B010,2025-09-24 06:19:00,Transfer,Branch,343.54,GBP,L006,NL,Individual,Cash,1,TR,0,Verified
T0001657,C00169,B006,2025-09-24 06:48:00,Card,Branch,3600.12,GBP,L004,ES,Individual,Cash,1,AE,0,Verified
T0002456,C00016,B009,2025-09-24 08:03:00,Transfer,Mobile,705.88,GBP,L019,IN,Own Account,Salary,3,NG,0,Verified
T0005955,C00229,B004,2025-09-24 08:32:00,Card,Branch,165.14,GBP,L003,DE,Own Account,Transfer,1,IT,0,Verified
T0004778,C00266,B001,2025-09-24 08:52:00,Card,Branch,783.04,GBP,L014,BR,Individual,Payment,3,IT,0,Verified
T0001525,C00060,B002,2025-09-24 09:03:00,Cash Deposit,Online,2921.07,GBP,L020,ZA,Own Account,Payment,3,SG,0,Review Required
T0000239,C00022,B003,2025-09-24 09:10:00,Card,ATM,802.36,GBP,L020,ZA,Individual,Invoice,3,PL,0,Verified
T0001285,C00245,B012,2025-09-24 10:01:00,Card,Branch,692.62,GBP,L015,SG,Own Account,Transfer,2,US,0,Verified
T0002976,C00013,B002,2025-09-24 11:01:00,Transfer,Mobile,458.33,GBP,L002,FR,Own Account,Cash,1,PL,0,Verified
T0003411,C00178,B011,2025-09-24 11:38:00,Card,Online,898.58,GBP,L009,CA,Own Account,Cash,2,ES,0,Verified
T0002758,C00129,B005,2025-09-24 13:06:00,Cash Deposit,Mobile,1320.18,GBP,L020,ZA,Business,Cash,3,BR,0,Verified
T0004699,C00148,B008,2025-09-24 13:54:00,International Transfer,Online,1793.26,GBP,L012,TR,Own Account,Payment,4,NL,0,Verified
T0000591,C00207,B009,2025-09-24 15:32:00,Card,ATM,775.06,GBP,L011,AE,Individual,Purchase,4,HK,0,Verified
T0004751,C00285,B004,2025-09-24 15:37:00,Card,ATM,2340.85,GBP,L017,CH,Individual,Salary,2,IN,0,Verified
T0001437,C00266,B011,2025-09-25 00:16:00,Transfer,Online,510.96,GBP,L008,US,Individual,Purchase,2,IT,0,Verified
T0004465,C00125,B006,2025-09-25 01:09:00,Cash Deposit,ATM,1226.8,GBP,L005,IT,Individual,Purchase,1,US,0,Verified
T0005621,C00278,B005,2025-09-25 01:17:00,Cash Withdrawal,Online,5307.26,GBP,L016,HK,Individual,Cash,3,DE,0,Verified
T0004059,C00056,B010,2025-09-25 02:28:00,Transfer,Online,304.21,GBP,L002,FR,Own Account,Invoice,1,IT,0,Verified
T0005411,C00142,B006,2025-09-25 03:45:00,Card,Branch,1000.92,GBP,L009,CA,Individual,Payment,2,PL,0,Verified
T0005083,C00243,B005,2025-09-25 03:51:00,Card,Branch,309.98,GBP,L007,IE,Own Account,Transfer,1,CH,0,Verified
T0005466,C00044,B004,2025-09-25 07:13:00,International Transfer,Mobile,1762.11,GBP,L018,PL,Business,Transfer,2,PL,0,Review Required
T0002611,C00260,B007,2025-09-25 08:21:00,Cash Deposit,Branch,502.38,GBP,L016,HK,Individual,Invoice,3,IN,0,Verified
T0004926,C00060,B012,2025-09-25 08:24:00,Transfer,Mobile,4324.83,GBP,L014,BR,Business,Transfer,3,SG,0,Review Required
T0001688,C00285,B006,2025-09-25 09:55:00,Transfer,Branch,581.11,GBP,L020,ZA,Own Account,Cash,3,IN,0,Verified
T0004341,C00245,B005,2025-09-25 10:01:00,Cash Deposit,Online,6442.71,GBP,L006,NL,Individual,Purchase,1,US,0,Verified
T0004580,C00062,B011,2025-09-25 12:38:00,Transfer,Mobile,975.55,GBP,L017,CH,Individual,Payment,2,ES,0,Verified
T0003944,C00170,B001,2025-09-25 13:00:00,Card,Branch,358.09,GBP,L009,CA,Individual,Invoice,2,HK,0,Verified
T0004701,C00236,B009,2025-09-25 14:42:00,International Transfer,ATM,1417.33,GBP,L002,FR,Individual,Payment,1,HK,0,Verified
T0005495,C00264,B004,2025-09-25 17:23:00,Cash Withdrawal,Online,3964.61,GBP,L009,CA,Individual,Payment,2,IN,1,Verified
T0004805,C00272,B012,2025-09-25 17:45:00,Card,Branch,714.7,GBP,L007,IE,Individual,Transfer,1,ZA,0,Verified
T0004433,C00259,B005,2025-09-25 18:35:00,Cash Deposit,ATM,3250.63,GBP,L007,IE,Individual,Salary,1,SG,0,Verified
T0002085,C00041,B007,2025-09-25 19:40:00,Cash Withdrawal,Online,1821.97,GBP,L014,BR,Individual,Payment,3,AE,0,Verified
T0005587,C00249,B002,2025-09-25 21:24:00,Transfer,Mobile,1257.59,GBP,L005,IT,Business,Transfer,1,PL,1,Verified
T0003793,C00115,B005,2025-09-26 01:14:00,Card,Online,376.27,GBP,L004,ES,Individual,Cash,1,NL,0,Verified
T0004585,C00167,B011,2025-09-26 03:28:00,Card,Mobile,192.8,GBP,L013,NG,Business,Cash,5,SG,0,Verified
T0000093,C00284,B004,2025-09-26 04:11:00,Transfer,Mobile,302.12,GBP,L006,NL,Own Account,Purchase,1,NG,0,Verified
T0000986,C00041,B007,2025-09-26 04:21:00,Card,Branch,1125.69,GBP,L004,ES,Individual,Purchase,1,AE,0,Verified
T0003450,C00013,B006,2025-09-26 05:16:00,Card,ATM,162.86,GBP,L003,DE,Business,Cash,1,PL,0,Verified
T0004036,C00285,B005,2025-09-26 06:11:00,Transfer,Mobile,924.08,GBP,L011,AE,Business,Purchase,4,IN,0,Verified
T0000004,C00113,B008,2025-09-26 07:44:00,Card,ATM,1405.37,GBP,L011,AE,Individual,Purchase,4,PL,0,Verified
T0001588,C00300,B002,2025-09-26 08:12:00,Transfer,Mobile,476.09,GBP,L002,FR,Individual,Purchase,1,IT,0,Verified
T0003058,C00267,B012,2025-09-26 08:16:00,Cash Deposit,Branch,1544.78,GBP,L004,ES,Business,Cash,1,HK,0,Verified
T0001736,C00268,B011,2025-09-26 09:09:00,Card,Online,141.42,GBP,L014,BR,Individual,Invoice,3,US,0,Verified
T0002261,C00105,B006,2025-09-26 09:28:00,Card,ATM,473.04,GBP,L012,TR,Business,Transfer,4,US,0,Verified
T0004063,C00249,B002,2025-09-26 09:57:00,International Transfer,Online,476.99,GBP,L001,GB,Own Account,Invoice,1,PL,1,Verified
T0001474,C00196,B007,2025-09-26 14:59:00,Card,Online,767.64,GBP,L014,BR,Own Account,Salary,3,AU,0,Verified
T0005001,C00257,B009,2025-09-26 15:46:00,Card,ATM,2031.78,GBP,L005,IT,Individual,Payment,1,IT,0,Verified
T0001787,C00181,B012,2025-09-26 21:25:00,Transfer,Online,792.43,GBP,L005,IT,Business,Transfer,1,ZA,0,Verified
T0002922,C00225,B001,2025-09-26 22:59:00,Card,Mobile,707.24,GBP,L011,AE,Own Account,Payment,4,IE,0,Verified
T0004867,C00041,B006,2025-09-26 23:00:00,Transfer,ATM,883.8,GBP,L018,PL,Business,Payment,2,AE,0,Verified
T0001831,C00083,B004,2025-09-27 00:03:00,Card,Branch,255.38,GBP,L014,BR,Individual,Purchase,3,BR,0,Verified
T0001041,C00036,B002,2025-09-27 01:55:00,Transfer,Branch,1087.42,GBP,L016,HK,Business,Invoice,3,FR,0,Verified
T0002158,C00215,B009,2025-09-27 03:37:00,Cash Deposit,Online,1522.42,GBP,L004,ES,Individual,Payment,1,DE,0,Review Required
T0006147,C00263,B002,2025-09-27 04:27:00,Transfer,Online,4170.23,GBP,L018,PL,Individual,Transfer,2,CH,0,Verified
T0005193,C00108,B004,2025-09-27 04:33:00,Card,Mobile,787.01,GBP,L017,CH,Business,Cash,2,IN,0,Verified
T0006148,C00263,B002,2025-09-27 04:34:00,Transfer,Online,2213.64,GBP,L005,IT,Individual,Transfer,1,CH,0,Verified
T0006149,C00263,B002,2025-09-27 04:41:00,Transfer,Online,2758.04,GBP,L001,GB,Individual,Transfer,1,CH,0,Verified
T0006150,C00263,B002,2025-09-27 04:48:00,Transfer,Online,3967.76,GBP,L015,SG,Individual,Transfer,2,CH,0,Verified
T0006151,C00263,B002,2025-09-27 04:55:00,Transfer,Online,3297.5,GBP,L006,NL,Individual,Transfer,1,CH,0,Verified
T0001272,C00082,B007,2025-09-27 05:00:00,Card,ATM,315.25,GBP,L014,BR,Business,Invoice,3,CH,0,Verified
T0006152,C00263,B002,2025-09-27 05:02:00,Transfer,Online,4737.35,GBP,L006,NL,Individual,Transfer,1,CH,0,Verified
T0001672,C00240,B004,2025-09-27 05:08:00,Transfer,Branch,362.63,GBP,L008,US,Own Account,Transfer,2,SG,0,Verified
T0006153,C00263,B002,2025-09-27 05:09:00,Transfer,Online,5598.3,GBP,L018,PL,Individual,Transfer,2,CH,0,Verified
T0006154,C00263,B002,2025-09-27 05:16:00,Transfer,Online,5646.16,GBP,L009,CA,Individual,Transfer,2,CH,0,Verified
T0006155,C00263,B002,2025-09-27 05:23:00,Transfer,Online,5910.05,GBP,L018,PL,Individual,Transfer,2,CH,0,Verified
T0004675,C00156,B007,2025-09-27 05:27:00,Cash Deposit,ATM,6132.88,GBP,L012,TR,Own Account,Invoice,4,DE,0,Verified
T0006156,C00263,B002,2025-09-27 05:30:00,Transfer,Online,2443.56,GBP,L015,SG,Individual,Transfer,2,CH,0,Verified
T0006157,C00263,B002,2025-09-27 05:37:00,Transfer,Online,2243.19,GBP,L007,IE,Individual,Transfer,1,CH,0,Verified
T0006158,C00263,B002,2025-09-27 05:44:00,Transfer,Online,4564.35,GBP,L005,IT,Individual,Transfer,1,CH,0,Verified
T0006159,C00263,B002,2025-09-27 05:51:00,Transfer,Online,1895.27,GBP,L013,NG,Individual,Transfer,5,CH,0,Verified
T0006160,C00263,B002,2025-09-27 05:58:00,Transfer,Online,5023.8,GBP,L013,NG,Individual,Transfer,5,CH,0,Verified
T0004918,C00004,B005,2025-09-27 06:04:00,Card,ATM,2606.69,GBP,L020,ZA,Individual,Transfer,3,IT,0,Verified
T0006161,C00263,B002,2025-09-27 06:05:00,Transfer,Online,4328.13,GBP,L017,CH,Individual,Transfer,2,CH,0,Verified
T0006074,C00100,B009,2025-09-27 07:40:00,International Transfer,Online,19368.57,GBP,L011,AE,Business,International Transfer,4,SG,0,Verified
T0004251,C00119,B004,2025-09-27 09:31:00,Card,Branch,1112.19,GBP,L013,NG,Own Account,Salary,5,FR,0,Verified
T0006075,C00100,B009,2025-09-27 09:40:00,International Transfer,Online,31604.16,GBP,L012,TR,Business,International Transfer,4,SG,0,Verified
T0006076,C00100,B009,2025-09-27 11:40:00,International Transfer,Online,30620.04,GBP,L013,NG,Business,International Transfer,5,SG,0,Verified
T0000036,C00215,B005,2025-09-27 13:21:00,Cash Withdrawal,Online,757.49,GBP,L015,SG,Own Account,Transfer,2,DE,0,Review Required
T0006077,C00100,B009,2025-09-27 13:40:00,International Transfer,Online,18715.97,GBP,L011,AE,Business,International Transfer,4,SG,0,Verified
T0006078,C00100,B009,2025-09-27 15:40:00,International Transfer,Online,28216.31,GBP,L011,AE,Business,International Transfer,4,SG,0,Verified
T0003940,C00223,B007,2025-09-27 16:03:00,Card,Branch,2634.76,GBP,L003,DE,Own Account,Cash,1,PL,0,Verified
T0004020,C00188,B001,2025-09-27 16:24:00,Transfer,Mobile,1203.8,GBP,L014,BR,Business,Salary,3,IT,0,Verified
T0005044,C00026,B006,2025-09-27 17:04:00,Card,ATM,32.69,GBP,L002,FR,Own Account,Purchase,1,IT,0,Review Required
T0001543,C00116,B008,2025-09-27 17:30:00,Card,Mobile,340.83,GBP,L007,IE,Business,Transfer,1,AE,0,Verified
T0002737,C00170,B004,2025-09-27 17:43:00,Transfer,Branch,427.2,GBP,L005,IT,Own Account,Salary,1,HK,0,Verified
T0000580,C00242,B005,2025-09-27 18:31:00,Card,Branch,2025.9,GBP,L018,PL,Business,Payment,2,AE,0,Verified
T0005881,C00084,B008,2025-09-27 18:42:00,Card,Branch,556.6,GBP,L007,IE,Own Account,Payment,1,DE,0,Verified
T0002371,C00139,B003,2025-09-27 21:55:00,International Transfer,ATM,212.09,GBP,L003,DE,Individual,Purchase,1,IN,0,Verified
T0002912,C00073,B004,2025-09-27 22:43:00,Card,Branch,2264.99,GBP,L006,NL,Individual,Salary,1,NL,0,Verified
T0002379,C00284,B002,2025-09-27 23:09:00,Card,ATM,832.32,GBP,L015,SG,Own Account,Salary,2,NG,0,Verified
T0000347,C00151,B002,2025-09-28 00:23:00,Cash Deposit,Branch,269.57,GBP,L014,BR,Individual,Cash,3,US,0,Verified
T0001445,C00167,B011,2025-09-28 01:14:00,Card,Online,116.91,GBP,L007,IE,Own Account,Salary,1,SG,0,Verified
T0002204,C00114,B001,2025-09-28 01:32:00,Cash Deposit,ATM,4314.42,GBP,L003,DE,Own Account,Transfer,1,GB,0,Verified
T0001039,C00119,B006,2025-09-28 05:12:00,Card,Branch,299.08,GBP,L017,CH,Individual,Purchase,2,FR,0,Verified
T0002877,C00179,B012,2025-09-28 05:34:00,Cash Deposit,Mobile,484.92,GBP,L015,SG,Individual,Transfer,2,AU,0,Verified
T0003383,C00042,B005,2025-09-28 05:51:00,Cash Deposit,Online,8727.94,GBP,L003,DE,Individual,Invoice,1,PL,0,Verified
T0004649,C00253,B010,2025-09-28 07:24:00,Card,Mobile,3510.79,GBP,L002,FR,Business,Invoice,1,PL,0,Verified
T0002163,C00196,B007,2025-09-28 07:28:00,International Transfer,Online,2851.07,GBP,L010,AU,Individual,Salary,2,AU,0,Verified
T0003946,C00129,B006,2025-09-28 09:39:00,Cash Deposit,Branch,1482.47,GBP,L016,HK,Own Account,Transfer,3,BR,0,Verified
T0005259,C00254,B001,2025-09-28 10:23:00,International Transfer,Online,2733.65,GBP,L012,TR,Own Account,Invoice,4,BR,0,Verified
T0004508,C00027,B006,2025-09-28 12:32:00,International Transfer,Online,375.21,GBP,L001,GB,Business,Invoice,1,CH,0,Verified
T0005934,C00139,B002,2025-09-28 15:55:00,Card,Mobile,2480.16,GBP,L013,NG,Individual,Cash,5,IN,0,Verified
T0001644,C00013,B005,2025-09-28 16:52:00,Transfer,Mobile,1277.65,GBP,L006,NL,Business,Payment,1,PL,0,Verified
T0004970,C00194,B001,2025-09-28 18:44:00,Card,Mobile,218.55,GBP,L006,NL,Business,Purchase,1,DE,0,Verified
T0001441,C00227,B012,2025-09-29 00:52:00,Card,Online,1702.39,GBP,L012,TR,Business,Payment,4,IE,0,Verified
T0004526,C00168,B003,2025-09-29 00:55:00,Cash Withdrawal,Branch,1079.97,GBP,L019,IN,Own Account,Salary,3,HK,0,Verified
T0000855,C00194,B012,2025-09-29 02:44:00,Cash Deposit,Online,304.26,GBP,L015,SG,Business,Purchase,2,DE,0,Verified
T0002593,C00081,B002,2025-09-29 03:35:00,Card,ATM,741.9,GBP,L014,BR,Individual,Cash,3,BR,0,Verified
T0001528,C00090,B003,2025-09-29 06:03:00,Transfer,Branch,160.89,GBP,L013,NG,Business,Transfer,5,SG,0,Verified
T0000132,C00025,B001,2025-09-29 08:42:00,Card,Branch,87.02,GBP,L007,IE,Business,Cash,1,CH,0,Verified
T0005507,C00112,B010,2025-09-29 11:00:00,Card,Mobile,3934.83,GBP,L005,IT,Own Account,Payment,1,NG,0,Review Required
T0000683,C00263,B003,2025-09-29 11:29:00,Cash Deposit,ATM,1237.03,GBP,L013,NG,Own Account,Cash,5,CH,0,Verified
T0001418,C00016,B005,2025-09-29 12:42:00,Card,Branch,3344.94,GBP,L019,IN,Individual,Invoice,3,NG,0,Verified
T0005135,C00146,B007,2025-09-29 16:33:00,Transfer,Branch,484.51,GBP,L008,US,Individual,Payment,2,FR,0,Verified
T0002723,C00292,B009,2025-09-29 17:54:00,Transfer,Online,340.65,GBP,L010,AU,Individual,Purchase,2,ZA,0,Verified
T0004750,C00293,B011,2025-09-29 20:19:00,Card,Branch,2311.03,GBP,L017,CH,Individual,Invoice,2,IT,0,Verified
T0000055,C00281,B012,2025-09-29 22:07:00,Card,Mobile,686.06,GBP,L001,GB,Business,Transfer,1,AU,0,Verified
T0005537,C00116,B001,2025-09-29 22:53:00,Transfer,Mobile,2808.4,GBP,L006,NL,Business,Transfer,1,AE,0,Verified
T0005460,C00169,B003,2025-09-30 02:09:00,Transfer,Online,2437.64,GBP,L013,NG,Individual,Payment,5,AE,0,Verified
T0000684,C00030,B009,2025-09-30 02:28:00,International Transfer,ATM,5812.34,GBP,L013,NG,Own Account,Payment,5,PL,0,Verified
T0002738,C00150,B006,2025-09-30 02:41:00,Card,Mobile,268.63,GBP,L004,ES,Own Account,Transfer,1,FR,0,Verified
T0001049,C00022,B009,2025-09-30 04:04:00,Transfer,ATM,2458.93,GBP,L004,ES,Individual,Cash,1,PL,0,Verified
T0002917,C00116,B002,2025-09-30 05:11:00,Card,Online,464.64,GBP,L012,TR,Business,Invoice,4,AE,0,Verified
T0004947,C00030,B009,2025-09-30 05:32:00,Transfer,Mobile,484.7,GBP,L014,BR,Individual,Purchase,3,PL,0,Verified
T0003274,C00032,B003,2025-09-30 05:42:00,Card,Mobile,398.49,GBP,L004,ES,Individual,Payment,1,PL,0,Verified
T0004066,C00272,B001,2025-09-30 08:00:00,Cash Withdrawal,Online,132.42,GBP,L015,SG,Individual,Salary,2,ZA,0,Verified
T0003154,C00199,B002,2025-09-30 08:12:00,Card,Mobile,6751.91,GBP,L001,GB,Business,Payment,1,ZA,0,Verified
T0003893,C00224,B001,2025-09-30 10:35:00,International Transfer,Mobile,561.69,GBP,L006,NL,Own Account,Payment,1,HK,0,Verified
T0002144,C00162,B005,2025-09-30 11:48:00,International Transfer,Online,1557.7,GBP,L006,NL,Business,Cash,1,SG,0,Verified
T0004995,C00208,B009,2025-09-30 11:57:00,International Transfer,Online,3977.67,GBP,L015,SG,Own Account,Cash,2,TR,0,Verified
T0002779,C00041,B004,2025-09-30 13:17:00,International Transfer,ATM,2034.8,GBP,L014,BR,Business,Cash,3,AE,0,Verified
T0001092,C00206,B006,2025-09-30 15:36:00,Card,Mobile,774.78,GBP,L004,ES,Business,Cash,1,NG,0,Verified
T0000392,C00286,B003,2025-09-30 16:41:00,Card,ATM,899.38,GBP,L014,BR,Business,Cash,3,IT,0,Verified
T0001576,C00261,B007,2025-09-30 17:26:00,Card,Branch,1211.49,GBP,L008,US,Business,Payment,2,ZA,0,Verified
T0000197,C00113,B008,2025-09-30 18:05:00,Card,Online,695.71,GBP,L003,DE,Business,Cash,1,PL,0,Verified
T0002642,C00111,B004,2025-09-30 21:40:00,Card,Online,3004.1,GBP,L011,AE,Business,Payment,4,BR,0,Verified
T0005272,C00163,B003,2025-09-30 22:41:00,Cash Withdrawal,Online,848.69,GBP,L002,FR,Business,Purchase,1,CH,0,Verified
T0001299,C00042,B002,2025-09-30 23:02:00,Cash Deposit,Mobile,721.53,GBP,L014,BR,Individual,Invoice,3,PL,0,Verified
T0005503,C00121,B006,2025-09-30 23:23:00,Card,Online,1807.9,GBP,L003,DE,Individual,Invoice,1,IN,0,Verified
T0000205,C00073,B010,2025-10-01 00:23:00,Card,ATM,1795.09,GBP,L012,TR,Individual,Purchase,4,NL,0,Verified
T0000852,C00039,B007,2025-10-01 00:56:00,Card,Branch,266.16,GBP,L017,CH,Own Account,Purchase,2,BR,0,Verified
T0002400,C00269,B009,2025-10-01 01:13:00,Cash Deposit,Branch,347.02,GBP,L013,NG,Business,Invoice,5,FR,1,Verified
T0002878,C00220,B005,2025-10-01 02:27:00,Card,Online,127.49,GBP,L019,IN,Own Account,Payment,3,SG,0,Verified
T0002697,C00038,B005,2025-10-01 02:49:00,Cash Withdrawal,ATM,2172.32,GBP,L017,CH,Business,Purchase,2,US,0,Verified
T0005261,C00272,B006,2025-10-01 03:45:00,Transfer,Online,418.55,GBP,L014,BR,Individual,Purchase,3,ZA,0,Verified
T0003531,C00083,B012,2025-10-01 05:17:00,Card,ATM,425.83,GBP,L008,US,Individual,Payment,2,BR,0,Verified
T0004354,C00113,B011,2025-10-01 09:28:00,International Transfer,Branch,1152.72,GBP,L015,SG,Individual,Purchase,2,PL,0,Verified
T0000320,C00124,B005,2025-10-01 10:45:00,Cash Withdrawal,Mobile,330.14,GBP,L014,BR,Own Account,Transfer,3,NG,0,Verified
T0004003,C00117,B005,2025-10-01 11:01:00,Card,Online,632.71,GBP,L005,IT,Business,Cash,1,BR,0,Verified
T0004566,C00217,B011,2025-10-01 12:59:00,Card,Online,1195.9,GBP,L013,NG,Individual,Cash,5,ES,0,Verified
T0005188,C00212,B008,2025-10-01 16:06:00,Cash Withdrawal,Online,3262.38,GBP,L007,IE,Individual,Invoice,1,PL,0,Verified
T0003370,C00116,B009,2025-10-01 19:16:00,Cash Withdrawal,ATM,217.02,GBP,L011,AE,Business,Payment,4,AE,0,Verified
T0004651,C00008,B006,2025-10-01 19:41:00,Card,ATM,1799.44,GBP,L015,SG,Individual,Payment,2,TR,0,Verified
T0000085,C00061,B007,2025-10-01 20:19:00,Transfer,Mobile,5166.61,GBP,L011,AE,Own Account,Invoice,4,CH,0,Verified
T0002717,C00209,B002,2025-10-01 20:37:00,Card,Branch,848.77,GBP,L010,AU,Individual,Cash,2,IT,0,Verified
T0005677,C00146,B011,2025-10-01 22:02:00,International Transfer,Online,1529.33,GBP,L005,IT,Own Account,Salary,1,FR,0,Verified
T0001233,C00299,B009,2025-10-02 01:04:00,Card,Online,2581.08,GBP,L019,IN,Individual,Cash,3,AE,0,Verified
T0003668,C00138,B009,2025-10-02 01:26:00,Cash Deposit,Mobile,455.34,GBP,L020,ZA,Individual,Transfer,3,DE,0,Verified
T0005051,C00042,B007,2025-10-02 02:29:00,Card,Online,322.88,GBP,L012,TR,Business,Invoice,4,PL,0,Verified
T0002110,C00273,B005,2025-10-02 05:15:00,Card,Mobile,150.98,GBP,L013,NG,Business,Salary,5,ES,0,Verified
T0001464,C00090,B005,2025-10-02 06:04:00,Cash Withdrawal,Mobile,106.6,GBP,L002,FR,Own Account,Salary,1,SG,0,Verified
T0003032,C00191,B002,2025-10-02 08:14:00,Card,Mobile,925.54,GBP,L018,PL,Own Account,Invoice,2,IT,1,Verified
T0004098,C00053,B008,2025-10-02 08:37:00,Transfer,Branch,686.99,GBP,L004,ES,Own Account,Salary,1,IN,0,Verified
T0001187,C00057,B005,2025-10-02 10:15:00,Transfer,ATM,3225.3,GBP,L016,HK,Own Account,Transfer,3,DE,0,Review Required
T0005323,C00153,B005,2025-10-02 11:20:00,Card,Branch,1561.48,GBP,L004,ES,Business,Cash,1,SG,0,Verified
T0004425,C00029,B002,2025-10-02 11:37:00,Transfer,ATM,409.02,GBP,L012,TR,Business,Cash,4,IN,0,Verified
T0005218,C00218,B009,2025-10-02 12:11:00,Card,Online,1843.19,GBP,L004,ES,Own Account,Purchase,1,TR,0,Verified
T0004001,C00297,B004,2025-10-02 12:22:00,Transfer,Online,12906.11,GBP,L006,NL,Individual,Purchase,1,HK,0,Verified
T0002867,C00159,B011,2025-10-02 13:14:00,Card,Online,1027.77,GBP,L016,HK,Business,Payment,3,IN,0,Verified
T0004432,C00159,B003,2025-10-02 13:46:00,Transfer,Branch,1291.6,GBP,L012,TR,Individual,Salary,4,IN,0,Verified
T0002294,C00073,B009,2025-10-02 15:31:00,Card,Online,3105.01,GBP,L017,CH,Individual,Salary,2,NL,0,Verified
T0002425,C00220,B008,2025-10-02 16:08:00,Card,Online,4200.14,GBP,L017,CH,Own Account,Purchase,2,SG,0,Verified
T0002366,C00135,B010,2025-10-02 16:46:00,Card,Online,2078.7,GBP,L020,ZA,Own Account,Transfer,3,ZA,0,Verified
T0004573,C00164,B008,2025-10-02 18:14:00,Transfer,ATM,1466.13,GBP,L019,IN,Business,Transfer,3,BR,0,Verified
T0000630,C00180,B004,2025-10-02 20:43:00,Card,Online,1662.26,GBP,L009,CA,Individual,Salary,2,HK,0,Verified
T0005891,C00282,B005,2025-10-02 21:09:00,Card,Online,1522.14,GBP,L016,HK,Own Account,Payment,3,DE,0,Verified
T0001449,C00028,B009,2025-10-02 21:36:00,Cash Deposit,Mobile,136.65,GBP,L012,TR,Own Account,Transfer,4,ES,0,Verified
T0000623,C00189,B011,2025-10-02 21:55:00,International Transfer,Mobile,315.32,GBP,L008,US,Individual,Invoice,2,IN,0,Verified
T0003927,C00234,B001,2025-10-02 23:19:00,Cash Deposit,Online,531.13,GBP,L006,NL,Own Account,Transfer,1,US,0,Verified
T0005803,C00225,B006,2025-10-03 01:07:00,Cash Deposit,Mobile,479.39,GBP,L007,IE,Own Account,Purchase,1,IE,0,Verified
T0004837,C00069,B005,2025-10-03 03:23:00,Card,Branch,297.02,GBP,L011,AE,Business,Salary,4,TR,0,Verified
T0000112,C00060,B011,2025-10-03 07:25:00,Cash Deposit,Branch,3295.55,GBP,L020,ZA,Own Account,Cash,3,SG,0,Review Required
T0003136,C00202,B012,2025-10-03 09:26:00,Card,Online,679.46,GBP,L013,NG,Individual,Invoice,5,NL,0,Verified
T0001280,C00206,B006,2025-10-03 09:41:00,Card,Online,996.58,GBP,L010,AU,Own Account,Payment,2,NG,0,Verified
T0004265,C00201,B010,2025-10-03 11:40:00,Card,ATM,1237.96,GBP,L011,AE,Own Account,Transfer,4,GB,0,Verified
T0003425,C00038,B003,2025-10-03 11:53:00,Transfer,ATM,2793.13,GBP,L009,CA,Own Account,Purchase,2,US,0,Verified
T0004452,C00148,B012,2025-10-03 12:28:00,Transfer,Online,1501.82,GBP,L012,TR,Individual,Salary,4,NL,0,Verified
T0004872,C00236,B004,2025-10-03 13:48:00,Card,Online,547.02,GBP,L013,NG,Individual,Invoice,5,HK,0,Verified
T0005863,C00239,B006,2025-10-03 14:23:00,Card,Mobile,2055.19,GBP,L017,CH,Individual,Transfer,2,NG,0,Verified
T0005070,C00261,B002,2025-10-03 15:07:00,Card,Mobile,1031.92,GBP,L001,GB,Own Account,Payment,1,ZA,0,Verified
T0004890,C00281,B010,2025-10-03 22:48:00,Card,ATM,3113.89,GBP,L007,IE,Business,Invoice,1,AU,0,Verified
T0000310,C00284,B007,2025-10-03 23:22:00,Transfer,Branch,2330.89,GBP,L004,ES,Own Account,Salary,1,NG,0,Verified
T0003356,C00130,B004,2025-10-03 23:51:00,Card,ATM,730.62,GBP,L009,CA,Own Account,Purchase,2,PL,0,Verified
T0003118,C00223,B003,2025-10-04 02:18:00,Card,ATM,509.17,GBP,L010,AU,Individual,Salary,2,PL,0,Verified
T0000459,C00297,B012,2025-10-04 02:58:00,Card,ATM,1727.0,GBP,L007,IE,Individual,Purchase,1,HK,0,Verified
T0003649,C00025,B006,2025-10-04 04:00:00,Card,Mobile,650.25,GBP,L020,ZA,Business,Invoice,3,CH,0,Verified
T0004072,C00165,B001,2025-10-04 04:01:00,International Transfer,ATM,35.37,GBP,L004,ES,Individual,Cash,1,US,0,Review Required
T0005634,C00073,B009,2025-10-04 04:26:00,International Transfer,Online,495.12,GBP,L018,PL,Own Account,Salary,2,NL,0,Verified
T0005534,C00130,B012,2025-10-04 05:50:00,Transfer,Branch,1333.18,GBP,L016,HK,Individual,Transfer,3,PL,0,Verified
T0003401,C00049,B001,2025-10-04 06:40:00,International Transfer,Branch,796.87,GBP,L011,AE,Own Account,Purchase,4,IE,0,Verified
T0002447,C00020,B010,2025-10-04 06:48:00,International Transfer,Online,3547.47,GBP,L019,IN,Business,Invoice,3,IT,0,Verified
T0002495,C00117,B001,2025-10-04 07:46:00,Transfer,Branch,1115.84,GBP,L011,AE,Individual,Invoice,4,BR,0,Verified
T0000937,C00061,B011,2025-10-04 11:27:00,Cash Deposit,Online,711.91,GBP,L002,FR,Business,Salary,1,CH,0,Verified
T0005036,C00166,B005,2025-10-04 11:51:00,International Transfer,ATM,426.8,GBP,L008,US,Own Account,Invoice,2,CA,0,Verified
T0004956,C00148,B001,2025-10-04 14:11:00,International Transfer,Mobile,350.92,GBP,L003,DE,Business,Invoice,1,NL,0,Verified
T0003144,C00188,B008,2025-10-04 14:26:00,International Transfer,Online,14411.41,GBP,L006,NL,Business,Transfer,1,IT,0,Verified
T0000692,C00177,B007,2025-10-04 17:27:00,Transfer,Branch,3208.81,GBP,L003,DE,Own Account,Payment,1,PL,0,Verified
T0005228,C00112,B004,2025-10-04 17:35:00,Card,Mobile,1116.77,GBP,L005,IT,Individual,Transfer,1,NG,0,Review Required
T0001577,C00176,B011,2025-10-04 18:25:00,International Transfer,Branch,720.05,GBP,L009,CA,Own Account,Payment,2,ZA,0,Verified
T0003295,C00269,B011,2025-10-04 18:43:00,Cash Deposit,Online,666.18,GBP,L005,IT,Business,Invoice,1,FR,1,Verified
T0000638,C00130,B007,2025-10-04 19:53:00,Card,ATM,4125.61,GBP,L009,CA,Own Account,Payment,2,PL,0,Verified
T0005875,C00084,B011,2025-10-04 20:51:00,Transfer,ATM,3927.67,GBP,L013,NG,Own Account,Salary,5,DE,0,Verified
T0002612,C00269,B001,2025-10-04 23:57:00,Card,Branch,602.07,GBP,L008,US,Own Account,Cash,2,FR,1,Verified
T0000748,C00002,B001,2025-10-05 06:36:00,Transfer,Branch,1884.67,GBP,L011,AE,Individual,Purchase,4,PL,0,Verified
T0005072,C00117,B001,2025-10-05 07:19:00,Transfer,Branch,1650.04,GBP,L017,CH,Own Account,Payment,2,BR,0,Verified
T0004296,C00124,B007,2025-10-05 08:32:00,Transfer,ATM,1617.3,GBP,L009,CA,Business,Cash,2,NG,0,Verified
T0000250,C00030,B008,2025-10-05 09:18:00,Cash Withdrawal,Mobile,834.93,GBP,L011,AE,Own Account,Invoice,4,PL,0,Verified
T0005234,C00290,B012,2025-10-05 10:38:00,Card,Branch,385.74,GBP,L017,CH,Business,Cash,2,AE,0,Verified
T0001948,C00286,B009,2025-10-05 12:15:00,Transfer,Online,1518.69,GBP,L009,CA,Individual,Invoice,2,IT,0,Verified
T0001849,C00014,B009,2025-10-05 12:36:00,Card,ATM,2960.18,GBP,L012,TR,Own Account,Cash,4,FR,0,Verified
T0001310,C00110,B008,2025-10-05 12:46:00,Cash Withdrawal,Online,4591.29,GBP,L003,DE,Business,Cash,1,PL,0,Verified
T0004039,C00187,B011,2025-10-05 13:04:00,Card,Mobile,2002.81,GBP,L013,NG,Individual,Transfer,5,BR,0,Verified
T0002774,C00279,B007,2025-10-05 13:12:00,Cash Deposit,Mobile,644.03,GBP,L007,IE,Business,Transfer,1,IN,0,Verified
T0005393,C00247,B012,2025-10-05 13:17:00,International Transfer,Online,4653.54,GBP,L002,FR,Individual,Transfer,1,IT,0,Verified
T0002440,C00118,B012,2025-10-05 13:37:00,Card,Mobile,3461.55,GBP,L005,IT,Business,Cash,1,PL,0,Verified
T0001922,C00174,B008,2025-10-05 16:40:00,Card,ATM,529.37,GBP,L017,CH,Individual,Invoice,2,SG,0,Verified
T0005143,C00044,B002,2025-10-05 16:57:00,Transfer,ATM,368.47,GBP,L002,FR,Business,Invoice,1,PL,0,Review Required
T0005099,C00078,B010,2025-10-05 18:55:00,Card,ATM,539.8,GBP,L013,NG,Individual,Cash,5,CA,0,Verified
T0003235,C00055,B001,2025-10-05 21:18:00,Transfer,Mobile,2521.79,GBP,L012,TR,Business,Salary,4,CA,0,Verified
T0003626,C00250,B006,2025-10-05 22:46:00,Card,Mobile,1701.48,GBP,L012,TR,Business,Transfer,4,ES,0,Review Required
T0000834,C00003,B008,2025-10-05 23:39:00,Card,Mobile,1065.84,GBP,L012,TR,Business,Purchase,4,GB,0,Verified
T0004255,C00004,B004,2025-10-06 00:13:00,International Transfer,Mobile,3983.02,GBP,L017,CH,Individual,Payment,2,IT,0,Verified
T0002376,C00218,B003,2025-10-06 02:08:00,Transfer,Mobile,645.69,GBP,L014,BR,Individual,Cash,3,TR,0,Verified
T0005141,C00238,B009,2025-10-06 03:50:00,Card,Online,984.88,GBP,L018,PL,Own Account,Purchase,2,CH,0,Review Required
T0001088,C00019,B007,2025-10-06 05:58:00,Transfer,Branch,1509.77,GBP,L009,CA,Business,Payment,2,IT,1,Verified
T0005243,C00278,B002,2025-10-06 06:44:00,Transfer,ATM,828.51,GBP,L020,ZA,Individual,Cash,3,DE,0,Verified
T0005702,C00016,B008,2025-10-06 06:59:00,International Transfer,Branch,6950.2,GBP,L007,IE,Individual,Cash,1,NG,0,Verified
T0000577,C00119,B005,2025-10-06 08:57:00,Card,Mobile,2528.65,GBP,L012,TR,Own Account,Salary,4,FR,0,Verified
T0005159,C00084,B008,2025-10-06 09:27:00,Transfer,ATM,502.94,GBP,L004,ES,Business,Payment,1,DE,0,Verified
T0005509,C00054,B007,2025-10-06 09:32:00,Transfer,Online,543.2,GBP,L012,TR,Own Account,Payment,4,BR,0,Verified
T0000903,C00117,B004,2025-10-06 09:32:00,Transfer,Mobile,4942.67,GBP,L005,IT,Business,Transfer,1,BR,0,Verified
T0004826,C00033,B007,2025-10-06 10:17:00,Card,Mobile,262.74,GBP,L007,IE,Individual,Salary,1,TR,0,Verified
T0001868,C00132,B012,2025-10-06 10:52:00,Cash Withdrawal,Branch,311.06,GBP,L014,BR,Own Account,Cash,3,SG,0,Verified
T0000498,C00159,B002,2025-10-06 11:54:00,Cash Withdrawal,Mobile,1946.11,GBP,L002,FR,Business,Invoice,1,IN,0,Verified
T0000343,C00153,B001,2025-10-06 12:02:00,Card,Online,519.0,GBP,L018,PL,Business,Invoice,2,SG,0,Verified
T0000211,C00271,B003,2025-10-06 13:14:00,Card,Branch,401.26,GBP,L011,AE,Business,Salary,4,NG,0,Verified
T0002008,C00018,B012,2025-10-06 13:29:00,Card,ATM,978.42,GBP,L003,DE,Own Account,Invoice,1,BR,0,Verified
T0001250,C00233,B006,2025-10-06 16:17:00,Card,Online,4113.04,GBP,L020,ZA,Own Account,Salary,3,ES,0,Verified
T0004568,C00285,B001,2025-10-06 16:42:00,Card,Branch,13768.55,GBP,L010,AU,Individual,Transfer,2,IN,0,Verified
T0002050,C00208,B011,2025-10-06 16:52:00,Cash Withdrawal,Mobile,471.66,GBP,L005,IT,Individual,Transfer,1,TR,0,Verified
T0000372,C00294,B008,2025-10-06 19:16:00,Transfer,Branch,1282.86,GBP,L005,IT,Own Account,Salary,1,DE,0,Verified
T0001489,C00107,B012,2025-10-06 20:15:00,Card,ATM,3944.86,GBP,L008,US,Business,Salary,2,BR,0,Verified
T0002628,C00122,B006,2025-10-06 20:29:00,Card,Online,1600.03,GBP,L009,CA,Individual,Purchase,2,NL,0,Review Required
T0005247,C00203,B012,2025-10-06 22:00:00,Cash Deposit,Mobile,1237.85,GBP,L009,CA,Business,Invoice,2,BR,0,Verified
T0004564,C00160,B012,2025-10-06 22:41:00,Card,ATM,629.43,GBP,L015,SG,Own Account,Salary,2,US,0,Verified
T0001779,C00239,B004,2025-10-06 23:15:00,International Transfer,ATM,495.17,GBP,L017,CH,Individual,Purchase,2,NG,0,Verified
T0004791,C00050,B008,2025-10-07 01:08:00,Transfer,Online,563.31,GBP,L014,BR,Individual,Purchase,3,AE,0,Verified
T0004400,C00287,B001,2025-10-07 01:40:00,Card,Online,189.44,GBP,L009,CA,Business,Transfer,2,AE,0,Verified
T0001680,C00273,B012,2025-10-07 02:55:00,Cash Deposit,Mobile,831.16,GBP,L012,TR,Business,Transfer,4,ES,0,Verified
T0005944,C00187,B003,2025-10-07 03:58:00,International Transfer,Branch,236.04,GBP,L008,US,Individual,Invoice,2,BR,0,Verified
T0005543,C00096,B006,2025-10-07 04:05:00,Cash Deposit,Mobile,282.54,GBP,L017,CH,Business,Purchase,2,IT,0,Verified
T0003817,C00239,B008,2025-10-07 04:10:00,International Transfer,Online,2160.54,GBP,L003,DE,Business,Salary,1,NG,0,Verified
T0000289,C00265,B001,2025-10-07 05:36:00,Card,Branch,507.2,GBP,L018,PL,Own Account,Cash,2,ZA,0,Verified
T0005376,C00216,B011,2025-10-07 06:18:00,Transfer,Online,3081.7,GBP,L015,SG,Business,Purchase,2,PL,0,Verified
T0005242,C00228,B002,2025-10-07 07:34:00,Cash Withdrawal,ATM,1765.63,GBP,L007,IE,Individual,Payment,1,ZA,0,Verified
T0001180,C00233,B003,2025-10-07 09:00:00,Transfer,ATM,1814.61,GBP,L003,DE,Individual,Salary,1,ES,0,Verified
T0005641,C00016,B003,2025-10-07 10:59:00,Cash Withdrawal,Branch,325.55,GBP,L017,CH,Own Account,Invoice,2,NG,0,Verified
T0003121,C00058,B010,2025-10-07 11:48:00,Card,ATM,152.1,GBP,L014,BR,Own Account,Cash,3,DE,0,Verified
T0003736,C00260,B005,2025-10-07 12:14:00,Card,ATM,468.2,GBP,L010,AU,Business,Cash,2,IN,0,Verified
T0005426,C00217,B002,2025-10-07 12:46:00,International Transfer,Online,791.27,GBP,L005,IT,Own Account,Transfer,1,ES,0,Verified
T0003282,C00272,B009,2025-10-07 13:24:00,Cash Deposit,Mobile,369.12,GBP,L015,SG,Individual,Salary,2,ZA,0,Verified
T0003683,C00277,B010,2025-10-07 16:36:00,Card,Mobile,257.46,GBP,L012,TR,Business,Transfer,4,CA,0,Verified
T0005375,C00191,B002,2025-10-07 16:57:00,Card,Branch,2619.82,GBP,L009,CA,Own Account,Invoice,2,IT,1,Verified
T0000629,C00009,B006,2025-10-07 19:09:00,Card,Mobile,957.96,GBP,L012,TR,Business,Payment,4,AU,0,Verified
T0005268,C00262,B006,2025-10-07 19:36:00,International Transfer,Online,561.95,GBP,L007,IE,Individual,Salary,1,BR,0,Verified
T0004555,C00262,B006,2025-10-07 20:12:00,Card,ATM,3929.97,GBP,L019,IN,Business,Purchase,3,BR,0,Verified
T0001651,C00191,B002,2025-10-07 21:38:00,Card,Online,1571.26,GBP,L013,NG,Own Account,Transfer,5,IT,1,Verified
T0000406,C00051,B006,2025-10-07 21:49:00,Card,Mobile,1937.51,GBP,L003,DE,Own Account,Invoice,1,CH,0,Verified
T0001531,C00088,B001,2025-10-07 23:42:00,Cash Withdrawal,Branch,151.39,GBP,L020,ZA,Business,Payment,3,AU,0,Verified
T0004609,C00083,B006,2025-10-07 23:45:00,Card,Branch,163.65,GBP,L018,PL,Own Account,Invoice,2,BR,0,Verified
T0004332,C00088,B006,2025-10-08 01:23:00,Transfer,ATM,2373.02,GBP,L008,US,Business,Payment,2,AU,0,Verified
T0002885,C00269,B012,2025-10-08 04:07:00,Card,Branch,249.26,GBP,L003,DE,Individual,Transfer,1,FR,1,Verified
T0002445,C00276,B002,2025-10-08 05:15:00,Card,Branch,205.47,GBP,L018,PL,Individual,Salary,2,TR,0,Verified
T0005477,C00089,B002,2025-10-08 05:31:00,International Transfer,ATM,11782.36,GBP,L013,NG,Business,Invoice,5,BR,0,Verified
T0004100,C00234,B006,2025-10-08 08:03:00,International Transfer,Online,2153.57,GBP,L004,ES,Individual,Purchase,1,US,0,Verified
T0002087,C00297,B012,2025-10-08 14:51:00,Card,ATM,6688.22,GBP,L007,IE,Business,Invoice,1,HK,0,Verified
T0005981,C00181,B010,2025-10-08 14:59:00,International Transfer,Online,515.44,GBP,L017,CH,Business,Salary,2,ZA,0,Verified
T0003406,C00112,B005,2025-10-08 15:02:00,International Transfer,Online,202.98,GBP,L013,NG,Business,Purchase,5,NG,0,Review Required
T0003721,C00083,B004,2025-10-08 15:41:00,Card,Branch,917.26,GBP,L013,NG,Own Account,Payment,5,BR,0,Verified
T0000305,C00194,B006,2025-10-08 18:33:00,Card,Branch,121.57,GBP,L008,US,Business,Purchase,2,DE,0,Verified
T0001042,C00209,B010,2025-10-08 18:41:00,Transfer,Online,1159.96,GBP,L019,IN,Individual,Purchase,3,IT,0,Verified
T0001745,C00041,B011,2025-10-08 20:54:00,Cash Deposit,ATM,485.37,GBP,L004,ES,Individual,Purchase,1,AE,0,Verified
T0002501,C00233,B009,2025-10-08 22:56:00,Transfer,Online,703.72,GBP,L017,CH,Individual,Transfer,2,ES,0,Verified
T0004770,C00173,B001,2025-10-08 22:59:00,Card,Online,371.9,GBP,L005,IT,Own Account,Cash,1,FR,0,Verified
T0001590,C00267,B012,2025-10-09 00:05:00,Transfer,Online,910.78,GBP,L017,CH,Business,Salary,2,HK,0,Verified
T0000408,C00279,B012,2025-10-09 01:59:00,Card,Online,140.47,GBP,L009,CA,Business,Payment,2,IN,0,Verified
T0002104,C00216,B001,2025-10-09 02:24:00,Transfer,Mobile,698.92,GBP,L002,FR,Own Account,Payment,1,PL,0,Verified
T0000264,C00234,B004,2025-10-09 02:53:00,Transfer,ATM,155.93,GBP,L005,IT,Individual,Cash,1,US,0,Verified
T0000606,C00235,B003,2025-10-09 08:18:00,International Transfer,Mobile,985.81,GBP,L005,IT,Business,Purchase,1,IT,0,Verified
T0001950,C00032,B009,2025-10-09 09:34:00,Cash Deposit,Branch,372.28,GBP,L011,AE,Own Account,Invoice,4,PL,0,Verified
T0002567,C00074,B009,2025-10-09 10:53:00,Card,Mobile,670.21,GBP,L003,DE,Business,Payment,1,AE,0,Verified
T0003348,C00086,B011,2025-10-09 14:16:00,Transfer,ATM,602.14,GBP,L013,NG,Own Account,Cash,5,BR,0,Verified
T0004907,C00150,B002,2025-10-09 14:23:00,International Transfer,Branch,1864.34,GBP,L011,AE,Own Account,Payment,4,FR,0,Verified
T0000230,C00233,B010,2025-10-09 17:24:00,International Transfer,ATM,838.53,GBP,L013,NG,Business,Salary,5,ES,0,Verified
T0002432,C00112,B011,2025-10-09 18:18:00,Card,Mobile,11491.93,GBP,L009,CA,Business,Invoice,2,NG,0,Review Required
T0003471,C00225,B008,2025-10-09 19:51:00,Transfer,Mobile,975.86,GBP,L016,HK,Own Account,Purchase,3,IE,0,Verified
T0001617,C00153,B005,2025-10-09 20:12:00,Transfer,Online,1471.83,GBP,L015,SG,Individual,Payment,2,SG,0,Verified
T0000888,C00151,B012,2025-10-09 21:27:00,Card,ATM,396.03,GBP,L005,IT,Business,Payment,1,US,0,Verified
T0005326,C00188,B001,2025-10-09 21:57:00,Transfer,ATM,1210.04,GBP,L017,CH,Own Account,Cash,2,IT,0,Verified
T0002823,C00042,B008,2025-10-10 01:54:00,Transfer,Online,1619.06,GBP,L005,IT,Business,Invoice,1,PL,0,Verified
T0005739,C00139,B004,2025-10-10 02:45:00,Card,Mobile,2767.63,GBP,L009,CA,Individual,Invoice,2,IN,0,Verified
T0000992,C00156,B012,2025-10-10 03:58:00,International Transfer,Mobile,1083.33,GBP,L011,AE,Business,Transfer,4,DE,0,Verified
T0003611,C00158,B011,2025-10-10 05:56:00,Card,Online,1036.19,GBP,L019,IN,Business,Cash,3,SG,0,Verified
T0004164,C00082,B004,2025-10-10 07:35:00,Card,Online,223.75,GBP,L017,CH,Business,Invoice,2,CH,0,Verified
T0002805,C00199,B006,2025-10-10 08:30:00,Transfer,ATM,2133.38,GBP,L011,AE,Individual,Purchase,4,ZA,0,Verified
T0001259,C00242,B004,2025-10-10 12:31:00,Card,Branch,6875.86,GBP,L006,NL,Individual,Invoice,1,AE,0,Verified
T0004358,C00115,B004,2025-10-10 14:02:00,Card,Mobile,1117.47,GBP,L016,HK,Individual,Invoice,3,NL,0,Verified
T0003289,C00010,B002,2025-10-10 14:03:00,Card,Branch,229.9,GBP,L002,FR,Own Account,Cash,1,SG,0,Verified
T0005615,C00121,B010,2025-10-10 14:05:00,Transfer,ATM,323.66,GBP,L020,ZA,Business,Cash,3,IN,0,Verified
T0005270,C00050,B009,2025-10-10 15:29:00,Transfer,ATM,402.72,GBP,L006,NL,Own Account,Invoice,1,AE,0,Verified
T0003258,C00176,B009,2025-10-10 15:56:00,Card,Mobile,186.99,GBP,L003,DE,Individual,Payment,1,ZA,0,Verified
T0003417,C00060,B009,2025-10-10 17:22:00,Transfer,ATM,1496.99,GBP,L010,AU,Business,Purchase,2,SG,0,Review Required
T0002741,C00074,B003,2025-10-10 19:21:00,Cash Withdrawal,ATM,3844.28,GBP,L015,SG,Business,Payment,2,AE,0,Verified
T0000136,C00202,B002,2025-10-10 20:11:00,Transfer,ATM,90.88,GBP,L009,CA,Business,Purchase,2,NL,0,Verified
T0002487,C00097,B006,2025-10-10 21:18:00,Transfer,Branch,3985.8,GBP,L009,CA,Individual,Purchase,2,US,0,Verified
T0000895,C00251,B005,2025-10-11 02:31:00,Card,Branch,1230.09,GBP,L014,BR,Individual,Payment,3,ZA,0,Verified
T0000741,C00018,B010,2025-10-11 08:32:00,Cash Deposit,Mobile,1847.39,GBP,L019,IN,Individual,Transfer,3,BR,0,Verified
T0002739,C00135,B004,2025-10-11 08:49:00,Transfer,Branch,530.84,GBP,L008,US,Own Account,Purchase,2,ZA,0,Verified
T0001144,C00269,B003,2025-10-11 09:44:00,Transfer,ATM,661.01,GBP,L001,GB,Own Account,Purchase,1,FR,1,Verified
T0001584,C00125,B010,2025-10-11 10:58:00,Card,Mobile,164.55,GBP,L019,IN,Individual,Salary,3,US,0,Verified
T0005864,C00299,B005,2025-10-11 11:01:00,Card,Mobile,500.0,GBP,L004,ES,Individual,Purchase,1,AE,0,Verified
T0003828,C00078,B008,2025-10-11 13:54:00,Card,Online,129.09,GBP,L010,AU,Individual,Payment,2,CA,0,Verified
T0002048,C00176,B009,2025-10-11 15:34:00,Transfer,Branch,396.68,GBP,L014,BR,Individual,Transfer,3,ZA,0,Verified
T0002733,C00227,B002,2025-10-11 18:58:00,Card,Branch,262.76,GBP,L020,ZA,Business,Salary,3,IE,0,Verified
T0003086,C00267,B003,2025-10-11 22:53:00,Cash Withdrawal,Online,842.27,GBP,L009,CA,Individual,Invoice,2,HK,0,Verified
T0005752,C00062,B008,2025-10-11 23:00:00,Card,Online,3623.02,GBP,L011,AE,Business,Transfer,4,ES,0,Verified
T0000663,C00257,B011,2025-10-12 00:29:00,Card,Mobile,358.62,GBP,L001,GB,Own Account,Cash,1,IT,0,Verified
T0000928,C00256,B002,2025-10-12 02:41:00,Card,Branch,3457.96,GBP,L009,CA,Business,Transfer,2,AU,0,Verified
T0002383,C00284,B001,2025-10-12 02:48:00,Cash Withdrawal,Branch,2182.7,GBP,L008,US,Business,Salary,2,NG,0,Verified
T0005727,C00109,B012,2025-10-12 02:52:00,Card,Branch,363.68,GBP,L001,GB,Individual,Transfer,1,NG,0,Verified
T0005855,C00123,B009,2025-10-12 03:10:00,Transfer,ATM,2211.76,GBP,L018,PL,Individual,Invoice,2,ES,0,Verified
T0005680,C00068,B004,2025-10-12 07:49:00,Transfer,Branch,1266.68,GBP,L018,PL,Business,Purchase,2,PL,0,Verified
T0004434,C00191,B002,2025-10-12 08:34:00,Cash Deposit,Mobile,550.37,GBP,L007,IE,Own Account,Cash,1,IT,1,Verified
T0002180,C00018,B009,2025-10-12 09:03:00,Card,Mobile,2833.64,GBP,L014,BR,Own Account,Transfer,3,BR,0,Verified
T0000272,C00165,B007,2025-10-12 10:24:00,Card,Online,10286.35,GBP,L009,CA,Own Account,Cash,2,US,0,Review Required
T0002587,C00171,B009,2025-10-12 13:12:00,Card,Online,2087.78,GBP,L009,CA,Individual,Invoice,2,DE,0,Review Required
T0001978,C00181,B007,2025-10-12 15:12:00,Cash Deposit,Mobile,2228.96,GBP,L019,IN,Business,Transfer,3,ZA,0,Verified
T0004795,C00073,B004,2025-10-12 17:08:00,International Transfer,Online,2093.5,GBP,L003,DE,Business,Payment,1,NL,0,Verified
T0002789,C00219,B003,2025-10-12 18:05:00,Transfer,ATM,2339.22,GBP,L014,BR,Individual,Purchase,3,PL,0,Verified
T0003568,C00157,B008,2025-10-12 19:43:00,Card,Branch,1956.67,GBP,L002,FR,Own Account,Transfer,1,HK,0,Verified
T0001775,C00026,B012,2025-10-12 19:56:00,International Transfer,Mobile,1841.06,GBP,L017,CH,Individual,Invoice,2,IT,0,Review Required
T0004424,C00266,B006,2025-10-12 21:17:00,Card,Online,2941.25,GBP,L003,DE,Own Account,Purchase,1,IT,0,Verified
T0000527,C00283,B008,2025-10-12 22:09:00,Transfer,ATM,552.35,GBP,L019,IN,Own Account,Transfer,3,AU,0,Verified
T0004350,C00208,B010,2025-10-13 04:15:00,Transfer,Online,442.7,GBP,L010,AU,Individual,Invoice,2,TR,0,Verified
T0003862,C00110,B011,2025-10-13 04:35:00,Cash Deposit,Mobile,5034.88,GBP,L013,NG,Individual,Transfer,5,PL,0,Verified
T0001360,C00003,B011,2025-10-13 05:21:00,Transfer,Online,1437.59,GBP,L018,PL,Own Account,Purchase,2,GB,0,Verified
T0001797,C00276,B002,2025-10-13 07:28:00,Card,Online,2071.57,GBP,L016,HK,Own Account,Payment,3,TR,0,Verified
T0004567,C00223,B011,2025-10-13 09:59:00,Cash Deposit,Branch,8466.58,GBP,L011,AE,Individual,Purchase,4,PL,0,Verified
T0003422,C00015,B005,2025-10-13 10:21:00,Transfer,Branch,1181.4,GBP,L004,ES,Individual,Invoice,1,IN,0,Verified
T0003337,C00170,B007,2025-10-13 10:25:00,Transfer,ATM,462.88,GBP,L018,PL,Own Account,Salary,2,HK,0,Verified
T0003416,C00139,B002,2025-10-13 10:42:00,Card,Mobile,5393.06,GBP,L016,HK,Own Account,Purchase,3,IN,0,Verified
T0005818,C00239,B009,2025-10-13 11:07:00,Card,Branch,110.49,GBP,L015,SG,Individual,Payment,2,NG,0,Verified
T0001649,C00250,B007,2025-10-13 11:35:00,Transfer,ATM,976.9,GBP,L001,GB,Own Account,Payment,1,ES,0,Review Required
T0002086,C00009,B003,2025-10-13 14:12:00,International Transfer,Branch,1465.95,GBP,L007,IE,Own Account,Payment,1,AU,0,Verified
T0003233,C00264,B002,2025-10-13 15:29:00,Card,Online,1128.93,GBP,L017,CH,Individual,Invoice,2,IN,1,Verified
T0002043,C00144,B004,2025-10-13 17:08:00,Card,Branch,190.85,GBP,L007,IE,Own Account,Invoice,1,ES,0,Verified
T0002318,C00208,B010,2025-10-13 18:10:00,International Transfer,ATM,1543.08,GBP,L006,NL,Own Account,Salary,1,TR,0,Verified
T0001568,C00274,B010,2025-10-13 18:22:00,Transfer,Branch,718.27,GBP,L016,HK,Own Account,Invoice,3,NG,1,Verified
T0002211,C00234,B002,2025-10-13 18:42:00,Card,Branch,1513.06,GBP,L002,FR,Business,Salary,1,US,0,Verified
T0003786,C00297,B003,2025-10-13 20:35:00,Cash Deposit,Online,333.37,GBP,L018,PL,Business,Transfer,2,HK,0,Verified
T0003202,C00036,B006,2025-10-13 22:09:00,Transfer,ATM,366.42,GBP,L008,US,Business,Invoice,2,FR,0,Verified
T0003460,C00138,B005,2025-10-13 22:13:00,Card,Branch,397.68,GBP,L011,AE,Business,Purchase,4,DE,0,Verified
T0002568,C00077,B002,2025-10-14 00:22:00,Cash Withdrawal,Branch,2813.56,GBP,L001,GB,Business,Payment,1,IE,0,Review Required
T0000583,C00175,B003,2025-10-14 03:39:00,Card,Online,2257.77,GBP,L011,AE,Business,Salary,4,AU,0,Verified
T0003050,C00126,B009,2025-10-14 10:41:00,Card,ATM,150.95,GBP,L014,BR,Own Account,Purchase,3,IN,0,Verified
T0001738,C00295,B005,2025-10-14 11:21:00,Card,Online,933.27,GBP,L009,CA,Individual,Purchase,2,CH,0,Verified
T0004244,C00187,B007,2025-10-14 14:03:00,Card,Online,618.75,GBP,L011,AE,Own Account,Cash,4,BR,0,Verified
T0001897,C00157,B012,2025-10-14 14:19:00,Transfer,Mobile,379.51,GBP,L008,US,Own Account,Salary,2,HK,0,Verified
T0002349,C00285,B002,2025-10-14 15:47:00,International Transfer,Mobile,7465.71,GBP,L009,CA,Individual,Salary,2,IN,0,Verified
T0003821,C00220,B007,2025-10-14 17:40:00,Cash Deposit,Mobile,1585.04,GBP,L005,IT,Business,Salary,1,SG,0,Verified
T0005953,C00052,B002,2025-10-14 19:01:00,Card,Branch,2587.46,GBP,L011,AE,Own Account,Salary,4,DE,0,Verified
T0000875,C00056,B004,2025-10-14 19:09:00,Transfer,Online,3363.64,GBP,L020,ZA,Individual,Purchase,3,IT,0,Verified
T0005060,C00063,B006,2025-10-14 20:32:00,Card,Branch,3223.45,GBP,L001,GB,Business,Payment,1,ES,0,Verified
T0001068,C00077,B001,2025-10-14 21:10:00,Card,Online,481.33,GBP,L001,GB,Individual,Transfer,1,IE,0,Review Required
T0005217,C00287,B001,2025-10-14 23:35:00,Cash Withdrawal,Branch,790.45,GBP,L006,NL,Own Account,Purchase,1,AE,0,Verified
T0004761,C00110,B005,2025-10-14 23:36:00,International Transfer,Branch,288.74,GBP,L015,SG,Individual,Transfer,2,PL,0,Verified
T0001506,C00190,B008,2025-10-15 00:43:00,Transfer,ATM,244.56,GBP,L002,FR,Business,Payment,1,SG,0,Verified
T0003210,C00183,B008,2025-10-15 01:12:00,Cash Withdrawal,ATM,418.77,GBP,L004,ES,Individual,Cash,1,AU,0,Review Required
T0004460,C00222,B003,2025-10-15 02:11:00,Cash Deposit,ATM,759.45,GBP,L019,IN,Individual,Purchase,3,US,0,Verified
T0000560,C00044,B006,2025-10-15 02:35:00,Card,Branch,137.48,GBP,L013,NG,Business,Payment,5,PL,0,Review Required
T0005605,C00245,B003,2025-10-15 03:14:00,Card,Mobile,1044.23,GBP,L001,GB,Business,Transfer,1,US,0,Verified
T0002790,C00295,B001,2025-10-15 04:24:00,Transfer,ATM,2650.7,GBP,L013,NG,Own Account,Transfer,5,CH,0,Verified
T0004638,C00170,B003,2025-10-15 04:39:00,Card,Mobile,1254.74,GBP,L019,IN,Business,Cash,3,HK,0,Verified
T0003167,C00110,B009,2025-10-15 06:04:00,Transfer,Mobile,386.92,GBP,L002,FR,Own Account,Purchase,1,PL,0,Verified
T0005273,C00239,B010,2025-10-15 06:22:00,Transfer,Online,136.43,GBP,L008,US,Own Account,Cash,2,NG,0,Verified
T0000668,C00169,B009,2025-10-15 07:08:00,Card,ATM,1550.13,GBP,L018,PL,Individual,Payment,2,AE,0,Verified
T0000617,C00078,B007,2025-10-15 08:10:00,Transfer,ATM,2531.52,GBP,L003,DE,Individual,Cash,1,CA,0,Verified
T0004854,C00145,B009,2025-10-15 09:05:00,Transfer,ATM,574.09,GBP,L013,NG,Individual,Payment,5,AU,0,Verified
T0005708,C00221,B005,2025-10-15 09:53:00,Transfer,Branch,2325.61,GBP,L016,HK,Business,Payment,3,FR,0,Verified
T0003750,C00272,B010,2025-10-15 11:56:00,Card,ATM,901.87,GBP,L015,SG,Business,Payment,2,ZA,0,Verified
T0002374,C00159,B005,2025-10-15 12:48:00,Card,ATM,1851.35,GBP,L010,AU,Individual,Invoice,2,IN,0,Verified
T0003874,C00222,B009,2025-10-15 13:25:00,Card,Mobile,196.51,GBP,L007,IE,Own Account,Purchase,1,US,0,Verified
T0005344,C00005,B005,2025-10-15 13:25:00,Card,Mobile,225.57,GBP,L004,ES,Business,Salary,1,ES,0,Verified
T0002396,C00067,B012,2025-10-15 15:33:00,Cash Withdrawal,Branch,1379.02,GBP,L008,US,Business,Invoice,2,CA,0,Verified
T0004762,C00163,B006,2025-10-15 18:15:00,Card,Mobile,1415.62,GBP,L015,SG,Individual,Salary,2,CH,0,Verified
T0002939,C00017,B001,2025-10-15 18:27:00,Card,ATM,945.41,GBP,L009,CA,Own Account,Cash,2,US,0,Verified
T0001243,C00034,B005,2025-10-15 22:54:00,Transfer,ATM,1668.19,GBP,L003,DE,Own Account,Purchase,1,US,0,Verified
T0004582,C00213,B006,2025-10-16 01:44:00,International Transfer,Mobile,308.2,GBP,L010,AU,Own Account,Payment,2,CA,0,Review Required
T0001900,C00255,B012,2025-10-16 08:35:00,Cash Withdrawal,Branch,2114.59,GBP,L006,NL,Own Account,Purchase,1,PL,0,Verified
T0004268,C00092,B001,2025-10-16 08:40:00,Card,Mobile,1409.51,GBP,L017,CH,Own Account,Cash,2,ZA,0,Verified
T0005743,C00088,B003,2025-10-16 09:31:00,Card,Branch,3853.94,GBP,L007,IE,Business,Invoice,1,AU,0,Verified
T0004589,C00254,B006,2025-10-16 10:48:00,Transfer,ATM,977.97,GBP,L009,CA,Own Account,Purchase,2,BR,0,Verified
T0004861,C00184,B004,2025-10-16 11:58:00,Cash Withdrawal,Mobile,253.52,GBP,L016,HK,Own Account,Salary,3,HK,0,Verified
T0005590,C00187,B004,2025-10-16 12:02:00,Card,Mobile,1399.77,GBP,L005,IT,Individual,Invoice,1,BR,0,Verified
T0002828,C00202,B012,2025-10-16 12:17:00,Card,Mobile,795.36,GBP,L002,FR,Own Account,Invoice,1,NL,0,Verified
T0005204,C00087,B010,2025-10-16 12:24:00,Card,Branch,468.55,GBP,L017,CH,Own Account,Transfer,2,BR,0,Verified
T0003302,C00020,B009,2025-10-16 13:29:00,Card,ATM,645.97,GBP,L014,BR,Individual,Transfer,3,IT,0,Verified
T0002625,C00076,B004,2025-10-16 14:22:00,Card,Mobile,242.15,GBP,L005,IT,Individual,Transfer,1,SG,0,Verified
T0002413,C00256,B002,2025-10-16 14:50:00,Transfer,Mobile,1860.58,GBP,L012,TR,Business,Invoice,4,AU,0,Verified
T0003088,C00020,B001,2025-10-16 16:18:00,Cash Deposit,Branch,401.79,GBP,L005,IT,Individual,Purchase,1,IT,0,Verified
T0000996,C00042,B002,2025-10-16 16:23:00,Card,Branch,711.35,GBP,L019,IN,Business,Cash,3,PL,0,Verified
T0005655,C00259,B001,2025-10-16 16:44:00,Card,Mobile,587.72,GBP,L010,AU,Own Account,Cash,2,SG,0,Verified
T0002990,C00004,B001,2025-10-16 17:02:00,Transfer,Branch,16520.46,GBP,L008,US,Individual,Transfer,2,IT,0,Verified
T0000849,C00169,B007,2025-10-16 17:39:00,Card,Mobile,4914.34,GBP,L014,BR,Individual,Payment,3,AE,0,Verified
T0000214,C00250,B011,2025-10-16 21:06:00,Card,Online,2638.75,GBP,L011,AE,Individual,Salary,4,ES,0,Review Required
T0001235,C00241,B006,2025-10-16 21:47:00,Card,Mobile,50.23,GBP,L003,DE,Business,Payment,1,DE,0,Verified
T0004660,C00287,B008,2025-10-16 22:41:00,International Transfer,Mobile,1896.47,GBP,L009,CA,Individual,Transfer,2,AE,0,Verified
T0002883,C00172,B009,2025-10-17 00:30:00,Card,Mobile,1791.95,GBP,L017,CH,Business,Payment,2,NG,0,Verified
T0004342,C00282,B010,2025-10-17 02:55:00,Card,Mobile,1320.53,GBP,L009,CA,Own Account,Payment,2,DE,0,Verified
T0002058,C00214,B003,2025-10-17 04:05:00,Transfer,Mobile,3873.05,GBP,L016,HK,Own Account,Salary,3,AU,0,Verified
T0003156,C00060,B004,2025-10-17 04:37:00,Card,Branch,874.34,GBP,L010,AU,Own Account,Payment,2,SG,0,Review Required
T0005438,C00161,B003,2025-10-17 04:58:00,Card,ATM,4414.4,GBP,L003,DE,Business,Transfer,1,NL,0,Verified
T0002437,C00138,B009,2025-10-17 09:41:00,International Transfer,Online,217.56,GBP,L001,GB,Business,Payment,1,DE,0,Verified
T0000218,C00214,B003,2025-10-17 10:43:00,Cash Deposit,ATM,144.53,GBP,L004,ES,Individual,Payment,1,AU,0,Verified
T0001308,C00176,B009,2025-10-17 12:44:00,Card,Mobile,2084.62,GBP,L011,AE,Individual,Purchase,4,ZA,0,Verified
T0002084,C00065,B006,2025-10-17 13:42:00,Card,ATM,543.86,GBP,L004,ES,Individual,Cash,1,CA,0,Verified
T0005929,C00021,B001,2025-10-17 16:03:00,Card,Online,300.3,GBP,L011,AE,Own Account,Invoice,4,NG,0,Verified
T0002506,C00002,B012,2025-10-17 16:39:00,Transfer,ATM,495.58,GBP,L001,GB,Own Account,Salary,1,PL,0,Verified
T0001840,C00228,B002,2025-10-17 17:21:00,Card,Branch,323.52,GBP,L010,AU,Business,Purchase,2,ZA,0,Verified
T0001703,C00100,B012,2025-10-17 19:20:00,Transfer,ATM,240.0,GBP,L018,PL,Business,Cash,2,SG,0,Verified
T0001247,C00142,B009,2025-10-18 00:10:00,Card,Branch,515.05,GBP,L005,IT,Own Account,Purchase,1,PL,0,Verified
T0005220,C00129,B008,2025-10-18 04:47:00,Card,Online,327.92,GBP,L004,ES,Own Account,Payment,1,BR,0,Verified
T0000258,C00240,B003,2025-10-18 06:14:00,Card,Branch,133.95,GBP,L007,IE,Own Account,Payment,1,SG,0,Verified
T0004593,C00220,B011,2025-10-18 08:10:00,International Transfer,ATM,979.03,GBP,L011,AE,Individual,Transfer,4,SG,0,Verified
T0000477,C00231,B006,2025-10-18 08:48:00,Card,Branch,6485.9,GBP,L006,NL,Own Account,Salary,1,IT,0,Verified
T0001963,C00123,B004,2025-10-18 10:40:00,Card,Branch,139.38,GBP,L003,DE,Individual,Cash,1,ES,0,Verified
T0005963,C00079,B007,2025-10-18 10:58:00,Transfer,Online,1003.99,GBP,L020,ZA,Business,Salary,3,PL,0,Verified
T0001654,C00179,B008,2025-10-18 11:48:00,Card,Online,634.61,GBP,L016,HK,Individual,Purchase,3,AU,0,Verified
T0001066,C00239,B008,2025-10-18 12:08:00,Transfer,Online,469.06,GBP,L008,US,Individual,Cash,2,NG,0,Verified
T0005147,C00154,B011,2025-10-18 13:18:00,Transfer,Branch,3744.6,GBP,L016,HK,Own Account,Transfer,3,ZA,0,Verified
T0003020,C00117,B010,2025-10-18 15:42:00,Card,Online,206.88,GBP,L015,SG,Business,Purchase,2,BR,0,Verified
T0005832,C00163,B001,2025-10-18 16:33:00,Transfer,Online,659.52,GBP,L017,CH,Individual,Transfer,2,CH,0,Verified
T0002308,C00092,B005,2025-10-18 17:08:00,International Transfer,Mobile,2510.46,GBP,L008,US,Business,Salary,2,ZA,0,Verified
T0000286,C00021,B003,2025-10-18 17:58:00,Card,ATM,955.42,GBP,L009,CA,Business,Purchase,2,NG,0,Verified
T0005494,C00261,B009,2025-10-18 17:59:00,Transfer,Mobile,526.4,GBP,L009,CA,Business,Payment,2,ZA,0,Verified
T0004662,C00236,B011,2025-10-18 23:27:00,Transfer,Online,689.67,GBP,L009,CA,Individual,Invoice,2,HK,0,Verified
T0000626,C00074,B008,2025-10-19 00:08:00,Card,Online,2873.64,GBP,L007,IE,Business,Payment,1,AE,0,Verified
T0001021,C00162,B007,2025-10-19 01:44:00,Card,Branch,81.16,GBP,L004,ES,Own Account,Cash,1,SG,0,Verified
T0004710,C00107,B003,2025-10-19 06:10:00,International Transfer,Mobile,736.59,GBP,L013,NG,Own Account,Payment,5,BR,0,Verified
T0002748,C00118,B012,2025-10-19 06:52:00,Transfer,Branch,465.32,GBP,L002,FR,Individual,Purchase,1,PL,0,Verified
T0005693,C00154,B007,2025-10-19 06:57:00,Transfer,Online,752.3,GBP,L007,IE,Own Account,Transfer,1,ZA,0,Verified
T0003334,C00013,B009,2025-10-19 09:43:00,International Transfer,ATM,269.54,GBP,L018,PL,Business,Invoice,2,PL,0,Verified
T0004670,C00017,B008,2025-10-19 14:32:00,Card,Online,530.54,GBP,L008,US,Own Account,Cash,2,US,0,Verified
T0005030,C00009,B011,2025-10-19 14:33:00,International Transfer,Branch,325.17,GBP,L004,ES,Individual,Salary,1,AU,0,Verified
T0001662,C00251,B003,2025-10-19 15:04:00,International Transfer,Online,2748.92,GBP,L014,BR,Own Account,Invoice,3,ZA,0,Verified
T0000602,C00101,B007,2025-10-19 18:48:00,Cash Withdrawal,Mobile,1414.73,GBP,L006,NL,Individual,Invoice,1,PL,0,Verified
T0000861,C00261,B011,2025-10-19 18:51:00,Transfer,Online,892.54,GBP,L003,DE,Own Account,Cash,1,ZA,0,Verified
T0002913,C00282,B009,2025-10-19 20:57:00,Card,Online,821.37,GBP,L006,NL,Business,Transfer,1,DE,0,Verified
T0004377,C00273,B012,2025-10-19 22:31:00,Transfer,Online,1170.4,GBP,L002,FR,Business,Payment,1,ES,0,Verified
T0001615,C00198,B007,2025-10-19 23:34:00,Card,ATM,1147.96,GBP,L008,US,Own Account,Payment,2,BR,0,Verified
T0004913,C00288,B007,2025-10-20 01:35:00,Cash Withdrawal,Online,1754.75,GBP,L001,GB,Own Account,Invoice,1,FR,0,Verified
T0000176,C00239,B003,2025-10-20 05:06:00,Card,Branch,8834.81,GBP,L011,AE,Own Account,Cash,4,NG,0,Verified
T0001161,C00009,B012,2025-10-20 05:37:00,Transfer,Branch,1395.27,GBP,L007,IE,Individual,Payment,1,AU,0,Verified
T0003861,C00193,B011,2025-10-20 08:32:00,Transfer,Mobile,540.88,GBP,L018,PL,Individual,Purchase,2,AE,0,Verified
T0002342,C00270,B012,2025-10-20 10:32:00,Card,Mobile,1262.98,GBP,L006,NL,Individual,Invoice,1,IN,0,Verified
T0005726,C00139,B003,2025-10-20 11:46:00,Cash Withdrawal,Online,1103.2,GBP,L016,HK,Own Account,Purchase,3,IN,0,Verified
T0003449,C00291,B002,2025-10-20 13:30:00,Cash Deposit,ATM,552.33,GBP,L002,FR,Business,Transfer,1,ES,0,Verified
T0005146,C00235,B008,2025-10-20 14:37:00,Card,ATM,207.08,GBP,L005,IT,Individual,Payment,1,IT,0,Verified
T0005851,C00277,B006,2025-10-20 17:35:00,Transfer,Branch,604.17,GBP,L006,NL,Business,Salary,1,CA,0,Verified
T0002768,C00024,B012,2025-10-20 17:38:00,Cash Withdrawal,ATM,506.76,GBP,L009,CA,Own Account,Transfer,2,NL,0,Verified
T0000744,C00029,B001,2025-10-20 19:54:00,Card,Online,5783.45,GBP,L004,ES,Own Account,Transfer,1,IN,0,Verified
T0005300,C00179,B011,2025-10-20 21:31:00,Card,Online,1585.35,GBP,L016,HK,Individual,Transfer,3,AU,0,Verified
T0005322,C00038,B003,2025-10-20 22:41:00,Transfer,Mobile,5350.61,GBP,L004,ES,Business,Purchase,1,US,0,Verified
T0001907,C00067,B004,2025-10-21 02:11:00,International Transfer,Branch,1313.41,GBP,L008,US,Own Account,Cash,2,CA,0,Verified
T0000941,C00099,B005,2025-10-21 04:11:00,Transfer,Online,283.06,GBP,L002,FR,Individual,Purchase,1,SG,0,Verified
T0005087,C00195,B007,2025-10-21 04:20:00,Transfer,Online,1670.39,GBP,L009,CA,Individual,Salary,2,BR,0,Verified
T0005184,C00300,B002,2025-10-21 07:27:00,Card,Mobile,917.98,GBP,L016,HK,Own Account,Salary,3,IT,0,Verified
T0003123,C00150,B001,2025-10-21 08:34:00,Card,Online,1482.56,GBP,L020,ZA,Own Account,Purchase,3,FR,0,Verified
T0005972,C00292,B012,2025-10-21 09:20:00,Card,Online,1469.56,GBP,L016,HK,Business,Transfer,3,ZA,0,Verified
T0004755,C00271,B009,2025-10-21 09:47:00,Cash Withdrawal,Online,6624.8,GBP,L004,ES,Individual,Cash,1,NG,0,Verified
T0005408,C00036,B003,2025-10-21 13:36:00,Transfer,Online,4488.92,GBP,L012,TR,Individual,Cash,4,FR,0,Verified
T0002809,C00289,B006,2025-10-21 13:47:00,Card,Online,279.82,GBP,L018,PL,Own Account,Transfer,2,ZA,0,Verified
T0002981,C00231,B005,2025-10-21 16:41:00,Card,Online,597.89,GBP,L015,SG,Business,Cash,2,IT,0,Verified
T0000934,C00064,B006,2025-10-21 17:25:00,Transfer,Branch,1224.84,GBP,L004,ES,Business,Invoice,1,IE,0,Verified
T0005759,C00131,B005,2025-10-21 17:54:00,Card,ATM,671.81,GBP,L008,US,Individual,Salary,2,IN,0,Verified
T0002424,C00016,B007,2025-10-21 18:16:00,Card,Branch,959.91,GBP,L008,US,Business,Invoice,2,NG,0,Verified
T0005841,C00229,B004,2025-10-21 20:07:00,Transfer,Mobile,502.81,GBP,L013,NG,Business,Cash,5,IT,0,Verified
T0001933,C00273,B012,2025-10-22 01:29:00,Card,Online,663.87,GBP,L014,BR,Business,Purchase,3,ES,0,Verified
T0001061,C00299,B008,2025-10-22 01:54:00,Transfer,Online,1574.76,GBP,L004,ES,Own Account,Transfer,1,AE,0,Verified
T0004599,C00273,B003,2025-10-22 03:21:00,Transfer,ATM,1017.7,GBP,L010,AU,Business,Transfer,2,ES,0,Verified
T0005130,C00145,B010,2025-10-22 04:35:00,Card,Online,874.14,GBP,L015,SG,Own Account,Purchase,2,AU,0,Verified
T0002920,C00288,B011,2025-10-22 04:38:00,Card,ATM,203.95,GBP,L018,PL,Own Account,Transfer,2,FR,0,Verified
T0003473,C00032,B007,2025-10-22 05:13:00,International Transfer,Online,24443.64,GBP,L014,BR,Individual,Transfer,3,PL,0,Verified
T0000115,C00026,B007,2025-10-22 06:13:00,Transfer,Branch,477.33,GBP,L019,IN,Business,Cash,3,IT,0,Review Required
T0005771,C00036,B005,2025-10-22 07:22:00,Cash Deposit,Online,254.59,GBP,L013,NG,Individual,Cash,5,FR,0,Verified
T0002892,C00223,B004,2025-10-22 08:00:00,Transfer,Branch,1483.75,GBP,L020,ZA,Own Account,Salary,3,PL,0,Verified
T0005829,C00099,B010,2025-10-22 10:03:00,Cash Withdrawal,Online,1454.84,GBP,L002,FR,Business,Payment,1,SG,0,Verified
T0001097,C00021,B007,2025-10-22 12:26:00,Cash Withdrawal,Mobile,729.1,GBP,L004,ES,Own Account,Cash,1,NG,0,Verified
T0005252,C00168,B001,2025-10-22 12:32:00,Transfer,ATM,1973.98,GBP,L009,CA,Own Account,Cash,2,HK,0,Verified
T0000537,C00235,B002,2025-10-22 13:24:00,Transfer,ATM,765.04,GBP,L008,US,Individual,Transfer,2,IT,0,Verified
T0002018,C00167,B007,2025-10-22 14:17:00,Card,Online,34.1,GBP,L020,ZA,Own Account,Purchase,3,SG,0,Verified
T0004570,C00203,B004,2025-10-22 18:15:00,Transfer,Branch,96.61,GBP,L006,NL,Business,Cash,1,BR,0,Verified
T0003489,C00228,B004,2025-10-22 20:22:00,Transfer,Branch,189.74,GBP,L008,US,Own Account,Salary,2,ZA,0,Verified
T0005745,C00100,B005,2025-10-22 21:45:00,Card,ATM,883.16,GBP,L019,IN,Business,Salary,3,SG,0,Verified
T0004410,C00005,B001,2025-10-22 23:12:00,International Transfer,Branch,2398.32,GBP,L019,IN,Own Account,Transfer,3,ES,0,Verified
T0003625,C00015,B009,2025-10-23 01:04:00,Card,ATM,500.6,GBP,L013,NG,Individual,Invoice,5,IN,0,Verified
T0004608,C00180,B001,2025-10-23 01:19:00,Card,Mobile,2359.16,GBP,L015,SG,Own Account,Invoice,2,HK,0,Verified
T0005428,C00294,B009,2025-10-23 03:28:00,Card,Online,550.45,GBP,L003,DE,Own Account,Cash,1,DE,0,Verified
T0003018,C00007,B004,2025-10-23 04:44:00,Card,ATM,535.47,GBP,L014,BR,Business,Payment,3,NG,0,Verified
T0003627,C00095,B011,2025-10-23 06:14:00,Transfer,Branch,5967.59,GBP,L008,US,Individual,Invoice,2,IN,0,Verified
T0003528,C00233,B007,2025-10-23 06:33:00,Card,Mobile,128.31,GBP,L005,IT,Business,Invoice,1,ES,0,Verified
T0005284,C00269,B012,2025-10-23 08:44:00,International Transfer,Branch,487.48,GBP,L002,FR,Own Account,Transfer,1,FR,1,Verified
T0003910,C00284,B005,2025-10-23 09:57:00,Transfer,Online,386.07,GBP,L007,IE,Own Account,Transfer,1,NG,0,Verified
T0003107,C00243,B010,2025-10-23 12:21:00,Cash Deposit,ATM,469.82,GBP,L011,AE,Own Account,Payment,4,CH,0,Verified
T0002496,C00109,B004,2025-10-23 13:13:00,Card,Mobile,593.46,GBP,L009,CA,Business,Transfer,2,NG,0,Verified
T0000973,C00212,B006,2025-10-23 15:59:00,Cash Deposit,ATM,207.29,GBP,L002,FR,Own Account,Purchase,1,PL,0,Verified
T0002020,C00076,B008,2025-10-23 21:04:00,Transfer,ATM,547.12,GBP,L013,NG,Own Account,Transfer,5,SG,0,Verified
T0002869,C00192,B012,2025-10-24 00:15:00,Card,Branch,1106.56,GBP,L010,AU,Individual,Purchase,2,NG,0,Verified
T0000727,C00190,B002,2025-10-24 01:57:00,Transfer,Branch,506.93,GBP,L004,ES,Business,Transfer,1,SG,0,Verified
T0003654,C00089,B011,2025-10-24 04:56:00,Transfer,Mobile,6118.54,GBP,L011,AE,Business,Cash,4,BR,0,Verified
T0002112,C00160,B010,2025-10-24 05:23:00,Card,Branch,378.36,GBP,L010,AU,Business,Invoice,2,US,0,Verified
T0001610,C00260,B007,2025-10-24 07:45:00,Transfer,Online,159.59,GBP,L005,IT,Business,Transfer,1,IN,0,Verified
T0001030,C00107,B010,2025-10-24 08:46:00,Card,ATM,617.5,GBP,L013,NG,Own Account,Salary,5,BR,0,Verified
T0003164,C00136,B004,2025-10-24 09:56:00,Card,Mobile,397.23,GBP,L020,ZA,Own Account,Cash,3,IE,0,Verified
T0000194,C00180,B006,2025-10-24 10:11:00,Transfer,Branch,886.7,GBP,L013,NG,Business,Salary,5,HK,0,Verified
T0004856,C00200,B005,2025-10-24 10:14:00,International Transfer,Online,190.69,GBP,L006,NL,Own Account,Payment,1,IN,0,Verified
T0005429,C00165,B003,2025-10-24 14:03:00,Transfer,Branch,824.85,GBP,L017,CH,Individual,Transfer,2,US,0,Review Required
T0000755,C00280,B007,2025-10-24 15:45:00,Card,Mobile,1311.3,GBP,L016,HK,Business,Cash,3,AE,0,Verified
T0002517,C00280,B001,2025-10-24 15:58:00,Card,Online,8982.96,GBP,L015,SG,Individual,Purchase,2,AE,0,Verified
T0004388,C00047,B004,2025-10-24 16:03:00,Card,Mobile,1803.43,GBP,L007,IE,Business,Purchase,1,NG,0,Verified
T0004879,C00074,B011,2025-10-24 16:14:00,International Transfer,Branch,694.8,GBP,L007,IE,Individual,Salary,1,AE,0,Verified
T0001388,C00036,B001,2025-10-24 17:28:00,Card,Mobile,2634.87,GBP,L019,IN,Own Account,Purchase,3,FR,0,Verified
T0001352,C00233,B009,2025-10-25 00:22:00,Transfer,Mobile,4526.03,GBP,L014,BR,Individual,Purchase,3,ES,0,Verified
T0002330,C00245,B009,2025-10-25 01:00:00,Card,Online,265.32,GBP,L011,AE,Business,Transfer,4,US,0,Verified
T0003180,C00288,B007,2025-10-25 01:04:00,Transfer,ATM,258.15,GBP,L019,IN,Individual,Purchase,3,FR,0,Verified
T0002592,C00058,B011,2025-10-25 02:05:00,Card,Branch,286.71,GBP,L012,TR,Individual,Transfer,4,DE,0,Verified
T0004971,C00071,B003,2025-10-25 04:51:00,Cash Withdrawal,Mobile,727.28,GBP,L005,IT,Own Account,Salary,1,US,1,Verified
T0003438,C00105,B001,2025-10-25 06:44:00,Cash Withdrawal,Branch,1894.5,GBP,L001,GB,Individual,Transfer,1,US,0,Verified
T0000227,C00090,B009,2025-10-25 06:47:00,Card,Branch,316.72,GBP,L020,ZA,Business,Cash,3,SG,0,Verified
T0004199,C00209,B012,2025-10-25 08:32:00,Cash Deposit,Branch,840.37,GBP,L018,PL,Individual,Cash,2,IT,0,Verified
T0002673,C00009,B008,2025-10-25 12:30:00,Card,Branch,3622.43,GBP,L001,GB,Own Account,Invoice,1,AU,0,Verified
T0006000,C00172,B011,2025-10-25 14:09:00,Card,Online,713.95,GBP,L009,CA,Own Account,Cash,2,NG,0,Verified
T0004648,C00223,B006,2025-10-25 14:43:00,Cash Deposit,Branch,1598.63,GBP,L015,SG,Individual,Cash,2,PL,0,Verified
T0005915,C00084,B009,2025-10-25 14:45:00,International Transfer,Branch,1354.01,GBP,L020,ZA,Business,Payment,3,DE,0,Verified
T0003203,C00285,B012,2025-10-25 14:53:00,Transfer,Mobile,236.15,GBP,L016,HK,Own Account,Payment,3,IN,0,Verified
T0002336,C00292,B008,2025-10-25 15:39:00,International Transfer,ATM,554.4,GBP,L016,HK,Individual,Purchase,3,ZA,0,Verified
T0002564,C00219,B001,2025-10-25 15:44:00,Card,Branch,496.44,GBP,L016,HK,Business,Cash,3,PL,0,Verified
T0001618,C00250,B005,2025-10-25 17:42:00,Transfer,Branch,875.6,GBP,L002,FR,Individual,Transfer,1,ES,0,Review Required
T0000544,C00079,B004,2025-10-25 18:46:00,International Transfer,Mobile,1413.62,GBP,L010,AU,Own Account,Salary,2,PL,0,Verified
T0000059,C00086,B003,2025-10-25 20:39:00,Card,Mobile,2790.8,GBP,L014,BR,Individual,Invoice,3,BR,0,Verified
T0000979,C00001,B002,2025-10-25 20:47:00,Card,ATM,506.6,GBP,L020,ZA,Individual,Payment,3,IE,0,Verified
T0005258,C00109,B008,2025-10-25 21:41:00,Transfer,Mobile,412.81,GBP,L019,IN,Own Account,Salary,3,NG,0,Verified
T0004470,C00264,B005,2025-10-25 21:51:00,Card,ATM,977.41,GBP,L001,GB,Individual,Salary,1,IN,1,Verified
T0003737,C00129,B006,2025-10-25 22:01:00,International Transfer,Branch,135.18,GBP,L007,IE,Own Account,Transfer,1,BR,0,Verified
T0005502,C00117,B006,2025-10-25 22:07:00,International Transfer,ATM,10063.94,GBP,L003,DE,Business,Invoice,1,BR,0,Verified
T0000822,C00158,B006,2025-10-25 23:30:00,Card,Mobile,909.21,GBP,L019,IN,Individual,Cash,3,SG,0,Verified
T0000613,C00134,B002,2025-10-25 23:42:00,Card,ATM,1294.09,GBP,L014,BR,Business,Invoice,3,IE,0,Verified
T0003309,C00168,B008,2025-10-26 01:28:00,Card,Mobile,653.93,GBP,L019,IN,Own Account,Invoice,3,HK,0,Verified
T0001730,C00232,B009,2025-10-26 02:21:00,Card,ATM,1607.29,GBP,L007,IE,Own Account,Invoice,1,IT,0,Verified
T0000977,C00112,B011,2025-10-26 02:25:00,Transfer,Branch,3513.97,GBP,L005,IT,Business,Cash,1,NG,0,Review Required
T0004311,C00251,B010,2025-10-26 06:20:00,International Transfer,Online,820.67,GBP,L020,ZA,Own Account,Transfer,3,ZA,0,Verified
T0004544,C00299,B012,2025-10-26 06:37:00,International Transfer,ATM,4675.7,GBP,L007,IE,Business,Salary,1,AE,0,Verified
T0003869,C00048,B012,2025-10-26 07:17:00,Card,ATM,1249.88,GBP,L016,HK,Own Account,Payment,3,PL,0,Verified
T0001126,C00166,B001,2025-10-26 07:38:00,Card,Mobile,243.02,GBP,L013,NG,Individual,Invoice,5,CA,0,Verified
T0003237,C00250,B011,2025-10-26 08:09:00,Transfer,Online,13079.12,GBP,L009,CA,Business,Salary,2,ES,0,Review Required
T0001379,C00125,B009,2025-10-26 09:13:00,Card,ATM,599.47,GBP,L019,IN,Own Account,Transfer,3,US,0,Verified
T0003181,C00049,B012,2025-10-26 13:58:00,Card,ATM,1703.69,GBP,L016,HK,Business,Transfer,3,IE,0,Verified
T0005565,C00218,B008,2025-10-26 14:27:00,Card,Branch,936.35,GBP,L004,ES,Business,Cash,1,TR,0,Verified
T0000021,C00252,B012,2025-10-26 16:22:00,Transfer,ATM,18.44,GBP,L003,DE,Individual,Purchase,1,IT,1,Verified
T0005617,C00045,B003,2025-10-26 16:51:00,Card,Mobile,579.1,GBP,L016,HK,Individual,Cash,3,US,0,Verified
T0000716,C00035,B003,2025-10-27 00:58:00,Card,Mobile,546.22,GBP,L014,BR,Individual,Cash,3,IN,0,Verified
T0003463,C00137,B010,2025-10-27 03:45:00,Transfer,ATM,548.0,GBP,L015,SG,Business,Transfer,2,US,0,Verified
T0004985,C00218,B003,2025-10-27 06:02:00,Transfer,ATM,2041.4,GBP,L012,TR,Business,Purchase,4,TR,0,Verified
T0002703,C00067,B002,2025-10-27 06:56:00,Transfer,Branch,1426.79,GBP,L005,IT,Own Account,Cash,1,CA,0,Verified
T0003008,C00218,B009,2025-10-27 06:57:00,Card,Mobile,1352.02,GBP,L004,ES,Own Account,Payment,1,TR,0,Verified
T0005926,C00121,B002,2025-10-27 07:01:00,Card,ATM,530.5,GBP,L014,BR,Own Account,Cash,3,IN,0,Verified
T0001118,C00177,B012,2025-10-27 07:15:00,Card,Online,363.46,GBP,L011,AE,Business,Payment,4,PL,0,Verified
T0002429,C00281,B012,2025-10-27 07:55:00,Transfer,Online,4711.84,GBP,L004,ES,Own Account,Payment,1,AU,0,Verified
T0004873,C00186,B003,2025-10-27 08:24:00,International Transfer,ATM,6142.43,GBP,L016,HK,Own Account,Salary,3,AE,0,Verified
T0004504,C00108,B008,2025-10-27 10:21:00,Card,Mobile,398.17,GBP,L020,ZA,Business,Payment,3,IN,0,Verified
T0000253,C00296,B009,2025-10-27 11:37:00,International Transfer,Mobile,67.39,GBP,L001,GB,Own Account,Cash,1,TR,0,Verified
T0000206,C00062,B006,2025-10-27 12:04:00,International Transfer,ATM,441.16,GBP,L009,CA,Own Account,Purchase,2,ES,0,Verified
T0005775,C00068,B005,2025-10-27 12:59:00,Card,ATM,2163.82,GBP,L020,ZA,Own Account,Cash,3,PL,0,Verified
T0004094,C00078,B010,2025-10-27 13:26:00,Card,Branch,582.02,GBP,L009,CA,Individual,Purchase,2,CA,0,Verified
T0001031,C00038,B001,2025-10-27 16:15:00,Card,Mobile,1778.3,GBP,L008,US,Business,Payment,2,US,0,Verified
T0003402,C00244,B012,2025-10-27 16:22:00,Card,Online,2065.97,GBP,L003,DE,Business,Cash,1,PL,0,Verified
T0001695,C00136,B010,2025-10-27 17:16:00,Card,Online,602.42,GBP,L001,GB,Business,Purchase,1,IE,0,Verified
T0003812,C00130,B010,2025-10-27 21:38:00,Cash Withdrawal,Branch,3232.17,GBP,L005,IT,Individual,Transfer,1,PL,0,Verified
T0001237,C00173,B006,2025-10-27 22:12:00,Transfer,Mobile,412.55,GBP,L004,ES,Business,Salary,1,FR,0,Verified
T0004192,C00193,B011,2025-10-28 00:17:00,Cash Deposit,ATM,645.59,GBP,L003,DE,Own Account,Salary,1,AE,0,Verified
T0003824,C00142,B006,2025-10-28 02:00:00,International Transfer,ATM,1324.09,GBP,L018,PL,Individual,Transfer,2,PL,0,Verified
T0002089,C00235,B012,2025-10-28 09:58:00,Card,Mobile,874.25,GBP,L008,US,Individual,Invoice,2,IT,0,Verified
T0000082,C00020,B011,2025-10-28 10:34:00,Transfer,Mobile,644.84,GBP,L006,NL,Individual,Payment,1,IT,0,Verified
T0004043,C00090,B008,2025-10-28 10:45:00,Cash Deposit,Mobile,411.85,GBP,L017,CH,Business,Cash,2,SG,0,Verified
T0003143,C00128,B011,2025-10-28 11:31:00,Card,Branch,782.63,GBP,L013,NG,Individual,Transfer,5,HK,0,Verified
T0005467,C00072,B008,2025-10-28 14:51:00,Transfer,Mobile,2334.53,GBP,L013,NG,Own Account,Salary,5,BR,0,Verified
T0001564,C00187,B010,2025-10-28 18:45:00,Transfer,Online,168.53,GBP,L005,IT,Business,Salary,1,BR,0,Verified
T0005471,C00019,B007,2025-10-28 21:42:00,Card,ATM,304.45,GBP,L006,NL,Own Account,Payment,1,IT,1,Verified
T0004765,C00278,B011,2025-10-28 22:12:00,Cash Deposit,Branch,583.92,GBP,L007,IE,Individual,Purchase,1,DE,0,Verified
T0004946,C00275,B005,2025-10-29 00:09:00,Card,Online,103.3,GBP,L005,IT,Individual,Invoice,1,NL,0,Verified
T0003322,C00040,B007,2025-10-29 00:25:00,Cash Deposit,Mobile,490.65,GBP,L011,AE,Business,Payment,4,FR,0,Verified
T0004125,C00239,B003,2025-10-29 03:12:00,International Transfer,Branch,1014.16,GBP,L018,PL,Own Account,Cash,2,NG,0,Verified
T0005499,C00230,B011,2025-10-29 03:49:00,Card,Mobile,1184.12,GBP,L019,IN,Own Account,Cash,3,PL,0,Verified
T0004780,C00090,B002,2025-10-29 04:33:00,Card,Branch,236.87,GBP,L018,PL,Own Account,Purchase,2,SG,0,Verified
T0005219,C00175,B002,2025-10-29 06:09:00,Transfer,Online,54.78,GBP,L003,DE,Business,Invoice,1,AU,0,Verified
T0003868,C00059,B012,2025-10-29 06:40:00,Cash Deposit,ATM,1679.22,GBP,L003,DE,Individual,Salary,1,TR,0,Verified
T0001899,C00100,B009,2025-10-29 06:47:00,Card,Branch,962.13,GBP,L018,PL,Business,Invoice,2,SG,0,Verified
T0003579,C00215,B001,2025-10-29 08:40:00,Transfer,Online,522.92,GBP,L012,TR,Own Account,Invoice,4,DE,0,Review Required
T0002647,C00141,B004,2025-10-29 09:00:00,Transfer,Branch,3710.88,GBP,L015,SG,Individual,Invoice,2,US,0,Verified
T0002679,C00298,B008,2025-10-29 09:37:00,Card,Online,1485.03,GBP,L019,IN,Own Account,Transfer,3,ES,0,Verified
T0001479,C00280,B003,2025-10-29 09:55:00,International Transfer,Mobile,761.29,GBP,L012,TR,Individual,Payment,4,AE,0,Verified
T0002442,C00201,B008,2025-10-29 11:43:00,Transfer,Online,357.61,GBP,L008,US,Business,Cash,2,GB,0,Verified
T0000571,C00247,B005,2025-10-29 13:09:00,Card,Mobile,2348.74,GBP,L004,ES,Own Account,Payment,1,IT,0,Verified
T0005420,C00083,B010,2025-10-29 16:02:00,International Transfer,Online,619.15,GBP,L001,GB,Business,Cash,1,BR,0,Verified
T0000097,C00078,B010,2025-10-29 17:06:00,Card,Online,381.9,GBP,L003,DE,Business,Transfer,1,CA,0,Verified
T0004070,C00201,B005,2025-10-29 19:02:00,Card,ATM,70.73,GBP,L014,BR,Own Account,Payment,3,GB,0,Verified
T0001696,C00300,B010,2025-10-29 21:51:00,International Transfer,Branch,716.94,GBP,L011,AE,Business,Purchase,4,IT,0,Verified
T0003599,C00087,B006,2025-10-29 22:03:00,Transfer,ATM,1266.88,GBP,L016,HK,Own Account,Invoice,3,BR,0,Verified
T0000282,C00010,B002,2025-10-29 22:45:00,Card,ATM,487.6,GBP,L011,AE,Business,Cash,4,SG,0,Verified
T0004450,C00037,B003,2025-10-29 23:32:00,Transfer,Online,260.18,GBP,L004,ES,Individual,Purchase,1,HK,0,Verified
T0003976,C00098,B005,2025-10-30 00:35:00,Card,Branch,672.35,GBP,L007,IE,Business,Invoice,1,US,0,Verified
T0004220,C00148,B008,2025-10-30 01:16:00,Card,Branch,309.81,GBP,L007,IE,Own Account,Payment,1,NL,0,Verified
T0003074,C00241,B004,2025-10-30 05:23:00,Transfer,Mobile,1817.9,GBP,L015,SG,Individual,Invoice,2,DE,0,Verified
T0002985,C00002,B007,2025-10-30 06:17:00,Cash Deposit,Online,358.65,GBP,L020,ZA,Business,Cash,3,PL,0,Verified
T0003558,C00089,B002,2025-10-30 06:27:00,International Transfer,Mobile,928.26,GBP,L019,IN,Own Account,Purchase,3,BR,0,Verified
T0000094,C00224,B007,2025-10-30 10:04:00,Cash Deposit,Mobile,5636.76,GBP,L008,US,Business,Salary,2,HK,0,Verified
T0002044,C00004,B011,2025-10-30 12:05:00,Transfer,Branch,823.48,GBP,L007,IE,Business,Transfer,1,IT,0,Verified
T0005112,C00084,B005,2025-10-30 15:12:00,Cash Withdrawal,ATM,616.76,GBP,L008,US,Individual,Transfer,2,DE,0,Verified
T0001702,C00121,B004,2025-10-30 17:28:00,Card,Online,658.93,GBP,L004,ES,Business,Payment,1,IN,0,Verified
T0005168,C00265,B010,2025-10-30 19:47:00,Card,Branch,6230.38,GBP,L008,US,Own Account,Payment,2,ZA,0,Verified
T0000297,C00232,B003,2025-10-30 20:36:00,Cash Deposit,Mobile,529.16,GBP,L017,CH,Own Account,Cash,2,IT,0,Verified
T0002826,C00293,B003,2025-10-31 00:34:00,Card,Online,3059.79,GBP,L005,IT,Individual,Cash,1,IT,0,Verified
T0005213,C00156,B004,2025-10-31 04:50:00,Transfer,ATM,151.58,GBP,L019,IN,Business,Cash,3,DE,0,Verified
T0003391,C00175,B005,2025-10-31 06:02:00,Transfer,ATM,3062.6,GBP,L011,AE,Own Account,Purchase,4,AU,0,Verified
T0002537,C00024,B004,2025-10-31 06:34:00,International Transfer,Mobile,390.6,GBP,L016,HK,Individual,Transfer,3,NL,0,Verified
T0002499,C00085,B010,2025-10-31 07:43:00,Card,Mobile,611.06,GBP,L017,CH,Own Account,Payment,2,ES,0,Verified
T0004037,C00056,B006,2025-10-31 11:35:00,Card,Branch,1109.97,GBP,L011,AE,Business,Payment,4,IT,0,Verified
T0003620,C00242,B009,2025-10-31 11:41:00,Card,Online,2525.08,GBP,L008,US,Individual,Salary,2,AE,0,Verified
T0003057,C00045,B005,2025-10-31 12:15:00,Transfer,Branch,1941.4,GBP,L011,AE,Individual,Invoice,4,US,0,Verified
T0000074,C00098,B010,2025-10-31 17:22:00,Cash Deposit,Online,369.04,GBP,L014,BR,Individual,Purchase,3,US,0,Verified
T0005014,C00201,B012,2025-10-31 17:43:00,Card,Mobile,659.18,GBP,L010,AU,Business,Transfer,2,GB,0,Verified
T0001980,C00144,B008,2025-10-31 18:02:00,Card,Mobile,5539.28,GBP,L017,CH,Own Account,Cash,2,ES,0,Verified
T0004597,C00283,B004,2025-10-31 21:44:00,Card,Online,155.21,GBP,L011,AE,Individual,Salary,4,AU,0,Verified
T0005450,C00164,B006,2025-11-01 00:54:00,Card,Branch,1715.5,GBP,L007,IE,Individual,Purchase,1,BR,0,Verified
T0002411,C00129,B002,2025-11-01 02:03:00,Cash Deposit,ATM,1575.85,GBP,L020,ZA,Own Account,Transfer,3,BR,0,Verified
T0005894,C00034,B003,2025-11-01 03:13:00,Transfer,Branch,1216.92,GBP,L018,PL,Individual,Purchase,2,US,0,Verified
T0000568,C00073,B012,2025-11-01 03:44:00,Transfer,ATM,3993.09,GBP,L002,FR,Business,Purchase,1,NL,0,Verified
T0000670,C00074,B008,2025-11-01 04:16:00,Transfer,Branch,80.66,GBP,L001,GB,Business,Invoice,1,AE,0,Verified
T0002373,C00014,B001,2025-11-01 04:49:00,Card,ATM,2647.96,GBP,L018,PL,Own Account,Salary,2,FR,0,Verified
T0001448,C00298,B008,2025-11-01 06:24:00,Cash Withdrawal,ATM,697.18,GBP,L005,IT,Business,Payment,1,ES,0,Verified
T0002115,C00186,B004,2025-11-01 06:44:00,Card,Mobile,473.13,GBP,L007,IE,Own Account,Cash,1,AE,0,Verified
T0001582,C00017,B005,2025-11-01 08:06:00,Card,ATM,3475.2,GBP,L017,CH,Business,Transfer,2,US,0,Verified
T0005090,C00131,B001,2025-11-01 08:44:00,Transfer,Branch,849.43,GBP,L009,CA,Own Account,Salary,2,IN,0,Verified
T0005662,C00069,B012,2025-11-01 09:06:00,Card,Online,1958.45,GBP,L019,IN,Individual,Transfer,3,TR,0,Verified
T0005877,C00245,B011,2025-11-01 10:21:00,Transfer,ATM,2009.83,GBP,L013,NG,Individual,Salary,5,US,0,Verified
T0000224,C00230,B005,2025-11-01 10:53:00,Card,ATM,439.42,GBP,L002,FR,Individual,Cash,1,PL,0,Verified
T0005255,C00136,B009,2025-11-01 12:27:00,Cash Deposit,Mobile,175.46,GBP,L009,CA,Own Account,Payment,2,IE,0,Verified
T0005510,C00177,B001,2025-11-01 13:49:00,Transfer,ATM,2205.76,GBP,L011,AE,Individual,Invoice,4,PL,0,Verified
T0002648,C00114,B009,2025-11-01 15:23:00,Card,Mobile,9407.02,GBP,L008,US,Individual,Salary,2,GB,0,Verified
T0005447,C00146,B011,2025-11-01 16:30:00,Card,Mobile,388.46,GBP,L019,IN,Own Account,Invoice,3,FR,0,Verified
T0003536,C00024,B004,2025-11-01 17:37:00,Card,Online,1254.4,GBP,L011,AE,Business,Invoice,4,NL,0,Verified
T0001674,C00067,B009,2025-11-01 20:13:00,International Transfer,ATM,190.03,GBP,L016,HK,Own Account,Payment,3,CA,0,Verified
T0002132,C00056,B002,2025-11-01 20:48:00,Transfer,Branch,328.2,GBP,L002,FR,Business,Transfer,1,IT,0,Verified
T0005012,C00085,B006,2025-11-01 23:51:00,Card,Mobile,1264.62,GBP,L001,GB,Individual,Salary,1,ES,0,Verified
T0002544,C00191,B010,2025-11-02 01:10:00,Transfer,ATM,1754.6,GBP,L012,TR,Individual,Salary,4,IT,1,Verified
T0000761,C00004,B010,2025-11-02 01:19:00,Card,ATM,559.79,GBP,L006,NL,Own Account,Salary,1,IT,0,Verified
T0004493,C00147,B011,2025-11-02 03:17:00,Transfer,Online,6641.08,GBP,L018,PL,Own Account,Salary,2,GB,0,Verified
T0003642,C00179,B008,2025-11-02 04:46:00,Transfer,Online,888.89,GBP,L003,DE,Own Account,Salary,1,AU,0,Verified
T0000520,C00102,B001,2025-11-02 06:44:00,Cash Deposit,ATM,946.56,GBP,L017,CH,Business,Payment,2,US,0,Verified
T0000217,C00230,B007,2025-11-02 08:43:00,Card,Branch,7005.35,GBP,L013,NG,Own Account,Invoice,5,PL,0,Verified
T0002068,C00164,B002,2025-11-02 08:47:00,Card,ATM,613.78,GBP,L015,SG,Own Account,Salary,2,BR,0,Verified
T0001994,C00218,B012,2025-11-02 11:19:00,Transfer,ATM,378.65,GBP,L015,SG,Own Account,Purchase,2,TR,0,Verified
T0005670,C00024,B011,2025-11-02 13:17:00,Cash Deposit,ATM,1420.53,GBP,L009,CA,Business,Cash,2,NL,0,Verified
T0003055,C00162,B001,2025-11-02 13:31:00,Transfer,Branch,1672.78,GBP,L003,DE,Individual,Transfer,1,SG,0,Verified
T0003745,C00203,B007,2025-11-02 14:02:00,Card,Branch,1001.1,GBP,L005,IT,Individual,Salary,1,BR,0,Verified
T0005314,C00225,B001,2025-11-02 14:19:00,Transfer,Branch,421.05,GBP,L019,IN,Business,Salary,3,IE,0,Verified
T0000515,C00178,B004,2025-11-02 14:47:00,Transfer,ATM,1623.41,GBP,L007,IE,Individual,Invoice,1,ES,0,Verified
T0004008,C00039,B008,2025-11-02 17:00:00,Card,Branch,461.32,GBP,L001,GB,Own Account,Payment,1,BR,0,Verified
T0001526,C00103,B006,2025-11-02 17:02:00,Card,ATM,612.49,GBP,L017,CH,Business,Payment,2,US,0,Verified
T0005142,C00102,B005,2025-11-02 18:10:00,Card,Online,1458.86,GBP,L006,NL,Own Account,Salary,1,US,0,Verified
T0000143,C00265,B010,2025-11-02 18:23:00,International Transfer,Branch,1299.05,GBP,L005,IT,Own Account,Salary,1,ZA,0,Verified
T0003010,C00039,B003,2025-11-02 19:10:00,Card,ATM,1562.49,GBP,L019,IN,Business,Transfer,3,BR,0,Verified
T0004553,C00217,B006,2025-11-02 19:29:00,Transfer,Branch,1606.19,GBP,L008,US,Own Account,Purchase,2,ES,0,Verified
T0000499,C00038,B002,2025-11-02 19:32:00,Card,Branch,753.49,GBP,L004,ES,Own Account,Invoice,1,US,0,Verified
T0000678,C00078,B012,2025-11-02 19:42:00,Cash Withdrawal,Branch,1986.66,GBP,L011,AE,Individual,Salary,4,CA,0,Verified
T0004715,C00115,B006,2025-11-02 21:00:00,Transfer,Mobile,1868.87,GBP,L017,CH,Own Account,Payment,2,NL,0,Verified
T0005883,C00084,B003,2025-11-03 02:24:00,Cash Deposit,ATM,100.05,GBP,L014,BR,Business,Cash,3,DE,0,Verified
T0005365,C00050,B011,2025-11-03 04:57:00,Card,Branch,4050.59,GBP,L019,IN,Individual,Purchase,3,AE,0,Verified
T0002061,C00168,B001,2025-11-03 05:20:00,Card,Mobile,119.68,GBP,L015,SG,Business,Payment,2,HK,0,Verified
T0004535,C00141,B008,2025-11-03 05:31:00,Card,Online,1696.8,GBP,L005,IT,Individual,Salary,1,US,0,Verified
T0004724,C00177,B004,2025-11-03 06:20:00,Card,Branch,4512.45,GBP,L002,FR,Own Account,Purchase,1,PL,0,Verified
T0000061,C00137,B010,2025-11-03 07:09:00,Card,Online,783.69,GBP,L003,DE,Business,Purchase,1,US,0,Verified
T0003188,C00058,B009,2025-11-03 08:16:00,Card,Branch,589.65,GBP,L013,NG,Individual,Purchase,5,DE,0,Verified
T0003507,C00005,B007,2025-11-03 09:04:00,Transfer,ATM,3072.0,GBP,L018,PL,Individual,Invoice,2,ES,0,Verified
T0001575,C00174,B004,2025-11-03 09:28:00,Cash Withdrawal,Mobile,4910.01,GBP,L016,HK,Own Account,Purchase,3,SG,0,Verified
T0003955,C00233,B005,2025-11-03 10:28:00,International Transfer,ATM,638.88,GBP,L008,US,Own Account,Salary,2,ES,0,Verified
T0002627,C00021,B007,2025-11-03 13:13:00,Cash Withdrawal,Branch,577.49,GBP,L010,AU,Own Account,Purchase,2,NG,0,Verified
T0001193,C00168,B001,2025-11-03 13:51:00,Transfer,Online,409.43,GBP,L015,SG,Individual,Payment,2,HK,0,Verified
T0001918,C00253,B007,2025-11-03 15:39:00,Card,ATM,271.89,GBP,L013,NG,Business,Transfer,5,PL,0,Verified
T0004323,C00218,B004,2025-11-03 15:48:00,Transfer,ATM,2740.83,GBP,L001,GB,Individual,Salary,1,TR,0,Verified
T0004737,C00220,B002,2025-11-03 17:38:00,Cash Deposit,Branch,114.51,GBP,L006,NL,Business,Purchase,1,SG,0,Verified
T0004584,C00075,B004,2025-11-03 19:27:00,Transfer,Branch,812.66,GBP,L019,IN,Own Account,Cash,3,ES,1,Verified
T0005724,C00115,B007,2025-11-03 19:39:00,Cash Withdrawal,ATM,296.03,GBP,L005,IT,Individual,Salary,1,NL,0,Verified
T0003082,C00095,B007,2025-11-03 23:02:00,Card,Branch,2109.77,GBP,L016,HK,Individual,Cash,3,IN,0,Verified
T0003387,C00076,B010,2025-11-04 01:31:00,Card,Mobile,357.65,GBP,L019,IN,Own Account,Transfer,3,SG,0,Verified
T0001292,C00121,B011,2025-11-04 04:32:00,Transfer,Branch,1517.09,GBP,L004,ES,Own Account,Invoice,1,IN,0,Verified
T0005999,C00173,B001,2025-11-04 04:33:00,International Transfer,Branch,266.97,GBP,L006,NL,Own Account,Invoice,1,FR,0,Verified
T0004787,C00141,B004,2025-11-04 05:44:00,Transfer,Online,2461.66,GBP,L006,NL,Individual,Invoice,1,US,0,Verified
T0003075,C00213,B009,2025-11-04 09:22:00,Card,Mobile,123.49,GBP,L015,SG,Own Account,Transfer,2,CA,0,Review Required
T0004327,C00204,B012,2025-11-04 10:05:00,International Transfer,Branch,1179.49,GBP,L005,IT,Individual,Salary,1,NG,0,Verified
T0001251,C00103,B011,2025-11-04 13:30:00,Card,ATM,703.68,GBP,L008,US,Individual,Cash,2,US,0,Verified
T0000645,C00032,B005,2025-11-04 13:59:00,Transfer,ATM,2353.2,GBP,L009,CA,Business,Payment,2,PL,0,Verified
T0000359,C00220,B007,2025-11-04 14:19:00,Transfer,Mobile,2205.48,GBP,L007,IE,Individual,Cash,1,SG,0,Verified
T0001312,C00254,B010,2025-11-04 14:58:00,Cash Withdrawal,Mobile,4564.92,GBP,L003,DE,Individual,Payment,1,BR,0,Verified
T0004681,C00007,B011,2025-11-04 16:28:00,Card,Mobile,472.8,GBP,L018,PL,Individual,Payment,2,NG,0,Verified
T0004436,C00186,B011,2025-11-04 17:19:00,Transfer,Mobile,658.63,GBP,L002,FR,Individual,Transfer,1,AE,0,Verified
T0004679,C00151,B003,2025-11-04 17:58:00,Card,Mobile,163.2,GBP,L013,NG,Own Account,Payment,5,US,0,Verified
T0003384,C00226,B010,2025-11-04 20:55:00,International Transfer,Online,453.57,GBP,L005,IT,Business,Invoice,1,TR,0,Verified
T0003212,C00022,B009,2025-11-04 21:24:00,Card,Branch,690.86,GBP,L020,ZA,Business,Cash,3,PL,0,Verified
T0005513,C00101,B006,2025-11-05 00:41:00,Transfer,Online,56.25,GBP,L004,ES,Individual,Invoice,1,PL,0,Verified
T0005985,C00168,B008,2025-11-05 01:08:00,Card,Online,569.06,GBP,L016,HK,Own Account,Cash,3,HK,0,Verified
T0002405,C00256,B001,2025-11-05 01:39:00,Card,Online,1329.36,GBP,L003,DE,Own Account,Cash,1,AU,0,Verified
T0002844,C00092,B012,2025-11-05 01:48:00,Transfer,Online,439.07,GBP,L003,DE,Individual,Purchase,1,ZA,0,Verified
T0000511,C00182,B010,2025-11-05 03:36:00,Card,Online,1153.44,GBP,L003,DE,Business,Salary,1,BR,0,Verified
T0000405,C00021,B010,2025-11-05 03:49:00,International Transfer,Mobile,976.24,GBP,L015,SG,Individual,Purchase,2,NG,0,Verified
T0001791,C00288,B004,2025-11-05 10:28:00,Card,ATM,55.01,GBP,L011,AE,Own Account,Transfer,4,FR,0,Verified
T0000910,C00114,B002,2025-11-05 12:19:00,Cash Deposit,Mobile,7180.97,GBP,L012,TR,Individual,Transfer,4,GB,0,Verified
T0004044,C00003,B011,2025-11-05 12:47:00,Transfer,Mobile,852.82,GBP,L004,ES,Individual,Payment,1,GB,0,Verified
T0004484,C00240,B007,2025-11-05 14:04:00,Transfer,Online,1574.36,GBP,L010,AU,Business,Salary,2,SG,0,Verified
T0004384,C00168,B012,2025-11-05 14:15:00,Cash Withdrawal,Online,154.2,GBP,L005,IT,Individual,Invoice,1,HK,0,Verified
T0002101,C00276,B005,2025-11-05 14:20:00,Card,Online,3124.18,GBP,L001,GB,Business,Payment,1,TR,0,Verified
T0004542,C00180,B009,2025-11-05 17:19:00,Card,Mobile,1953.02,GBP,L003,DE,Business,Invoice,1,HK,0,Verified
T0000033,C00028,B009,2025-11-05 19:01:00,Cash Deposit,Branch,1650.47,GBP,L020,ZA,Individual,Purchase,3,ES,0,Verified
T0004607,C00133,B012,2025-11-05 20:13:00,Card,Branch,1188.05,GBP,L005,IT,Individual,Purchase,1,NG,0,Verified
T0002662,C00260,B011,2025-11-05 20:58:00,Card,Branch,2673.12,GBP,L008,US,Individual,Payment,2,IN,0,Verified
T0002784,C00174,B008,2025-11-05 21:00:00,Card,ATM,473.6,GBP,L007,IE,Own Account,Salary,1,SG,0,Verified
T0005639,C00271,B012,2025-11-05 22:54:00,Transfer,Branch,760.42,GBP,L009,CA,Individual,Transfer,2,NG,0,Verified
T0000008,C00116,B004,2025-11-05 23:09:00,Transfer,Mobile,386.02,GBP,L004,ES,Own Account,Invoice,1,AE,0,Verified
T0000245,C00279,B003,2025-11-06 00:50:00,Transfer,Branch,1194.46,GBP,L009,CA,Own Account,Salary,2,IN,0,Verified
T0003949,C00190,B003,2025-11-06 10:12:00,Card,Mobile,425.26,GBP,L001,GB,Business,Transfer,1,SG,0,Verified
T0001150,C00055,B006,2025-11-06 10:17:00,International Transfer,ATM,1364.96,GBP,L016,HK,Individual,Payment,3,CA,0,Verified
T0003596,C00215,B012,2025-11-06 11:29:00,Card,ATM,551.59,GBP,L013,NG,Own Account,Cash,5,DE,0,Review Required
T0001469,C00246,B005,2025-11-06 13:59:00,Transfer,ATM,336.48,GBP,L013,NG,Own Account,Payment,5,ES,0,Verified
T0000756,C00276,B009,2025-11-06 14:09:00,Card,Online,1714.84,GBP,L013,NG,Business,Salary,5,TR,0,Verified
T0001645,C00253,B012,2025-11-06 14:23:00,Card,Branch,2838.86,GBP,L002,FR,Business,Payment,1,PL,0,Verified
T0005925,C00059,B009,2025-11-06 14:26:00,Card,Online,2657.73,GBP,L011,AE,Business,Transfer,4,TR,0,Verified
T0004362,C00067,B003,2025-11-06 15:04:00,Transfer,ATM,6361.44,GBP,L008,US,Individual,Invoice,2,CA,0,Verified
T0000248,C00185,B011,2025-11-06 15:48:00,Card,ATM,4515.23,GBP,L005,IT,Individual,Payment,1,AE,0,Verified
T0002901,C00018,B011,2025-11-06 16:08:00,Card,Online,1014.69,GBP,L011,AE,Business,Cash,4,BR,0,Verified
T0000348,C00211,B009,2025-11-06 21:03:00,Card,Mobile,2781.31,GBP,L004,ES,Own Account,Cash,1,AE,1,Verified
T0001463,C00013,B008,2025-11-06 21:29:00,Card,Branch,2150.88,GBP,L018,PL,Own Account,Payment,2,PL,0,Verified
T0001515,C00092,B003,2025-11-06 21:57:00,Cash Withdrawal,Mobile,793.4,GBP,L001,GB,Business,Invoice,1,ZA,0,Verified
T0002616,C00167,B007,2025-11-06 23:41:00,Card,Online,245.01,GBP,L002,FR,Own Account,Purchase,1,SG,0,Verified
T0003339,C00156,B012,2025-11-06 23:44:00,Cash Deposit,Branch,959.64,GBP,L009,CA,Individual,Payment,2,DE,0,Verified
T0000488,C00014,B005,2025-11-07 00:15:00,Cash Deposit,ATM,2061.87,GBP,L015,SG,Own Account,Transfer,2,FR,0,Verified
T0004241,C00180,B007,2025-11-07 01:58:00,Transfer,Mobile,10905.85,GBP,L013,NG,Business,Cash,5,HK,0,Verified
T0000698,C00095,B005,2025-11-07 03:55:00,Cash Deposit,Branch,1031.55,GBP,L003,DE,Own Account,Salary,1,IN,0,Verified
T0000345,C00237,B001,2025-11-07 04:09:00,Transfer,Mobile,2966.26,GBP,L002,FR,Own Account,Cash,1,SG,0,Verified
T0003399,C00030,B011,2025-11-07 08:11:00,International Transfer,Online,9256.96,GBP,L015,SG,Individual,Salary,2,PL,0,Verified
T0002641,C00245,B011,2025-11-07 09:09:00,Cash Deposit,Mobile,197.83,GBP,L009,CA,Business,Cash,2,US,0,Verified
T0004150,C00063,B002,2025-11-07 10:43:00,Transfer,Online,446.47,GBP,L015,SG,Own Account,Purchase,2,ES,0,Verified
T0001710,C00241,B007,2025-11-07 11:06:00,International Transfer,Mobile,3075.11,GBP,L010,AU,Individual,Cash,2,DE,0,Verified
T0004667,C00199,B004,2025-11-07 11:17:00,Card,Branch,1001.74,GBP,L012,TR,Individual,Invoice,4,ZA,0,Verified
T0005157,C00134,B012,2025-11-07 11:41:00,International Transfer,Mobile,1186.12,GBP,L016,HK,Individual,Transfer,3,IE,0,Verified
T0001993,C00179,B012,2025-11-07 13:17:00,Cash Withdrawal,Branch,644.21,GBP,L008,US,Business,Purchase,2,AU,0,Verified
T0000819,C00009,B003,2025-11-07 16:14:00,Transfer,Online,2799.72,GBP,L015,SG,Individual,Transfer,2,AU,0,Verified
T0005673,C00219,B004,2025-11-07 17:27:00,Card,ATM,702.42,GBP,L004,ES,Business,Cash,1,PL,0,Verified
T0003429,C00069,B004,2025-11-07 17:27:00,International Transfer,Online,323.01,GBP,L017,CH,Business,Payment,2,TR,0,Verified
T0000010,C00264,B009,2025-11-07 17:41:00,Cash Deposit,Mobile,3840.48,GBP,L003,DE,Business,Cash,1,IN,1,Verified
T0000590,C00010,B012,2025-11-07 19:03:00,Card,Branch,1707.43,GBP,L008,US,Individual,Salary,2,SG,0,Verified
T0000353,C00198,B005,2025-11-07 21:05:00,Transfer,Branch,417.42,GBP,L004,ES,Own Account,Transfer,1,BR,0,Verified
T0003570,C00029,B008,2025-11-07 22:17:00,Cash Withdrawal,ATM,2146.99,GBP,L008,US,Own Account,Cash,2,IN,0,Verified
T0003120,C00213,B006,2025-11-08 00:34:00,Transfer,Online,578.36,GBP,L017,CH,Individual,Salary,2,CA,0,Review Required
T0000740,C00056,B006,2025-11-08 02:26:00,International Transfer,Mobile,1081.57,GBP,L007,IE,Individual,Payment,1,IT,0,Verified
T0001827,C00274,B008,2025-11-08 02:38:00,Cash Withdrawal,Online,1634.02,GBP,L017,CH,Business,Salary,2,NG,1,Verified
T0000389,C00196,B005,2025-11-08 04:58:00,Card,Online,1700.54,GBP,L003,DE,Individual,Transfer,1,AU,0,Verified
T0002797,C00053,B002,2025-11-08 05:30:00,Cash Withdrawal,ATM,1390.92,GBP,L007,IE,Business,Invoice,1,IN,0,Verified
T0003373,C00271,B002,2025-11-08 05:55:00,Card,Branch,2963.21,GBP,L012,TR,Individual,Purchase,4,NG,0,Verified
T0002251,C00181,B005,2025-11-08 07:57:00,International Transfer,Online,556.97,GBP,L004,ES,Individual,Cash,1,ZA,0,Verified
T0001229,C00082,B009,2025-11-08 09:30:00,Card,Online,405.8,GBP,L013,NG,Own Account,Transfer,5,CH,0,Verified
T0005996,C00031,B005,2025-11-08 09:38:00,International Transfer,Mobile,1080.16,GBP,L012,TR,Business,Purchase,4,NL,0,Review Required
T0004174,C00079,B011,2025-11-08 12:04:00,Card,Online,174.87,GBP,L019,IN,Business,Purchase,3,PL,0,Verified
T0004149,C00080,B004,2025-11-08 13:16:00,Card,ATM,2633.97,GBP,L014,BR,Own Account,Transfer,3,CA,0,Verified
T0002157,C00275,B005,2025-11-08 14:46:00,Card,Branch,2943.92,GBP,L018,PL,Business,Transfer,2,NL,0,Verified
T0001755,C00044,B007,2025-11-08 15:57:00,Cash Withdrawal,Mobile,55.86,GBP,L011,AE,Own Account,Salary,4,PL,0,Review Required
T0005293,C00227,B012,2025-11-08 17:02:00,Card,Mobile,1136.44,GBP,L009,CA,Own Account,Payment,2,IE,0,Verified
T0003414,C00247,B002,2025-11-08 17:34:00,Card,ATM,5856.41,GBP,L010,AU,Business,Purchase,2,IT,0,Verified
T0000554,C00050,B003,2025-11-08 23:00:00,Card,Branch,1501.98,GBP,L010,AU,Individual,Invoice,2,AE,0,Verified
T0003198,C00129,B005,2025-11-09 00:00:00,Transfer,Branch,124.61,GBP,L017,CH,Own Account,Payment,2,BR,0,Verified
T0005216,C00187,B001,2025-11-09 00:47:00,Card,Mobile,411.58,GBP,L009,CA,Individual,Payment,2,BR,0,Verified
T0003412,C00222,B008,2025-11-09 02:57:00,Card,ATM,1632.53,GBP,L003,DE,Individual,Transfer,1,US,0,Verified
T0004835,C00156,B009,2025-11-09 03:45:00,Cash Deposit,ATM,2646.81,GBP,L001,GB,Own Account,Payment,1,DE,0,Verified
T0000383,C00039,B004,2025-11-09 05:57:00,Card,Online,1054.6,GBP,L009,CA,Own Account,Payment,2,BR,0,Verified
T0004038,C00280,B010,2025-11-09 06:14:00,Card,ATM,258.5,GBP,L019,IN,Individual,Invoice,3,AE,0,Verified
T0005548,C00002,B005,2025-11-09 07:38:00,International Transfer,Branch,2920.81,GBP,L001,GB,Individual,Purchase,1,PL,0,Verified
T0005100,C00234,B011,2025-11-09 11:56:00,International Transfer,ATM,2981.39,GBP,L015,SG,Business,Payment,2,US,0,Verified
T0005646,C00195,B009,2025-11-09 13:37:00,Transfer,Mobile,617.45,GBP,L007,IE,Business,Salary,1,BR,0,Verified
T0001777,C00268,B007,2025-11-09 14:20:00,Card,ATM,4932.77,GBP,L015,SG,Business,Invoice,2,US,0,Verified
T0001002,C00063,B009,2025-11-09 15:07:00,Card,ATM,859.27,GBP,L002,FR,Business,Invoice,1,ES,0,Verified
T0003863,C00288,B011,2025-11-09 15:22:00,Cash Deposit,Mobile,562.2,GBP,L009,CA,Own Account,Invoice,2,FR,0,Verified
T0001241,C00048,B006,2025-11-09 17:16:00,Transfer,Branch,1187.54,GBP,L007,IE,Own Account,Transfer,1,PL,0,Verified
T0002891,C00080,B005,2025-11-09 19:28:00,Card,Mobile,256.06,GBP,L017,CH,Own Account,Transfer,2,CA,0,Verified
T0001377,C00175,B006,2025-11-09 21:16:00,Card,Mobile,1110.45,GBP,L009,CA,Business,Purchase,2,AU,0,Verified
T0002269,C00152,B011,2025-11-09 21:44:00,Card,Mobile,837.81,GBP,L005,IT,Business,Salary,1,ZA,0,Verified
T0004245,C00028,B007,2025-11-09 22:40:00,Cash Withdrawal,Online,82.69,GBP,L006,NL,Individual,Transfer,1,ES,0,Verified
T0002586,C00199,B009,2025-11-09 23:32:00,Card,Online,7153.2,GBP,L004,ES,Own Account,Payment,1,ZA,0,Verified
T0004857,C00205,B012,2025-11-10 00:01:00,Transfer,Online,342.96,GBP,L001,GB,Business,Cash,1,TR,0,Review Required
T0003602,C00060,B010,2025-11-10 02:37:00,Cash Deposit,Online,4053.8,GBP,L017,CH,Business,Purchase,2,SG,0,Review Required
T0001783,C00255,B001,2025-11-10 02:47:00,International Transfer,Branch,148.61,GBP,L007,IE,Own Account,Payment,1,PL,0,Verified
T0003692,C00264,B003,2025-11-10 08:07:00,Card,Online,428.34,GBP,L007,IE,Individual,Payment,1,IN,1,Verified
T0005436,C00197,B006,2025-11-10 08:49:00,Card,Online,990.56,GBP,L010,AU,Individual,Purchase,2,AU,0,Verified
T0001136,C00016,B006,2025-11-10 10:40:00,Card,Online,123.58,GBP,L018,PL,Individual,Cash,2,NG,0,Verified
T0001304,C00266,B004,2025-11-10 17:23:00,Card,ATM,1108.0,GBP,L006,NL,Own Account,Salary,1,IT,0,Verified
T0000382,C00265,B007,2025-11-10 17:29:00,Transfer,Branch,181.24,GBP,L015,SG,Individual,Invoice,2,ZA,0,Verified
T0004448,C00276,B012,2025-11-10 17:36:00,Transfer,Branch,1166.45,GBP,L019,IN,Own Account,Transfer,3,TR,0,Verified
T0005950,C00176,B005,2025-11-10 18:47:00,Transfer,Online,827.41,GBP,L015,SG,Individual,Transfer,2,ZA,0,Verified
T0004478,C00081,B011,2025-11-10 20:36:00,Transfer,ATM,3957.56,GBP,L012,TR,Own Account,Cash,4,BR,0,Verified
T0000314,C00103,B008,2025-11-10 21:20:00,Card,Online,1906.33,GBP,L015,SG,Own Account,Cash,2,US,0,Verified
T0001668,C00023,B006,2025-11-10 22:33:00,Card,ATM,210.5,GBP,L014,BR,Individual,Salary,3,PL,0,Verified
T0001186,C00040,B006,2025-11-10 23:13:00,Transfer,ATM,413.79,GBP,L008,US,Own Account,Salary,2,FR,0,Verified
T0002272,C00151,B011,2025-11-11 02:04:00,Card,Branch,1861.7,GBP,L004,ES,Business,Payment,1,US,0,Verified
T0003777,C00155,B009,2025-11-11 03:32:00,Card,Online,4786.44,GBP,L015,SG,Business,Transfer,2,CA,0,Verified
T0004657,C00092,B009,2025-11-11 05:16:00,Transfer,Branch,3808.87,GBP,L018,PL,Individual,Payment,2,ZA,0,Verified
T0005463,C00095,B006,2025-11-11 06:39:00,Card,Online,1479.73,GBP,L004,ES,Own Account,Purchase,1,IN,0,Verified
T0003117,C00080,B005,2025-11-11 08:19:00,Cash Withdrawal,Branch,341.0,GBP,L010,AU,Business,Invoice,2,CA,0,Verified
T0004636,C00271,B007,2025-11-11 11:42:00,Card,Online,717.05,GBP,L001,GB,Business,Transfer,1,NG,0,Verified
T0001430,C00092,B011,2025-11-11 13:30:00,Card,Online,190.85,GBP,L006,NL,Individual,Cash,1,ZA,0,Verified
T0000787,C00290,B005,2025-11-11 13:36:00,Card,Branch,148.51,GBP,L016,HK,Own Account,Transfer,3,AE,0,Verified
T0000807,C00145,B007,2025-11-11 14:20:00,Card,Online,473.53,GBP,L014,BR,Own Account,Cash,3,AU,0,Verified
T0002307,C00176,B003,2025-11-11 14:24:00,International Transfer,Branch,470.35,GBP,L002,FR,Own Account,Salary,1,ZA,0,Verified
T0002601,C00185,B001,2025-11-11 16:28:00,International Transfer,Mobile,300.91,GBP,L014,BR,Own Account,Invoice,3,AE,0,Verified
T0002650,C00243,B006,2025-11-11 16:36:00,Card,Mobile,424.02,GBP,L020,ZA,Business,Purchase,3,CH,0,Verified
T0000474,C00001,B001,2025-11-11 19:55:00,Cash Withdrawal,ATM,386.73,GBP,L020,ZA,Business,Salary,3,IE,0,Verified
T0004170,C00221,B007,2025-11-11 20:37:00,Card,ATM,154.33,GBP,L003,DE,Individual,Payment,1,FR,0,Verified
T0003358,C00099,B008,2025-11-11 21:25:00,Transfer,Mobile,2578.96,GBP,L020,ZA,Individual,Salary,3,SG,0,Verified
T0000555,C00231,B008,2025-11-12 00:28:00,Card,ATM,707.35,GBP,L018,PL,Individual,Purchase,2,IT,0,Verified
T0005528,C00288,B003,2025-11-12 02:20:00,Cash Deposit,Branch,553.67,GBP,L016,HK,Business,Invoice,3,FR,0,Verified
T0004473,C00038,B010,2025-11-12 03:42:00,Cash Withdrawal,ATM,138.6,GBP,L004,ES,Business,Cash,1,US,0,Verified
T0000808,C00096,B003,2025-11-12 06:19:00,Card,Online,2452.32,GBP,L007,IE,Business,Payment,1,IT,0,Verified
T0003621,C00106,B009,2025-11-12 06:25:00,Card,Online,2416.73,GBP,L016,HK,Business,Transfer,3,BR,0,Verified
T0005676,C00136,B002,2025-11-12 08:02:00,Transfer,ATM,410.58,GBP,L017,CH,Business,Cash,2,IE,0,Verified
T0001326,C00215,B005,2025-11-12 09:52:00,Card,Mobile,793.25,GBP,L006,NL,Own Account,Invoice,1,DE,0,Review Required
T0004155,C00049,B010,2025-11-12 10:23:00,Cash Deposit,ATM,1055.11,GBP,L006,NL,Own Account,Salary,1,IE,0,Verified
T0001977,C00038,B010,2025-11-12 13:00:00,International Transfer,Online,679.24,GBP,L019,IN,Individual,Cash,3,US,0,Verified
T0003218,C00044,B008,2025-11-12 15:02:00,International Transfer,Online,1166.77,GBP,L007,IE,Business,Transfer,1,PL,0,Review Required
T0002538,C00195,B008,2025-11-12 16:17:00,Card,Online,1412.23,GBP,L009,CA,Business,Cash,2,BR,0,Verified
T0001172,C00099,B003,2025-11-12 17:44:00,Card,ATM,1230.68,GBP,L020,ZA,Own Account,Purchase,3,SG,0,Verified
T0000268,C00136,B005,2025-11-12 18:16:00,Card,Online,1102.77,GBP,L017,CH,Individual,Invoice,2,IE,0,Verified
T0004084,C00102,B009,2025-11-12 19:21:00,Cash Deposit,Mobile,704.45,GBP,L004,ES,Individual,Cash,1,US,0,Verified
T0002106,C00240,B012,2025-11-12 21:55:00,Card,ATM,303.13,GBP,L003,DE,Business,Invoice,1,SG,0,Verified
T0004481,C00040,B008,2025-11-13 01:05:00,Transfer,Branch,1292.39,GBP,L005,IT,Business,Payment,1,FR,0,Verified
T0004087,C00268,B009,2025-11-13 03:56:00,International Transfer,ATM,2087.0,GBP,L005,IT,Business,Payment,1,US,0,Verified
T0004994,C00158,B009,2025-11-13 06:24:00,Transfer,ATM,898.97,GBP,L005,IT,Individual,Cash,1,SG,0,Verified
T0004943,C00112,B004,2025-11-13 08:04:00,International Transfer,Mobile,1271.96,GBP,L018,PL,Individual,Invoice,2,NG,0,Review Required
T0004668,C00143,B009,2025-11-13 10:30:00,Card,Online,324.42,GBP,L004,ES,Business,Cash,1,HK,0,Verified
T0000687,C00247,B002,2025-11-13 11:02:00,Card,Online,1970.4,GBP,L007,IE,Individual,Purchase,1,IT,0,Verified
T0003934,C00216,B001,2025-11-13 11:02:00,Card,Branch,1501.65,GBP,L014,BR,Business,Salary,3,PL,0,Verified
T0005786,C00217,B012,2025-11-13 12:05:00,Transfer,ATM,509.01,GBP,L008,US,Individual,Purchase,2,ES,0,Verified
T0000162,C00060,B002,2025-11-13 13:34:00,Card,Branch,2328.1,GBP,L014,BR,Business,Purchase,3,SG,0,Review Required
T0000249,C00157,B001,2025-11-13 14:37:00,Card,Branch,236.13,GBP,L018,PL,Individual,Transfer,2,HK,0,Verified
T0004722,C00091,B007,2025-11-13 15:47:00,Card,Mobile,840.04,GBP,L012,TR,Individual,Invoice,4,NL,0,Verified
T0005185,C00266,B009,2025-11-13 17:14:00,Cash Withdrawal,Mobile,489.26,GBP,L015,SG,Business,Transfer,2,IT,0,Verified
T0005647,C00084,B009,2025-11-13 18:33:00,Transfer,Mobile,9954.31,GBP,L014,BR,Own Account,Payment,3,DE,0,Verified
T0001403,C00298,B006,2025-11-13 18:50:00,Cash Deposit,Branch,854.95,GBP,L019,IN,Individual,Cash,3,ES,0,Verified
T0002541,C00067,B001,2025-11-13 19:21:00,Card,Mobile,991.72,GBP,L015,SG,Own Account,Transfer,2,CA,0,Verified
T0000811,C00133,B001,2025-11-13 19:36:00,Card,ATM,460.86,GBP,L018,PL,Own Account,Purchase,2,NG,0,Verified
T0005226,C00164,B012,2025-11-13 19:57:00,Card,Mobile,1310.6,GBP,L003,DE,Own Account,Cash,1,BR,0,Verified
T0003643,C00267,B005,2025-11-13 20:21:00,Card,ATM,787.95,GBP,L013,NG,Own Account,Purchase,5,HK,0,Verified
T0005671,C00247,B003,2025-11-13 20:33:00,Transfer,Branch,759.22,GBP,L015,SG,Individual,Invoice,2,IT,0,Verified
T0002799,C00279,B001,2025-11-13 21:41:00,International Transfer,Mobile,734.37,GBP,L010,AU,Own Account,Purchase,2,IN,0,Verified
T0003826,C00197,B011,2025-11-13 22:23:00,International Transfer,Branch,540.13,GBP,L004,ES,Own Account,Cash,1,AU,0,Verified
T0003245,C00078,B006,2025-11-13 22:35:00,Cash Withdrawal,ATM,3638.73,GBP,L010,AU,Own Account,Cash,2,CA,0,Verified
T0005149,C00244,B002,2025-11-14 00:16:00,Cash Deposit,Mobile,1981.39,GBP,L017,CH,Own Account,Invoice,2,PL,0,Verified
T0004071,C00175,B001,2025-11-14 00:55:00,Transfer,Mobile,710.32,GBP,L008,US,Own Account,Invoice,2,AU,0,Verified
T0003257,C00011,B006,2025-11-14 03:11:00,Card,Mobile,1375.31,GBP,L007,IE,Business,Payment,1,IE,0,Verified
T0005414,C00018,B006,2025-11-14 04:10:00,Card,Online,2363.06,GBP,L019,IN,Individual,Cash,3,BR,0,Verified
T0005872,C00200,B010,2025-11-14 04:17:00,Card,ATM,858.36,GBP,L008,US,Business,Transfer,2,IN,0,Verified
T0002771,C00196,B007,2025-11-14 04:29:00,Cash Deposit,Branch,457.68,GBP,L002,FR,Individual,Payment,1,AU,0,Verified
T0000450,C00178,B011,2025-11-14 04:54:00,Card,Branch,1087.08,GBP,L011,AE,Individual,Invoice,4,ES,0,Verified
T0004273,C00112,B002,2025-11-14 05:15:00,International Transfer,Online,907.86,GBP,L011,AE,Individual,Invoice,4,NG,0,Review Required
T0001226,C00033,B008,2025-11-14 12:46:00,Transfer,Branch,1938.84,GBP,L013,NG,Own Account,Purchase,5,TR,0,Verified
T0003526,C00149,B012,2025-11-14 14:58:00,Card,ATM,208.63,GBP,L016,HK,Individual,Salary,3,DE,0,Verified
T0003988,C00254,B010,2025-11-14 23:23:00,Cash Deposit,Online,1383.95,GBP,L001,GB,Own Account,Transfer,1,BR,0,Verified
T0002003,C00169,B010,2025-11-14 23:56:00,Cash Withdrawal,Branch,1615.49,GBP,L001,GB,Individual,Invoice,1,AE,0,Verified
T0001825,C00117,B002,2025-11-15 02:03:00,Card,Mobile,1855.71,GBP,L011,AE,Own Account,Purchase,4,BR,0,Verified
T0005008,C00269,B006,2025-11-15 02:58:00,International Transfer,Mobile,1255.61,GBP,L015,SG,Business,Cash,2,FR,1,Verified
T0001214,C00194,B003,2025-11-15 04:08:00,Cash Deposit,Mobile,433.62,GBP,L018,PL,Individual,Payment,2,DE,0,Verified
T0000985,C00187,B009,2025-11-15 04:11:00,Transfer,Branch,1004.54,GBP,L007,IE,Individual,Purchase,1,BR,0,Verified
T0004235,C00072,B003,2025-11-15 06:00:00,Cash Deposit,ATM,132.3,GBP,L014,BR,Individual,Purchase,3,BR,0,Verified
T0000528,C00193,B011,2025-11-15 07:46:00,International Transfer,ATM,450.52,GBP,L010,AU,Own Account,Salary,2,AE,0,Verified
T0000660,C00277,B005,2025-11-15 09:29:00,Transfer,ATM,283.64,GBP,L012,TR,Own Account,Payment,4,CA,0,Verified
T0004249,C00187,B001,2025-11-15 11:53:00,Card,Mobile,870.68,GBP,L014,BR,Individual,Purchase,3,BR,0,Verified
T0000494,C00075,B007,2025-11-15 12:25:00,Card,Mobile,1194.43,GBP,L012,TR,Own Account,Salary,4,ES,1,Verified
T0000219,C00232,B012,2025-11-15 14:42:00,Transfer,Branch,646.32,GBP,L014,BR,Business,Salary,3,IT,0,Verified
T0003748,C00126,B007,2025-11-15 15:04:00,Transfer,ATM,867.81,GBP,L002,FR,Individual,Salary,1,IN,0,Verified
T0005575,C00128,B007,2025-11-15 15:21:00,Card,Mobile,4142.34,GBP,L014,BR,Business,Transfer,3,HK,0,Verified
T0003193,C00079,B009,2025-11-15 16:50:00,Cash Deposit,ATM,404.16,GBP,L002,FR,Individual,Payment,1,PL,0,Verified
T0002524,C00238,B010,2025-11-15 20:14:00,International Transfer,Mobile,2049.47,GBP,L003,DE,Own Account,Purchase,1,CH,0,Review Required
T0005735,C00056,B002,2025-11-15 23:50:00,Card,ATM,269.33,GBP,L011,AE,Own Account,Invoice,4,IT,0,Verified
T0004695,C00298,B008,2025-11-16 00:05:00,Transfer,Mobile,437.92,GBP,L019,IN,Business,Invoice,3,ES,0,Verified
T0005260,C00195,B001,2025-11-16 00:40:00,Card,Online,1771.29,GBP,L018,PL,Business,Payment,2,BR,0,Verified
T0002580,C00226,B009,2025-11-16 02:41:00,Card,Mobile,1299.41,GBP,L011,AE,Own Account,Payment,4,TR,0,Verified
T0000144,C00212,B004,2025-11-16 03:10:00,Card,ATM,686.87,GBP,L015,SG,Business,Payment,2,PL,0,Verified
T0002213,C00201,B005,2025-11-16 03:53:00,International Transfer,Branch,713.59,GBP,L009,CA,Own Account,Invoice,2,GB,0,Verified
T0004543,C00184,B011,2025-11-16 04:34:00,International Transfer,Mobile,302.48,GBP,L002,FR,Business,Salary,1,HK,0,Verified
T0001436,C00196,B004,2025-11-16 06:47:00,Card,Branch,1390.68,GBP,L012,TR,Business,Purchase,4,AU,0,Verified
T0003840,C00004,B009,2025-11-16 08:29:00,Cash Withdrawal,Branch,1492.66,GBP,L014,BR,Own Account,Cash,3,IT,0,Verified
T0000050,C00162,B005,2025-11-16 09:56:00,Card,Mobile,2393.9,GBP,L015,SG,Own Account,Transfer,2,SG,0,Verified
T0004574,C00108,B005,2025-11-16 12:01:00,Transfer,Online,321.06,GBP,L010,AU,Business,Purchase,2,IN,0,Verified
T0000823,C00244,B005,2025-11-16 12:48:00,Card,ATM,867.12,GBP,L011,AE,Business,Cash,4,PL,0,Verified
T0001129,C00031,B008,2025-11-16 13:13:00,Card,Mobile,309.88,GBP,L019,IN,Individual,Payment,3,NL,0,Review Required
T0004846,C00001,B009,2025-11-16 16:34:00,Card,ATM,4398.77,GBP,L006,NL,Individual,Invoice,1,IE,0,Verified
T0000437,C00267,B009,2025-11-16 20:06:00,Card,Mobile,747.95,GBP,L009,CA,Business,Transfer,2,HK,0,Verified
T0003941,C00155,B002,2025-11-16 20:12:00,Cash Withdrawal,Branch,1028.17,GBP,L001,GB,Own Account,Transfer,1,CA,0,Verified
T0000694,C00229,B006,2025-11-16 20:22:00,Card,Mobile,1324.55,GBP,L014,BR,Own Account,Invoice,3,IT,0,Verified
T0000252,C00293,B006,2025-11-16 23:42:00,International Transfer,ATM,686.27,GBP,L002,FR,Business,Invoice,1,IT,0,Verified
T0002052,C00261,B003,2025-11-17 01:10:00,Card,Online,3629.62,GBP,L006,NL,Own Account,Purchase,1,ZA,0,Verified
T0004739,C00268,B001,2025-11-17 01:45:00,Cash Withdrawal,Online,383.36,GBP,L020,ZA,Business,Salary,3,US,0,Verified
T0003776,C00027,B004,2025-11-17 05:01:00,Cash Withdrawal,Mobile,222.57,GBP,L010,AU,Own Account,Salary,2,CH,0,Verified
T0001328,C00190,B008,2025-11-17 05:03:00,Transfer,Branch,71.51,GBP,L004,ES,Own Account,Invoice,1,SG,0,Verified
T0000631,C00087,B009,2025-11-17 15:52:00,Transfer,Branch,2123.48,GBP,L014,BR,Business,Purchase,3,BR,0,Verified
T0000957,C00240,B012,2025-11-17 18:08:00,Transfer,Online,764.65,GBP,L012,TR,Individual,Salary,4,SG,0,Verified
T0005730,C00196,B008,2025-11-17 19:14:00,Cash Deposit,Branch,267.51,GBP,L013,NG,Individual,Purchase,5,AU,0,Verified
T0003161,C00239,B011,2025-11-17 19:56:00,Transfer,Mobile,687.3,GBP,L013,NG,Individual,Payment,5,NG,0,Verified
T0002077,C00212,B010,2025-11-17 20:01:00,Card,Online,1902.53,GBP,L014,BR,Individual,Transfer,3,PL,0,Verified
T0003837,C00032,B003,2025-11-17 20:25:00,International Transfer,Online,552.52,GBP,L005,IT,Business,Transfer,1,PL,0,Verified
T0000077,C00081,B002,2025-11-17 20:38:00,Transfer,Branch,2795.04,GBP,L012,TR,Business,Cash,4,BR,0,Verified
T0000817,C00284,B007,2025-11-17 20:51:00,Card,Branch,707.94,GBP,L009,CA,Individual,Salary,2,NG,0,Verified
T0005158,C00064,B010,2025-11-17 21:38:00,Transfer,ATM,85.91,GBP,L011,AE,Business,Invoice,4,IE,0,Verified
T0005979,C00022,B010,2025-11-17 21:46:00,Card,ATM,770.24,GBP,L007,IE,Individual,Salary,1,PL,0,Verified
T0004069,C00184,B008,2025-11-17 22:00:00,Card,Online,1771.18,GBP,L011,AE,Individual,Payment,4,HK,0,Verified
T0000502,C00228,B001,2025-11-17 22:21:00,International Transfer,ATM,1949.04,GBP,L017,CH,Business,Transfer,2,ZA,0,Verified
T0002874,C00110,B008,2025-11-17 23:02:00,Card,Branch,343.58,GBP,L019,IN,Own Account,Transfer,3,PL,0,Verified
T0003928,C00045,B003,2025-11-18 00:03:00,Transfer,Branch,828.47,GBP,L010,AU,Business,Invoice,2,US,0,Verified
T0003363,C00261,B006,2025-11-18 01:34:00,Cash Withdrawal,Mobile,543.01,GBP,L012,TR,Individual,Transfer,4,ZA,0,Verified
T0001701,C00243,B002,2025-11-18 01:49:00,Card,ATM,982.28,GBP,L018,PL,Individual,Transfer,2,CH,0,Verified
T0002884,C00089,B010,2025-11-18 02:05:00,International Transfer,Branch,603.72,GBP,L015,SG,Business,Purchase,2,BR,0,Verified
T0003487,C00087,B009,2025-11-18 02:27:00,Cash Withdrawal,ATM,2702.97,GBP,L018,PL,Own Account,Salary,2,BR,0,Verified
T0004623,C00263,B003,2025-11-18 03:06:00,Transfer,ATM,307.88,GBP,L002,FR,Individual,Transfer,1,CH,0,Verified
T0004990,C00110,B010,2025-11-18 06:11:00,Cash Withdrawal,Branch,730.74,GBP,L005,IT,Own Account,Purchase,1,PL,0,Verified
T0001047,C00219,B002,2025-11-18 09:13:00,Transfer,Branch,1144.65,GBP,L007,IE,Own Account,Salary,1,PL,0,Verified
T0004160,C00079,B007,2025-11-18 11:45:00,Card,Mobile,612.99,GBP,L009,CA,Individual,Salary,2,PL,0,Verified
T0000648,C00007,B006,2025-11-18 11:55:00,International Transfer,ATM,467.3,GBP,L005,IT,Business,Salary,1,NG,0,Verified
T0003922,C00009,B004,2025-11-18 15:28:00,Transfer,ATM,272.7,GBP,L010,AU,Own Account,Salary,2,AU,0,Verified
T0003607,C00197,B001,2025-11-18 15:59:00,Cash Withdrawal,Branch,429.7,GBP,L014,BR,Own Account,Transfer,3,AU,0,Verified
T0004105,C00020,B010,2025-11-18 16:36:00,Card,Online,911.53,GBP,L011,AE,Own Account,Purchase,4,IT,0,Verified
T0002069,C00108,B002,2025-11-18 20:57:00,International Transfer,Online,1393.28,GBP,L001,GB,Business,Transfer,1,IN,0,Verified
T0001990,C00194,B001,2025-11-18 21:57:00,Transfer,Branch,586.23,GBP,L015,SG,Individual,Invoice,2,DE,0,Verified
T0002195,C00097,B008,2025-11-18 22:28:00,Card,Branch,685.4,GBP,L018,PL,Individual,Transfer,2,US,0,Verified
T0001909,C00136,B010,2025-11-19 01:19:00,Card,Mobile,1059.34,GBP,L002,FR,Own Account,Invoice,1,IE,0,Verified
T0004968,C00001,B002,2025-11-19 01:20:00,International Transfer,Mobile,1669.36,GBP,L019,IN,Own Account,Transfer,3,IE,0,Verified
T0000803,C00202,B010,2025-11-19 02:49:00,Cash Deposit,ATM,2645.88,GBP,L016,HK,Business,Cash,3,NL,0,Verified
T0002032,C00019,B005,2025-11-19 03:20:00,Card,Branch,2413.93,GBP,L008,US,Individual,Payment,2,IT,1,Verified
T0003361,C00059,B008,2025-11-19 03:30:00,Card,Mobile,348.3,GBP,L015,SG,Individual,Invoice,2,TR,0,Verified
T0003478,C00102,B006,2025-11-19 03:31:00,Transfer,Branch,899.46,GBP,L005,IT,Own Account,Cash,1,US,0,Verified
T0005839,C00182,B010,2025-11-19 03:33:00,International Transfer,Online,821.12,GBP,L013,NG,Business,Salary,5,BR,0,Verified
T0000200,C00099,B007,2025-11-19 05:33:00,Card,Online,1201.92,GBP,L004,ES,Individual,Cash,1,SG,0,Verified
T0004820,C00213,B009,2025-11-19 05:33:00,Transfer,Mobile,1015.56,GBP,L002,FR,Own Account,Salary,1,CA,0,Review Required
T0002699,C00109,B011,2025-11-19 08:28:00,Card,Mobile,1513.99,GBP,L003,DE,Own Account,Cash,1,NG,0,Verified
T0005860,C00068,B004,2025-11-19 08:39:00,Card,Online,156.61,GBP,L004,ES,Individual,Cash,1,PL,0,Verified
T0004111,C00185,B012,2025-11-19 09:53:00,Cash Deposit,Mobile,360.1,GBP,L015,SG,Own Account,Payment,2,AE,0,Verified
T0005336,C00210,B005,2025-11-19 10:51:00,Cash Withdrawal,ATM,185.56,GBP,L020,ZA,Individual,Salary,3,FR,1,Verified
T0005554,C00253,B006,2025-11-19 10:53:00,Cash Withdrawal,Branch,283.72,GBP,L015,SG,Business,Cash,2,PL,0,Verified
T0003918,C00170,B010,2025-11-19 13:30:00,Transfer,Online,521.04,GBP,L009,CA,Own Account,Invoice,2,HK,0,Verified
T0003610,C00133,B006,2025-11-19 13:30:00,Card,Mobile,246.25,GBP,L006,NL,Own Account,Cash,1,NG,0,Verified
T0001625,C00158,B007,2025-11-19 13:41:00,Card,ATM,3844.34,GBP,L016,HK,Business,Payment,3,SG,0,Verified
T0002355,C00052,B001,2025-11-19 13:59:00,Transfer,Branch,176.45,GBP,L009,CA,Own Account,Transfer,2,DE,0,Verified
T0004578,C00010,B001,2025-11-19 16:28:00,Transfer,ATM,882.28,GBP,L009,CA,Own Account,Cash,2,SG,0,Verified
T0001317,C00150,B008,2025-11-19 16:43:00,Card,ATM,1180.93,GBP,L006,NL,Business,Payment,1,FR,0,Verified
T0003803,C00290,B007,2025-11-20 00:29:00,Card,ATM,888.85,GBP,L019,IN,Own Account,Purchase,3,AE,0,Verified
T0003757,C00284,B009,2025-11-20 00:32:00,Card,ATM,1143.7,GBP,L014,BR,Business,Cash,3,NG,0,Verified
T0003227,C00150,B006,2025-11-20 03:35:00,Card,ATM,364.55,GBP,L017,CH,Own Account,Salary,2,FR,0,Verified
T0000271,C00067,B009,2025-11-20 06:46:00,Card,ATM,229.0,GBP,L015,SG,Individual,Invoice,2,CA,0,Verified
T0004317,C00089,B004,2025-11-20 06:51:00,Transfer,ATM,508.4,GBP,L001,GB,Own Account,Payment,1,BR,0,Verified
T0004000,C00120,B010,2025-11-20 06:52:00,Card,Online,4679.27,GBP,L010,AU,Individual,Payment,2,ZA,0,Verified
T0001901,C00242,B012,2025-11-20 14:47:00,International Transfer,ATM,3161.81,GBP,L010,AU,Business,Transfer,2,AE,0,Verified
T0001627,C00165,B003,2025-11-20 15:14:00,Cash Withdrawal,Mobile,122.23,GBP,L002,FR,Own Account,Payment,1,US,0,Review Required
T0001973,C00241,B009,2025-11-20 16:25:00,Card,Branch,255.09,GBP,L019,IN,Business,Transfer,3,DE,0,Verified
T0004295,C00153,B012,2025-11-20 16:39:00,Transfer,ATM,1228.98,GBP,L002,FR,Business,Invoice,1,SG,0,Verified
T0001784,C00048,B004,2025-11-20 18:01:00,Cash Deposit,Branch,2399.44,GBP,L017,CH,Own Account,Invoice,2,PL,0,Verified
T0000539,C00102,B010,2025-11-20 20:32:00,Cash Deposit,Mobile,1081.96,GBP,L005,IT,Own Account,Purchase,1,US,0,Verified
T0002463,C00127,B005,2025-11-20 22:39:00,International Transfer,Branch,399.3,GBP,L011,AE,Business,Transfer,4,TR,0,Verified
T0002141,C00005,B002,2025-11-20 22:53:00,Card,Online,179.85,GBP,L005,IT,Business,Purchase,1,ES,0,Verified
T0003810,C00029,B010,2025-11-21 01:58:00,Card,ATM,554.87,GBP,L001,GB,Individual,Payment,1,IN,0,Verified
T0000454,C00208,B002,2025-11-21 03:07:00,Card,Online,773.2,GBP,L010,AU,Individual,Invoice,2,TR,0,Verified
T0004243,C00133,B010,2025-11-21 03:42:00,Card,Mobile,1980.8,GBP,L004,ES,Individual,Invoice,1,NG,0,Verified
T0000874,C00214,B008,2025-11-21 05:19:00,Card,Online,503.38,GBP,L011,AE,Business,Invoice,4,AU,0,Verified
T0002273,C00191,B002,2025-11-21 06:18:00,Card,ATM,5916.12,GBP,L015,SG,Business,Invoice,2,IT,1,Verified
T0004197,C00291,B012,2025-11-21 08:10:00,International Transfer,Mobile,2345.69,GBP,L008,US,Business,Cash,2,ES,0,Verified
T0001249,C00121,B003,2025-11-21 08:40:00,International Transfer,ATM,623.44,GBP,L010,AU,Business,Transfer,2,IN,0,Verified
T0001309,C00067,B007,2025-11-21 10:23:00,Transfer,Branch,1025.94,GBP,L014,BR,Own Account,Cash,3,CA,0,Verified
T0005859,C00120,B002,2025-11-21 12:06:00,International Transfer,Branch,606.95,GBP,L007,IE,Individual,Transfer,1,ZA,0,Verified
T0002010,C00252,B011,2025-11-21 15:11:00,Transfer,Online,1132.28,GBP,L015,SG,Individual,Salary,2,IT,1,Verified
T0001585,C00018,B008,2025-11-21 16:00:00,Cash Deposit,Mobile,779.39,GBP,L013,NG,Own Account,Payment,5,BR,0,Verified
T0002887,C00061,B001,2025-11-21 16:01:00,Transfer,ATM,339.37,GBP,L010,AU,Business,Salary,2,CH,0,Verified
T0003698,C00183,B009,2025-11-21 17:52:00,Card,Mobile,516.98,GBP,L003,DE,Business,Invoice,1,AU,0,Review Required
T0002420,C00157,B007,2025-11-21 19:48:00,Transfer,Mobile,96.94,GBP,L014,BR,Own Account,Payment,3,HK,0,Verified
T0001913,C00294,B001,2025-11-22 00:23:00,Card,Branch,248.44,GBP,L003,DE,Own Account,Invoice,1,DE,0,Verified
T0002029,C00038,B001,2025-11-22 01:32:00,Cash Deposit,Mobile,141.72,GBP,L008,US,Own Account,Cash,2,US,0,Verified
T0001056,C00156,B004,2025-11-22 02:16:00,Transfer,ATM,2347.64,GBP,L007,IE,Individual,Transfer,1,DE,0,Verified
T0005367,C00057,B011,2025-11-22 02:51:00,Card,ATM,320.93,GBP,L012,TR,Individual,Salary,4,DE,0,Review Required
T0003495,C00262,B006,2025-11-22 04:30:00,Transfer,ATM,8276.1,GBP,L005,IT,Individual,Purchase,1,BR,0,Verified
T0002360,C00177,B001,2025-11-22 05:04:00,Card,ATM,582.25,GBP,L012,TR,Own Account,Purchase,4,PL,0,Verified
T0002001,C00180,B010,2025-11-22 06:17:00,Card,Branch,1272.69,GBP,L012,TR,Individual,Transfer,4,HK,0,Verified
T0003159,C00146,B006,2025-11-22 06:27:00,Card,Online,361.41,GBP,L009,CA,Individual,Salary,2,FR,0,Verified
T0002128,C00286,B009,2025-11-22 06:43:00,Cash Withdrawal,Online,1355.4,GBP,L012,TR,Individual,Payment,4,IT,0,Verified
T0004097,C00187,B008,2025-11-22 07:11:00,Card,ATM,2653.96,GBP,L005,IT,Business,Cash,1,BR,0,Verified
T0003439,C00075,B008,2025-11-22 09:02:00,Transfer,Mobile,274.85,GBP,L008,US,Own Account,Transfer,2,ES,1,Verified
T0000858,C00297,B003,2025-11-22 12:16:00,Cash Deposit,Branch,594.25,GBP,L020,ZA,Individual,Cash,3,HK,0,Verified
T0005287,C00239,B009,2025-11-22 13:54:00,Card,Mobile,443.27,GBP,L020,ZA,Own Account,Invoice,3,NG,0,Verified
T0004333,C00211,B001,2025-11-22 17:49:00,Card,Mobile,1300.09,GBP,L005,IT,Own Account,Cash,1,AE,1,Verified
T0000034,C00297,B006,2025-11-22 18:11:00,Transfer,Branch,618.62,GBP,L006,NL,Own Account,Transfer,1,HK,0,Verified
T0003355,C00067,B001,2025-11-22 20:13:00,Card,ATM,1000.28,GBP,L007,IE,Business,Payment,1,CA,0,Verified
T0005519,C00072,B004,2025-11-22 20:35:00,International Transfer,Branch,182.7,GBP,L004,ES,Business,Payment,1,BR,0,Verified
T0006059,C00207,B012,2025-11-22 21:26:00,Transfer,Online,4520.32,GBP,L020,ZA,Individual,Transfer,3,HK,0,Verified
T0006060,C00207,B012,2025-11-22 21:33:00,Transfer,Online,5066.84,GBP,L018,PL,Individual,Transfer,2,HK,0,Verified
T0006061,C00207,B012,2025-11-22 21:40:00,Transfer,Online,3744.75,GBP,L020,ZA,Individual,Transfer,3,HK,0,Verified
T0006062,C00207,B012,2025-11-22 21:47:00,Transfer,Online,3893.61,GBP,L003,DE,Individual,Transfer,1,HK,0,Verified
T0006063,C00207,B012,2025-11-22 21:54:00,Transfer,Online,2771.67,GBP,L007,IE,Individual,Transfer,1,HK,0,Verified
T0006064,C00207,B012,2025-11-22 22:01:00,Transfer,Online,1979.18,GBP,L016,HK,Individual,Transfer,3,HK,0,Verified
T0006065,C00207,B012,2025-11-22 22:08:00,Transfer,Online,3716.67,GBP,L016,HK,Individual,Transfer,3,HK,0,Verified
T0006066,C00207,B012,2025-11-22 22:15:00,Transfer,Online,5290.32,GBP,L014,BR,Individual,Transfer,3,HK,0,Verified
T0006067,C00207,B012,2025-11-22 22:22:00,Transfer,Online,5308.22,GBP,L003,DE,Individual,Transfer,1,HK,0,Verified
T0006068,C00207,B012,2025-11-22 22:29:00,Transfer,Online,3785.26,GBP,L010,AU,Individual,Transfer,2,HK,0,Verified
T0006069,C00207,B012,2025-11-22 22:36:00,Transfer,Online,4743.35,GBP,L007,IE,Individual,Transfer,1,HK,0,Verified
T0003935,C00080,B011,2025-11-22 22:38:00,Card,Branch,158.87,GBP,L005,IT,Own Account,Transfer,1,CA,0,Verified
T0006070,C00207,B012,2025-11-22 22:43:00,Transfer,Online,2697.37,GBP,L016,HK,Individual,Transfer,3,HK,0,Verified
T0006071,C00207,B012,2025-11-22 22:50:00,Transfer,Online,5546.38,GBP,L014,BR,Individual,Transfer,3,HK,0,Verified
T0006072,C00207,B012,2025-11-22 22:57:00,Transfer,Online,2539.53,GBP,L007,IE,Individual,Transfer,1,HK,0,Verified
T0001366,C00048,B008,2025-11-22 22:58:00,Card,Mobile,2577.76,GBP,L020,ZA,Own Account,Payment,3,PL,0,Verified
T0006073,C00207,B012,2025-11-22 23:04:00,Transfer,Online,2153.04,GBP,L002,FR,Individual,Transfer,1,HK,0,Verified
T0003019,C00252,B006,2025-11-23 00:34:00,Card,Branch,933.19,GBP,L004,ES,Own Account,Purchase,1,IT,1,Verified
T0005281,C00093,B001,2025-11-23 02:22:00,Card,ATM,2611.63,GBP,L013,NG,Individual,Payment,5,IE,0,Review Required
T0000414,C00056,B004,2025-11-23 05:11:00,Card,Mobile,1912.95,GBP,L018,PL,Business,Salary,2,IT,0,Verified
T0003029,C00197,B007,2025-11-23 08:37:00,Card,ATM,1536.01,GBP,L017,CH,Own Account,Payment,2,AU,0,Verified
T0003390,C00213,B012,2025-11-23 09:21:00,Card,ATM,2773.22,GBP,L017,CH,Individual,Cash,2,CA,0,Review Required
T0004776,C00093,B012,2025-11-23 11:34:00,Transfer,Branch,444.29,GBP,L014,BR,Own Account,Purchase,3,IE,0,Review Required
T0003630,C00050,B005,2025-11-23 12:36:00,Card,Mobile,925.82,GBP,L007,IE,Business,Invoice,1,AE,0,Verified
T0000426,C00120,B012,2025-11-23 13:49:00,Cash Deposit,Branch,1597.58,GBP,L006,NL,Individual,Invoice,1,ZA,0,Verified
T0005089,C00122,B009,2025-11-23 14:50:00,Cash Deposit,Online,3082.25,GBP,L004,ES,Individual,Purchase,1,NL,0,Review Required
T0004903,C00167,B011,2025-11-23 15:01:00,Card,Branch,738.37,GBP,L011,AE,Own Account,Salary,4,SG,0,Verified
T0003969,C00281,B001,2025-11-23 16:48:00,Card,Branch,4670.88,GBP,L011,AE,Individual,Payment,4,AU,0,Verified
T0001032,C00255,B007,2025-11-23 18:40:00,Card,Mobile,3356.14,GBP,L008,US,Individual,Payment,2,PL,0,Verified
T0003501,C00091,B004,2025-11-23 19:54:00,Card,Mobile,907.68,GBP,L010,AU,Own Account,Transfer,2,NL,0,Verified
T0003633,C00084,B006,2025-11-23 20:45:00,Card,Branch,119.71,GBP,L015,SG,Own Account,Payment,2,DE,0,Verified
T0003950,C00236,B003,2025-11-24 00:42:00,Cash Deposit,Mobile,2670.56,GBP,L012,TR,Business,Salary,4,HK,0,Verified
T0000007,C00123,B002,2025-11-24 02:01:00,Cash Deposit,Branch,222.38,GBP,L005,IT,Business,Invoice,1,ES,0,Verified
T0005986,C00176,B007,2025-11-24 02:46:00,Transfer,Online,454.02,GBP,L001,GB,Individual,Cash,1,ZA,0,Verified
T0003119,C00146,B004,2025-11-24 03:38:00,Cash Deposit,Online,294.34,GBP,L014,BR,Individual,Salary,3,FR,0,Verified
T0001877,C00131,B004,2025-11-24 05:58:00,Card,Online,3132.17,GBP,L017,CH,Business,Salary,2,IN,0,Verified
T0002619,C00054,B005,2025-11-24 06:23:00,Card,Online,1067.16,GBP,L003,DE,Individual,Payment,1,BR,0,Verified
T0002079,C00121,B008,2025-11-24 08:38:00,Transfer,ATM,1446.89,GBP,L011,AE,Business,Payment,4,IN,0,Verified
T0005884,C00126,B005,2025-11-24 09:43:00,Transfer,ATM,1101.99,GBP,L012,TR,Business,Cash,4,IN,0,Verified
T0004116,C00291,B007,2025-11-24 09:45:00,International Transfer,Branch,268.68,GBP,L008,US,Individual,Salary,2,ES,0,Verified
T0002295,C00184,B011,2025-11-24 09:46:00,Transfer,Mobile,874.11,GBP,L001,GB,Individual,Cash,1,HK,0,Verified
T0001931,C00240,B004,2025-11-24 12:55:00,Cash Withdrawal,Online,1271.01,GBP,L018,PL,Individual,Invoice,2,SG,0,Verified
T0002082,C00245,B011,2025-11-24 15:16:00,Card,Mobile,2692.68,GBP,L002,FR,Individual,Payment,1,US,0,Verified
T0003084,C00238,B002,2025-11-24 15:42:00,Card,Mobile,1037.38,GBP,L020,ZA,Own Account,Cash,3,CH,0,Review Required
T0001485,C00050,B010,2025-11-24 17:02:00,Card,Online,2205.94,GBP,L005,IT,Own Account,Salary,1,AE,0,Verified
T0003896,C00243,B003,2025-11-24 19:29:00,Card,Online,829.98,GBP,L014,BR,Individual,Invoice,3,CH,0,Verified
T0002751,C00237,B008,2025-11-24 21:25:00,Card,ATM,1287.51,GBP,L020,ZA,Business,Transfer,3,SG,0,Verified
T0004625,C00121,B003,2025-11-24 22:13:00,Transfer,Online,193.33,GBP,L002,FR,Business,Cash,1,IN,0,Verified
T0002755,C00073,B001,2025-11-24 23:15:00,Cash Withdrawal,Branch,469.98,GBP,L007,IE,Own Account,Invoice,1,NL,0,Verified
T0001970,C00068,B006,2025-11-24 23:24:00,Transfer,ATM,508.02,GBP,L011,AE,Individual,Transfer,4,PL,0,Verified
T0003619,C00286,B012,2025-11-25 00:50:00,Transfer,ATM,1858.97,GBP,L020,ZA,Individual,Payment,3,IT,0,Verified
T0000600,C00041,B002,2025-11-25 01:43:00,Cash Deposit,Branch,639.25,GBP,L008,US,Individual,Payment,2,AE,0,Verified
T0001176,C00149,B002,2025-11-25 02:04:00,Transfer,Mobile,257.78,GBP,L014,BR,Individual,Purchase,3,DE,0,Verified
T0003564,C00093,B007,2025-11-25 02:05:00,Card,Mobile,1768.19,GBP,L017,CH,Individual,Cash,2,IE,0,Review Required
T0003311,C00218,B002,2025-11-25 02:12:00,Transfer,Branch,574.75,GBP,L011,AE,Own Account,Purchase,4,TR,0,Verified
T0003175,C00269,B004,2025-11-25 03:07:00,Cash Deposit,Branch,458.1,GBP,L009,CA,Own Account,Cash,2,FR,1,Verified
T0001168,C00253,B007,2025-11-25 03:21:00,Cash Withdrawal,Online,1303.39,GBP,L020,ZA,Individual,Payment,3,PL,0,Verified
T0004380,C00188,B008,2025-11-25 07:24:00,Card,Mobile,2631.09,GBP,L017,CH,Own Account,Payment,2,IT,0,Verified
T0003825,C00026,B010,2025-11-25 08:18:00,Cash Withdrawal,Mobile,8944.89,GBP,L017,CH,Individual,Invoice,2,IT,0,Review Required
T0005474,C00287,B006,2025-11-25 12:42:00,Card,ATM,852.2,GBP,L005,IT,Individual,Transfer,1,AE,0,Verified
T0000390,C00080,B003,2025-11-25 12:47:00,Card,Branch,261.42,GBP,L001,GB,Business,Payment,1,CA,0,Verified
T0003106,C00153,B005,2025-11-25 13:37:00,Card,Branch,675.17,GBP,L020,ZA,Own Account,Payment,3,SG,0,Verified
T0005292,C00112,B006,2025-11-25 15:30:00,Cash Deposit,Branch,627.6,GBP,L009,CA,Business,Invoice,2,NG,0,Review Required
T0000853,C00228,B005,2025-11-25 15:56:00,Card,Online,2291.3,GBP,L008,US,Individual,Invoice,2,ZA,0,Verified
T0006087,C00156,B006,2025-11-25 21:13:00,Transfer,Online,4833.97,GBP,L013,NG,Individual,Transfer,5,DE,0,Verified
T0006088,C00156,B006,2025-11-25 21:20:00,Transfer,Online,4865.45,GBP,L018,PL,Individual,Transfer,2,DE,0,Verified
T0003653,C00076,B005,2025-11-25 21:20:00,Transfer,Mobile,461.51,GBP,L003,DE,Business,Cash,1,SG,0,Verified
T0006089,C00156,B006,2025-11-25 21:27:00,Transfer,Online,3889.73,GBP,L008,US,Individual,Transfer,2,DE,0,Verified
T0006090,C00156,B006,2025-11-25 21:34:00,Transfer,Online,4332.85,GBP,L012,TR,Individual,Transfer,4,DE,0,Verified
T0002644,C00161,B012,2025-11-25 21:37:00,International Transfer,Online,485.49,GBP,L005,IT,Individual,Cash,1,NL,0,Verified
T0006091,C00156,B006,2025-11-25 21:41:00,Transfer,Online,3250.26,GBP,L007,IE,Individual,Transfer,1,DE,0,Verified
T0006092,C00156,B006,2025-11-25 21:48:00,Transfer,Online,1513.86,GBP,L003,DE,Individual,Transfer,1,DE,0,Verified
T0006093,C00156,B006,2025-11-25 21:55:00,Transfer,Online,5181.8,GBP,L016,HK,Individual,Transfer,3,DE,0,Verified
T0006094,C00156,B006,2025-11-25 22:02:00,Transfer,Online,5818.32,GBP,L016,HK,Individual,Transfer,3,DE,0,Verified
T0006095,C00156,B006,2025-11-25 22:09:00,Transfer,Online,4916.24,GBP,L007,IE,Individual,Transfer,1,DE,0,Verified
T0006096,C00156,B006,2025-11-25 22:16:00,Transfer,Online,5904.6,GBP,L002,FR,Individual,Transfer,1,DE,0,Verified
T0004138,C00291,B006,2025-11-25 22:20:00,Transfer,Online,1520.54,GBP,L020,ZA,Individual,Salary,3,ES,0,Verified
T0006097,C00156,B006,2025-11-25 22:23:00,Transfer,Online,3748.11,GBP,L005,IT,Individual,Transfer,1,DE,0,Verified
T0006098,C00156,B006,2025-11-25 22:30:00,Transfer,Online,5592.83,GBP,L012,TR,Individual,Transfer,4,DE,0,Verified
T0006099,C00156,B006,2025-11-25 22:37:00,Transfer,Online,5632.81,GBP,L011,AE,Individual,Transfer,4,DE,0,Verified
T0006100,C00156,B006,2025-11-25 22:44:00,Transfer,Online,5903.02,GBP,L016,HK,Individual,Transfer,3,DE,0,Verified
T0006101,C00156,B006,2025-11-25 22:51:00,Transfer,Online,2979.92,GBP,L014,BR,Individual,Transfer,3,DE,0,Verified
T0000831,C00247,B009,2025-11-25 23:49:00,Cash Deposit,Mobile,591.59,GBP,L012,TR,Own Account,Transfer,4,IT,0,Verified
T0003530,C00271,B010,2025-11-26 01:04:00,Transfer,ATM,596.31,GBP,L014,BR,Individual,Salary,3,NG,0,Verified
T0005119,C00254,B001,2025-11-26 02:43:00,Card,Mobile,110.51,GBP,L019,IN,Individual,Cash,3,BR,0,Verified
T0005035,C00065,B004,2025-11-26 07:29:00,Cash Withdrawal,ATM,1503.42,GBP,L004,ES,Business,Payment,1,CA,0,Verified
T0000800,C00158,B007,2025-11-26 11:22:00,Card,Online,270.01,GBP,L018,PL,Own Account,Payment,2,SG,0,Verified
T0004689,C00173,B003,2025-11-26 11:59:00,International Transfer,Mobile,4820.09,GBP,L020,ZA,Business,Salary,3,FR,0,Verified
T0001751,C00254,B007,2025-11-26 13:31:00,Card,Online,1435.42,GBP,L001,GB,Own Account,Cash,1,BR,0,Verified
T0004833,C00287,B002,2025-11-26 14:39:00,Card,ATM,352.42,GBP,L019,IN,Own Account,Transfer,3,AE,0,Verified
T0001289,C00071,B009,2025-11-26 15:20:00,Cash Withdrawal,Branch,1954.18,GBP,L011,AE,Business,Payment,4,US,1,Verified
T0004920,C00267,B009,2025-11-26 15:25:00,Card,ATM,465.15,GBP,L019,IN,Own Account,Purchase,3,HK,0,Verified
T0002190,C00195,B004,2025-11-26 18:38:00,Card,Online,1720.37,GBP,L020,ZA,Individual,Cash,3,BR,0,Verified
T0003586,C00129,B012,2025-11-26 18:53:00,International Transfer,Branch,1258.59,GBP,L010,AU,Own Account,Invoice,2,BR,0,Verified
T0004157,C00045,B002,2025-11-26 20:49:00,Cash Deposit,ATM,4432.01,GBP,L011,AE,Own Account,Payment,4,US,0,Verified
T0000931,C00273,B006,2025-11-26 21:33:00,International Transfer,ATM,3787.59,GBP,L012,TR,Business,Payment,4,ES,0,Verified
T0000848,C00133,B005,2025-11-26 21:41:00,International Transfer,ATM,173.08,GBP,L015,SG,Business,Purchase,2,NG,0,Verified
T0005015,C00105,B004,2025-11-27 00:21:00,Card,ATM,2903.33,GBP,L003,DE,Business,Payment,1,US,0,Verified
T0003127,C00205,B006,2025-11-27 02:27:00,International Transfer,Mobile,1043.14,GBP,L013,NG,Individual,Payment,5,TR,0,Review Required
T0003320,C00297,B005,2025-11-27 03:23:00,Card,ATM,483.64,GBP,L005,IT,Own Account,Cash,1,HK,0,Verified
T0002746,C00207,B005,2025-11-27 05:26:00,International Transfer,Online,1691.43,GBP,L001,GB,Business,Payment,1,HK,0,Verified
T0005424,C00212,B010,2025-11-27 06:12:00,Transfer,ATM,2371.28,GBP,L004,ES,Individual,Cash,1,PL,0,Verified
T0003516,C00041,B001,2025-11-27 06:28:00,Cash Withdrawal,Branch,707.32,GBP,L018,PL,Business,Invoice,2,AE,0,Verified
T0004901,C00252,B012,2025-11-27 07:48:00,Cash Deposit,ATM,4951.68,GBP,L016,HK,Individual,Purchase,3,IT,1,Verified
T0001152,C00006,B008,2025-11-27 10:13:00,Transfer,Online,2687.01,GBP,L006,NL,Business,Invoice,1,FR,0,Review Required
T0004127,C00042,B006,2025-11-27 11:37:00,International Transfer,Online,6283.25,GBP,L008,US,Individual,Payment,2,PL,0,Verified
T0004030,C00115,B012,2025-11-27 13:41:00,Card,Branch,1213.96,GBP,L001,GB,Own Account,Transfer,1,NL,0,Verified
T0004999,C00150,B002,2025-11-27 17:25:00,Card,Branch,413.87,GBP,L019,IN,Own Account,Cash,3,FR,0,Verified
T0000317,C00135,B012,2025-11-27 17:29:00,Cash Deposit,Online,1862.87,GBP,L019,IN,Own Account,Invoice,3,ZA,0,Verified
T0005611,C00145,B008,2025-11-27 18:00:00,Cash Withdrawal,Branch,617.25,GBP,L009,CA,Business,Payment,2,AU,0,Verified
T0004984,C00026,B009,2025-11-27 18:24:00,International Transfer,Mobile,597.54,GBP,L006,NL,Individual,Purchase,1,IT,0,Review Required
T0001125,C00257,B010,2025-11-27 18:30:00,Card,ATM,4672.07,GBP,L008,US,Own Account,Cash,2,IT,0,Verified
T0005489,C00073,B003,2025-11-27 20:32:00,Cash Withdrawal,ATM,2953.3,GBP,L016,HK,Own Account,Salary,3,NL,0,Verified
T0002408,C00295,B011,2025-11-27 21:37:00,Card,Branch,369.28,GBP,L006,NL,Business,Purchase,1,CH,0,Verified
T0003537,C00234,B001,2025-11-27 22:40:00,Card,Branch,593.53,GBP,L018,PL,Business,Salary,2,US,0,Verified
T0002378,C00181,B007,2025-11-28 04:21:00,Card,ATM,961.95,GBP,L006,NL,Individual,Cash,1,ZA,0,Verified
T0003367,C00029,B011,2025-11-28 05:17:00,Transfer,Branch,259.88,GBP,L014,BR,Individual,Payment,3,IN,0,Verified
T0000242,C00058,B010,2025-11-28 06:37:00,International Transfer,Branch,568.07,GBP,L005,IT,Individual,Salary,1,DE,0,Verified
T0003524,C00242,B010,2025-11-28 07:36:00,Card,Branch,266.89,GBP,L002,FR,Own Account,Invoice,1,AE,0,Verified
T0004753,C00234,B006,2025-11-28 12:00:00,Card,ATM,214.37,GBP,L009,CA,Business,Cash,2,US,0,Verified
T0000495,C00099,B007,2025-11-28 15:33:00,Transfer,Online,4419.29,GBP,L019,IN,Business,Salary,3,SG,0,Verified
T0005852,C00200,B004,2025-11-28 16:03:00,Transfer,Mobile,383.18,GBP,L010,AU,Business,Purchase,2,IN,0,Verified
T0001841,C00221,B001,2025-11-28 17:55:00,Transfer,ATM,651.99,GBP,L020,ZA,Own Account,Invoice,3,FR,0,Verified
T0002949,C00290,B006,2025-11-28 18:29:00,Card,ATM,6554.99,GBP,L012,TR,Individual,Transfer,4,AE,0,Verified
T0004250,C00101,B009,2025-11-28 18:57:00,Card,Online,2221.77,GBP,L008,US,Business,Purchase,2,PL,0,Verified
T0003206,C00204,B006,2025-11-29 01:14:00,Card,ATM,447.8,GBP,L020,ZA,Individual,Cash,3,NG,0,Verified
T0000444,C00090,B007,2025-11-29 01:49:00,Card,Mobile,1345.84,GBP,L003,DE,Own Account,Payment,1,SG,0,Verified
T0004694,C00255,B010,2025-11-29 04:56:00,Card,Branch,4323.73,GBP,L005,IT,Own Account,Invoice,1,PL,0,Verified
T0002181,C00154,B001,2025-11-29 11:38:00,Card,Online,579.34,GBP,L018,PL,Individual,Invoice,2,ZA,0,Verified
T0003830,C00118,B012,2025-11-29 17:09:00,Card,Online,319.26,GBP,L005,IT,Business,Cash,1,PL,0,Verified
T0005357,C00001,B011,2025-11-29 17:40:00,Card,Online,2805.34,GBP,L009,CA,Business,Invoice,2,IE,0,Verified
T0002775,C00069,B009,2025-11-29 18:04:00,Card,Mobile,808.63,GBP,L012,TR,Own Account,Cash,4,TR,0,Verified
T0005918,C00107,B005,2025-11-30 01:13:00,Transfer,Online,1160.53,GBP,L009,CA,Business,Purchase,2,BR,0,Verified
T0000578,C00068,B004,2025-11-30 01:16:00,Transfer,ATM,775.11,GBP,L017,CH,Business,Purchase,2,PL,0,Verified
T0005290,C00060,B003,2025-11-30 06:27:00,Transfer,Branch,745.29,GBP,L009,CA,Business,Invoice,2,SG,0,Review Required
T0000256,C00250,B010,2025-11-30 07:13:00,International Transfer,Mobile,3234.93,GBP,L020,ZA,Individual,Cash,3,ES,0,Review Required
T0000667,C00210,B007,2025-11-30 07:53:00,Card,Branch,1452.27,GBP,L012,TR,Own Account,Purchase,4,FR,1,Verified
T0000226,C00294,B004,2025-11-30 08:22:00,Transfer,ATM,984.52,GBP,L019,IN,Business,Salary,3,DE,0,Verified
T0004345,C00156,B005,2025-11-30 09:06:00,Card,ATM,289.46,GBP,L008,US,Individual,Cash,2,DE,0,Verified
T0004989,C00225,B007,2025-11-30 12:35:00,Card,Branch,539.22,GBP,L009,CA,Own Account,Invoice,2,IE,0,Verified
T0000710,C00265,B004,2025-11-30 13:58:00,Transfer,Online,510.59,GBP,L008,US,Business,Salary,2,ZA,0,Verified
T0003152,C00235,B011,2025-11-30 15:27:00,Card,Online,1171.5,GBP,L011,AE,Own Account,Transfer,4,IT,0,Verified
T0003413,C00024,B007,2025-11-30 16:29:00,Card,Online,703.0,GBP,L011,AE,Own Account,Payment,4,NL,0,Verified
T0002668,C00010,B002,2025-11-30 16:31:00,Card,ATM,794.17,GBP,L008,US,Individual,Payment,2,SG,0,Verified
T0000669,C00142,B009,2025-11-30 17:04:00,Cash Withdrawal,Online,275.32,GBP,L007,IE,Business,Transfer,1,PL,0,Verified
T0005319,C00200,B001,2025-11-30 17:56:00,Transfer,Online,1300.03,GBP,L014,BR,Business,Transfer,3,IN,0,Verified
T0000530,C00251,B005,2025-11-30 20:38:00,Card,Branch,243.94,GBP,L003,DE,Individual,Transfer,1,ZA,0,Verified
T0004109,C00019,B011,2025-11-30 22:33:00,International Transfer,Branch,549.43,GBP,L002,FR,Business,Cash,1,IT,1,Verified
T0001692,C00137,B004,2025-11-30 23:45:00,Transfer,Online,652.93,GBP,L003,DE,Own Account,Invoice,1,US,0,Verified
T0002418,C00063,B008,2025-12-01 05:15:00,Transfer,Mobile,198.78,GBP,L019,IN,Own Account,Invoice,3,ES,0,Verified
T0001269,C00125,B008,2025-12-01 07:52:00,Transfer,Mobile,446.31,GBP,L020,ZA,Individual,Transfer,3,US,0,Verified
T0005868,C00235,B004,2025-12-01 07:55:00,Card,Branch,363.2,GBP,L017,CH,Individual,Purchase,2,IT,0,Verified
T0001512,C00124,B008,2025-12-01 11:04:00,Transfer,Online,604.93,GBP,L015,SG,Business,Payment,2,NG,0,Verified
T0000891,C00099,B007,2025-12-01 11:56:00,Card,Mobile,755.56,GBP,L013,NG,Own Account,Payment,5,SG,0,Verified
T0004209,C00045,B001,2025-12-01 14:09:00,Transfer,Online,1071.01,GBP,L005,IT,Own Account,Payment,1,US,0,Verified
T0002527,C00125,B006,2025-12-01 18:51:00,Card,ATM,621.33,GBP,L008,US,Own Account,Salary,2,US,0,Verified
T0003351,C00262,B005,2025-12-01 23:16:00,Card,ATM,320.69,GBP,L009,CA,Individual,Cash,2,BR,0,Verified
T0000259,C00003,B009,2025-12-02 00:27:00,Card,Mobile,10420.56,GBP,L017,CH,Individual,Invoice,2,GB,0,Verified
T0003149,C00255,B012,2025-12-02 01:02:00,Transfer,ATM,366.15,GBP,L002,FR,Business,Payment,1,PL,0,Verified
T0005122,C00171,B008,2025-12-02 03:59:00,Card,Branch,547.1,GBP,L018,PL,Own Account,Payment,2,DE,0,Review Required
T0004505,C00234,B010,2025-12-02 04:31:00,Card,Online,3178.62,GBP,L016,HK,Own Account,Salary,3,US,0,Verified
T0000496,C00293,B006,2025-12-02 04:38:00,Card,Online,1407.52,GBP,L009,CA,Individual,Purchase,2,IT,0,Verified
T0004838,C00065,B005,2025-12-02 04:44:00,Card,ATM,6803.33,GBP,L012,TR,Business,Transfer,4,CA,0,Verified
T0003663,C00044,B005,2025-12-02 05:29:00,Cash Deposit,Mobile,481.82,GBP,L017,CH,Individual,Payment,2,PL,0,Review Required
T0000728,C00082,B012,2025-12-02 06:05:00,Card,ATM,1414.89,GBP,L006,NL,Business,Purchase,1,CH,0,Verified
T0004557,C00211,B003,2025-12-02 07:35:00,Card,Branch,4243.28,GBP,L004,ES,Individual,Invoice,1,AE,1,Verified
T0005222,C00024,B012,2025-12-02 07:55:00,Card,ATM,617.03,GBP,L003,DE,Business,Purchase,1,NL,0,Verified
T0001847,C00099,B004,2025-12-02 10:35:00,International Transfer,ATM,877.43,GBP,L012,TR,Individual,Payment,4,SG,0,Verified
T0005349,C00281,B004,2025-12-02 11:40:00,Cash Deposit,ATM,851.54,GBP,L018,PL,Individual,Payment,2,AU,0,Verified
T0002521,C00152,B011,2025-12-02 12:10:00,International Transfer,Mobile,459.31,GBP,L015,SG,Individual,Invoice,2,ZA,0,Verified
T0000465,C00248,B006,2025-12-02 12:35:00,Transfer,Branch,1316.09,GBP,L013,NG,Own Account,Cash,5,DE,0,Verified
T0003867,C00095,B003,2025-12-02 14:11:00,Card,ATM,580.71,GBP,L017,CH,Business,Invoice,2,IN,0,Verified
T0003783,C00129,B006,2025-12-02 17:39:00,Transfer,ATM,8073.77,GBP,L019,IN,Own Account,Transfer,3,BR,0,Verified
T0001266,C00186,B005,2025-12-02 20:16:00,Card,Online,331.61,GBP,L018,PL,Individual,Payment,2,AE,0,Verified
T0004860,C00122,B002,2025-12-02 22:21:00,Card,Branch,1180.04,GBP,L011,AE,Individual,Purchase,4,NL,0,Review Required
T0003936,C00286,B010,2025-12-02 22:42:00,Card,Branch,1956.0,GBP,L017,CH,Individual,Purchase,2,IT,0,Verified
T0002312,C00043,B009,2025-12-03 00:25:00,Transfer,ATM,97.1,GBP,L009,CA,Individual,Invoice,2,US,0,Verified
T0003304,C00179,B004,2025-12-03 02:38:00,Transfer,ATM,1167.43,GBP,L014,BR,Business,Transfer,3,AU,0,Verified
T0001197,C00260,B009,2025-12-03 03:27:00,Transfer,Mobile,6301.75,GBP,L003,DE,Own Account,Invoice,1,IN,0,Verified
T0004413,C00061,B009,2025-12-03 04:25:00,Card,Online,343.15,GBP,L002,FR,Own Account,Salary,1,CH,0,Verified
T0002691,C00299,B003,2025-12-03 05:31:00,Transfer,Branch,3981.2,GBP,L001,GB,Own Account,Transfer,1,AE,0,Verified
T0003664,C00122,B005,2025-12-03 05:32:00,Transfer,Mobile,113.6,GBP,L017,CH,Individual,Transfer,2,NL,0,Review Required
T0000561,C00200,B001,2025-12-03 05:41:00,Cash Withdrawal,Online,758.69,GBP,L008,US,Business,Invoice,2,IN,0,Verified
T0001507,C00063,B011,2025-12-03 06:13:00,International Transfer,Branch,823.79,GBP,L014,BR,Individual,Purchase,3,ES,0,Verified
T0005380,C00183,B006,2025-12-03 07:40:00,Card,Branch,133.59,GBP,L015,SG,Business,Salary,2,AU,0,Review Required
T0005830,C00243,B009,2025-12-03 10:05:00,Card,Mobile,4084.7,GBP,L014,BR,Own Account,Salary,3,CH,0,Verified
T0005919,C00245,B004,2025-12-03 10:26:00,Card,ATM,382.63,GBP,L001,GB,Individual,Cash,1,US,0,Verified
T0001457,C00013,B005,2025-12-03 11:51:00,Transfer,Online,1107.88,GBP,L003,DE,Own Account,Cash,1,PL,0,Verified
T0000789,C00096,B006,2025-12-03 14:33:00,Transfer,Mobile,1622.3,GBP,L006,NL,Individual,Salary,1,IT,0,Verified
T0000430,C00078,B006,2025-12-03 15:51:00,Card,Branch,3148.9,GBP,L016,HK,Own Account,Salary,3,CA,0,Verified
T0000573,C00088,B010,2025-12-03 16:10:00,Card,Online,3736.51,GBP,L018,PL,Business,Purchase,2,AU,0,Verified
T0005331,C00252,B012,2025-12-03 16:23:00,Cash Deposit,Branch,2257.26,GBP,L015,SG,Own Account,Salary,2,IT,1,Verified
T0000597,C00004,B006,2025-12-03 18:07:00,Card,ATM,703.66,GBP,L012,TR,Business,Transfer,4,IT,0,Verified
T0004328,C00250,B005,2025-12-03 18:29:00,Card,Online,496.15,GBP,L018,PL,Individual,Purchase,2,ES,0,Review Required
T0001983,C00222,B001,2025-12-03 19:39:00,International Transfer,Mobile,744.97,GBP,L015,SG,Own Account,Payment,2,US,0,Verified
T0002453,C00050,B003,2025-12-03 21:37:00,Transfer,Branch,1402.72,GBP,L012,TR,Own Account,Transfer,4,AE,0,Verified
T0005091,C00228,B002,2025-12-03 21:50:00,Card,Online,87.36,GBP,L011,AE,Individual,Salary,4,ZA,0,Verified
T0002250,C00118,B011,2025-12-03 22:21:00,Card,Mobile,691.97,GBP,L003,DE,Individual,Purchase,1,PL,0,Verified
T0001174,C00298,B011,2025-12-03 22:46:00,Card,Branch,1360.98,GBP,L005,IT,Business,Invoice,1,ES,0,Verified
T0000054,C00121,B011,2025-12-04 05:08:00,Transfer,ATM,311.63,GBP,L020,ZA,Individual,Salary,3,IN,0,Verified
T0003364,C00072,B012,2025-12-04 06:03:00,Card,ATM,498.63,GBP,L014,BR,Business,Payment,3,BR,0,Verified
T0005105,C00300,B003,2025-12-04 06:04:00,Transfer,Branch,1150.72,GBP,L008,US,Business,Payment,2,IT,0,Verified
T0000911,C00184,B009,2025-12-04 10:14:00,International Transfer,ATM,367.09,GBP,L006,NL,Business,Salary,1,HK,0,Verified
T0002549,C00153,B004,2025-12-04 10:49:00,Card,Online,892.4,GBP,L011,AE,Business,Invoice,4,SG,0,Verified
T0004177,C00090,B002,2025-12-04 14:14:00,Transfer,Online,692.06,GBP,L007,IE,Individual,Transfer,1,SG,0,Verified
T0000342,C00160,B001,2025-12-04 14:40:00,Cash Deposit,Mobile,251.21,GBP,L007,IE,Individual,Transfer,1,US,0,Verified
T0002701,C00246,B001,2025-12-04 15:25:00,International Transfer,ATM,367.54,GBP,L011,AE,Business,Payment,4,ES,0,Verified
T0000912,C00238,B010,2025-12-04 16:42:00,Card,ATM,3497.93,GBP,L018,PL,Business,Salary,2,CH,0,Review Required
T0002958,C00001,B004,2025-12-04 16:57:00,Transfer,Mobile,468.82,GBP,L016,HK,Own Account,Transfer,3,IE,0,Verified
T0002200,C00023,B003,2025-12-04 19:12:00,Card,Branch,772.82,GBP,L008,US,Business,Invoice,2,PL,0,Verified
T0005583,C00154,B003,2025-12-05 02:05:00,Card,Branch,212.37,GBP,L019,IN,Own Account,Invoice,3,ZA,0,Verified
T0003718,C00295,B001,2025-12-05 03:12:00,Card,Online,887.61,GBP,L001,GB,Own Account,Invoice,1,CH,0,Verified
T0000949,C00279,B003,2025-12-05 03:51:00,International Transfer,Branch,806.12,GBP,L020,ZA,Individual,Cash,3,IN,0,Verified
T0000354,C00177,B008,2025-12-05 05:38:00,Transfer,Mobile,938.99,GBP,L010,AU,Own Account,Transfer,2,PL,0,Verified
T0005427,C00291,B012,2025-12-05 06:44:00,Transfer,Mobile,196.67,GBP,L001,GB,Business,Salary,1,ES,0,Verified
T0005907,C00143,B011,2025-12-05 07:20:00,Card,Branch,3345.76,GBP,L009,CA,Individual,Invoice,2,HK,0,Verified
T0004656,C00263,B002,2025-12-05 07:20:00,Card,Online,308.29,GBP,L012,TR,Business,Cash,4,CH,0,Verified
T0004270,C00124,B001,2025-12-05 09:28:00,Cash Withdrawal,Mobile,4978.93,GBP,L001,GB,Individual,Cash,1,NG,0,Verified
T0003442,C00249,B011,2025-12-05 10:06:00,Transfer,Mobile,2605.52,GBP,L020,ZA,Business,Salary,3,PL,1,Verified
T0001822,C00035,B003,2025-12-05 11:21:00,Card,Branch,2788.31,GBP,L008,US,Own Account,Salary,2,IN,0,Verified
T0005262,C00300,B012,2025-12-05 12:07:00,Transfer,Branch,531.32,GBP,L014,BR,Own Account,Cash,3,IT,0,Verified
T0004471,C00045,B010,2025-12-05 12:13:00,Transfer,Online,6097.27,GBP,L014,BR,Business,Salary,3,US,0,Verified
T0000397,C00105,B001,2025-12-05 14:22:00,Card,Branch,691.89,GBP,L002,FR,Business,Invoice,1,US,0,Verified
T0000299,C00025,B008,2025-12-05 17:01:00,Transfer,Mobile,206.66,GBP,L015,SG,Individual,Payment,2,CH,0,Verified
T0000686,C00049,B003,2025-12-05 17:46:00,Transfer,Online,432.06,GBP,L013,NG,Business,Salary,5,IE,0,Verified
T0002384,C00210,B003,2025-12-05 19:08:00,Card,Online,393.54,GBP,L013,NG,Business,Invoice,5,FR,1,Verified
T0000403,C00180,B012,2025-12-05 21:53:00,Cash Deposit,Branch,769.07,GBP,L008,US,Individual,Invoice,2,HK,0,Verified
T0005201,C00045,B003,2025-12-05 22:49:00,Transfer,Mobile,2722.78,GBP,L009,CA,Business,Invoice,2,US,0,Verified
T0001106,C00267,B006,2025-12-06 00:24:00,Card,Mobile,257.43,GBP,L006,NL,Individual,Invoice,1,HK,0,Verified
T0003735,C00239,B006,2025-12-06 01:21:00,Transfer,ATM,306.66,GBP,L002,FR,Own Account,Cash,1,NG,0,Verified
T0003472,C00245,B005,2025-12-06 01:35:00,Cash Deposit,Branch,8664.58,GBP,L019,IN,Business,Cash,3,US,0,Verified
T0005203,C00193,B005,2025-12-06 01:44:00,Card,Mobile,245.67,GBP,L008,US,Own Account,Purchase,2,AE,0,Verified
T0000550,C00186,B004,2025-12-06 02:45:00,Card,ATM,5522.83,GBP,L014,BR,Own Account,Transfer,3,AE,0,Verified
T0000407,C00230,B004,2025-12-06 04:09:00,Cash Deposit,Online,127.32,GBP,L002,FR,Business,Transfer,1,PL,0,Verified
T0003865,C00276,B010,2025-12-06 05:46:00,Card,Branch,358.26,GBP,L004,ES,Own Account,Payment,1,TR,0,Verified
T0000431,C00270,B002,2025-12-06 07:34:00,Card,Online,391.48,GBP,L012,TR,Individual,Payment,4,IN,0,Verified
T0004007,C00002,B004,2025-12-06 09:42:00,Card,Mobile,6644.06,GBP,L008,US,Business,Purchase,2,PL,0,Verified
T0000673,C00240,B001,2025-12-06 11:16:00,Transfer,Branch,848.29,GBP,L020,ZA,Own Account,Salary,3,SG,0,Verified
T0003518,C00062,B004,2025-12-06 13:18:00,Transfer,Mobile,6260.52,GBP,L020,ZA,Business,Payment,3,ES,0,Verified
T0004022,C00261,B001,2025-12-06 13:23:00,Transfer,Online,686.2,GBP,L010,AU,Own Account,Transfer,2,ZA,0,Verified
T0003474,C00024,B005,2025-12-06 15:19:00,Card,Branch,170.02,GBP,L014,BR,Individual,Purchase,3,NL,0,Verified
T0002097,C00016,B010,2025-12-06 16:39:00,Cash Withdrawal,Branch,2131.89,GBP,L018,PL,Individual,Cash,2,NG,0,Verified
T0001138,C00223,B009,2025-12-06 17:31:00,Card,Mobile,576.69,GBP,L005,IT,Business,Salary,1,PL,0,Verified
T0002446,C00129,B012,2025-12-06 23:35:00,Transfer,Mobile,2239.07,GBP,L001,GB,Own Account,Invoice,1,BR,0,Verified
T0000685,C00073,B006,2025-12-07 00:38:00,International Transfer,Mobile,398.27,GBP,L002,FR,Business,Invoice,1,NL,0,Verified
T0000522,C00121,B003,2025-12-07 02:03:00,International Transfer,Mobile,741.75,GBP,L002,FR,Individual,Transfer,1,IN,0,Verified
T0001007,C00039,B002,2025-12-07 03:41:00,Card,ATM,508.06,GBP,L014,BR,Business,Payment,3,BR,0,Verified
T0001045,C00195,B006,2025-12-07 04:38:00,Card,Mobile,364.68,GBP,L012,TR,Individual,Salary,4,BR,0,Verified
T0000862,C00152,B012,2025-12-07 07:28:00,Transfer,Online,2714.99,GBP,L009,CA,Individual,Payment,2,ZA,0,Verified
T0004581,C00058,B010,2025-12-07 07:30:00,Transfer,Branch,989.05,GBP,L007,IE,Own Account,Transfer,1,DE,0,Verified
T0004693,C00139,B012,2025-12-07 09:10:00,Card,Online,1516.85,GBP,L005,IT,Business,Transfer,1,IN,0,Verified
T0004987,C00033,B005,2025-12-07 10:03:00,Card,Online,519.24,GBP,L012,TR,Business,Purchase,4,TR,0,Verified
T0000121,C00114,B012,2025-12-07 11:08:00,Card,Branch,709.88,GBP,L017,CH,Own Account,Invoice,2,GB,0,Verified
T0005924,C00190,B001,2025-12-07 12:05:00,Cash Withdrawal,Mobile,1411.59,GBP,L017,CH,Business,Transfer,2,SG,0,Verified
T0002153,C00049,B004,2025-12-07 14:57:00,International Transfer,Mobile,502.13,GBP,L012,TR,Individual,Transfer,4,IE,0,Verified
T0005684,C00235,B001,2025-12-07 15:35:00,International Transfer,ATM,929.87,GBP,L009,CA,Individual,Transfer,2,IT,0,Verified
T0001113,C00185,B010,2025-12-07 19:16:00,Cash Withdrawal,Mobile,1272.56,GBP,L003,DE,Own Account,Payment,1,AE,0,Verified
T0004093,C00197,B004,2025-12-07 20:32:00,Transfer,Online,700.11,GBP,L004,ES,Business,Payment,1,AU,0,Verified
T0003612,C00005,B008,2025-12-07 20:53:00,Card,ATM,1885.55,GBP,L019,IN,Individual,Transfer,3,ES,0,Verified
T0004445,C00038,B005,2025-12-07 21:18:00,Card,Online,1229.57,GBP,L010,AU,Own Account,Transfer,2,US,0,Verified
T0003129,C00191,B011,2025-12-07 21:59:00,International Transfer,Mobile,1029.2,GBP,L013,NG,Own Account,Payment,5,IT,1,Verified
T0002165,C00002,B009,2025-12-07 22:05:00,Card,Mobile,1504.82,GBP,L005,IT,Business,Cash,1,PL,0,Verified
T0002793,C00079,B005,2025-12-08 01:11:00,Transfer,ATM,1324.86,GBP,L015,SG,Individual,Invoice,2,PL,0,Verified
T0003802,C00275,B012,2025-12-08 01:29:00,Transfer,Online,927.29,GBP,L019,IN,Own Account,Purchase,3,NL,0,Verified
T0003905,C00008,B010,2025-12-08 02:17:00,Cash Deposit,Branch,234.53,GBP,L020,ZA,Business,Cash,3,TR,0,Verified
T0005401,C00182,B006,2025-12-08 02:38:00,Transfer,ATM,1102.88,GBP,L003,DE,Business,Cash,1,BR,0,Verified
T0001597,C00205,B007,2025-12-08 03:33:00,Cash Deposit,ATM,410.95,GBP,L002,FR,Individual,Transfer,1,TR,0,Review Required
T0000806,C00149,B004,2025-12-08 05:59:00,Transfer,ATM,558.65,GBP,L008,US,Business,Salary,2,DE,0,Verified
T0005145,C00108,B012,2025-12-08 06:50:00,Card,Branch,878.69,GBP,L006,NL,Own Account,Payment,1,IN,0,Verified
T0002815,C00062,B010,2025-12-08 07:29:00,Transfer,Branch,3288.87,GBP,L012,TR,Individual,Cash,4,ES,0,Verified
T0004547,C00145,B004,2025-12-08 09:02:00,Transfer,Branch,3438.42,GBP,L002,FR,Own Account,Transfer,1,AU,0,Verified
T0004080,C00004,B007,2025-12-08 09:33:00,Cash Withdrawal,Branch,35.75,GBP,L009,CA,Individual,Cash,2,IT,0,Verified
T0002143,C00096,B008,2025-12-08 10:54:00,Cash Deposit,ATM,968.59,GBP,L020,ZA,Individual,Purchase,3,IT,0,Verified
T0004312,C00069,B003,2025-12-08 14:05:00,Cash Deposit,Online,832.37,GBP,L008,US,Own Account,Purchase,2,TR,0,Verified
T0000156,C00117,B001,2025-12-08 14:15:00,Transfer,Branch,218.93,GBP,L007,IE,Individual,Purchase,1,BR,0,Verified
T0000051,C00109,B006,2025-12-08 14:48:00,Card,Online,1731.09,GBP,L004,ES,Individual,Payment,1,NG,0,Verified
T0005666,C00270,B006,2025-12-08 16:11:00,Transfer,Branch,1737.7,GBP,L003,DE,Individual,Cash,1,IN,0,Verified
T0000172,C00116,B007,2025-12-08 16:54:00,Transfer,ATM,193.43,GBP,L014,BR,Own Account,Payment,3,AE,0,Verified
T0001780,C00084,B006,2025-12-08 18:10:00,Transfer,ATM,3283.56,GBP,L020,ZA,Individual,Cash,3,DE,0,Verified
T0003312,C00038,B012,2025-12-08 18:13:00,Transfer,Online,6841.86,GBP,L016,HK,Individual,Invoice,3,US,0,Verified
T0004055,C00039,B001,2025-12-08 20:21:00,Cash Withdrawal,Mobile,854.18,GBP,L003,DE,Own Account,Purchase,1,BR,0,Verified
T0002054,C00092,B012,2025-12-08 21:12:00,Transfer,Branch,685.22,GBP,L010,AU,Business,Purchase,2,ZA,0,Verified
T0005280,C00018,B012,2025-12-08 22:35:00,International Transfer,Online,1388.57,GBP,L014,BR,Own Account,Purchase,3,BR,0,Verified
T0000393,C00090,B010,2025-12-08 23:18:00,Transfer,ATM,127.04,GBP,L019,IN,Individual,Invoice,3,SG,0,Verified
T0001717,C00294,B001,2025-12-08 23:57:00,Transfer,Online,6299.68,GBP,L003,DE,Own Account,Purchase,1,DE,0,Verified
T0002197,C00132,B002,2025-12-09 00:53:00,International Transfer,ATM,790.24,GBP,L006,NL,Own Account,Payment,1,SG,0,Verified
T0001175,C00084,B001,2025-12-09 01:24:00,Card,Online,1841.23,GBP,L013,NG,Individual,Payment,5,DE,0,Verified
T0003943,C00087,B009,2025-12-09 05:15:00,Card,ATM,38.63,GBP,L011,AE,Own Account,Purchase,4,BR,0,Verified
T0003682,C00043,B003,2025-12-09 05:33:00,International Transfer,Online,447.23,GBP,L002,FR,Individual,Invoice,1,US,0,Verified
T0001219,C00196,B005,2025-12-09 06:00:00,Transfer,ATM,178.18,GBP,L014,BR,Individual,Purchase,3,AU,0,Verified
T0005714,C00162,B003,2025-12-09 06:10:00,Card,ATM,405.31,GBP,L017,CH,Individual,Cash,2,SG,0,Verified
T0000970,C00085,B007,2025-12-09 07:44:00,International Transfer,ATM,1168.45,GBP,L009,CA,Own Account,Invoice,2,ES,0,Verified
T0002438,C00125,B011,2025-12-09 08:09:00,Card,ATM,484.88,GBP,L014,BR,Individual,Transfer,3,US,0,Verified
T0002382,C00174,B012,2025-12-09 10:29:00,Transfer,ATM,5260.93,GBP,L015,SG,Own Account,Purchase,2,SG,0,Verified
T0001334,C00072,B011,2025-12-09 11:20:00,Card,Online,362.51,GBP,L020,ZA,Own Account,Transfer,3,BR,0,Verified
T0000721,C00026,B004,2025-12-09 12:25:00,Card,Branch,861.9,GBP,L008,US,Own Account,Transfer,2,IT,0,Review Required
T0001894,C00030,B001,2025-12-09 13:00:00,Transfer,Online,655.4,GBP,L002,FR,Business,Salary,1,PL,0,Verified
T0001156,C00078,B012,2025-12-09 13:05:00,Transfer,Mobile,1254.24,GBP,L016,HK,Own Account,Transfer,3,CA,0,Verified
T0001239,C00174,B002,2025-12-09 13:08:00,Card,Online,1951.42,GBP,L009,CA,Business,Purchase,2,SG,0,Verified
T0002038,C00252,B005,2025-12-09 13:12:00,Card,Branch,289.41,GBP,L016,HK,Own Account,Cash,3,IT,1,Verified
T0000251,C00037,B010,2025-12-09 13:21:00,International Transfer,Online,133.19,GBP,L004,ES,Individual,Salary,1,HK,0,Verified
T0003013,C00300,B007,2025-12-09 15:53:00,Card,Mobile,1225.33,GBP,L019,IN,Own Account,Purchase,3,IT,0,Verified
T0000221,C00247,B008,2025-12-09 15:56:00,Transfer,Mobile,131.03,GBP,L013,NG,Business,Purchase,5,IT,0,Verified
T0000816,C00061,B007,2025-12-09 16:12:00,Cash Withdrawal,Online,533.33,GBP,L014,BR,Own Account,Salary,3,CH,0,Verified
T0001871,C00182,B005,2025-12-09 19:49:00,Cash Withdrawal,Online,5384.36,GBP,L009,CA,Business,Payment,2,BR,0,Verified
T0003133,C00271,B009,2025-12-09 22:24:00,Transfer,Branch,328.95,GBP,L017,CH,Own Account,Payment,2,NG,0,Verified
T0005711,C00255,B003,2025-12-10 01:05:00,Card,ATM,1215.24,GBP,L009,CA,Individual,Payment,2,PL,0,Verified
T0000012,C00089,B002,2025-12-10 02:33:00,Cash Withdrawal,Mobile,963.36,GBP,L001,GB,Individual,Transfer,1,BR,0,Verified
T0004709,C00180,B010,2025-12-10 03:13:00,Card,Branch,1397.54,GBP,L016,HK,Own Account,Salary,3,HK,0,Verified
T0002706,C00145,B004,2025-12-10 03:35:00,Transfer,Mobile,1793.81,GBP,L015,SG,Business,Salary,2,AU,0,Verified
T0005118,C00112,B002,2025-12-10 04:02:00,Card,Mobile,3912.62,GBP,L014,BR,Individual,Payment,3,NG,0,Review Required
T0001884,C00038,B004,2025-12-10 07:31:00,International Transfer,Online,3950.39,GBP,L009,CA,Own Account,Transfer,2,US,0,Verified
T0005240,C00150,B007,2025-12-10 09:18:00,Card,Online,577.93,GBP,L006,NL,Business,Transfer,1,FR,0,Verified
T0005933,C00287,B002,2025-12-10 15:50:00,Card,Mobile,511.76,GBP,L003,DE,Business,Transfer,1,AE,0,Verified
T0001128,C00223,B005,2025-12-10 16:13:00,Card,ATM,2198.21,GBP,L017,CH,Own Account,Cash,2,PL,0,Verified
T0003325,C00183,B006,2025-12-10 18:34:00,Transfer,ATM,1951.43,GBP,L006,NL,Individual,Payment,1,AU,0,Review Required
T0004674,C00294,B006,2025-12-10 20:07:00,Card,Mobile,235.58,GBP,L017,CH,Business,Transfer,2,DE,0,Verified
T0002315,C00196,B009,2025-12-10 22:15:00,International Transfer,Branch,312.65,GBP,L008,US,Individual,Purchase,2,AU,0,Verified
T0004515,C00296,B001,2025-12-10 22:48:00,Card,Mobile,2133.77,GBP,L020,ZA,Individual,Purchase,3,TR,0,Verified
T0000371,C00030,B010,2025-12-10 23:27:00,Card,Online,1084.07,GBP,L017,CH,Individual,Salary,2,PL,0,Verified
T0004939,C00298,B006,2025-12-10 23:29:00,Card,Branch,416.46,GBP,L019,IN,Individual,Transfer,3,ES,0,Verified
T0004247,C00127,B008,2025-12-11 01:32:00,Transfer,Mobile,1127.22,GBP,L010,AU,Own Account,Salary,2,TR,0,Verified
T0004752,C00050,B006,2025-12-11 03:54:00,Transfer,Online,446.85,GBP,L019,IN,Business,Payment,3,AE,0,Verified
T0005732,C00141,B010,2025-12-11 07:15:00,Card,ATM,422.53,GBP,L010,AU,Individual,Invoice,2,US,0,Verified
T0001406,C00215,B011,2025-12-11 07:51:00,Transfer,Online,2479.27,GBP,L013,NG,Own Account,Cash,5,DE,0,Review Required
T0004415,C00190,B003,2025-12-11 08:13:00,Card,Mobile,1165.0,GBP,L011,AE,Business,Transfer,4,SG,0,Verified
T0002935,C00183,B010,2025-12-11 09:33:00,Transfer,Mobile,515.92,GBP,L001,GB,Own Account,Invoice,1,AU,0,Review Required
T0000244,C00083,B002,2025-12-11 11:40:00,Cash Deposit,Online,1486.19,GBP,L001,GB,Business,Transfer,1,BR,0,Verified
T0004858,C00128,B012,2025-12-11 12:32:00,Cash Withdrawal,Branch,1016.75,GBP,L005,IT,Individual,Invoice,1,HK,0,Verified
T0002653,C00230,B011,2025-12-11 12:50:00,Card,Online,341.58,GBP,L016,HK,Business,Invoice,3,PL,0,Verified
T0005236,C00185,B009,2025-12-11 16:56:00,Card,Mobile,181.85,GBP,L002,FR,Own Account,Invoice,1,AE,0,Verified
T0004064,C00078,B010,2025-12-11 17:46:00,International Transfer,ATM,555.38,GBP,L009,CA,Business,Transfer,2,CA,0,Verified
T0005658,C00267,B008,2025-12-11 17:47:00,Card,Branch,2879.64,GBP,L017,CH,Individual,Purchase,2,HK,0,Verified
T0002381,C00120,B005,2025-12-11 17:52:00,Card,Online,863.2,GBP,L015,SG,Own Account,Salary,2,ZA,0,Verified
T0003155,C00076,B007,2025-12-11 18:02:00,International Transfer,Mobile,805.91,GBP,L018,PL,Individual,Purchase,2,SG,0,Verified
T0005346,C00123,B009,2025-12-11 18:31:00,Transfer,Mobile,301.55,GBP,L011,AE,Individual,Payment,4,ES,0,Verified
T0005065,C00269,B007,2025-12-11 19:24:00,Transfer,ATM,1449.04,GBP,L005,IT,Own Account,Cash,1,FR,1,Verified
T0003279,C00104,B002,2025-12-11 21:30:00,Card,Online,350.77,GBP,L015,SG,Own Account,Purchase,2,AE,0,Verified
T0000269,C00253,B005,2025-12-11 23:29:00,International Transfer,ATM,484.77,GBP,L009,CA,Business,Purchase,2,PL,0,Verified
T0001862,C00011,B001,2025-12-12 01:18:00,Card,Mobile,248.54,GBP,L012,TR,Own Account,Invoice,4,IE,0,Verified
T0000129,C00298,B001,2025-12-12 02:45:00,Transfer,Mobile,573.38,GBP,L014,BR,Individual,Transfer,3,ES,0,Verified
T0004133,C00071,B012,2025-12-12 02:47:00,Transfer,ATM,814.98,GBP,L006,NL,Individual,Payment,1,US,1,Verified
T0003779,C00265,B007,2025-12-12 03:16:00,International Transfer,Online,701.9,GBP,L017,CH,Own Account,Purchase,2,ZA,0,Verified
T0003278,C00206,B008,2025-12-12 03:46:00,Cash Deposit,Mobile,4258.59,GBP,L007,IE,Individual,Cash,1,NG,0,Verified
T0001858,C00135,B007,2025-12-12 05:26:00,Transfer,Branch,7876.39,GBP,L004,ES,Own Account,Invoice,1,ZA,0,Verified
T0001211,C00023,B009,2025-12-12 07:27:00,International Transfer,Branch,1114.12,GBP,L014,BR,Business,Transfer,3,PL,0,Verified
T0000768,C00107,B009,2025-12-12 08:33:00,Transfer,Mobile,1215.24,GBP,L007,IE,Individual,Salary,1,BR,0,Verified
T0003712,C00193,B012,2025-12-12 12:21:00,Card,Branch,1282.63,GBP,L018,PL,Individual,Payment,2,AE,0,Verified
T0002831,C00216,B012,2025-12-12 17:17:00,Card,Mobile,169.08,GBP,L020,ZA,Own Account,Invoice,3,PL,0,Verified
T0003299,C00090,B004,2025-12-12 21:07:00,Transfer,ATM,1148.99,GBP,L016,HK,Own Account,Payment,3,SG,0,Verified
T0001081,C00032,B011,2025-12-12 22:16:00,Transfer,ATM,380.55,GBP,L003,DE,Individual,Salary,1,PL,0,Verified
T0004824,C00125,B001,2025-12-12 22:21:00,Transfer,Online,527.76,GBP,L020,ZA,Own Account,Cash,3,US,0,Verified
T0003854,C00140,B001,2025-12-13 00:56:00,International Transfer,Branch,1208.92,GBP,L014,BR,Own Account,Salary,3,PL,0,Verified
T0001723,C00020,B003,2025-12-13 00:58:00,Transfer,ATM,684.24,GBP,L007,IE,Business,Salary,1,IT,0,Verified
T0001443,C00091,B012,2025-12-13 01:16:00,Transfer,ATM,803.79,GBP,L020,ZA,Business,Cash,3,NL,0,Verified
T0005139,C00230,B006,2025-12-13 02:47:00,Transfer,Online,241.45,GBP,L015,SG,Own Account,Invoice,2,PL,0,Verified
T0004156,C00119,B008,2025-12-13 03:58:00,Transfer,Mobile,646.46,GBP,L018,PL,Individual,Cash,2,FR,0,Verified
T0000772,C00292,B007,2025-12-13 04:01:00,International Transfer,Online,1023.73,GBP,L012,TR,Individual,Payment,4,ZA,0,Verified
T0003809,C00293,B012,2025-12-13 04:04:00,Cash Deposit,Mobile,800.31,GBP,L015,SG,Own Account,Purchase,2,IT,0,Verified
T0005464,C00054,B008,2025-12-13 06:51:00,International Transfer,Mobile,1808.01,GBP,L007,IE,Individual,Transfer,1,BR,0,Verified
T0000177,C00196,B011,2025-12-13 07:51:00,Card,Mobile,3574.35,GBP,L013,NG,Own Account,Transfer,5,AU,0,Verified
T0003549,C00251,B007,2025-12-13 09:34:00,Card,Mobile,1363.68,GBP,L009,CA,Business,Salary,2,ZA,0,Verified
T0005266,C00248,B008,2025-12-13 12:34:00,Cash Deposit,Branch,8328.15,GBP,L018,PL,Business,Transfer,2,DE,0,Verified
T0005930,C00159,B001,2025-12-13 14:54:00,Cash Deposit,Online,1553.71,GBP,L014,BR,Own Account,Cash,3,IN,0,Verified
T0004664,C00105,B012,2025-12-13 15:21:00,Cash Withdrawal,Online,1362.34,GBP,L018,PL,Own Account,Invoice,2,US,0,Verified
T0001274,C00120,B008,2025-12-13 15:58:00,Cash Deposit,Branch,341.81,GBP,L001,GB,Business,Invoice,1,ZA,0,Verified
T0000984,C00155,B009,2025-12-13 16:09:00,Transfer,Branch,2385.82,GBP,L011,AE,Individual,Invoice,4,CA,0,Verified
T0002753,C00113,B003,2025-12-13 16:40:00,Transfer,Mobile,2925.86,GBP,L012,TR,Own Account,Invoice,4,PL,0,Verified
T0002702,C00199,B001,2025-12-13 21:32:00,Card,ATM,1026.56,GBP,L011,AE,Business,Transfer,4,ZA,0,Verified
T0002249,C00018,B007,2025-12-13 23:35:00,International Transfer,Branch,22421.5,GBP,L008,US,Individual,Purchase,2,BR,0,Verified
T0002605,C00041,B004,2025-12-14 02:39:00,Card,Online,732.67,GBP,L009,CA,Own Account,Cash,2,AE,0,Verified
T0003221,C00298,B003,2025-12-14 04:13:00,Card,Online,73.0,GBP,L016,HK,Business,Transfer,3,ES,0,Verified
T0002581,C00298,B009,2025-12-14 04:27:00,Cash Withdrawal,Branch,843.5,GBP,L008,US,Business,Invoice,2,ES,0,Verified
T0002812,C00171,B005,2025-12-14 06:16:00,Card,Branch,27.63,GBP,L005,IT,Business,Purchase,1,DE,0,Review Required
T0005908,C00164,B007,2025-12-14 07:25:00,Transfer,Mobile,459.23,GBP,L012,TR,Individual,Payment,4,BR,0,Verified
T0001362,C00269,B010,2025-12-14 08:10:00,Transfer,Branch,805.39,GBP,L004,ES,Own Account,Purchase,1,FR,1,Verified
T0005636,C00298,B002,2025-12-14 08:47:00,Cash Deposit,Mobile,569.04,GBP,L005,IT,Business,Invoice,1,ES,0,Verified
T0005223,C00112,B011,2025-12-14 11:18:00,Transfer,Mobile,283.52,GBP,L009,CA,Own Account,Salary,2,NG,0,Review Required
T0004418,C00053,B012,2025-12-14 11:57:00,Card,ATM,4336.42,GBP,L013,NG,Own Account,Transfer,5,IN,0,Verified
T0005917,C00063,B007,2025-12-14 12:24:00,Card,ATM,1206.21,GBP,L002,FR,Business,Salary,1,ES,0,Verified
T0003371,C00128,B004,2025-12-14 13:18:00,Card,ATM,1684.23,GBP,L014,BR,Individual,Transfer,3,HK,0,Verified
T0003687,C00051,B009,2025-12-14 13:23:00,Transfer,Branch,3948.18,GBP,L020,ZA,Individual,Transfer,3,CH,0,Verified
T0002358,C00208,B011,2025-12-14 13:54:00,Card,Mobile,862.05,GBP,L008,US,Own Account,Invoice,2,TR,0,Verified
T0000332,C00059,B008,2025-12-14 21:34:00,Transfer,ATM,124.64,GBP,L020,ZA,Business,Payment,3,TR,0,Verified
T0000016,C00027,B006,2025-12-14 22:04:00,Card,Branch,1176.54,GBP,L017,CH,Individual,Invoice,2,CH,0,Verified
T0001476,C00066,B010,2025-12-14 22:42:00,International Transfer,Online,1417.65,GBP,L014,BR,Business,Invoice,3,CA,0,Verified
T0005415,C00002,B001,2025-12-15 03:33:00,Transfer,Branch,2336.99,GBP,L019,IN,Business,Payment,3,PL,0,Verified
T0005443,C00083,B004,2025-12-15 04:52:00,Card,Branch,1388.36,GBP,L010,AU,Own Account,Cash,2,BR,0,Verified
T0005254,C00131,B003,2025-12-15 06:22:00,Card,Mobile,2899.08,GBP,L009,CA,Own Account,Cash,2,IN,0,Verified
T0002299,C00079,B011,2025-12-15 07:53:00,Card,Mobile,388.31,GBP,L002,FR,Business,Transfer,1,PL,0,Verified
T0004182,C00239,B006,2025-12-15 08:49:00,Card,ATM,487.87,GBP,L008,US,Individual,Cash,2,NG,0,Verified
T0002946,C00239,B003,2025-12-15 09:07:00,Cash Deposit,Online,2734.86,GBP,L005,IT,Business,Invoice,1,NG,0,Verified
T0003638,C00133,B008,2025-12-15 09:51:00,Card,ATM,281.21,GBP,L015,SG,Business,Transfer,2,NG,0,Verified
T0002637,C00036,B007,2025-12-15 10:37:00,Cash Withdrawal,ATM,574.7,GBP,L005,IT,Business,Invoice,1,FR,0,Verified
T0004948,C00197,B005,2025-12-15 10:44:00,Transfer,ATM,264.65,GBP,L018,PL,Business,Purchase,2,AU,0,Verified
T0004468,C00038,B010,2025-12-15 10:53:00,Card,Mobile,2483.91,GBP,L008,US,Own Account,Transfer,2,US,0,Verified
T0005088,C00048,B010,2025-12-15 12:43:00,Transfer,Branch,4020.77,GBP,L020,ZA,Own Account,Cash,3,PL,0,Verified
T0003046,C00064,B004,2025-12-15 14:10:00,Card,ATM,767.68,GBP,L015,SG,Individual,Payment,2,IE,0,Verified
T0004673,C00029,B009,2025-12-15 19:22:00,Transfer,Branch,684.79,GBP,L007,IE,Business,Purchase,1,IN,0,Verified
T0002543,C00193,B011,2025-12-15 19:36:00,Transfer,Online,2451.53,GBP,L002,FR,Own Account,Salary,1,AE,0,Verified
T0004721,C00022,B004,2025-12-15 20:12:00,Card,Online,454.45,GBP,L007,IE,Individual,Transfer,1,PL,0,Verified
T0005840,C00081,B004,2025-12-15 20:18:00,Card,Branch,350.92,GBP,L017,CH,Own Account,Transfer,2,BR,0,Verified
T0004301,C00299,B010,2025-12-15 20:23:00,Cash Withdrawal,Online,957.67,GBP,L014,BR,Business,Salary,3,AE,0,Verified
T0003404,C00047,B012,2025-12-15 21:12:00,International Transfer,ATM,891.4,GBP,L002,FR,Individual,Purchase,1,NG,0,Verified
T0004719,C00294,B007,2025-12-15 21:33:00,Card,Mobile,469.87,GBP,L010,AU,Own Account,Invoice,2,DE,0,Verified
T0004319,C00284,B010,2025-12-15 23:47:00,Card,Online,1222.97,GBP,L020,ZA,Own Account,Purchase,3,NG,0,Verified
T0004931,C00111,B006,2025-12-16 00:16:00,Card,ATM,193.61,GBP,L013,NG,Individual,Payment,5,BR,0,Verified
T0005552,C00061,B008,2025-12-16 05:57:00,Card,Mobile,283.34,GBP,L001,GB,Individual,Purchase,1,CH,0,Verified
T0005212,C00274,B009,2025-12-16 12:38:00,Card,Branch,58.64,GBP,L003,DE,Own Account,Transfer,1,NG,1,Verified
T0005440,C00284,B003,2025-12-16 13:10:00,International Transfer,Mobile,3699.91,GBP,L001,GB,Business,Transfer,1,NG,0,Verified
T0003465,C00215,B006,2025-12-16 15:09:00,Card,Online,7975.71,GBP,L003,DE,Individual,Purchase,1,DE,0,Review Required
T0002845,C00189,B011,2025-12-16 19:49:00,Card,Branch,723.33,GBP,L001,GB,Own Account,Payment,1,IN,0,Verified
T0005355,C00196,B001,2025-12-16 20:05:00,Card,Online,8804.02,GBP,L018,PL,Individual,Salary,2,AU,0,Verified
T0001191,C00074,B009,2025-12-16 20:53:00,Transfer,Online,1178.76,GBP,L002,FR,Individual,Cash,1,AE,0,Verified
T0000154,C00111,B012,2025-12-16 22:16:00,Transfer,Mobile,1198.02,GBP,L010,AU,Business,Transfer,2,BR,0,Verified
T0003702,C00129,B009,2025-12-17 03:51:00,Card,Mobile,1764.04,GBP,L015,SG,Business,Transfer,2,BR,0,Verified
T0001348,C00179,B004,2025-12-17 05:12:00,Card,Branch,533.1,GBP,L005,IT,Own Account,Payment,1,AU,0,Verified
T0001926,C00109,B004,2025-12-17 07:09:00,Card,Online,784.64,GBP,L002,FR,Business,Payment,1,NG,0,Verified
T0004514,C00200,B003,2025-12-17 07:35:00,Transfer,ATM,1108.31,GBP,L003,DE,Business,Invoice,1,IN,0,Verified
T0000193,C00234,B009,2025-12-17 14:44:00,Transfer,ATM,346.81,GBP,L019,IN,Individual,Salary,3,US,0,Verified
T0001631,C00283,B011,2025-12-17 14:51:00,Transfer,Branch,31.71,GBP,L005,IT,Own Account,Salary,1,AU,0,Verified
T0000514,C00221,B011,2025-12-17 16:38:00,Card,Online,3532.77,GBP,L017,CH,Individual,Transfer,2,FR,0,Verified
T0004201,C00213,B004,2025-12-17 17:41:00,International Transfer,Mobile,2104.81,GBP,L013,NG,Individual,Transfer,5,CA,0,Review Required
T0005904,C00006,B006,2025-12-17 18:18:00,Transfer,Online,1690.66,GBP,L015,SG,Own Account,Purchase,2,FR,0,Review Required
T0002999,C00111,B006,2025-12-17 18:55:00,Cash Withdrawal,Online,2704.06,GBP,L003,DE,Business,Purchase,1,BR,0,Verified
T0002401,C00162,B004,2025-12-17 21:52:00,International Transfer,Online,787.62,GBP,L008,US,Individual,Purchase,2,SG,0,Verified
T0000595,C00075,B010,2025-12-17 22:54:00,Cash Deposit,Branch,3281.83,GBP,L003,DE,Own Account,Salary,1,ES,1,Verified
T0003891,C00294,B011,2025-12-18 01:45:00,Transfer,Online,377.97,GBP,L007,IE,Individual,Invoice,1,DE,0,Verified
T0001054,C00092,B004,2025-12-18 03:49:00,Card,Branch,1112.67,GBP,L019,IN,Individual,Invoice,3,ZA,0,Verified
T0001451,C00190,B001,2025-12-18 04:03:00,Card,ATM,1273.86,GBP,L020,ZA,Individual,Invoice,3,SG,0,Verified
T0005799,C00249,B001,2025-12-18 05:06:00,Cash Deposit,Online,282.26,GBP,L002,FR,Business,Transfer,1,PL,1,Verified
T0003014,C00187,B009,2025-12-18 06:55:00,Transfer,Mobile,2175.28,GBP,L011,AE,Own Account,Salary,4,BR,0,Verified
T0003566,C00117,B008,2025-12-18 08:24:00,Card,Mobile,2842.46,GBP,L016,HK,Own Account,Cash,3,BR,0,Verified
T0001058,C00081,B011,2025-12-18 09:05:00,Cash Withdrawal,Mobile,168.28,GBP,L012,TR,Business,Cash,4,BR,0,Verified
T0002729,C00008,B004,2025-12-18 09:38:00,International Transfer,Mobile,779.18,GBP,L004,ES,Individual,Cash,1,TR,0,Verified
T0004900,C00162,B001,2025-12-18 09:45:00,Card,Mobile,475.3,GBP,L004,ES,Own Account,Purchase,1,SG,0,Verified
T0004213,C00056,B008,2025-12-18 11:40:00,Transfer,ATM,5216.56,GBP,L020,ZA,Individual,Cash,3,IT,0,Verified
T0001757,C00131,B006,2025-12-18 12:05:00,Card,ATM,84.12,GBP,L019,IN,Business,Payment,3,IN,0,Verified
T0002752,C00149,B007,2025-12-18 12:58:00,Card,Online,882.64,GBP,L001,GB,Business,Transfer,1,DE,0,Verified
T0001094,C00262,B009,2025-12-18 16:43:00,Transfer,Online,380.08,GBP,L013,NG,Own Account,Payment,5,BR,0,Verified
T0002203,C00049,B011,2025-12-18 20:01:00,Transfer,Online,381.02,GBP,L016,HK,Individual,Transfer,3,IE,0,Verified
T0005573,C00099,B003,2025-12-18 20:12:00,Cash Withdrawal,Online,442.0,GBP,L008,US,Own Account,Cash,2,SG,0,Verified
T0001861,C00156,B009,2025-12-18 22:30:00,Card,ATM,564.17,GBP,L006,NL,Individual,Salary,1,DE,0,Verified
T0003503,C00300,B012,2025-12-18 23:01:00,Transfer,ATM,232.88,GBP,L012,TR,Own Account,Purchase,4,IT,0,Verified
T0002624,C00056,B004,2025-12-18 23:10:00,Transfer,Online,3977.78,GBP,L018,PL,Business,Cash,2,IT,0,Verified
T0004123,C00198,B004,2025-12-18 23:37:00,Card,Branch,3261.85,GBP,L009,CA,Own Account,Cash,2,BR,0,Verified
T0000228,C00289,B004,2025-12-19 01:11:00,Cash Withdrawal,ATM,1007.67,GBP,L007,IE,Own Account,Payment,1,ZA,0,Verified
T0003016,C00142,B009,2025-12-19 02:42:00,Card,Mobile,1530.81,GBP,L013,NG,Individual,Payment,5,PL,0,Verified
T0002743,C00002,B010,2025-12-19 03:33:00,Card,Branch,2955.58,GBP,L015,SG,Individual,Purchase,2,PL,0,Verified
T0001661,C00072,B007,2025-12-19 08:41:00,International Transfer,ATM,518.91,GBP,L008,US,Business,Invoice,2,BR,0,Verified
T0000137,C00065,B007,2025-12-19 09:02:00,International Transfer,Branch,162.53,GBP,L005,IT,Business,Invoice,1,CA,0,Verified
T0005989,C00186,B009,2025-12-19 12:08:00,Card,Branch,410.84,GBP,L007,IE,Individual,Cash,1,AE,0,Verified
T0005802,C00253,B010,2025-12-19 14:45:00,Transfer,ATM,1657.91,GBP,L019,IN,Business,Invoice,3,PL,0,Verified
T0002540,C00297,B006,2025-12-19 17:01:00,Card,Online,514.39,GBP,L014,BR,Business,Cash,3,HK,0,Verified
T0001257,C00135,B003,2025-12-19 18:48:00,Card,ATM,1037.28,GBP,L011,AE,Individual,Payment,4,ZA,0,Verified
T0001365,C00300,B008,2025-12-19 20:59:00,Card,Mobile,2984.0,GBP,L005,IT,Own Account,Payment,1,IT,0,Verified
T0003253,C00279,B004,2025-12-19 22:30:00,Transfer,Branch,1435.68,GBP,L019,IN,Business,Purchase,3,IN,0,Verified
T0001795,C00136,B005,2025-12-19 22:37:00,Card,Mobile,709.85,GBP,L006,NL,Business,Invoice,1,IE,0,Verified
T0001971,C00099,B009,2025-12-20 00:33:00,Card,ATM,4105.38,GBP,L014,BR,Business,Invoice,3,SG,0,Verified
T0002399,C00178,B003,2025-12-20 01:28:00,Card,Mobile,276.78,GBP,L011,AE,Own Account,Transfer,4,ES,0,Verified
T0002274,C00263,B001,2025-12-20 02:54:00,Transfer,Online,555.5,GBP,L008,US,Business,Cash,2,CH,0,Verified
T0005045,C00242,B007,2025-12-20 03:56:00,Transfer,Branch,436.76,GBP,L006,NL,Individual,Transfer,1,AE,0,Verified
T0004969,C00220,B004,2025-12-20 04:00:00,Card,Mobile,1531.02,GBP,L004,ES,Business,Payment,1,SG,0,Verified
T0000419,C00003,B010,2025-12-20 04:06:00,International Transfer,Branch,367.41,GBP,L010,AU,Individual,Cash,2,GB,0,Verified
T0004158,C00057,B003,2025-12-20 04:19:00,Cash Withdrawal,ATM,381.43,GBP,L016,HK,Individual,Salary,3,DE,0,Review Required
T0005473,C00030,B012,2025-12-20 06:04:00,Transfer,Branch,847.88,GBP,L017,CH,Business,Salary,2,PL,0,Verified
T0004076,C00035,B008,2025-12-20 06:42:00,Transfer,Mobile,242.09,GBP,L003,DE,Individual,Cash,1,IN,0,Verified
T0002122,C00117,B012,2025-12-20 10:50:00,Transfer,Mobile,981.75,GBP,L019,IN,Own Account,Salary,3,BR,0,Verified
T0000160,C00297,B001,2025-12-20 14:16:00,Cash Withdrawal,ATM,2101.35,GBP,L004,ES,Business,Cash,1,HK,0,Verified
T0002324,C00125,B011,2025-12-20 16:07:00,Card,Online,1075.08,GBP,L006,NL,Own Account,Salary,1,US,0,Verified
T0003677,C00152,B004,2025-12-20 16:09:00,Transfer,ATM,242.01,GBP,L011,AE,Business,Invoice,4,ZA,0,Verified
T0003375,C00107,B001,2025-12-20 16:40:00,International Transfer,ATM,119.29,GBP,L005,IT,Individual,Transfer,1,BR,0,Verified
T0002553,C00018,B003,2025-12-20 16:56:00,Cash Withdrawal,ATM,2371.0,GBP,L007,IE,Own Account,Cash,1,BR,0,Verified
T0004803,C00287,B012,2025-12-20 19:26:00,Card,Mobile,1934.75,GBP,L013,NG,Individual,Cash,5,AE,0,Verified
T0000909,C00126,B005,2025-12-20 22:18:00,Cash Deposit,Mobile,922.98,GBP,L005,IT,Own Account,Salary,1,IN,0,Verified
T0002984,C00073,B001,2025-12-21 03:10:00,Transfer,Online,1377.42,GBP,L013,NG,Own Account,Cash,5,NL,0,Verified
T0005039,C00034,B009,2025-12-21 03:18:00,Card,Branch,3146.1,GBP,L005,IT,Business,Invoice,1,US,0,Verified
T0003689,C00110,B011,2025-12-21 05:04:00,Transfer,Mobile,512.02,GBP,L001,GB,Business,Invoice,1,PL,0,Verified
T0005763,C00143,B003,2025-12-21 07:04:00,Cash Withdrawal,Mobile,1699.96,GBP,L007,IE,Own Account,Salary,1,HK,0,Verified
T0000344,C00059,B011,2025-12-21 07:25:00,Cash Deposit,Branch,1451.78,GBP,L005,IT,Individual,Payment,1,TR,0,Verified
T0000381,C00220,B007,2025-12-21 11:08:00,Transfer,Branch,974.24,GBP,L020,ZA,Business,Cash,3,SG,0,Verified
T0000490,C00004,B004,2025-12-21 11:12:00,Transfer,Mobile,307.03,GBP,L012,TR,Individual,Payment,4,IT,0,Verified
T0005795,C00164,B007,2025-12-21 14:25:00,International Transfer,ATM,2405.78,GBP,L012,TR,Own Account,Payment,4,BR,0,Verified
T0005856,C00098,B005,2025-12-21 14:29:00,Card,Mobile,173.42,GBP,L001,GB,Own Account,Payment,1,US,0,Verified
T0001408,C00058,B008,2025-12-21 15:46:00,Transfer,Mobile,834.22,GBP,L001,GB,Business,Transfer,1,DE,0,Verified
T0002277,C00235,B009,2025-12-21 17:18:00,Transfer,ATM,1864.18,GBP,L007,IE,Individual,Salary,1,IT,0,Verified
T0003435,C00263,B007,2025-12-21 17:58:00,Transfer,Online,2725.91,GBP,L001,GB,Individual,Salary,1,CH,0,Verified
T0001532,C00202,B002,2025-12-21 20:32:00,Card,ATM,647.79,GBP,L010,AU,Individual,Purchase,2,NL,0,Verified
T0000278,C00039,B002,2025-12-21 21:45:00,Card,ATM,970.84,GBP,L006,NL,Business,Transfer,1,BR,0,Verified
T0005935,C00236,B002,2025-12-21 23:42:00,Cash Withdrawal,Mobile,308.18,GBP,L010,AU,Own Account,Invoice,2,HK,0,Verified
T0000794,C00026,B010,2025-12-21 23:58:00,Card,ATM,1114.76,GBP,L007,IE,Own Account,Cash,1,IT,0,Review Required
T0001559,C00092,B003,2025-12-22 05:11:00,Transfer,Branch,379.28,GBP,L009,CA,Business,Cash,2,ZA,0,Verified
T0004222,C00009,B005,2025-12-22 05:41:00,Card,Online,141.96,GBP,L015,SG,Own Account,Purchase,2,AU,0,Verified
T0002516,C00193,B006,2025-12-22 07:27:00,Card,Mobile,376.72,GBP,L001,GB,Individual,Transfer,1,AE,0,Verified
T0005718,C00248,B007,2025-12-22 10:44:00,Card,ATM,569.81,GBP,L007,IE,Individual,Cash,1,DE,0,Verified
T0001382,C00207,B011,2025-12-22 14:17:00,Card,Online,1533.0,GBP,L013,NG,Individual,Salary,5,HK,0,Verified
T0005690,C00084,B002,2025-12-22 16:23:00,Cash Withdrawal,Mobile,5911.47,GBP,L003,DE,Individual,Purchase,1,DE,0,Verified
T0001188,C00177,B010,2025-12-22 17:08:00,Card,Branch,801.9,GBP,L011,AE,Individual,Transfer,4,PL,0,Verified
T0004764,C00183,B006,2025-12-22 19:03:00,Card,Branch,453.99,GBP,L007,IE,Individual,Payment,1,AU,0,Review Required
T0001425,C00002,B005,2025-12-22 20:53:00,Card,Online,2164.11,GBP,L004,ES,Individual,Payment,1,PL,0,Verified
T0004200,C00025,B005,2025-12-22 23:45:00,Card,ATM,715.36,GBP,L020,ZA,Business,Cash,3,CH,0,Verified
T0003496,C00032,B009,2025-12-23 00:00:00,Transfer,Branch,685.31,GBP,L001,GB,Business,Payment,1,PL,0,Verified
T0002832,C00300,B002,2025-12-23 00:43:00,Transfer,ATM,258.28,GBP,L013,NG,Own Account,Purchase,5,IT,0,Verified
T0001975,C00189,B004,2025-12-23 01:37:00,Transfer,ATM,2760.71,GBP,L013,NG,Individual,Purchase,5,IN,0,Verified
T0000091,C00056,B011,2025-12-23 02:13:00,Card,Online,64.83,GBP,L020,ZA,Individual,Transfer,3,IT,0,Verified
T0004454,C00193,B010,2025-12-23 02:59:00,Card,Online,505.61,GBP,L011,AE,Individual,Cash,4,AE,0,Verified
T0000171,C00259,B003,2025-12-23 03:26:00,Transfer,Mobile,1600.42,GBP,L006,NL,Business,Payment,1,SG,0,Verified
T0000163,C00163,B010,2025-12-23 04:51:00,International Transfer,Online,1300.28,GBP,L003,DE,Business,Transfer,1,CH,0,Verified
T0002666,C00192,B012,2025-12-23 05:26:00,Card,ATM,145.74,GBP,L017,CH,Individual,Cash,2,NG,0,Verified
T0004684,C00028,B010,2025-12-23 06:14:00,Card,Mobile,2504.46,GBP,L008,US,Own Account,Transfer,2,ES,0,Verified
T0004062,C00251,B006,2025-12-23 09:40:00,Card,Mobile,641.37,GBP,L001,GB,Individual,Invoice,1,ZA,0,Verified
T0000384,C00099,B007,2025-12-23 10:22:00,Card,ATM,506.28,GBP,L019,IN,Business,Salary,3,SG,0,Verified
T0000497,C00147,B005,2025-12-23 12:00:00,International Transfer,Branch,2753.43,GBP,L003,DE,Own Account,Invoice,1,GB,0,Verified
T0003452,C00061,B010,2025-12-23 14:25:00,Card,Mobile,4160.31,GBP,L003,DE,Business,Transfer,1,CH,0,Verified
T0002800,C00267,B005,2025-12-23 18:39:00,Transfer,Mobile,10106.42,GBP,L017,CH,Own Account,Payment,2,HK,0,Verified
T0004746,C00034,B012,2025-12-23 20:46:00,Cash Deposit,Online,282.56,GBP,L001,GB,Own Account,Invoice,1,US,0,Verified
T0005068,C00252,B006,2025-12-23 22:37:00,Transfer,ATM,42.05,GBP,L010,AU,Own Account,Payment,2,IT,1,Verified
T0002630,C00233,B005,2025-12-23 22:52:00,Card,Branch,552.39,GBP,L001,GB,Own Account,Salary,1,ES,0,Verified
T0004225,C00207,B002,2025-12-23 23:50:00,Card,Online,351.04,GBP,L003,DE,Individual,Purchase,1,HK,0,Verified
T0002224,C00077,B006,2025-12-24 00:07:00,Cash Deposit,ATM,722.9,GBP,L002,FR,Individual,Transfer,1,IE,0,Review Required
T0001402,C00177,B004,2025-12-24 00:57:00,Card,Online,378.23,GBP,L010,AU,Own Account,Salary,2,PL,0,Verified
T0002781,C00016,B011,2025-12-24 01:37:00,International Transfer,ATM,29.67,GBP,L013,NG,Individual,Transfer,5,NG,0,Verified
T0005753,C00222,B002,2025-12-24 02:03:00,Cash Deposit,ATM,582.44,GBP,L013,NG,Business,Purchase,5,US,0,Verified
T0005175,C00227,B001,2025-12-24 04:09:00,Cash Withdrawal,Branch,1456.9,GBP,L008,US,Own Account,Invoice,2,IE,0,Verified
T0002794,C00230,B001,2025-12-24 04:58:00,Card,Online,955.07,GBP,L016,HK,Individual,Salary,3,PL,0,Verified
T0004588,C00168,B001,2025-12-24 06:10:00,Card,Online,805.69,GBP,L016,HK,Own Account,Cash,3,HK,0,Verified
T0002658,C00001,B008,2025-12-24 08:59:00,Card,Mobile,125.23,GBP,L013,NG,Business,Transfer,5,IE,0,Verified
T0002080,C00053,B005,2025-12-24 09:34:00,Cash Deposit,Branch,923.0,GBP,L013,NG,Business,Transfer,5,IN,0,Verified
T0002921,C00007,B011,2025-12-24 10:42:00,Card,ATM,288.91,GBP,L013,NG,Business,Invoice,5,NG,0,Verified
T0004884,C00241,B003,2025-12-24 11:22:00,Card,Mobile,1277.77,GBP,L003,DE,Own Account,Purchase,1,DE,0,Verified
T0005880,C00216,B012,2025-12-24 12:59:00,Transfer,Branch,330.04,GBP,L011,AE,Individual,Purchase,4,PL,0,Verified
T0003827,C00265,B011,2025-12-24 13:35:00,Transfer,Mobile,849.53,GBP,L005,IT,Individual,Payment,1,ZA,0,Verified
T0001230,C00103,B001,2025-12-24 13:45:00,Card,Mobile,1152.72,GBP,L014,BR,Business,Salary,3,US,0,Verified
T0003431,C00256,B012,2025-12-24 14:24:00,Card,Branch,865.62,GBP,L015,SG,Business,Salary,2,AU,0,Verified
T0000263,C00181,B005,2025-12-24 16:36:00,Card,ATM,979.57,GBP,L013,NG,Business,Salary,5,ZA,0,Verified
T0000643,C00199,B012,2025-12-24 16:43:00,Cash Withdrawal,Branch,1727.83,GBP,L009,CA,Own Account,Purchase,2,ZA,0,Verified
T0005831,C00216,B003,2025-12-24 17:42:00,Transfer,Mobile,5932.34,GBP,L015,SG,Own Account,Cash,2,PL,0,Verified
T0003805,C00090,B012,2025-12-24 18:18:00,Card,Mobile,729.56,GBP,L010,AU,Individual,Transfer,2,SG,0,Verified
T0001190,C00130,B011,2025-12-24 19:30:00,Transfer,Mobile,714.91,GBP,L006,NL,Business,Cash,1,PL,0,Verified
T0003497,C00052,B005,2025-12-24 20:27:00,Card,Branch,351.52,GBP,L014,BR,Own Account,Transfer,3,DE,0,Verified
T0004949,C00193,B012,2025-12-24 22:43:00,Transfer,ATM,1069.28,GBP,L016,HK,Business,Transfer,3,AE,0,Verified
T0003532,C00215,B010,2025-12-25 00:22:00,International Transfer,Branch,2164.02,GBP,L002,FR,Individual,Cash,1,DE,0,Review Required
T0004624,C00013,B004,2025-12-25 01:22:00,Transfer,Online,1455.94,GBP,L013,NG,Own Account,Salary,5,PL,0,Verified
T0005563,C00298,B002,2025-12-25 04:09:00,Transfer,Online,203.46,GBP,L003,DE,Individual,Purchase,1,ES,0,Verified
T0005600,C00277,B007,2025-12-25 04:21:00,Transfer,Mobile,208.02,GBP,L002,FR,Individual,Purchase,1,CA,0,Verified
T0000763,C00209,B003,2025-12-25 04:24:00,Cash Withdrawal,Branch,1129.18,GBP,L003,DE,Business,Cash,1,IT,0,Verified
T0000188,C00184,B001,2025-12-25 04:57:00,Card,ATM,4177.63,GBP,L012,TR,Business,Invoice,4,HK,0,Verified
T0001371,C00044,B003,2025-12-25 05:03:00,Card,Online,717.62,GBP,L019,IN,Own Account,Payment,3,PL,0,Review Required
T0003027,C00216,B008,2025-12-25 07:23:00,Card,Mobile,697.8,GBP,L015,SG,Individual,Salary,2,PL,0,Verified
T0002871,C00159,B010,2025-12-25 08:33:00,Transfer,Mobile,1807.7,GBP,L004,ES,Individual,Transfer,1,IN,0,Verified
T0002025,C00026,B006,2025-12-25 08:50:00,International Transfer,ATM,186.91,GBP,L005,IT,Own Account,Payment,1,IT,0,Review Required
T0002880,C00109,B004,2025-12-25 09:48:00,Transfer,Mobile,1312.3,GBP,L019,IN,Own Account,Transfer,3,NG,0,Verified
T0001683,C00019,B002,2025-12-25 09:52:00,International Transfer,Branch,628.53,GBP,L010,AU,Own Account,Transfer,2,IT,1,Verified
T0001641,C00183,B006,2025-12-25 16:53:00,Card,Online,2791.04,GBP,L004,ES,Business,Cash,1,AU,0,Review Required
T0002404,C00188,B005,2025-12-25 20:12:00,Card,Online,499.8,GBP,L017,CH,Individual,Cash,2,IT,0,Verified
T0004340,C00249,B009,2025-12-25 21:44:00,Transfer,Branch,209.99,GBP,L015,SG,Own Account,Cash,2,PL,1,Verified
T0003699,C00126,B005,2025-12-25 21:48:00,Transfer,ATM,3482.55,GBP,L013,NG,Business,Cash,5,IN,0,Verified
T0003954,C00271,B003,2025-12-25 22:36:00,Transfer,Online,651.52,GBP,L003,DE,Individual,Payment,1,NG,0,Verified
T0001417,C00138,B005,2025-12-25 23:39:00,Cash Withdrawal,Branch,943.82,GBP,L004,ES,Own Account,Salary,1,DE,0,Verified
T0003967,C00007,B004,2025-12-25 23:46:00,Transfer,Online,403.93,GBP,L011,AE,Own Account,Invoice,4,NG,0,Verified
T0002712,C00183,B003,2025-12-26 01:18:00,Card,Mobile,167.44,GBP,L020,ZA,Individual,Purchase,3,AU,0,Review Required
T0005037,C00299,B011,2025-12-26 01:32:00,Cash Withdrawal,ATM,228.97,GBP,L015,SG,Own Account,Payment,2,AE,0,Verified
T0002918,C00242,B001,2025-12-26 02:35:00,Card,Online,1662.89,GBP,L016,HK,Own Account,Transfer,3,AE,0,Verified
T0004488,C00245,B010,2025-12-26 03:55:00,International Transfer,Mobile,1913.1,GBP,L007,IE,Business,Transfer,1,US,0,Verified
T0004104,C00178,B002,2025-12-26 08:15:00,Card,Mobile,886.24,GBP,L019,IN,Own Account,Payment,3,ES,0,Verified
T0001440,C00248,B011,2025-12-26 11:02:00,Card,ATM,778.79,GBP,L018,PL,Business,Transfer,2,DE,0,Verified
T0003434,C00233,B004,2025-12-26 11:26:00,Transfer,Online,727.3,GBP,L012,TR,Business,Salary,4,ES,0,Verified
T0001565,C00025,B012,2025-12-26 11:49:00,Transfer,Mobile,556.56,GBP,L009,CA,Own Account,Payment,2,CH,0,Verified
T0004991,C00288,B010,2025-12-26 18:28:00,Card,Online,3464.5,GBP,L016,HK,Individual,Payment,3,FR,0,Verified
T0004800,C00237,B003,2025-12-26 19:24:00,Card,Online,1710.09,GBP,L016,HK,Business,Purchase,3,SG,0,Verified
T0000467,C00088,B004,2025-12-26 21:37:00,Transfer,ATM,222.13,GBP,L008,US,Business,Cash,2,AU,0,Verified
T0002830,C00165,B011,2025-12-26 22:14:00,Cash Withdrawal,Branch,3760.56,GBP,L016,HK,Business,Cash,3,US,0,Review Required
T0004215,C00167,B012,2025-12-27 01:01:00,Transfer,ATM,508.57,GBP,L019,IN,Own Account,Salary,3,SG,0,Verified
T0004796,C00249,B003,2025-12-27 01:51:00,Cash Deposit,Branch,876.0,GBP,L007,IE,Business,Transfer,1,PL,1,Verified
T0005086,C00103,B009,2025-12-27 02:44:00,Transfer,Online,1087.49,GBP,L006,NL,Own Account,Payment,1,US,0,Verified
T0003569,C00196,B002,2025-12-27 02:55:00,Card,Mobile,302.94,GBP,L013,NG,Business,Salary,5,AU,0,Verified
T0001378,C00280,B001,2025-12-27 03:54:00,Card,ATM,970.07,GBP,L009,CA,Own Account,Invoice,2,AE,0,Verified
T0001765,C00108,B004,2025-12-27 04:28:00,Transfer,Mobile,1021.04,GBP,L019,IN,Individual,Payment,3,IN,0,Verified
T0002216,C00223,B006,2025-12-27 05:15:00,International Transfer,Mobile,955.46,GBP,L003,DE,Own Account,Salary,1,PL,0,Verified
T0003273,C00080,B009,2025-12-27 05:18:00,Transfer,Branch,249.07,GBP,L008,US,Business,Salary,2,CA,0,Verified
T0003197,C00019,B003,2025-12-27 07:27:00,Cash Withdrawal,Mobile,5455.24,GBP,L017,CH,Individual,Payment,2,IT,1,Verified
T0001315,C00208,B003,2025-12-27 08:01:00,International Transfer,Online,215.71,GBP,L010,AU,Business,Invoice,2,TR,0,Verified
T0003853,C00127,B010,2025-12-27 08:19:00,Card,Mobile,3377.25,GBP,L008,US,Business,Salary,2,TR,0,Verified
T0000355,C00029,B009,2025-12-27 08:51:00,Card,Online,570.54,GBP,L013,NG,Own Account,Invoice,5,IN,0,Verified
T0004176,C00029,B008,2025-12-27 09:46:00,Card,Mobile,123.37,GBP,L017,CH,Individual,Transfer,2,IN,0,Verified
T0004085,C00190,B010,2025-12-27 10:28:00,Transfer,Online,421.69,GBP,L009,CA,Business,Payment,2,SG,0,Verified
T0001574,C00155,B008,2025-12-27 11:46:00,International Transfer,Mobile,1599.92,GBP,L019,IN,Business,Cash,3,CA,0,Verified
T0001722,C00110,B002,2025-12-27 12:15:00,Card,Mobile,195.01,GBP,L014,BR,Individual,Cash,3,PL,0,Verified
T0004840,C00114,B006,2025-12-27 13:26:00,Card,Mobile,763.89,GBP,L012,TR,Individual,Invoice,4,GB,0,Verified
T0003062,C00014,B009,2025-12-27 13:59:00,Cash Deposit,Branch,1959.61,GBP,L002,FR,Own Account,Payment,1,FR,0,Verified
T0003706,C00285,B006,2025-12-27 16:40:00,Card,Online,3902.62,GBP,L020,ZA,Business,Cash,3,IN,0,Verified
T0002166,C00235,B004,2025-12-27 18:14:00,Cash Deposit,ATM,449.77,GBP,L012,TR,Business,Purchase,4,IT,0,Verified
T0000478,C00009,B007,2025-12-28 00:26:00,Cash Withdrawal,ATM,1118.48,GBP,L018,PL,Own Account,Purchase,2,AU,0,Verified
T0004590,C00145,B006,2025-12-28 01:24:00,Card,Branch,2686.48,GBP,L003,DE,Individual,Cash,1,AU,0,Verified
T0003959,C00255,B001,2025-12-28 02:11:00,International Transfer,Branch,3472.55,GBP,L007,IE,Individual,Purchase,1,PL,0,Verified
T0004466,C00170,B009,2025-12-28 04:33:00,Transfer,ATM,316.48,GBP,L009,CA,Own Account,Payment,2,HK,0,Verified
T0003632,C00127,B005,2025-12-28 05:19:00,Card,Online,619.85,GBP,L010,AU,Individual,Salary,2,TR,0,Verified
T0000281,C00115,B001,2025-12-28 06:51:00,Card,Online,2776.53,GBP,L002,FR,Individual,Purchase,1,NL,0,Verified
T0002865,C00020,B012,2025-12-28 07:38:00,International Transfer,Mobile,3458.23,GBP,L005,IT,Own Account,Payment,1,IT,0,Verified
T0001435,C00127,B010,2025-12-28 08:58:00,Cash Deposit,Mobile,1312.11,GBP,L009,CA,Individual,Transfer,2,TR,0,Verified
T0004561,C00104,B006,2025-12-28 09:49:00,Cash Deposit,Online,2449.13,GBP,L011,AE,Business,Transfer,4,AE,0,Verified
T0000313,C00226,B012,2025-12-28 10:50:00,Transfer,Branch,1412.93,GBP,L001,GB,Own Account,Payment,1,TR,0,Verified
T0000089,C00019,B005,2025-12-28 11:48:00,Card,Mobile,1131.74,GBP,L014,BR,Own Account,Purchase,3,IT,1,Verified
T0003947,C00186,B009,2025-12-28 11:50:00,Transfer,Mobile,2762.7,GBP,L015,SG,Individual,Transfer,2,AE,0,Verified
T0001686,C00188,B007,2025-12-28 15:07:00,International Transfer,ATM,2728.01,GBP,L003,DE,Individual,Purchase,1,IT,0,Verified
T0003069,C00171,B001,2025-12-28 15:35:00,International Transfer,Mobile,89.88,GBP,L011,AE,Own Account,Salary,4,DE,0,Review Required
T0000918,C00028,B010,2025-12-28 16:04:00,Card,ATM,815.97,GBP,L011,AE,Individual,Purchase,4,ES,0,Verified
T0004496,C00291,B002,2025-12-28 16:34:00,Cash Withdrawal,Branch,734.74,GBP,L013,NG,Individual,Purchase,5,ES,0,Verified
T0003006,C00049,B005,2025-12-28 18:40:00,Transfer,Mobile,6156.19,GBP,L019,IN,Business,Payment,3,IE,0,Verified
T0005706,C00086,B010,2025-12-28 18:43:00,Card,Mobile,4798.93,GBP,L001,GB,Own Account,Cash,1,BR,0,Verified
T0001636,C00010,B004,2025-12-28 20:23:00,Cash Withdrawal,Branch,141.07,GBP,L013,NG,Individual,Purchase,5,SG,0,Verified
T0004789,C00247,B004,2025-12-28 21:54:00,Transfer,Branch,1460.71,GBP,L006,NL,Individual,Salary,1,IT,0,Verified
T0001313,C00119,B008,2025-12-28 22:34:00,Card,Branch,5859.27,GBP,L020,ZA,Individual,Purchase,3,FR,0,Verified
T0004344,C00250,B002,2025-12-28 22:49:00,International Transfer,ATM,3199.22,GBP,L008,US,Business,Invoice,2,ES,0,Review Required
T0003494,C00085,B010,2025-12-29 00:04:00,Card,Mobile,3073.91,GBP,L011,AE,Individual,Invoice,4,ES,0,Verified
T0001083,C00166,B008,2025-12-29 00:59:00,Card,Online,1343.9,GBP,L017,CH,Individual,Cash,2,CA,0,Verified
T0003888,C00278,B005,2025-12-29 04:29:00,Transfer,Online,488.31,GBP,L003,DE,Business,Invoice,1,DE,0,Verified
T0004933,C00240,B001,2025-12-29 05:28:00,Transfer,Online,300.37,GBP,L007,IE,Individual,Purchase,1,SG,0,Verified
T0003639,C00220,B012,2025-12-29 06:45:00,Card,Branch,237.18,GBP,L016,HK,Business,Cash,3,SG,0,Verified
T0000850,C00063,B008,2025-12-29 07:43:00,Transfer,Branch,167.71,GBP,L010,AU,Business,Payment,2,ES,0,Verified
T0004606,C00012,B002,2025-12-29 08:00:00,Transfer,Online,4390.9,GBP,L004,ES,Business,Purchase,1,PL,0,Verified
T0001570,C00159,B002,2025-12-29 09:36:00,Transfer,Mobile,399.49,GBP,L003,DE,Business,Salary,1,IN,0,Verified
T0001415,C00104,B009,2025-12-29 10:07:00,Cash Deposit,Mobile,1314.78,GBP,L016,HK,Individual,Payment,3,AE,0,Verified
T0001740,C00213,B008,2025-12-29 11:29:00,International Transfer,Branch,3855.19,GBP,L008,US,Individual,Payment,2,CA,0,Review Required
T0001236,C00262,B005,2025-12-29 15:23:00,International Transfer,ATM,359.68,GBP,L018,PL,Business,Transfer,2,BR,0,Verified
T0003938,C00020,B008,2025-12-29 17:32:00,Card,Mobile,1374.21,GBP,L013,NG,Own Account,Transfer,5,IT,0,Verified
T0004676,C00261,B002,2025-12-29 18:23:00,International Transfer,Branch,3242.29,GBP,L017,CH,Business,Salary,2,ZA,0,Verified
T0000232,C00172,B007,2025-12-29 20:07:00,Transfer,ATM,1222.01,GBP,L008,US,Individual,Cash,2,NG,0,Verified
T0001082,C00148,B003,2025-12-30 00:21:00,Transfer,ATM,133.27,GBP,L002,FR,Business,Transfer,1,NL,0,Verified
T0000185,C00282,B006,2025-12-30 02:34:00,International Transfer,Online,229.42,GBP,L006,NL,Business,Invoice,1,DE,0,Verified
T0001452,C00056,B012,2025-12-30 02:46:00,Card,ATM,1623.87,GBP,L006,NL,Individual,Payment,1,IT,0,Verified
T0000462,C00190,B011,2025-12-30 04:16:00,Transfer,Branch,372.87,GBP,L013,NG,Own Account,Purchase,5,SG,0,Verified
T0005586,C00052,B006,2025-12-30 05:05:00,Transfer,ATM,505.21,GBP,L020,ZA,Individual,Salary,3,DE,0,Verified
T0002072,C00108,B003,2025-12-30 06:36:00,Transfer,Branch,598.64,GBP,L002,FR,Individual,Invoice,1,IN,0,Verified
T0005937,C00214,B003,2025-12-30 07:24:00,Cash Deposit,Mobile,2084.12,GBP,L003,DE,Business,Purchase,1,AU,0,Verified
T0003138,C00156,B004,2025-12-30 07:53:00,Card,Mobile,377.43,GBP,L007,IE,Own Account,Purchase,1,DE,0,Verified
T0005110,C00139,B012,2025-12-30 09:26:00,Transfer,Online,1136.71,GBP,L007,IE,Business,Payment,1,IN,0,Verified
T0004506,C00181,B009,2025-12-30 10:08:00,Transfer,Branch,1732.01,GBP,L018,PL,Individual,Payment,2,ZA,0,Verified
T0004603,C00120,B001,2025-12-30 12:07:00,Card,Online,3492.74,GBP,L012,TR,Business,Invoice,4,ZA,0,Verified
T0002155,C00041,B011,2025-12-30 13:21:00,Card,ATM,616.42,GBP,L001,GB,Individual,Purchase,1,AE,0,Verified
T0000113,C00208,B007,2025-12-30 18:53:00,Card,Online,330.07,GBP,L003,DE,Individual,Invoice,1,TR,0,Verified
T0004725,C00188,B008,2025-12-30 19:46:00,Card,Branch,3663.41,GBP,L016,HK,Business,Payment,3,IT,0,Verified
T0002608,C00237,B004,2025-12-30 19:47:00,International Transfer,Mobile,798.6,GBP,L019,IN,Own Account,Invoice,3,SG,0,Verified
T0003772,C00032,B010,2025-12-30 20:27:00,Card,ATM,1112.8,GBP,L008,US,Business,Cash,2,PL,0,Verified
T0002972,C00191,B012,2025-12-30 21:41:00,Card,Online,871.5,GBP,L018,PL,Own Account,Purchase,2,IT,1,Verified
T0004210,C00187,B010,2025-12-30 22:09:00,Card,Mobile,118.82,GBP,L016,HK,Individual,Salary,3,BR,0,Verified
T0003499,C00119,B010,2025-12-31 01:08:00,Card,ATM,476.56,GBP,L011,AE,Business,Salary,4,FR,0,Verified
T0004463,C00029,B012,2025-12-31 01:17:00,International Transfer,Branch,576.94,GBP,L016,HK,Business,Payment,3,IN,0,Verified
T0001204,C00008,B005,2025-12-31 02:05:00,Card,ATM,11360.44,GBP,L015,SG,Individual,Salary,2,TR,0,Verified
T0004731,C00056,B006,2025-12-31 02:58:00,Transfer,Online,1780.65,GBP,L013,NG,Own Account,Salary,5,IT,0,Verified
T0000824,C00152,B009,2025-12-31 03:03:00,Transfer,Mobile,559.97,GBP,L003,DE,Own Account,Cash,1,ZA,0,Verified
T0003780,C00046,B006,2025-12-31 04:36:00,Cash Deposit,Mobile,1517.83,GBP,L004,ES,Individual,Salary,1,NG,1,Verified
T0002078,C00002,B007,2025-12-31 05:58:00,Transfer,Branch,3296.68,GBP,L020,ZA,Individual,Cash,3,PL,0,Verified
T0005134,C00213,B001,2025-12-31 08:09:00,Card,Branch,432.4,GBP,L010,AU,Individual,Salary,2,CA,0,Review Required
T0005192,C00103,B005,2025-12-31 08:10:00,Card,Online,540.47,GBP,L003,DE,Business,Transfer,1,US,0,Verified
T0003565,C00160,B005,2025-12-31 08:12:00,Card,ATM,123.18,GBP,L017,CH,Own Account,Salary,2,US,0,Verified
T0005688,C00218,B005,2025-12-31 10:26:00,Card,Branch,1677.46,GBP,L019,IN,Individual,Payment,3,TR,0,Verified
T0003250,C00048,B001,2025-12-31 10:37:00,Card,Branch,634.9,GBP,L007,IE,Individual,Cash,1,PL,0,Verified
T0004952,C00027,B009,2025-12-31 11:22:00,Card,ATM,14123.14,GBP,L020,ZA,Business,Transfer,3,CH,0,Verified
T0001611,C00264,B012,2025-12-31 12:36:00,Card,ATM,189.33,GBP,L017,CH,Business,Salary,2,IN,1,Verified
T0003574,C00015,B010,2025-12-31 13:41:00,Card,Online,3749.52,GBP,L002,FR,Business,Cash,1,IN,0,Verified
T0002298,C00209,B011,2025-12-31 15:47:00,Card,Mobile,1486.35,GBP,L001,GB,Individual,Purchase,1,IT,0,Verified
T0001173,C00046,B008,2025-12-31 16:18:00,International Transfer,Online,454.43,GBP,L004,ES,Own Account,Cash,1,NG,1,Verified
T0000070,C00001,B012,2025-12-31 18:56:00,Cash Deposit,Online,792.19,GBP,L001,GB,Business,Cash,1,IE,0,Verified
T0001043,C00118,B005,2025-12-31 19:29:00,Cash Withdrawal,Branch,1857.13,GBP,L013,NG,Own Account,Invoice,5,PL,0,Verified
T0002882,C00097,B004,2025-12-31 20:09:00,Card,Mobile,682.38,GBP,L013,NG,Individual,Salary,5,US,0,Verified
T0005334,C00044,B010,2025-12-31 23:46:00,Transfer,Online,225.5,GBP,L015,SG,Own Account,Invoice,2,PL,0,Review Required
