claim_id,customer_id,claim_date,claim_type,claim_amount,claim_status
503921,116886,29/11/2024,Auto,1954.8,Approved
512448,103180,2019-07-31,Health,693.16,Approved
506669,108218,11/21/2021,Auto,3643.49,Approved
510315,118010,16-03-2026,Health,2159.58,Approved
504081,112831,23-09-2025,Life,4881.15,Rejected
513941,106122,2024-06-02,Life,9050.38,Approved
500903,112528,19/06/2023,Life,7990.85,Rejected
511090,105606,04/13/2022,Auto,1802.47,Approved
506451,100839,10/29/2023,Health,1081.7,Pending
504313,114927,14/03/2023,Auto,939.1,Approved
502201,116908,2021-09-23,Home,3032.03,Rejected
500387,109985,03-09-2025,Health,1799.7,Rejected
511775,117751,19/09/2022,Home,2489.55,Approved
509189,100600,2026-04-17,Home,2853.42,Pending
500149,119660,2026-04-12,Life,14837.05,Approved
506225,106931,10/16/2022,Home,5778.36,Under Review
500736,114781,27/12/2019,Health,3547.2,Approved
507308,100684,28-01-2024,Home,1788.52,Under Review
506929,120137,10/11/2020,Health,574.98,Approved
508614,112837,2024-07-06,Health,472.6,Under Review
504562,112522,01/10/2022,Home,1500.3,Approved
508375,111345,2021-08-29,Home,1257.5,Approved
509192,114303,10-03-2019,Health,718.97,Under Review
503833,102818,18/04/2022,Health,2008.18,Rejected
505267,110884,04/07/2023,Home,2450.05,Approved
507872,111665,2023-10-16,Home,4953.48,Pending
504755,115612,11-06-2022,Travel,875.78,Rejected
510635,110832,12/02/2025,Health,442.28,Rejected
513002,110785,22/08/2021,Auto,1580.1,Pending
511933,118566,12/31/2023,Auto,2296.28,Under Review
512899,110587,2022-12-19,Travel,593.27,Pending
502087,118618,23-06-2024,Auto,609.39,Rejected
506023,117800,2021-04-20,Health,3816.2,Approved
506935,100267,09-11-2022,Health,87.13,Approved
502525,107403,09/09/2019,Home,12546.51,Rejected
502325,115869,10/15/2025,Auto,5036.88,Pending
513036,101898,03/23/2020,Auto,1669.46,Approved
512634,114027,2024-12-19,Auto,1824.45,Under Review
507439,114358,10/06/2019,Health,717.0,Approved
500357,112320,02/07/2025,Auto,1045.98,Approved
504526,113692,09/06/2022,Auto,4427.77,Approved
502351,116747,2025-06-05,Home,,Under Review
504190,110946,09/09/2023,Auto,933.36,Pending
502753,104296,27-12-2022,Home,1386.88,Pending
512956,116807,2024-01-12,Home,9370.32,Pending
505120,108645,13-07-2025,Auto,440.13,Under Review
505421,120240,13-04-2019,Travel,454.13,Approved
503283,113710,07/06/2026,Home,9212.42,Approved
509158,105643,16-07-2020,Home,1139.44,Approved
506705,105691,29-05-2019,Life,-13497.56,Approved
504643,108294,12/07/2020,Auto,,Rejected
509927,104137,23/06/2022,Auto,1327.36,Approved
503822,108214,2023-04-18,Health,690.81,Approved
505400,117142,18-06-2021,Life,7397.46,Approved
514299,103266,14-05-2025,Auto,1124.17,Approved
502968,113775,2021-12-29,Home,668.84,Approved
504194,101266,2025-07-02,Auto,1237.22,Pending
507584,114864,01/16/2022,Home,2255.34,Approved
501533,113019,2024-12-20,Auto,3723.58,Approved
512862,119496,2024-07-18,Auto,3413.37,Pending
514091,107196,2025-10-04,Health,760.58,Approved
507859,118573,05-09-2023,Home,1689.74,Approved
507359,101329,07-10-2025,Health,593.07,Pending
509709,117008,03/21/2023,Auto,322.65,Rejected
502714,111466,05/07/2022,Life,4243.81,Approved
501225,102153,10/03/2019,Home,1483.75,Approved
508627,113398,28-05-2023,Life,4629.93,Rejected
508773,107937,07-09-2021,Auto,2272.14,Rejected
509930,103039,2022-04-26,Auto,2022.03,Approved
510687,102939,2022-06-28,Travel,211.66,Approved
500907,108956,15/09/2020,Health,383.22,Rejected
501953,108331,03/10/2022,Health,257.72,Approved
502608,103470,23/12/2025,Home,2412.01,Approved
511715,112719,2021-04-21,Auto,906.16,Approved
508057,115657,04/08/2026,Health,-821.01,Approved
509425,101294,08/29/2019,Home,1814.2,Approved
506883,107767,01/12/2026,Home,1416.5,Approved
503680,110790,11/12/2019,Home,1105.91,Approved
513852,102033,2023-05-26,Health,1916.33,Approved
509344,104067,11-04-2026,Health,361.47,Approved
506967,107058,06/20/2026,Health,598.16,Approved
504398,103448,27-08-2021,Health,3513.53,Pending
504106,110341,11/21/2022,Health,1037.8,Under Review
509453,107938,31-05-2026,Travel,307.02,Approved
502298,100485,01-04-2021,Health,308.54,Approved
507278,117034,01-09-2019,Home,12303.16,Pending
509960,119599,02/07/2026,Travel,550.66,Approved
500251,103328,2022-05-31,Auto,849.76,Approved
509531,100524,09/25/2022,Home,1737.12,Approved
510109,111210,20-10-2021,Auto,857.15,Approved
513316,105693,18-05-2022,Travel,127.33,Under Review
500169,118534,2019-03-06,Health,2270.45,Rejected
502025,111655,31/07/2025,Health,867.02,Under Review
508866,101386,23/08/2024,Auto,3867.12,Approved
504341,106983,2021-08-23,Life,11310.47,Approved
508861,116146,02/26/2023,Auto,2609.08,Pending
513135,119937,2025-01-06,Auto,1422.62,Rejected
503509,115668,2019-08-03,Auto,1695.99,Approved
509029,107860,2025-04-15,Auto,4850.52,Under Review
509724,112097,05/25/2023,Life,3444.95,Approved
502357,114835,2026-07-14,Travel,363.77,Approved
503260,111833,06/05/2026,Auto,2708.22,Approved
503585,106165,15-12-2019,Auto,1174.62,Pending
501739,114121,02/24/2024,Home,2387.16,Under Review
500708,120298,08/09/2020,Auto,1346.7,Approved
500764,103211,09/24/2024,Home,1561.0,Rejected
514465,114512,2024-04-03,Auto,3266.83,Approved
508540,106017,29-01-2022,Auto,4823.76,Under Review
507820,114462,10/11/2019,Home,4759.32,Rejected
502088,106237,12/01/2019,Home,1806.26,Approved
513630,104703,25/12/2024,Auto,1452.07,Approved
502562,106405,27-08-2024,Home,3700.88,Rejected
512547,108707,05/15/2021,Health,389.73,Under Review
502807,101358,2022-10-14,Home,2472.61,Approved
513579,108467,2025-04-16,Home,1743.4,Rejected
508613,116272,23/08/2023,Auto,-1290.87,Under Review
512707,103363,2023-09-07,Home,988.34,Under Review
504953,112042,03/11/2026,Health,2554.15,Rejected
500566,106926,09/20/2023,Auto,953.95,Approved
500914,104742,29/05/2026,Health,,Under Review
505344,116797,2019-07-05,Home,1559.1,Under Review
501056,103887,03/31/2024,Home,2945.75,Approved
514715,115934,10/19/2022,Health,1145.53,Approved
503087,118642,08-09-2025,Life,16701.87,Approved
512925,116232,22/05/2025,Home,2785.48,Rejected
500290,106812,17-01-2019,Auto,1139.49,Pending
508542,106017,2023-09-08,Travel,218.67,Approved
514727,108110,29-05-2025,Auto,1449.77,Approved
503274,102394,23/08/2023,Health,929.51,Rejected
502308,118396,09-07-2026,Auto,1983.61,Pending
514557,118225,16-12-2025,Home,8383.46,Pending
513177,116029,17-01-2023,Life,11127.46,Under Review
509862,100551,11/07/2024,Auto,1765.12,Pending
506526,108651,21-04-2022,Health,478.69,Under Review
514212,106469,2019-11-05,Health,1154.87,Approved
509674,108684,07/05/2024,Home,3383.77,Pending
505001,104665,04/09/2024,Auto,1161.14,Under Review
501795,110772,19/10/2019,Health,801.72,Approved
500088,111881,03/31/2024,Auto,2607.29,Approved
503615,110583,15-07-2024,Auto,2022.26,Approved
514348,119198,10/10/2019,Auto,326.74,Approved
507963,100372,01/06/2026,Health,1225.51,Rejected
503578,103288,2024-09-28,Auto,681.53,Approved
503101,103120,30-01-2021,Auto,798.34,Rejected
514775,103152,04/02/2019,Travel,131.36,Approved
514082,114755,08/17/2025,Travel,218.43,Pending
509272,107734,2022-01-22,Auto,864.3,Pending
506440,104457,15-08-2020,Travel,185.33,Under Review
512560,113767,24/01/2020,Travel,259.64,Rejected
505830,111532,08/20/2025,Auto,725.49,Pending
512480,102176,11-05-2025,Health,226.88,Approved
508810,120239,10-09-2021,Home,8824.4,Rejected
502140,101277,01/08/2019,Travel,331.99,Approved
504098,106544,04-08-2020,Home,2757.16,Approved
509869,103497,09/19/2024,Auto,619.18,Approved
501984,106715,02/10/2021,Travel,1088.43,Approved
500351,106234,12/07/2019,Auto,1005.4,Under Review
504786,109541,10/03/2022,Health,1020.04,Pending
502236,113741,2025-09-29,Auto,1337.09,Approved
512574,110343,13/02/2026,Auto,826.17,Rejected
508764,108701,2022-06-07,Home,3629.7,Rejected
510727,101894,15/05/2022,Health,1685.91,Rejected
510420,112653,05/06/2022,Health,563.67,Approved
508131,113396,2019-04-28,Auto,714.96,Approved
501580,118326,07/08/2022,Auto,1848.27,Pending
507666,116522,19-05-2023,Home,2094.89,Approved
512945,119186,11/11/2019,Auto,995.11,Pending
502126,107672,10/07/2022,Home,5018.16,Under Review
509825,101860,02-07-2024,Travel,-177.79,Approved
514648,102911,27/04/2020,Auto,381.19,Approved
510504,105325,19/11/2025,Home,2015.38,Approved
513512,109218,11/06/2023,Auto,598.92,Approved
512414,103551,18-05-2021,Auto,4830.2,Approved
510854,107192,11/10/2022,Life,13806.56,Approved
507743,101193,07/12/2020,Home,2555.67,Under Review
512656,116237,16/09/2019,Home,1479.53,Under Review
507567,120292,03-11-2024,Home,5138.5,Approved
502232,111285,14/04/2024,Auto,1542.86,Approved
503405,111253,21/03/2019,Health,414.61,Approved
501358,116581,12/03/2026,Auto,1524.17,Approved
504950,119482,28-08-2026,Auto,1145.71,Approved
505610,108858,06/06/2023,Travel,319.18,Rejected
512679,110350,07/27/2019,Auto,4718.36,Approved
504520,104040,2025-04-11,Health,277.16,Approved
501747,117798,03/02/2026,Travel,197.88,Approved
503434,109869,2022-05-22,Travel,269.33,Rejected
513995,101279,2022-06-30,Health,647.98,Approved
512171,115641,2023-07-01,Health,288.81,Approved
511782,113780,2022-09-13,Health,459.37,Approved
504730,107191,31/10/2020,Home,2504.27,Rejected
508545,102956,02/07/2026,Auto,1389.83,Approved
504553,106887,19/03/2023,Health,743.58,Approved
502250,104972,26-07-2021,Life,10768.1,Pending
507816,107939,16-11-2023,Auto,850.48,Rejected
511890,117249,07-04-2019,Home,2330.6,Under Review
505952,113315,06/03/2019,Travel,263.07,Approved
501385,117644,28/06/2022,Auto,2240.18,Approved
502323,106526,22-02-2020,Travel,239.33,Pending
506032,103842,09/03/2024,Auto,1007.69,Under Review
507475,113352,07/09/2024,Health,608.43,Approved
511330,113666,02/24/2024,Health,358.86,Rejected
513551,112373,2023-11-13,Life,12527.01,Approved
506189,119756,15-08-2022,Home,3307.96,Approved
511812,117578,16/07/2020,Health,1174.09,Approved
508218,117781,08/01/2025,Health,819.3,Approved
512337,118076,2023-02-21,Travel,296.19,Pending
503193,106198,10/08/2019,Life,10201.8,Pending
513012,100645,2022-06-22,Life,8636.53,Approved
511227,119591,23-04-2021,Auto,1383.38,Rejected
512341,106989,08/02/2019,Auto,1303.59,Approved
509574,102419,28/05/2019,Travel,172.37,Approved
505646,116607,10/02/2023,Auto,1401.84,Approved
511401,115995,28-01-2024,Travel,453.96,Pending
503015,110090,03-10-2023,Auto,407.54,Approved
504407,103944,03/06/2021,Health,1366.36,Approved
500542,115370,27/02/2020,Travel,425.76,Under Review
507760,118728,09/05/2025,Health,88.16,Approved
504533,119465,19/12/2025,Auto,2752.08,Pending
503617,110583,12/04/2020,Auto,1919.79,Pending
510579,117105,29-08-2021,Home,3678.33,Approved
512958,110096,09/02/2025,Auto,1381.05,Rejected
501022,113093,04/03/2023,Home,2356.38,Approved
511265,118474,25-05-2026,Auto,1425.04,Approved
510210,120123,21/05/2021,Home,6636.49,Approved
501226,102153,2022-01-04,Health,528.22,Approved
508854,107642,2022-04-18,Health,350.47,Approved
506248,106793,30-10-2020,Auto,571.94,Approved
504438,106373,2025-04-05,Home,1635.81,Approved
513093,105432,02-02-2026,Home,2375.26,Approved
511323,106394,2026-04-04,Health,1973.92,Approved
514129,107863,06/10/2023,Life,16256.27,Approved
511721,106928,2021-11-18,Home,6086.78,Rejected
512902,118675,11/07/2022,Home,1183.81,Approved
506472,111423,31/03/2019,Health,980.98,Approved
514372,110916,01/29/2025,Home,3703.44,Pending
514714,115934,2022-01-25,Health,3553.29,Approved
502906,104772,27/02/2022,Health,661.28,Rejected
506194,109191,2024-07-09,Health,822.89,Rejected
501935,117540,24-05-2020,Auto,622.51,Approved
501053,104338,24/11/2020,Travel,199.05,Approved
500286,102214,2021-02-09,Auto,1879.49,Rejected
511012,109709,09/19/2019,Travel,286.72,Rejected
503322,118958,16/09/2021,Health,943.08,Approved
505304,104397,2022-09-11,Travel,239.19,Rejected
509604,117223,07/08/2019,Travel,,Rejected
511245,103823,06/07/2019,Health,3064.07,Pending
511596,116900,2026-01-31,Auto,522.78,Rejected
503658,107289,01/21/2026,Health,1165.74,Approved
501744,108941,07/06/2025,Auto,1354.81,Approved
501393,120344,2019-01-17,Auto,3237.63,Approved
514437,103141,01/29/2025,Auto,1309.31,Approved
508379,107740,13/02/2024,Home,-5327.85,Approved
505729,112107,24/07/2019,Home,1884.4,Approved
501139,113138,08/03/2022,Home,2090.78,Approved
511567,104159,2023-12-02,Travel,124.37,Pending
504877,117481,03/12/2024,Travel,233.86,Pending
500099,120363,2021-11-27,Health,805.86,Approved
502802,103979,28-08-2024,Life,9841.67,Pending
513200,118862,2020-12-06,Auto,,Rejected
501213,102752,2020-09-25,Travel,116.72,Approved
506592,117738,16/11/2023,Health,2722.32,Approved
513751,111383,13-03-2020,Auto,3514.84,Rejected
502150,100361,30/10/2022,Home,-2079.91,Rejected
508138,112266,2025-05-17,Life,11629.86,Approved
512411,111156,2023-12-02,Auto,963.19,Rejected
511117,100692,2022-01-21,Health,627.03,Rejected
506876,106333,19/11/2020,Life,22121.84,Under Review
510538,119481,02/07/2019,Travel,487.14,Under Review
502543,114157,26/08/2024,Life,12240.13,Under Review
512121,100670,2026-02-27,Health,518.83,Approved
502684,103302,2023-03-04,Auto,4526.29,Approved
507335,110569,01/13/2022,Home,4788.88,Approved
510317,108747,07/09/2019,Travel,111.62,Under Review
510986,105911,12/22/2020,Auto,885.1,Approved
500927,103505,20/03/2019,Auto,860.35,Rejected
514773,101021,09/27/2024,Home,3365.74,Approved
510438,104593,02/08/2022,Life,9350.79,Approved
508489,108128,10-07-2026,Auto,3239.49,Approved
511830,109221,2020-12-05,Travel,172.89,Rejected
501598,114401,10/08/2024,Life,6944.33,Approved
509115,114528,15-03-2020,Travel,90.21,Approved
505020,113053,03-01-2021,Health,374.05,Approved
502760,111733,16-01-2023,Auto,-952.29,Approved
505081,113934,2023-09-18,Home,6741.91,Approved
501766,120470,12-12-2025,Auto,644.08,Approved
514227,114043,08/05/2023,Travel,470.44,Rejected
504028,112878,2019-07-18,Auto,1473.82,Pending
508510,116919,01/11/2022,Auto,1520.56,Approved
513869,112316,2024-11-05,Life,4671.45,Rejected
507207,115807,08/19/2025,Auto,3313.08,Approved
508348,108934,26-12-2022,Travel,504.09,Approved
513134,119937,18/05/2023,Auto,1028.06,Rejected
504462,107434,2020-12-29,Travel,216.24,Approved
501491,120037,2019-09-02,Home,10190.1,Pending
514067,113226,30-07-2021,Home,2046.61,Rejected
505715,119785,28-09-2022,Health,496.71,Pending
510274,106666,2021-06-01,Life,11878.73,Under Review
505909,104169,10/02/2025,Home,5067.23,Rejected
506885,107252,2026-01-20,Home,1613.7,Under Review
513539,104440,2024-07-14,Auto,643.55,Rejected
505550,112353,17-08-2025,Auto,2773.3,Under Review
511881,101117,12-05-2024,Home,524.18,Approved
508694,108817,12/04/2025,Home,1246.87,Approved
513904,113849,2025-01-18,Auto,1594.68,Rejected
513073,115177,17-11-2025,Auto,612.82,Pending
509603,116764,15-04-2024,Auto,2194.89,Rejected
505948,104764,17-10-2023,Health,625.75,Rejected
514449,106731,09/11/2023,Auto,1311.12,Pending
508763,108701,02/08/2020,Home,4156.81,Approved
502924,101983,2025-02-11,Auto,928.93,Approved
507077,107042,2020-03-21,Auto,1018.0,Rejected
512967,106701,2025-02-28,Life,14776.86,Pending
500047,118359,05/06/2024,Auto,2176.23,Approved
509648,119982,21-02-2021,Travel,198.62,Approved
500902,112528,01/25/2020,Health,690.56,Rejected
504122,107975,03/03/2021,Auto,1380.35,Under Review
508157,104477,2025-10-24,Health,463.28,Approved
510925,118147,21/04/2026,Health,1225.37,Under Review
514126,103228,30/10/2024,Home,1430.16,Rejected
506351,118184,2020-11-25,Health,429.63,Approved
508020,117802,09/11/2023,Travel,215.45,Approved
508992,116604,2019-08-03,Health,255.93,Approved
508127,106791,05/16/2021,Travel,417.7,Approved
503492,118877,15-02-2020,Travel,301.33,Approved
500379,101599,03-02-2022,Auto,2168.11,Under Review
508034,101648,26/04/2026,Auto,1142.02,Under Review
508957,111730,2024-08-11,Auto,6918.15,Approved
501254,113191,2025-07-23,Home,5156.24,Approved
505681,117546,08-05-2020,Auto,1501.79,Approved
505747,109619,2019-06-13,Home,1783.27,Rejected
508974,109336,10/01/2026,Auto,3076.48,Rejected
504829,113225,05/15/2024,Travel,,Pending
514383,110136,10-07-2022,Home,1425.84,Rejected
507428,117799,07/03/2022,Life,10871.4,Rejected
504639,114919,22-10-2021,Auto,2069.47,Approved
510659,119403,06/02/2026,Health,1218.24,Pending
503508,115668,01/06/2020,Health,440.93,Approved
505364,118568,2025-12-12,Health,621.53,Pending
505826,114573,2024-11-28,Auto,3409.03,Approved
514703,110817,25-03-2022,Life,14588.55,Pending
501261,117172,23/11/2024,Health,-1096.21,Approved
505678,102679,27-09-2022,Home,4556.24,Approved
514051,104243,15-06-2025,Home,5621.34,Under Review
501579,110202,05/22/2022,Auto,950.32,Rejected
509632,104845,2025-03-09,Home,4284.92,Approved
503372,100535,2019-12-08,Home,1558.98,Pending
502267,109332,28/04/2022,Auto,5453.86,Rejected
506107,112027,03/21/2025,Auto,1520.34,Approved
512721,103906,27-06-2023,Health,337.09,Approved
505858,118927,2023-04-20,Health,,Approved
509363,116686,2024-09-26,Home,6647.55,Approved
503213,104254,01-04-2024,Health,434.94,Approved
505804,112078,2025-08-21,Health,1557.66,Approved
505123,111135,09-06-2023,Travel,181.64,Approved
513938,106122,14-05-2021,Life,10931.93,Approved
511554,109141,2026-06-18,Health,349.5,Rejected
502254,101957,2021-11-06,Home,3537.36,Approved
513514,107010,11/16/2025,Home,1388.42,Approved
501586,102767,2020-03-12,Travel,716.87,Under Review
510972,112322,12/29/2023,Health,-706.27,Approved
500304,108271,2020-04-19,Health,1516.61,Approved
513776,116077,2023-02-24,Travel,1994.57,Under Review
501575,112567,2021-11-23,Travel,392.25,Approved
509072,115146,04/27/2024,Auto,1986.54,Rejected
509941,107467,19/08/2024,Auto,-3199.2,Rejected
503668,103884,12/27/2021,Life,12244.0,Approved
501623,111398,20-12-2021,Travel,460.68,Approved
513179,118756,17/08/2023,Home,3606.11,Approved
509071,115146,09/25/2022,Auto,2942.53,Approved
505070,111839,22-05-2019,Auto,915.34,Under Review
501662,115719,18/02/2019,Home,5839.95,Approved
509441,119570,29/07/2020,Travel,154.57,Approved
502177,116000,2026-07-30,Auto,2855.2,Pending
514520,101081,29/09/2024,Travel,1673.07,Approved
505990,104473,12/26/2025,Travel,170.26,Under Review
502334,105483,20-01-2020,Auto,1127.18,Approved
505595,109961,01/31/2019,Auto,1027.3,Approved
503702,104315,04/12/2021,Life,5828.01,Under Review
501684,103965,22/11/2023,Auto,204.94,Approved
507515,116056,01/02/2023,Home,3366.85,Approved
510980,107876,05/28/2026,Health,1250.96,Approved
514141,110789,12/10/2020,Auto,1872.93,Under Review
509068,114183,03/24/2025,Auto,1111.73,Rejected
508337,105684,22/08/2019,Home,3764.68,Rejected
512022,106336,2020-08-06,Health,1873.92,Approved
506312,104694,04/12/2023,Auto,1904.82,Approved
502189,100900,23-01-2021,Auto,1600.73,Approved
504404,109042,06-08-2021,Health,,Approved
508498,102577,26-02-2026,Health,717.61,Approved
514667,107777,24-04-2019,Health,302.51,Approved
513558,109991,17/10/2021,Health,1264.08,Approved
511842,118806,10/15/2023,Health,533.73,Rejected
501373,116765,2020-07-11,Auto,2804.99,Rejected
514767,120227,24/05/2026,Auto,1369.41,Approved
511268,110948,07/23/2025,Travel,386.84,Under Review
514680,111649,03/08/2022,Home,1920.13,Rejected
509856,110923,24/05/2021,Health,749.42,Rejected
504315,106518,02/03/2022,Home,2214.15,Approved
500487,120114,05/11/2021,Auto,2412.95,Approved
503479,108939,28/09/2025,Home,6104.41,Rejected
506503,100582,12/13/2024,Health,616.73,Approved
505763,117567,10/22/2022,Health,1083.71,Pending
507259,118253,16-02-2022,Home,2268.16,Approved
507210,113563,2020-09-05,Auto,925.52,Rejected
509904,118926,30/05/2021,Auto,2256.99,Rejected
502124,102252,05-08-2026,Home,1391.04,Approved
503678,106797,06/03/2025,Travel,198.96,Approved
514561,105986,08/13/2020,Health,2123.49,Approved
512240,108312,02/20/2019,Health,1448.74,Rejected
506692,117686,2025-08-22,Auto,2603.07,Approved
513064,105055,02/13/2021,Health,804.4,Approved
513393,102665,09-04-2021,Travel,609.35,Approved
509792,110667,20/02/2026,Health,320.93,Approved
511803,116079,10/21/2019,Auto,1085.55,Rejected
513061,105055,2024-03-05,Home,2963.73,Under Review
504894,116039,23/09/2019,Auto,927.47,Approved
501123,117601,04/06/2026,Home,1031.19,Rejected
507293,110406,11-05-2026,Home,7954.29,Rejected
514329,110320,17/03/2022,Travel,348.83,Approved
502966,111322,17/03/2024,Travel,258.4,Rejected
502473,119354,2025-09-07,Health,1604.45,Approved
512295,108367,2019-10-11,Auto,1136.19,Rejected
512302,118382,2025-08-09,Auto,2345.36,Under Review
511850,113233,06/17/2025,Home,2449.54,Approved
502099,114219,2024-10-19,Travel,126.5,Under Review
500476,103376,06/19/2019,Home,3770.89,Approved
514219,105560,13-10-2021,Travel,417.3,Approved
509443,110688,07-07-2020,Health,746.07,Approved
510630,118362,28-08-2024,Auto,2816.39,Pending
502271,113714,2022-09-25,Auto,1838.2,Approved
510765,100893,06/13/2024,Life,9569.63,Pending
510316,106048,2020-03-05,Health,607.34,Pending
509336,113533,14-01-2026,Health,74.03,Approved
500836,117897,04/07/2019,Life,4992.41,Approved
514128,103228,04/24/2022,Auto,417.71,Approved
503842,105407,01/28/2022,Travel,126.19,Approved
504794,116540,13-10-2024,Auto,512.19,Pending
514642,104736,19-08-2025,Auto,1686.66,Approved
502095,104013,15/03/2024,Auto,1878.86,Rejected
511629,107381,2025-06-04,Home,4431.7,Rejected
505430,120043,09-01-2023,Home,3698.08,Approved
505706,118887,16/11/2019,Health,793.36,Pending
506399,116825,01/10/2019,Auto,1313.97,Rejected
505771,114202,02/07/2026,Auto,2092.77,Under Review
508404,120333,2023-04-30,Auto,1599.95,Approved
506489,107894,15-10-2021,Life,20923.78,Approved
501121,117601,20-03-2024,Auto,1882.69,Approved
510303,101299,18/05/2020,Health,724.72,Approved
511920,100269,22/05/2019,Auto,-1314.58,Pending
509450,113724,12/05/2021,Auto,305.12,Under Review
502585,112599,25-09-2024,Health,1971.47,Approved
512262,112855,2020-10-05,Health,8562.51,Approved
501606,102117,2022-10-10,Life,17242.64,Approved
505030,100758,26/07/2025,Home,1937.52,Rejected
513472,120299,2025-08-16,Home,1563.68,Rejected
509219,103022,2024-08-18,Auto,1257.37,Under Review
508852,106404,08/07/2026,Health,931.05,Pending
503116,113316,01-02-2020,Home,5250.12,Approved
503115,113316,05/10/2025,Home,2120.46,Rejected
500339,110140,08/08/2019,Health,975.93,Rejected
509814,116583,13-01-2022,Auto,608.11,Pending
507839,102586,17/03/2020,Health,1141.74,Rejected
509287,110591,2024-11-17,Health,1481.3,Rejected
508147,111809,08-03-2023,Auto,2120.03,Pending
501453,110144,10/21/2021,Auto,899.95,Approved
506914,105828,23/07/2020,Home,564.28,Under Review
503344,114266,08/08/2023,Home,6502.32,Approved
503502,117246,22/01/2026,Auto,1183.42,Approved
512147,104234,12/11/2024,Health,242.64,Pending
504391,119446,26/02/2021,Home,2648.24,Pending
508663,111930,20-09-2020,Home,2862.19,Rejected
511971,103970,03/03/2020,Health,1327.84,Approved
507348,105876,12/18/2022,Home,1678.34,Approved
507681,100840,18-01-2019,Home,3558.96,Approved
511767,118185,02/10/2024,Health,1505.87,Rejected
504393,116889,06/21/2025,Home,10352.62,Under Review
505683,108513,09/07/2024,Life,9756.67,Approved
505537,102331,10/02/2025,Auto,1092.99,Pending
505202,105349,13-04-2024,Auto,2322.48,Rejected
502495,100050,30-10-2019,Auto,785.74,Rejected
509258,105677,12/10/2021,Life,13352.7,Rejected
504870,111145,2022-03-16,Health,402.25,Rejected
502531,118208,2019-06-17,Health,-350.1,Approved
500168,108045,05/04/2021,Life,7051.38,Under Review
501688,101237,12/02/2020,Health,261.81,Approved
505805,104098,08/31/2020,Auto,842.06,Approved
506778,117962,21-06-2023,Life,7910.56,Under Review
509395,118028,2019-10-03,Home,10858.28,Rejected
505790,114895,03/27/2026,Home,13070.97,Approved
505080,107900,2022-01-15,Home,1214.58,Rejected
503059,114767,08/25/2021,Home,5498.16,Rejected
504830,102291,2026-06-11,Home,7119.0,Approved
510597,117201,09-07-2019,Home,1270.07,Rejected
514451,104846,29/03/2020,Home,8481.92,Approved
502692,118824,24-05-2026,Health,1941.33,Pending
504400,118087,2025-03-09,Life,3175.65,Under Review
510848,101871,2025-04-14,Auto,1972.94,Under Review
512523,109915,10/08/2023,Auto,1818.13,Rejected
509026,105559,30-08-2024,Home,1860.88,Rejected
514476,116048,06-02-2020,Auto,3672.52,Pending
503449,117925,16-06-2021,Home,2237.35,Pending
508309,114845,2023-05-18,Home,771.04,Approved
510938,119821,02/09/2025,Auto,460.96,Rejected
508630,119595,03/15/2024,Travel,209.08,Under Review
509857,100997,21-01-2024,Home,2557.51,Approved
513633,115921,11/03/2023,Auto,1947.82,Pending
511115,112542,18-06-2022,Auto,1750.45,Rejected
511627,106401,13-06-2023,Travel,370.08,Approved
503774,109693,08/19/2025,Home,1448.22,Under Review
508983,115680,04/28/2019,Health,823.69,Under Review
503269,108582,29-01-2021,Auto,976.96,Approved
507924,111685,2022-12-14,Health,1258.58,Rejected
512495,114607,2019-05-31,Auto,1114.98,Approved
510500,100001,2026-01-21,Auto,996.66,Approved
505206,108187,13/05/2023,Health,504.34,Approved
508649,106755,29/08/2022,Auto,1151.88,Approved
511729,106509,02/10/2026,Home,1379.69,Approved
508008,105328,02-02-2020,Health,3126.72,Rejected
504789,101547,16/08/2019,Life,21799.96,Pending
511872,101717,2023-03-29,Auto,968.13,Approved
503781,107115,2023-05-16,Travel,379.3,Approved
508950,120161,2023-12-13,Home,2240.26,Approved
513823,100892,22/04/2021,Auto,1618.35,Under Review
512998,106450,01-08-2020,Travel,274.31,Rejected
511843,118806,19/12/2024,Travel,614.38,Approved
503545,107585,2024-04-19,Auto,1687.52,Pending
502444,112365,18-05-2019,Health,1930.03,Approved
511574,111926,15-11-2020,Home,1136.64,Rejected
503813,101479,06/19/2025,Health,1145.54,Approved
514657,114243,16-04-2026,Health,1261.66,Pending
500930,100928,02/06/2019,Home,6044.16,Pending
508423,100550,25/12/2020,Health,2939.97,Approved
513358,106721,04/21/2025,Health,1962.5,Approved
501493,111604,2020-09-17,Health,330.95,Approved
506053,115516,08/25/2020,Life,4474.55,Rejected
513595,103568,30-01-2021,Life,10834.64,Under Review
502609,100584,25/11/2019,Home,1900.04,Rejected
507051,104181,2023-01-06,Auto,543.35,Under Review
505589,110671,10-05-2024,Home,685.75,Pending
507792,104490,01/23/2019,Home,11405.65,Under Review
501402,100346,04/23/2019,Auto,2797.96,Under Review
509214,115804,25/02/2025,Auto,1426.76,Rejected
504333,113570,05/06/2019,Auto,1125.99,Pending
509770,103483,05/09/2024,Travel,314.64,Under Review
500468,111888,15-01-2026,Travel,142.43,Approved
510130,116463,07/05/2022,Travel,-822.71,Under Review
509723,112097,24-07-2026,Health,966.25,Pending
511967,113404,06/19/2025,Auto,2477.23,Approved
514806,105390,2026-02-06,Life,10109.8,Under Review
503980,103372,29-12-2019,Home,1522.0,Rejected
501697,109444,31/07/2022,Health,409.73,Approved
502215,109535,23/09/2019,Health,371.91,Pending
507856,118928,08/01/2025,Auto,3198.66,Pending
512745,119151,09/18/2022,Travel,166.58,Approved
507775,114642,06/27/2021,Health,114.45,Approved
504903,103027,10/29/2022,Home,2337.29,Approved
506545,111832,2021-02-11,Home,2482.63,Pending
507228,107388,2023-12-11,Travel,154.21,Under Review
509025,106732,2022-05-17,Health,345.02,Under Review
511524,101873,2021-12-21,Home,1353.8,Approved
502344,106003,05/09/2021,Health,2888.67,Approved
500518,113922,27-07-2020,Home,2003.6,Approved
500439,109159,08-01-2019,Home,1856.35,Rejected
502145,100715,2024-12-25,Auto,2019.54,Approved
501799,100387,2019-12-19,Auto,164.95,Approved
502805,108565,11/14/2025,Travel,164.38,Approved
505038,105088,01/14/2025,Health,1372.67,Approved
507406,106034,26/12/2020,Life,30917.68,Approved
504519,104040,2024-01-16,Auto,1808.42,Approved
501346,120461,2020-04-17,Health,358.28,Approved
508018,120323,30-03-2021,Home,1688.12,Pending
506086,112301,18/11/2022,Home,878.86,Approved
500027,114237,03/28/2021,Auto,1440.63,Rejected
510696,116992,2020-04-08,Health,437.56,Rejected
511416,105672,2025-04-04,Auto,943.08,Under Review
511600,102345,14/11/2021,Travel,95.36,Approved
514097,115343,16-09-2019,Home,1376.07,Approved
510714,116008,2021-04-16,Life,4883.57,Approved
509479,114521,2021-04-03,Auto,933.16,Pending
501530,115107,04/22/2022,Life,19371.6,Approved
506216,110564,14/01/2023,Health,117.88,Pending
505234,116692,03/09/2022,Home,1718.48,Rejected
512843,112497,24-12-2023,Travel,238.49,Rejected
501923,116245,04/12/2025,Health,859.67,Approved
502039,112659,26/04/2020,Home,1812.81,Approved
504129,104467,16/06/2022,Auto,1064.3,Approved
513048,110183,10-01-2025,Auto,7397.61,Approved
511771,113159,22/12/2022,Auto,600.73,Rejected
513777,111700,23-08-2019,Auto,1056.28,Rejected
504900,103480,03-08-2020,Auto,2990.42,Approved
510045,114602,06/25/2026,Auto,1432.91,Rejected
510599,119164,17/02/2025,Life,,Approved
503447,112460,04/17/2021,Life,4594.67,Approved
514658,117043,2020-04-01,Home,495.33,Rejected
514473,112043,01/22/2023,Life,8834.77,Approved
510172,115053,17-11-2024,Health,658.68,Approved
509270,100312,31-01-2022,Auto,1803.0,Pending
507841,108903,09/26/2019,Auto,2107.18,Approved
502301,100967,13-12-2025,Auto,338.35,Under Review
506745,105813,18/03/2023,Travel,,Pending
507152,100658,2024-01-23,Life,5115.77,Approved
513195,113944,04/10/2019,Auto,4145.59,Approved
514378,106938,18/09/2023,Home,1063.28,Approved
503474,115292,16/09/2021,Auto,1635.59,Approved
511956,115735,2025-03-12,Home,8693.36,Under Review
503369,107554,2025-04-24,Auto,6438.11,Approved
504826,106423,08/11/2025,Auto,5163.34,Pending
514621,102557,06-07-2022,Health,637.84,Rejected
505483,116773,2019-08-01,Life,6248.55,Approved
509286,113244,12/01/2022,Home,2269.1,Rejected
502913,113694,2026-02-14,Health,99.89,Approved
507865,105329,25-09-2024,Auto,733.36,Approved
507765,112243,10/07/2025,Auto,2602.22,Approved
502390,116683,2022-02-18,Travel,-767.97,Approved
508813,106598,2025-03-20,Health,2015.16,Approved
514347,115254,08-12-2025,Health,301.36,Approved
508466,115181,04-05-2022,Home,3371.59,Under Review
506210,105161,03/08/2025,Health,467.68,Rejected
502380,109708,2025-09-30,Home,1889.14,Pending
506818,101265,19-03-2024,Home,1047.68,Approved
500123,117173,02-07-2024,Auto,960.11,Approved
500932,112125,07/09/2022,Auto,581.51,Approved
505933,105981,29-07-2020,Auto,682.68,Approved
504901,108797,21/04/2022,Travel,140.39,Approved
510133,104957,05/07/2020,Travel,260.42,Approved
503461,101984,2019-03-01,Travel,207.74,Approved
506634,117384,2024-07-03,Auto,1298.15,Rejected
500273,115963,20-03-2023,Home,2108.16,Approved
512476,107778,08/17/2021,Health,1409.15,Under Review
512614,112820,16-03-2020,Auto,1192.66,Approved
514724,117412,2024-09-07,Life,16116.56,Approved
502611,100584,2023-06-14,Home,4857.56,Approved
502791,110247,11-12-2025,Life,8811.97,Rejected
501803,105735,2023-05-15,Health,1721.82,Approved
513239,118544,08-08-2022,Home,929.26,Rejected
509343,104067,09-09-2019,Travel,-639.28,Rejected
511832,110234,22-05-2023,Health,204.18,Under Review
503887,112442,18/09/2020,Auto,1468.84,Approved
501418,113963,18/01/2021,Auto,1558.74,Rejected
503660,107289,03-01-2024,Health,226.91,Approved
502034,109786,2021-10-26,Health,1139.98,Rejected
500735,115450,04/30/2020,Travel,765.43,Approved
510278,106500,17-01-2024,Home,2359.11,Under Review
510957,107669,10/27/2024,Health,1444.3,Pending
511044,100924,23-09-2023,Health,267.91,Approved
505350,102375,10-12-2019,Life,,Under Review
501087,118549,17/07/2022,Auto,569.03,Approved
505250,114248,14-11-2025,Life,,Rejected
514526,119222,2023-06-20,Life,10601.61,Approved
500019,103894,26/01/2025,Health,1106.34,Approved
513978,118435,13/01/2020,Life,3413.41,Pending
508369,118172,26-07-2023,Auto,887.34,Approved
509407,112546,02/09/2024,Auto,1141.68,Approved
505902,114603,2024-05-09,Auto,644.22,Approved
506119,101945,15-11-2025,Home,3078.78,Approved
508809,120239,05-05-2024,Health,588.68,Approved
511895,103968,2022-02-15,Auto,621.83,Pending
508732,116451,02/19/2025,Auto,1349.28,Pending
511275,107493,11/23/2025,Life,4087.76,Approved
504269,118061,11/06/2024,Home,1933.26,Pending
514083,114755,28/03/2022,Auto,-2249.23,Approved
504455,102947,27-05-2022,Life,9743.36,Under Review
502676,115776,05/04/2025,Auto,2750.69,Approved
503128,110979,08-03-2021,Home,2555.99,Approved
505282,109085,25/05/2023,Auto,,Rejected
502227,106478,2020-04-11,Life,5891.0,Approved
509322,111725,05/24/2022,Auto,,Approved
504351,115606,07/03/2022,Auto,1161.7,Rejected
514147,101970,2023-12-15,Travel,1380.13,Rejected
514574,111093,09/10/2025,Auto,1016.72,Under Review
500925,119977,11/03/2026,Health,405.9,Approved
504252,115175,20-12-2019,Health,971.32,Approved
511074,101473,03/21/2021,Health,144.35,Approved
510779,119146,2019-06-28,Auto,805.98,Approved
511788,118673,2021-09-28,Travel,193.3,Rejected
511305,108832,14/12/2024,Auto,1148.9,Rejected
507018,105113,11-09-2025,Auto,954.38,Pending
502816,107827,2023-01-15,Health,529.53,Approved
503955,100903,03/12/2020,Health,822.97,Under Review
510203,118391,19/01/2025,Auto,995.24,Pending
503522,119890,03/18/2025,Home,3335.26,Approved
506550,100043,16/04/2025,Home,4962.87,Approved
513537,114287,13/07/2019,Health,724.96,Approved
513238,118544,2026-01-23,Auto,1352.54,Rejected
502021,117180,02/07/2020,Health,628.03,Under Review
506156,105821,05/12/2025,Home,3700.33,Rejected
513608,102113,01/25/2019,Auto,3887.51,Rejected
505094,106930,2025-08-12,Health,639.06,Approved
501489,112083,2020-07-08,Life,5891.02,Approved
511355,111405,04/02/2026,Auto,1600.98,Rejected
500608,108590,2019-01-27,Health,1042.02,Pending
511793,104247,2023-03-25,Auto,1644.67,Pending
513858,119548,2024-09-18,Home,5109.59,Approved
502927,114419,05-02-2019,Travel,-819.28,Approved
504925,119710,08/07/2020,Auto,1402.97,Approved
507403,116637,2026-04-18,Travel,227.54,Rejected
512955,116807,13/01/2023,Travel,458.62,Approved
500218,107945,2026-02-21,Home,4403.11,Approved
503860,110711,2026-04-30,Health,2504.89,Under Review
509893,100445,2026-06-26,Auto,1580.24,Rejected
503165,114366,08/14/2023,Health,1234.42,Approved
501730,119294,2021-06-05,Health,1159.35,Approved
500327,116450,16/03/2019,Auto,1682.61,Approved
510779,119146,2019-06-28,Auto,805.98,Approved
502701,115390,11/15/2022,Life,16524.37,Approved
503328,114228,31-05-2026,Travel,184.49,Rejected
501350,109755,24-03-2020,Auto,2671.77,Pending
505612,114148,2023-03-08,Auto,1980.83,Rejected
511224,117783,28/04/2023,Home,4301.47,Approved
513369,117826,2026-02-24,Auto,1181.57,Approved
506598,118257,02/10/2024,Health,1704.02,Approved
507458,117889,02/17/2024,Auto,,Pending
504561,114049,2024-03-07,Home,4654.96,Pending
501611,104884,15/07/2019,Health,1215.02,Approved
504461,102615,07/23/2026,Home,5981.5,Rejected
508292,107062,07-07-2026,Travel,568.61,Rejected
506330,101701,12/28/2019,Home,4289.88,Rejected
509384,114077,2024-02-23,Auto,1373.8,Approved
511823,112580,01-01-2026,Travel,937.85,Pending
511159,112937,06/20/2022,Travel,808.96,Approved
509731,108177,25/02/2025,Auto,1308.19,Under Review
504110,119028,01/11/2025,Auto,2518.44,Rejected
505740,108251,04/15/2025,Travel,590.12,Approved
500794,117392,2020-07-22,Health,462.5,Approved
513783,113481,11/03/2020,Home,1697.89,Rejected
502984,103595,01/18/2020,Auto,1413.8,Approved
509334,110321,2022-07-19,Health,726.37,Under Review
512736,104761,2019-07-10,Auto,2185.23,Approved
502348,115137,17/02/2023,Auto,596.36,Pending
508657,116820,31-12-2021,Home,3543.75,Under Review
501107,108279,07-03-2023,Health,724.64,Approved
513610,103814,2021-10-02,Home,913.28,Approved
507012,115959,14-01-2024,Auto,3929.88,Pending
506186,110049,22/01/2019,Health,,Approved
513496,103610,2021-08-22,Home,3570.09,Approved
505219,110285,2022-10-11,Home,6693.07,Approved
506682,107971,2019-10-29,Health,705.57,Approved
502919,116266,12/26/2024,Health,623.55,Pending
510860,119037,25-05-2023,Auto,1909.25,Approved
508807,114847,06/29/2026,Home,2025.48,Approved
500188,100563,12-11-2025,Health,401.04,Rejected
509867,118717,09/12/2024,Auto,1159.24,Approved
502678,107898,25-06-2022,Home,6407.57,Approved
506611,118585,16/02/2024,Auto,1428.43,Rejected
511230,105326,05/03/2022,Health,956.23,Under Review
506884,107767,16/08/2019,Health,3658.22,Approved
509661,110109,01/11/2020,Travel,375.15,Rejected
511856,103303,02/06/2020,Health,315.22,Pending
502771,106698,2025-01-22,Auto,933.22,Rejected
505284,109085,2020-01-09,Life,5230.57,Rejected
501086,104186,26-04-2020,Home,3330.12,Pending
513201,114566,24-07-2019,Life,29507.21,Approved
508303,118196,2025-04-19,Auto,1564.9,Approved
509509,109609,01-11-2023,Home,1028.56,Pending
514585,100190,24-09-2023,Health,1131.0,Approved
508877,113764,05/14/2019,Travel,198.77,Under Review
514349,119198,2019-01-27,Home,6001.15,Approved
510723,119107,2020-08-19,Auto,2396.5,Approved
514114,114153,2023-12-05,Home,1229.02,Pending
500373,117556,05/30/2019,Health,2879.04,Approved
505659,119346,20-07-2023,Auto,941.62,Pending
507558,105206,12/04/2021,Auto,1309.85,Pending
502319,102549,07/30/2021,Auto,2351.42,Rejected
509295,112717,06/07/2024,Home,622.36,Pending
501320,114548,12-01-2019,Home,1306.5,Approved
500828,110421,03/05/2025,Home,2220.89,Approved
503647,106132,2026-01-20,Home,3682.14,Approved
503214,115348,05/04/2022,Auto,790.24,Approved
511902,102985,2023-10-30,Home,3080.01,Pending
508772,100224,2023-01-19,Travel,521.21,Approved
508541,106017,30/06/2019,Home,-1861.39,Approved
504193,114639,31/05/2021,Health,365.18,Approved
505145,110016,21-04-2023,Home,16935.88,Approved
501522,119380,17/07/2025,Auto,2491.4,Under Review
514709,114820,2024-01-03,Life,19399.91,Approved
503780,110958,17-07-2024,Auto,1314.81,Approved
512110,102942,2021-05-26,Auto,-2766.89,Pending
514536,115328,05/09/2023,Home,2721.79,Approved
508722,112490,09/16/2024,Life,15188.76,Rejected
503562,117049,08/05/2020,Auto,1803.87,Rejected
502715,118466,26-01-2022,Auto,1390.64,Approved
505066,118451,09/11/2020,Health,927.78,Approved
502499,118680,04-02-2019,Home,1249.83,Rejected
503210,102589,09/25/2024,Home,1465.18,Approved
512113,111618,2021-07-17,Life,6988.37,Under Review
507899,118232,2021-09-29,Auto,1841.62,Rejected
506211,117152,26-05-2024,Auto,709.18,Under Review
508926,100561,25-09-2021,Auto,641.12,Approved
509727,111356,05/30/2024,Auto,901.06,Approved
502337,115076,2023-12-04,Home,578.87,Approved
501983,118370,09/06/2024,Life,7430.68,Approved
514071,107973,15-08-2022,Life,11534.96,Approved
512898,116300,03/06/2025,Home,3095.04,Approved
513791,118546,06/16/2023,Home,-3228.81,Rejected
504580,101197,16-10-2024,Health,547.77,Pending
509826,119231,17-08-2022,Auto,517.91,Approved
506504,114906,20/04/2020,Auto,920.35,Rejected
504684,117729,24-02-2025,Health,1177.26,Rejected
507134,100296,25-01-2024,Home,4649.39,Approved
509320,111725,24/08/2024,Health,592.63,Rejected
512562,115064,2020-08-24,Auto,2166.0,Approved
507664,116522,09-02-2024,Home,3587.57,Approved
514018,108356,17-10-2021,Travel,386.67,Approved
513753,119136,22/03/2019,Auto,818.85,Under Review
500862,116535,2023-07-11,Life,10445.96,Approved
500385,117509,11-06-2024,Life,8902.35,Pending
504295,111066,19/08/2022,Life,3278.05,Approved
501650,107828,08-07-2024,Life,6167.96,Under Review
509502,117436,04/21/2022,Home,5364.55,Rejected
510275,108634,08/18/2025,Travel,,Approved
512130,102890,29-10-2025,Home,1178.04,Approved
500311,113027,12/21/2019,Life,9423.61,Approved
509931,103039,14-08-2026,Health,1349.39,Approved
512437,118800,01-12-2022,Home,5004.15,Rejected
505627,118369,13/07/2020,Auto,477.98,Rejected
505361,118845,2020-12-20,Life,6592.71,Rejected
506151,107749,2023-09-22,Auto,2659.86,Rejected
512436,104276,2020-02-14,Health,2757.81,Approved
511226,119591,24-06-2020,Auto,1031.5,Under Review
509675,111878,11/08/2020,Home,822.67,Approved
505792,104237,28-06-2023,Life,8076.19,Pending
511880,111601,29/12/2025,Auto,4839.69,Approved
513374,102817,06-08-2022,Health,3425.17,Pending
514717,117868,2026-01-24,Home,1472.02,Approved
503487,105784,2022-12-10,Home,1022.48,Pending
511160,115344,2020-08-04,Home,1560.61,Approved
508928,111492,2019-06-06,Auto,1627.77,Approved
502216,114800,07/04/2019,Auto,-3952.34,Approved
509089,100659,07-02-2026,Home,4445.99,Under Review
502122,104973,2021-07-07,Home,1558.72,Rejected
510158,119820,23-04-2024,Life,4317.29,Rejected
500150,119660,08/06/2024,Auto,3617.34,Under Review
501035,106914,24-11-2023,Auto,1083.47,Rejected
503519,113685,05/02/2022,Auto,2004.83,Approved
511985,115160,21/05/2024,Auto,1893.92,Approved
511646,113567,2023-01-03,Travel,179.57,Pending
511642,112662,12/24/2024,Auto,1312.96,Under Review
505716,102304,11-10-2019,Health,130.19,Approved
513244,116377,2019-09-25,Auto,3114.71,Approved
506188,119756,07/18/2023,Home,2096.24,Under Review
513531,119421,22/08/2019,Auto,2554.55,Under Review
506118,101945,08/31/2021,Home,2644.28,Pending
500353,116246,28-10-2020,Auto,2295.75,Approved
502662,118976,27/05/2024,Home,520.11,Approved
511188,114342,21-07-2021,Travel,395.0,Approved
512446,111757,22/08/2023,Home,5149.27,Under Review
502404,112113,2022-11-14,Health,340.48,Rejected
512284,112625,08/11/2022,Home,3613.36,Approved
509798,110095,05/01/2023,Health,1510.71,Rejected
501270,109815,28-04-2024,Health,1721.2,Pending
510325,100397,11/03/2019,Auto,890.68,Approved
506558,120151,07/23/2022,Life,6408.84,Pending
504403,109042,2023-08-03,Auto,1895.91,Rejected
504450,116674,06/04/2022,Home,2797.39,Approved
502214,109535,2026-05-17,Life,5636.8,Under Review
500014,110977,27-06-2023,Health,707.3,Pending
507302,100430,10/01/2022,Health,237.59,Approved
501921,108612,02/05/2022,Health,1006.32,Approved
503991,106051,03/19/2021,Travel,246.26,Under Review
500533,103473,2020-11-18,Life,6903.98,Approved
513945,115826,2020-10-07,Travel,-187.98,Rejected
511917,113383,22/11/2020,Auto,1649.63,Approved
503314,115603,13-09-2025,Auto,762.82,Rejected
503601,100653,30-06-2025,Auto,2558.07,Approved
502638,111269,11/04/2021,Health,,Approved
506435,110934,04/02/2021,Travel,187.63,Approved
505999,110261,07-01-2024,Health,671.15,Rejected
510235,112501,03/11/2022,Life,13302.95,Approved
508818,116428,10/04/2023,Home,950.11,Rejected
509722,105648,12/16/2020,Auto,1927.9,Approved
505651,117146,28/10/2023,Travel,194.79,Approved
504807,106029,2019-07-03,Health,186.16,Rejected
505905,118855,2020-02-11,Home,1403.99,Rejected
511064,118162,2024-05-23,Auto,1945.71,Under Review
507885,112000,10-11-2021,Home,2506.44,Under Review
500568,114928,06/08/2025,Auto,1581.22,Approved
512766,110913,2021-08-06,Life,-3917.06,Approved
501039,109161,2021-05-06,Travel,376.36,Approved
505079,111960,07/07/2022,Health,470.63,Approved
500121,114185,12/18/2020,Health,611.54,Approved
505768,117936,06/19/2021,Auto,1471.36,Under Review
507518,108899,28-05-2025,Health,2708.5,Rejected
510842,105753,04/02/2022,Health,454.61,Approved
505758,102595,2021-03-14,Health,1638.68,Pending
509329,107339,01-12-2020,Auto,846.53,Approved
504069,110408,04/03/2023,Home,1343.11,Approved
512025,118741,23-01-2025,Travel,646.97,Approved
508724,116196,2019-01-28,Home,,Approved
508060,119828,07/03/2020,Health,1808.74,Rejected
500360,101006,2023-06-14,Life,6725.36,Approved
503571,106504,10/06/2024,Travel,276.08,Approved
508998,112016,08-08-2019,Home,1250.13,Approved
500732,108972,28/11/2022,Travel,235.57,Approved
514031,117216,05-01-2022,Health,507.62,Pending
502167,119512,04/09/2019,Home,2489.94,Pending
509747,115909,12/02/2022,Health,355.34,Pending
500079,110856,07/09/2019,Home,2222.65,Approved
503635,113702,2021-09-16,Health,294.24,Rejected
502919,116266,12/26/2024,Health,623.55,Pending
500410,118718,04/02/2019,Auto,-1216.24,Rejected
511618,108975,31/10/2023,Life,9944.56,Under Review
501714,111830,05/12/2025,Health,503.45,Approved
513657,115349,18/02/2023,Home,2938.85,Approved
506810,104829,12-03-2024,Home,701.89,Approved
502534,110240,2025-05-16,Home,2304.74,Rejected
510751,104327,06/02/2023,Travel,504.75,Approved
512272,100869,06/07/2020,Travel,304.99,Rejected
501911,116185,06-07-2024,Home,1010.96,Pending
506181,114393,2020-08-31,Auto,1973.87,Approved
508051,101543,04/16/2019,Auto,1441.36,Rejected
513577,102289,03-06-2022,Home,2138.08,Approved
509194,116948,2021-09-14,Life,3879.68,Approved
505125,106086,18-05-2026,Auto,1108.65,Pending
505828,111626,08/02/2024,Auto,673.72,Rejected
509319,111725,29/01/2020,Health,535.45,Approved
507046,106192,23/06/2022,Auto,1549.38,Under Review
511432,120416,29/06/2023,Auto,813.94,Approved
505384,101508,11-04-2025,Health,206.47,Rejected
500101,110854,21/10/2021,Auto,-2366.14,Approved
514696,101306,15-06-2021,Travel,243.7,Pending
506706,114429,18-12-2021,Home,946.46,Pending
505406,114192,16-02-2025,Home,1097.4,Rejected
511346,100371,18-11-2024,Health,1359.32,Approved
513527,103173,18-08-2022,Life,12887.52,Pending
508650,106755,2021-08-12,Home,3266.47,Under Review
510041,107242,01-05-2026,Auto,2569.91,Pending
512114,111763,24-09-2024,Travel,181.56,Approved
501217,118332,07/23/2020,Home,2193.56,Approved
500280,113548,25/03/2020,Auto,670.94,Rejected
508990,104532,2025-01-25,Home,3414.8,Approved
510602,110298,09/08/2025,Home,5588.14,Approved
502085,100558,19/08/2019,Health,258.76,Rejected
514542,120153,04/07/2022,Travel,342.24,Under Review
511359,110635,21/11/2024,Home,7544.39,Approved
510498,109225,08-01-2019,Home,1895.33,Approved
511777,102672,31/12/2025,Home,4065.92,Approved
508593,116496,10-04-2023,Travel,423.45,Rejected
507068,105154,27-03-2025,Travel,,Pending
513437,117625,2024-06-02,Auto,523.4,Under Review
512099,100954,13-06-2023,Life,,Rejected
511110,117845,04/26/2023,Home,2491.34,Approved
505787,106987,04/03/2019,Home,2337.16,Under Review
506561,109564,08/02/2021,Auto,1152.51,Approved
513165,101651,04-10-2021,Health,1222.13,Pending
501768,118132,22/04/2019,Life,8061.01,Rejected
509055,112456,08-11-2022,Health,382.66,Approved
503065,103846,03/11/2023,Home,2720.14,Rejected
503465,116459,20-09-2021,Health,1555.45,Pending
506208,109263,31-03-2025,Auto,2475.11,Approved
505553,100214,18/01/2019,Home,789.55,Approved
508191,113388,19/09/2019,Health,469.14,Rejected
506138,111820,2022-08-10,Home,3619.46,Approved
503753,107247,09/30/2021,Travel,195.07,Approved
502554,107484,01/23/2020,Auto,9085.69,Approved
509745,100317,02/19/2026,Auto,712.89,Approved
504226,120026,12/30/2023,Health,172.49,Approved
510665,110573,02/09/2023,Health,4690.16,Approved
513749,116378,11/08/2019,Health,1090.48,Approved
513819,117764,15/05/2020,Travel,306.1,Approved
500455,103018,03/15/2025,Life,13348.52,Approved
509672,116830,2022-08-10,Life,10380.34,Approved
503909,113194,26-07-2026,Home,3022.76,Approved
509707,117008,12/16/2025,Auto,1118.0,Approved
507955,116751,05/22/2019,Health,1547.91,Approved
501010,100265,05/22/2021,Home,1274.94,Approved
506962,105765,16-01-2025,Auto,1700.65,Pending
508387,117310,20/06/2020,Travel,253.26,Pending
503547,116298,2022-02-07,Auto,1005.48,Approved
509144,118689,25-04-2020,Auto,4392.03,Pending
513011,116299,2024-11-09,Health,382.32,Approved
507744,101193,13-05-2020,Health,544.79,Approved
507890,105958,2023-06-20,Travel,757.82,Under Review
503941,109685,25/08/2024,Travel,814.7,Approved
501547,101822,10/08/2025,Life,,Pending
513913,112254,08/06/2022,Health,813.32,Pending
509690,102024,2022-05-03,Health,1669.65,Pending
510869,106487,04/11/2019,Health,814.56,Approved
510381,108926,08-02-2022,Home,-1306.92,Rejected
501034,101261,16-08-2020,Home,4061.94,Approved
510413,105471,07/02/2024,Auto,2943.87,Rejected
501522,119380,17/07/2025,Auto,2491.4,Under Review
505168,102737,2020-10-05,Life,7461.63,Approved
509045,116102,01/02/2023,Auto,1546.07,Approved
505838,102473,11/16/2021,Travel,313.14,Approved
504220,105587,2026-05-28,Health,2502.07,Approved
510846,105521,11/07/2020,Auto,1009.42,Pending
507931,111521,25-01-2023,Health,1555.21,Approved
504549,110036,09/07/2023,Auto,1179.24,Approved
502128,106119,21/05/2020,Auto,1433.09,Pending
500173,105115,05-04-2025,Home,2814.55,Approved
502991,118721,2021-06-18,Auto,1433.98,Approved
511711,110637,2024-03-10,Auto,1188.0,Under Review
500050,114714,20/11/2024,Health,109.47,Approved
509402,100175,29-11-2024,Life,6782.87,Under Review
500031,120105,17-10-2020,Home,3937.55,Approved
503011,109536,14-09-2019,Health,424.0,Under Review
506196,109191,11/17/2023,Life,3891.01,Approved
505194,111144,23/02/2020,Auto,2965.39,Pending
500399,114016,14/05/2022,Auto,589.36,Pending
505381,116821,2022-11-02,Home,754.71,Rejected
502932,100657,2019-11-17,Travel,381.62,Approved
500749,112914,09/08/2022,Health,330.36,Rejected
508413,105783,20/03/2019,Health,1703.31,Approved
500884,119385,2020-08-29,Home,2563.04,Pending
503355,111568,08/01/2025,Auto,3308.36,Pending
513836,105429,21-05-2020,Health,860.84,Rejected
503433,117020,13-08-2021,Auto,1818.45,Under Review
510057,120388,2026-04-04,Auto,2207.08,Rejected
513799,109903,31-07-2020,Auto,1215.22,Rejected
500102,102876,09-08-2020,Health,1622.88,Approved
504791,102584,13/05/2019,Home,3230.83,Rejected
507879,114738,19/09/2023,Travel,145.57,Rejected
503268,107077,11/25/2019,Auto,2107.29,Approved
503016,110090,02-05-2024,Health,1184.03,Approved
507729,120077,12/20/2020,Health,257.62,Approved
508679,120213,2020-08-28,Health,380.96,Pending
510090,109612,08-09-2024,Auto,1933.76,Approved
507472,119388,2024-10-10,Home,674.11,Rejected
502894,108141,10/12/2025,Home,2242.36,Under Review
500434,120231,17-09-2021,Auto,1493.58,Approved
510970,105428,2022-12-20,Auto,981.81,Rejected
511839,105831,12/07/2020,Travel,193.37,Approved
504706,105309,12/19/2023,Home,4705.37,Pending
501006,118443,20/06/2024,Auto,1009.76,Rejected
501720,105112,01/17/2025,Health,532.17,Approved
507881,101186,2025-10-11,Travel,754.9,Approved
508518,104050,2019-09-11,Auto,398.83,Approved
513291,109312,06/11/2024,Auto,1626.45,Approved
509875,120453,02/25/2026,Auto,2965.52,Rejected
508911,107647,02/28/2020,Auto,2607.81,Rejected
502582,113338,2021-06-07,Home,4113.43,Approved
506291,102655,25-12-2019,Health,562.84,Approved
504832,108986,2023-08-28,Auto,1588.64,Pending
502957,114182,2019-02-16,Home,3471.05,Approved
510909,105708,03/28/2021,Health,5449.55,Approved
501743,118111,27/03/2019,Auto,-1110.29,Approved
508612,109319,15-10-2019,Home,4059.26,Approved
502680,109477,2020-03-24,Home,7478.72,Under Review
510282,107727,08/06/2022,Health,975.16,Under Review
503576,118909,05/26/2023,Home,4675.79,Approved
506462,106189,29-03-2025,Auto,1081.02,Rejected
507344,112412,03-11-2024,Travel,175.24,Approved
514705,119541,03/03/2026,Home,3409.38,Approved
505034,102806,11/06/2022,Auto,7825.52,Approved
505815,115661,02/04/2023,Health,789.06,Under Review
507346,112930,02/12/2021,Home,7627.01,Approved
506333,100978,2019-07-10,Home,3238.4,Under Review
513617,112197,22/09/2021,Home,2186.61,Under Review
512253,107829,09/09/2024,Auto,1272.0,Rejected
503844,101639,05/06/2025,Auto,1434.33,Under Review
508248,108077,21-07-2023,Health,894.62,Approved
502955,114182,2025-01-26,Health,451.24,Approved
508074,115430,07-02-2020,Life,4009.82,Rejected
512347,101424,2023-07-24,Home,1503.14,Approved
507836,117572,2025-01-05,Life,2981.43,Approved
514352,108580,21-02-2022,Health,935.28,Rejected
502478,108509,21-07-2026,Auto,2797.97,Under Review
502270,113714,11/04/2020,Auto,3295.66,Approved
501061,118828,2019-10-02,Life,5001.14,Approved
506499,103859,15-01-2020,Life,6074.28,Pending
509244,104423,11/13/2025,Health,851.39,Approved
510881,107164,2024-12-12,Auto,1785.15,Pending
507756,116880,09-05-2025,Travel,151.87,Rejected
513609,113125,04-02-2020,Home,1559.22,Under Review
512033,105741,04/25/2023,Home,1143.79,Pending
510416,104823,10/07/2019,Health,299.63,Approved
514394,102779,2021-05-17,Home,915.49,Approved
506842,104513,2022-04-11,Home,1414.87,Rejected
506756,114936,05/13/2021,Health,498.12,Rejected
508441,110251,2021-04-17,Home,1219.13,Pending
508565,100292,2025-04-12,Health,274.98,Approved
513089,118322,15-06-2026,Health,136.18,Rejected
507085,119861,2019-02-24,Health,-2362.53,Pending
510479,115244,08-07-2024,Auto,3869.4,Approved
500624,117092,03/12/2024,Home,2955.3,Under Review
508678,103370,07/02/2023,Home,6563.87,Approved
508723,112490,2026-04-03,Auto,2028.54,Rejected
501624,119308,11/11/2020,Health,117.02,Approved
514355,116633,2024-05-29,Auto,1768.43,Approved
506290,116623,09-12-2025,Home,1861.83,Approved
503299,100518,08-02-2020,Life,9725.65,Approved
508242,112262,09-05-2022,Health,1742.14,Rejected
512657,116237,09-07-2023,Auto,1225.13,Under Review
505848,117803,2024-02-09,Travel,212.65,Pending
504635,105164,24/09/2020,Auto,866.49,Rejected
511882,101117,05-08-2023,Auto,4266.06,Rejected
501454,112663,04-02-2023,Home,1664.13,Pending
509515,107225,08/03/2020,Home,1455.46,Approved
500008,100385,02/18/2019,Life,7135.24,Under Review
505431,111941,02/14/2020,Home,1294.9,Pending
505144,115276,08/04/2019,Life,17895.73,Rejected
504720,107760,25/12/2020,Auto,1081.3,Rejected
507712,101359,2025-02-19,Home,1005.75,Pending
500450,104072,04/05/2022,Health,364.26,Approved
501247,117792,05/01/2021,Home,2321.26,Approved
509899,113886,2025-04-19,Auto,1227.47,Under Review
513185,116610,08-07-2019,Auto,-452.79,Pending
507524,115799,23/06/2024,Health,1401.25,Approved
509803,114344,26/08/2026,Life,4769.15,Approved
501398,118972,04-04-2021,Health,1449.29,Pending
502974,108108,06-11-2019,Home,1895.41,Under Review
500181,105163,20-07-2019,Health,2209.06,Approved
507028,111255,05/12/2019,Health,496.52,Approved
514123,102891,02/29/2024,Travel,246.82,Approved
505908,100679,08/29/2019,Home,3233.91,Approved
512515,101696,09/30/2019,Home,5194.62,Approved
508454,101755,2020-09-09,Home,3497.91,Approved
511187,108557,2024-05-12,Auto,897.03,Rejected
511038,111781,24/04/2019,Home,1204.32,Approved
512172,104390,2025-12-29,Travel,123.22,Approved
506866,104570,2022-08-20,Travel,272.51,Pending
501433,105866,2024-01-14,Travel,696.13,Pending
506237,102921,23/08/2023,Home,4494.81,Pending
507834,111603,15-11-2020,Auto,2519.7,Approved
510076,110949,02/14/2019,Life,9137.58,Rejected
504702,101748,2023-12-02,Home,1160.84,Rejected
506178,104781,21-09-2024,Health,186.45,Approved
505278,112529,03/03/2020,Home,759.34,Approved
500772,119786,28-06-2021,Auto,654.69,Approved
510310,101601,04/28/2025,Health,445.0,Approved
507819,111098,08/02/2021,Health,355.38,Approved
500284,114682,2026-05-28,Home,1043.68,Approved
502312,104832,03/01/2026,Health,2220.64,Pending
512263,105488,04/01/2026,Health,482.06,Rejected
501655,118157,07/12/2023,Home,2198.88,Approved
500326,103425,25/01/2024,Home,807.76,Rejected
503058,114767,08-01-2022,Life,12117.49,Approved
508331,119584,30-01-2023,Auto,1235.77,Under Review
504374,116225,10/04/2024,Health,472.87,Rejected
501470,107510,08-07-2024,Health,991.27,Rejected
503366,100449,02/17/2026,Health,320.75,Rejected
504010,100147,23/08/2020,Auto,945.02,Approved
508168,119033,2022-06-27,Health,504.55,Approved
511102,113853,2021-06-13,Home,-10271.47,Rejected
507908,104537,21/06/2020,Home,5057.59,Approved
505389,113938,09/04/2024,Health,2356.63,Rejected
501740,114121,03/28/2021,Auto,1013.78,Approved
512889,106716,03/04/2020,Auto,2515.06,Approved
511989,106774,05-10-2019,Home,2193.03,Approved
508703,116658,2026-06-27,Auto,1035.24,Under Review
504874,102858,21-04-2020,Health,184.55,Under Review
512659,115373,05/03/2025,Health,400.03,Under Review
507840,108903,10/02/2023,Auto,1077.73,Approved
506076,112786,22/08/2024,Home,1380.01,Approved
501323,114548,22-01-2019,Auto,1446.07,Approved
512923,119897,21-07-2021,Health,517.16,Approved
511049,112070,2022-01-25,Home,1531.09,Approved
508963,103949,14-08-2024,Home,7832.89,Approved
509969,105580,31-03-2021,Travel,220.97,Approved
504800,103991,08/07/2019,Travel,192.86,Under Review
508700,108281,02/25/2023,Travel,332.62,Approved
506433,110934,03/05/2021,Health,916.31,Rejected
502704,107157,2020-11-12,Health,671.22,Approved
508887,114553,03/18/2020,Home,2374.32,Approved
507447,118576,20/08/2019,Health,173.87,Pending
511609,101553,03/11/2023,Auto,1585.1,Rejected
503728,115056,03/09/2021,Travel,332.98,Approved
509835,117810,26-12-2020,Health,399.31,Pending
503169,110733,29/10/2022,Auto,3003.03,Approved
512470,117076,07/14/2020,Health,2781.53,Approved
502536,107466,08/04/2022,Health,1304.84,Approved
514023,120329,04/10/2025,Health,1613.95,Approved
500977,104285,07/18/2021,Health,458.42,Pending
510243,117584,01/03/2019,Home,2281.51,Approved
503297,105048,30-04-2022,Life,6364.52,Approved
514250,116509,2021-03-28,Home,714.58,Under Review
514223,114309,2024-03-31,Life,5328.71,Approved
505186,116472,2025-12-02,Travel,302.97,Approved
514086,103476,26/04/2023,Health,563.53,Rejected
509178,104898,06/03/2025,Health,370.68,Under Review
513909,107119,20/01/2020,Auto,2018.65,Pending
514272,106809,15-04-2019,Home,2075.99,Approved
502452,115243,01/10/2022,Health,1802.7,Under Review
506020,119855,10-07-2020,Travel,1140.22,Under Review
504291,110700,10/28/2019,Health,320.46,Approved
508873,109930,05/28/2025,Home,1299.36,Rejected
508215,103272,2023-06-25,Auto,2489.09,Rejected
514312,118290,03/14/2019,Auto,1416.86,Approved
509351,111857,11/29/2023,Home,11198.42,Approved
512553,105243,07/01/2025,Home,-1654.17,Rejected
511673,106009,13/01/2020,Home,6915.33,Rejected
501310,115479,02/05/2019,Life,16751.12,Approved
507764,110239,2022-01-03,Life,8282.8,Under Review
508285,118223,08/12/2022,Health,380.4,Rejected
514757,100995,01/15/2021,Travel,97.18,Approved
509349,118681,19-06-2026,Health,470.44,Approved
506173,102398,17-12-2025,Auto,2632.32,Rejected
503038,108020,21-06-2019,Life,4970.32,Approved
508959,104415,2024-06-04,Health,335.27,Rejected
506021,102769,25/06/2026,Health,779.62,Approved
501475,108908,28-07-2023,Travel,182.22,Rejected
510415,116793,2019-07-06,Home,10437.53,Pending
510796,110023,01/06/2023,Auto,573.11,Approved
504046,110063,29/03/2026,Life,11326.08,Approved
510214,109045,11-01-2020,Auto,655.58,Approved
503484,118423,2022-06-20,Auto,905.62,Approved
506302,104872,2023-11-08,Travel,372.34,Under Review
508539,110766,01-02-2022,Health,244.25,Approved
509618,110372,21/11/2024,Auto,-2073.12,Approved
504246,108285,01/26/2023,Auto,3732.69,Under Review
504985,111576,06/14/2020,Health,981.66,Pending
505477,104256,26-07-2022,Auto,2187.32,Under Review
512485,111128,22/01/2025,Auto,1050.79,Approved
509628,118086,2020-04-18,Health,616.31,Approved
507969,114660,10/11/2022,Home,4983.48,Approved
507501,105138,2022-10-24,Home,5453.38,Approved
509309,107456,2022-02-20,Health,503.25,Approved
514747,108006,15/08/2019,Home,1247.82,Under Review
504630,110208,10/23/2025,Auto,962.21,Rejected
501989,110584,2022-09-07,Life,10276.2,Approved
503341,114323,06/06/2023,Home,2054.06,Approved
504469,109345,22/04/2022,Home,1242.98,Approved
500177,103509,18/02/2023,Health,739.0,Rejected
502882,102973,11/23/2025,Travel,500.56,Rejected
513032,111205,09-02-2019,Auto,2248.12,Approved
500457,114242,09-01-2026,Auto,3427.38,Under Review
511906,116732,08/02/2020,Auto,1586.94,Approved
510154,115677,29/07/2023,Life,6546.29,Approved
510637,106054,16-12-2023,Home,1038.48,Rejected
500063,107007,03/13/2021,Home,521.34,Approved
510884,109713,05/14/2020,Health,318.1,Approved
507092,106857,18/05/2026,Travel,544.75,Under Review
504629,110208,09-10-2023,Home,1475.83,Approved
507466,104775,24/08/2024,Auto,1606.28,Approved
512340,106261,2019-04-12,Health,1190.94,Rejected
501844,108063,2020-05-05,Home,2407.94,Approved
505349,114792,2020-10-06,Health,926.11,Approved
502366,103105,23-03-2021,Auto,1548.23,Under Review
505674,102683,08-04-2025,Health,594.38,Approved
506113,119241,07/03/2019,Health,1076.77,Rejected
502856,103050,2024-12-18,Travel,422.55,Under Review
512985,109046,10/06/2023,Home,5296.12,Approved
502512,110115,03/25/2021,Auto,1419.51,Rejected
507182,106572,2021-02-17,Life,11335.23,Pending
513563,109206,06/27/2024,Travel,432.52,Approved
514494,111938,24-06-2021,Auto,2097.02,Rejected
512948,104088,13-03-2023,Health,693.67,Rejected
511533,114917,10-04-2021,Auto,1924.09,Under Review
511951,111905,12/07/2022,Home,2501.64,Approved
514577,103863,06/16/2025,Home,2798.85,Rejected
504096,111651,08/24/2021,Travel,169.78,Approved
500795,110926,12/21/2025,Auto,2062.06,Approved
507316,108953,2019-04-03,Home,6349.25,Approved
510811,118947,05/26/2022,Auto,1065.24,Approved
506889,115852,10-10-2025,Home,12669.78,Approved
509726,112097,14-03-2021,Life,6951.95,Rejected
507277,105467,2025-02-24,Auto,692.63,Approved
500633,105230,03/01/2020,Travel,260.35,Pending
500563,110265,02/09/2026,Home,5582.31,Rejected
513897,109018,11/04/2019,Travel,1199.09,Under Review
513880,115317,11/23/2022,Life,10221.59,Rejected
502954,114182,2026-02-23,Travel,223.44,Approved
512363,116835,04/03/2023,Health,1411.33,Approved
513710,106059,04/12/2022,Auto,1018.4,Approved
511039,111781,14-08-2021,Auto,1771.92,Approved
512917,102044,21/06/2019,Health,395.24,Approved
507978,104953,27/07/2026,Life,10710.61,Rejected
504672,100800,31/03/2023,Home,5745.68,Pending
504842,108474,09/25/2022,Auto,771.83,Approved
506428,108040,03-08-2023,Home,12276.65,Approved
511024,120150,05/21/2024,Auto,1026.84,Rejected
511665,100808,2022-05-07,Auto,2808.82,Pending
505458,105158,28/08/2025,Home,2581.73,Approved
506922,106929,05-01-2026,Health,199.13,Approved
510987,105089,13/02/2024,Home,616.3,Rejected
510565,117731,2020-09-01,Home,5833.78,Approved
506114,119241,2023-04-05,Auto,722.49,Pending
510341,109549,16-03-2022,Auto,1044.18,Under Review
502471,117643,05/22/2023,Life,4721.63,Pending
511077,106748,26/12/2023,Home,3409.35,Rejected
510918,106040,03-04-2024,Health,2004.9,Rejected
508986,113759,29/07/2022,Auto,464.39,Approved
507653,109386,25-07-2026,Home,1462.7,Pending
504202,105331,26/10/2023,Health,521.57,Pending
500407,113555,06-08-2025,Home,23467.82,Rejected
510623,107445,01-09-2026,Home,3566.24,Approved
501944,118377,02/02/2019,Travel,316.04,Approved
505664,105146,2022-11-09,Home,1535.66,Approved
506688,108846,12-10-2023,Auto,1477.37,Approved
509490,105192,06-09-2022,Life,3768.21,Under Review
512546,119444,2020-11-15,Health,1006.69,Under Review
512187,104507,12/14/2023,Health,623.24,Under Review
505896,109387,05-10-2019,Home,1357.7,Rejected
502909,100608,05-05-2022,Auto,665.78,Under Review
503251,116372,22/10/2019,Health,389.54,Rejected
511250,104039,24/01/2026,Travel,339.77,Rejected
514675,100854,06-05-2020,Home,2276.07,Approved
512710,111590,11/27/2020,Life,1974.73,Approved
514686,117879,06/16/2020,Auto,3947.54,Approved
503043,118247,11/10/2022,Health,1975.6,Rejected
500683,103559,2025-10-31,Auto,2772.29,Pending
508300,113739,01/10/2024,Home,1268.25,Approved
501078,107974,2023-10-26,Health,116.69,Rejected
509385,114077,01-09-2026,Auto,986.32,Approved
510628,115609,20/08/2025,Health,657.53,Rejected
506753,103598,29/01/2021,Health,432.23,Approved
508673,101394,2024-06-08,Health,422.84,Rejected
510148,100308,11-03-2021,Home,3360.75,Approved
503834,112621,07/28/2020,Auto,2696.66,Approved
501022,113093,04/03/2023,Home,2356.38,Approved
500747,115333,11/14/2020,Health,517.66,Approved
513381,104443,05/02/2022,Home,6057.91,Approved
505613,111608,12/25/2023,Auto,2734.38,Approved
505528,117934,09/26/2020,Travel,209.99,Rejected
511007,107080,24/09/2025,Auto,1089.75,Pending
510036,108613,27-05-2025,Home,3156.11,Approved
500590,114390,08-10-2019,Home,2084.75,Rejected
506802,105896,17/04/2019,Home,,Pending
509430,113199,2025-04-10,Travel,523.42,Approved
503024,114435,06/29/2026,Travel,530.16,Under Review
511617,108975,06/23/2026,Travel,288.32,Approved
508343,111656,04/06/2025,Life,22969.25,Rejected
504101,117060,04/06/2024,Health,386.71,Approved
513474,109900,13-06-2022,Home,1337.56,Pending
506407,112550,2025-12-26,Home,2109.34,Approved
512756,111181,12/06/2025,Home,1201.52,Approved
509381,100618,08-10-2021,Home,5744.74,Approved
501411,113165,2023-03-10,Auto,1154.71,Approved
507753,104515,25/03/2021,Auto,3943.66,Approved
512402,118994,03/09/2024,Travel,529.19,Approved
505135,119848,01/08/2020,Home,3328.7,Approved
508360,111846,19/09/2020,Auto,3133.15,Pending
500473,107457,21/09/2022,Auto,1043.66,Under Review
514439,109580,2020-10-09,Home,2077.9,Approved
501748,107755,2024-06-08,Health,1725.09,Approved
507807,102829,26-06-2024,Auto,1510.71,Approved
511222,112698,06/05/2022,Life,6817.06,Approved
510025,102446,19/10/2024,Travel,100.82,Rejected
503889,105274,27-01-2023,Health,627.07,Approved
512606,118572,03/29/2025,Home,1429.49,Rejected
511095,109035,05/04/2020,Health,1152.82,Approved
512349,115924,30/06/2023,Auto,1317.14,Approved
510562,114958,07/15/2023,Health,1223.09,Rejected
514723,117412,27/03/2021,Auto,998.88,Under Review
513405,120011,2019-09-15,Life,13342.13,Approved
502081,116214,06/11/2025,Auto,1179.89,Approved
502453,115243,10/12/2021,Health,2092.75,Rejected
505196,111144,21-01-2026,Home,1756.78,Under Review
500586,119125,24/09/2025,Home,2530.86,Approved
513844,112260,13-05-2020,Home,1531.18,Approved
504919,100568,07/21/2024,Auto,1622.03,Approved
502498,104743,12/21/2025,Auto,2396.17,Approved
507733,117870,10/12/2021,Auto,2680.85,Rejected
513589,116001,29-12-2025,Travel,,Under Review
514002,104566,2026-03-11,Health,313.11,Approved
513223,113057,2024-03-02,Life,7037.12,Approved
511886,110938,14/01/2020,Auto,1329.42,Approved
505707,118887,02-03-2026,Travel,588.04,Under Review
504486,107997,13-03-2022,Travel,506.65,Approved
504123,116572,2026-08-05,Auto,2254.6,Approved
506872,106485,01/03/2022,Health,3128.16,Under Review
510466,113920,04-04-2024,Auto,1724.08,Approved
508278,102211,2024-03-26,Home,3582.71,Under Review
510419,112653,13-04-2024,Auto,1455.53,Rejected
509024,109965,2019-10-22,Home,-3156.65,Approved
504685,117729,06/26/2024,Auto,495.54,Approved
510208,108669,2023-12-24,Health,698.06,Approved
512950,119588,14-09-2020,Health,2569.02,Under Review
510012,116791,2025-03-01,Home,2147.13,Pending
514662,115708,05/21/2025,Travel,86.9,Approved
511797,101273,30/10/2021,Auto,1116.17,Under Review
504772,118627,04/17/2019,Travel,-636.15,Under Review
513097,120282,08-07-2024,Travel,552.44,Approved
508062,119322,09/18/2022,Auto,1284.45,Approved
500993,103169,14-10-2021,Travel,183.82,Approved
511669,104906,25-11-2019,Health,373.33,Approved
510337,107328,17/07/2025,Health,1083.38,Approved
502019,119395,20/03/2026,Auto,2259.23,Rejected
505013,101668,30-04-2024,Travel,274.83,Approved
510423,112716,08/13/2025,Auto,1143.49,Approved
506110,116677,04/01/2019,Health,-887.66,Approved
510458,102565,09/02/2024,Home,1177.45,Rejected
502184,119575,13-07-2021,Health,376.31,Approved
500811,108079,28/01/2021,Travel,117.47,Rejected
501722,106137,02/04/2025,Auto,4584.73,Approved
504708,119912,2023-11-29,Home,-2307.67,Approved
508997,120204,2022-03-17,Auto,733.46,Pending
508310,114444,06-11-2019,Life,5509.86,Approved
510359,117697,2023-12-21,Home,1077.24,Approved
507503,117629,2023-08-05,Home,2944.18,Rejected
504816,102564,26-10-2023,Home,12000.85,Approved
508863,110122,2019-12-29,Home,1911.19,Approved
507894,115855,27/12/2019,Health,681.6,Under Review
510219,109327,08/15/2019,Home,2215.1,Under Review
513708,108884,02-11-2024,Auto,3191.77,Rejected
512318,112360,09/18/2024,Health,297.7,Approved
513212,116898,15-04-2023,Auto,1606.59,Rejected
506066,119160,2023-01-20,Auto,1204.93,Approved
505532,100732,2021-01-31,Auto,2553.05,Pending
502009,107665,2025-01-02,Health,1176.21,Pending
510764,102371,09/01/2024,Auto,1699.12,Under Review
503098,108138,2026-04-26,Health,1085.0,Approved
511440,120486,2019-11-14,Auto,910.63,Approved
513722,108984,2022-07-24,Auto,2959.43,Rejected
505967,115490,26/12/2024,Travel,516.52,Approved
502310,109593,01/10/2025,Health,792.33,Approved
509746,115909,17/04/2019,Health,1801.53,Approved
512296,111683,02/08/2026,Life,-10357.09,Under Review
503120,113020,11/14/2019,Auto,1275.78,Rejected
512993,109087,18/06/2022,Home,1048.32,Under Review
505623,116635,20/07/2020,Life,8447.0,Pending
503838,105418,2022-01-31,Home,2108.87,Approved
508290,103034,29/03/2026,Auto,432.5,Pending
509736,100118,2025-09-13,Home,1655.08,Approved
508672,108290,27/08/2021,Life,7566.48,Under Review
508251,110974,01/26/2022,Health,567.57,Under Review
508201,104047,30/04/2021,Home,2694.56,Pending
506377,107546,04/09/2022,Health,466.56,Approved
512876,116566,2021-11-25,Health,1019.08,Under Review
502483,108129,01/22/2021,Auto,1650.3,Pending
501962,113152,07/08/2023,Home,2599.67,Pending
513113,118771,02/28/2024,Health,1050.93,Approved
503437,112264,2023-01-14,Auto,1299.13,Approved
510224,114405,2022-03-17,Auto,4017.16,Pending
508625,103928,07/10/2020,Travel,220.0,Approved
512616,105832,11/21/2019,Home,6529.15,Approved
502112,116638,29-04-2022,Home,1680.12,Approved
508634,111426,13/07/2023,Home,5273.87,Approved
506126,102570,08-06-2019,Health,169.83,Approved
502288,108588,30-04-2025,Home,578.13,Approved
506690,115696,2021-03-06,Home,1440.04,Rejected
508581,112850,08/02/2020,Auto,971.29,Approved
507877,105344,2023-07-15,Travel,203.13,Under Review
510558,116718,2024-08-28,Auto,1195.57,Under Review
508860,116146,2022-07-12,Home,727.83,Approved
502589,119905,24/06/2026,Auto,4216.02,Rejected
507273,111615,21/11/2022,Travel,524.34,Approved
512445,114208,16-11-2022,Travel,502.58,Under Review
500003,118345,11-05-2019,Home,5930.16,Under Review
514139,102243,20/11/2019,Health,4027.03,Approved
512245,107296,25/11/2021,Auto,619.03,Rejected
504716,117723,2023-10-08,Life,3900.19,Approved
512527,107006,04/01/2024,Auto,1338.18,Approved
514676,104737,11/08/2024,Auto,1596.6,Rejected
507510,102901,03/25/2022,Auto,1643.48,Rejected
508183,107586,29/03/2025,Travel,337.01,Approved
504089,115546,2022-11-14,Health,601.73,Rejected
507847,110615,04-10-2023,Home,1697.67,Approved
512235,102032,21/01/2024,Life,7296.59,Pending
506319,101049,07/01/2026,Life,11561.2,Approved
511862,103871,2019-10-13,Life,3373.18,Approved
502360,118398,27/02/2025,Travel,374.35,Under Review
513343,108734,11-02-2023,Health,-566.76,Under Review
510443,112095,2026-01-24,Health,1376.79,Rejected
504215,108639,09-05-2025,Auto,1722.54,Approved
511925,105509,2026-07-14,Life,11541.26,Under Review
513857,119548,2025-05-19,Travel,266.27,Approved
513572,101239,17-03-2022,Health,411.16,Approved
512929,111240,02/17/2025,Health,,Rejected
513311,106140,05/09/2019,Travel,604.58,Rejected
507965,100372,2025-09-12,Health,2583.22,Rejected
502342,107369,03/09/2024,Health,181.32,Rejected
507613,109950,10/10/2019,Home,6816.26,Rejected
501534,113019,28-07-2019,Auto,686.79,Pending
511067,120129,07/02/2024,Life,5080.35,Approved
505970,117229,18/02/2022,Home,,Under Review
503207,106918,14/02/2025,Health,1089.62,Under Review
502858,100426,19-04-2026,Auto,1192.15,Approved
514670,112688,2019-02-04,Health,-993.68,Rejected
514038,119719,01/17/2021,Auto,1375.48,Rejected
504130,104467,2020-03-13,Life,2467.65,Pending
502002,114458,31-08-2021,Health,438.43,Pending
505572,101662,15-04-2024,Travel,151.43,Approved
513780,116106,10/07/2020,Health,314.0,Approved
507738,119587,2021-01-13,Life,7526.25,Approved
505664,105146,2022-11-09,Home,1535.66,Approved
509923,112518,25/09/2021,Health,,Rejected
513824,107287,18/07/2025,Home,1409.84,Approved
511316,107774,13/06/2020,Health,4090.21,Approved
507949,106330,13/01/2020,Auto,725.75,Approved
506556,110925,02/23/2026,Health,,Approved
509019,116722,2021-05-28,Auto,1069.55,Approved
506942,113257,06/03/2020,Home,330.9,Approved
509870,114418,2021-11-23,Auto,550.97,Rejected
513767,109439,02/03/2025,Auto,1127.04,Approved
507061,112257,10/21/2024,Life,5670.49,Pending
513575,102289,31-01-2021,Life,8405.69,Approved
507726,101845,05/07/2023,Health,,Approved
501593,113953,31-03-2020,Auto,1906.93,Under Review
508412,100712,27-11-2023,Auto,1680.6,Approved
500970,101504,22/03/2024,Health,1717.14,Rejected
507254,107342,2020-12-01,Home,5401.31,Approved
514654,114243,21-09-2024,Health,726.35,Approved
509876,120453,28-06-2024,Auto,1236.04,Approved
509340,107281,05/07/2026,Auto,690.39,Under Review
509589,119840,2020-09-07,Health,782.55,Approved
509566,110260,01/09/2025,Health,1117.29,Approved
500388,109985,10/22/2022,Life,-7980.53,Approved
510652,104645,2024-08-11,Auto,1137.36,Rejected
507662,106083,2024-03-27,Auto,1294.01,Rejected
502448,118974,2026-02-24,Auto,2082.81,Rejected
502286,118236,04/10/2024,Auto,-2305.7,Rejected
500315,104265,27-06-2025,Auto,461.27,Approved
503820,119003,14/04/2021,Auto,1587.06,Approved
507495,102627,26-08-2026,Travel,389.69,Rejected
510511,115454,19-06-2022,Travel,249.53,Rejected
501328,115418,01/10/2020,Home,950.5,Approved
512690,111948,24/05/2023,Home,7290.95,Approved
504695,115049,2021-06-04,Home,1709.74,Rejected
508576,110002,07-08-2021,Home,1347.55,Approved
504890,108743,14/09/2019,Auto,591.26,Rejected
505438,115173,06-09-2019,Home,2065.81,Rejected
502069,117971,09/07/2024,Auto,8373.72,Rejected
500605,106562,04/15/2022,Auto,889.04,Approved
504918,107655,12/15/2019,Auto,1275.48,Approved
504608,115012,2023-01-05,Travel,421.23,Pending
514328,110320,05/31/2022,Home,17456.57,Under Review
510118,102663,01/01/2021,Life,24667.56,Under Review
507223,114020,26/12/2024,Auto,2229.95,Approved
509292,105419,07/10/2025,Health,304.73,Under Review
508187,102191,18-02-2021,Travel,477.59,Approved
507149,113008,02/11/2020,Travel,-246.9,Rejected
501368,108628,19/02/2019,Auto,3198.09,Rejected
503402,120236,29/10/2019,Travel,521.8,Approved
501253,113357,29/10/2025,Home,2325.26,Rejected
512586,107011,24/12/2021,Auto,1276.58,Approved
512156,109288,04-05-2020,Auto,647.17,Under Review
505082,101395,10-09-2021,Home,2274.43,Rejected
508499,102577,20/03/2019,Home,1850.1,Rejected
506627,105913,04/25/2022,Home,2086.89,Approved
510549,109142,16/03/2024,Health,1132.82,Rejected
510421,112716,08/28/2025,Auto,1168.35,Approved
514339,106996,2024-03-18,Travel,668.98,Approved
512311,118383,11/12/2020,Auto,4406.52,Approved
513173,100541,2022-10-26,Life,12511.18,Approved
500425,104219,04/04/2019,Auto,1710.22,Under Review
504793,101818,05/09/2019,Home,1339.41,Under Review
510847,101871,07-04-2025,Life,12039.48,Approved
509023,109965,2020-03-20,Travel,478.53,Approved
501111,104400,01-12-2020,Auto,1162.81,Approved
503208,102589,16/02/2022,Auto,1472.38,Approved
500637,110422,20/02/2022,Home,4929.45,Under Review
500248,109452,07/02/2021,Auto,302.28,Approved
504115,108900,08/04/2022,Home,2193.68,Approved
512892,120228,11/21/2023,Health,733.05,Pending
510746,112805,04/08/2023,Auto,-2140.4,Rejected
502459,108678,06/08/2022,Travel,931.41,Rejected
500696,102480,2022-07-01,Health,1646.27,Rejected
511631,105578,29-03-2024,Home,2108.65,Approved
513399,114788,06/04/2022,Home,3126.93,Approved
501236,115014,2025-02-07,Home,2209.42,Approved
506452,116497,07/01/2021,Auto,1223.49,Approved
501516,106218,2024-08-09,Auto,1581.18,Approved
501683,112769,06-06-2025,Health,-395.39,Rejected
503021,107852,05-02-2026,Auto,1545.95,Rejected
514164,118520,2025-05-30,Auto,5145.25,Pending
501011,109403,2023-02-26,Home,6458.96,Approved
500070,113725,03/29/2024,Health,310.5,Approved
503378,109498,10/01/2024,Health,2077.7,Approved
510450,115965,15-05-2020,Auto,1720.44,Approved
501178,119596,2020-11-02,Home,-1883.74,Approved
501632,111702,01-12-2022,Home,1878.96,Pending
513057,110983,09/07/2023,Health,414.51,Pending
503295,109778,17/05/2021,Home,3149.68,Approved
505358,112296,06/10/2025,Auto,3571.94,Pending
505180,117188,01/06/2023,Home,2864.04,Approved
501769,118132,21/08/2019,Home,3648.72,Pending
505654,103336,2026-03-14,Travel,203.41,Under Review
512166,103645,2022-03-07,Auto,1699.94,Approved
509030,111027,19-03-2022,Health,785.55,Approved
510333,100723,2023-11-16,Health,141.39,Rejected
510942,105730,22-02-2021,Home,673.4,Rejected
505769,114202,28/02/2026,Life,6263.72,Approved
500041,102195,2025-05-17,Life,8520.22,Approved
510861,119037,2020-04-25,Auto,657.09,Rejected
514344,115254,21/03/2026,Home,748.74,Pending
511369,111367,23/02/2019,Travel,255.35,Rejected
506800,107063,02/16/2019,Travel,189.19,Under Review
504785,108537,17-12-2025,Health,266.55,Approved
506131,119986,06/10/2019,Auto,808.57,Approved
510228,112679,08-09-2025,Home,4488.33,Rejected
509568,111232,19-11-2025,Home,5830.45,Approved
510799,119384,05/30/2022,Health,1094.37,Under Review
503290,112222,2020-11-06,Auto,,Approved
503651,118859,04/09/2019,Health,1552.14,Approved
503611,106428,21/03/2023,Auto,1604.34,Rejected
500805,100993,2024-06-30,Auto,509.25,Approved
511341,106911,13/02/2025,Health,693.22,Under Review
506025,102517,25/04/2021,Auto,,Pending
513220,110517,2021-03-13,Health,1906.0,Approved
507625,109044,27/07/2025,Health,1638.57,Under Review
511377,112435,29/07/2022,Health,529.94,Rejected
504045,114903,22-10-2022,Home,6820.48,Rejected
512886,105410,28-10-2019,Auto,4223.88,Rejected
509605,111931,2021-11-01,Health,863.56,Approved
503643,104303,01/02/2026,Home,3108.36,Under Review
510990,118521,13-08-2023,Life,8365.43,Approved
504604,110074,02/10/2024,Travel,,Approved
514751,118446,06/10/2026,Auto,2044.43,Approved
502412,106289,05/18/2021,Home,5409.89,Approved
512926,108259,25/11/2025,Auto,4315.28,Under Review
506492,115480,2023-12-28,Auto,1947.32,Approved
507897,102801,08/05/2019,Health,624.81,Approved
502988,117226,26/10/2022,Health,420.28,Approved
505608,100749,20/02/2025,Auto,621.95,Approved
514496,106833,06/06/2025,Health,353.57,Under Review
506826,116703,06/01/2023,Auto,925.07,Under Review
507636,101046,22-05-2023,Auto,1546.48,Approved
502315,104741,21/04/2022,Auto,325.29,Approved
513650,118311,01/29/2026,Home,3567.76,Rejected
512969,117761,30-10-2023,Home,6149.27,Approved
503704,102661,14/07/2022,Home,4166.22,Approved
506865,104570,12/10/2020,Travel,395.0,Approved
500170,102812,13-03-2021,Auto,1735.75,Rejected
508009,105328,2019-03-23,Life,21016.2,Under Review
500217,112980,2021-01-07,Home,1798.91,Rejected
513122,117289,12-12-2019,Health,4020.8,Approved
507364,120207,05-02-2023,Auto,1873.35,Rejected
504040,113948,11-05-2025,Auto,1028.2,Rejected
511491,100129,2022-09-03,Travel,188.03,Approved
506713,118044,2022-06-12,Home,,Approved
506375,107663,2019-10-30,Health,520.27,Approved
508857,108809,2020-03-18,Auto,2759.31,Approved
508128,106791,2021-04-25,Auto,3917.8,Under Review
508086,117860,10/29/2025,Travel,563.15,Approved
507417,102142,2024-04-01,Home,2488.51,Approved
513885,102667,08/31/2024,Auto,2108.69,Approved
503989,106051,2023-01-15,Life,6094.39,Pending
510895,101073,01/01/2021,Auto,2243.25,Under Review
507464,104775,20-06-2024,Life,6847.48,Approved
508776,103293,23-04-2020,Travel,361.56,Rejected
500900,108043,07/02/2023,Health,510.25,Rejected
500184,107763,25/01/2026,Auto,364.43,Approved
502861,100426,2026-03-11,Health,288.19,Under Review
510715,103829,11-10-2021,Auto,502.36,Approved
505597,100173,16/06/2021,Health,407.85,Under Review
503107,105527,11/05/2021,Auto,2997.45,Under Review
503708,111677,2025-12-07,Auto,1654.31,Pending
502848,105485,01-02-2026,Auto,3860.44,Approved
509621,119877,2023-07-10,Travel,281.41,Approved
503550,114213,11/18/2020,Auto,707.1,Approved
510520,110148,02/12/2019,Life,6593.95,Rejected
508351,119089,11-04-2024,Auto,1240.13,Pending
501807,105512,15/11/2023,Home,1830.45,Pending
509950,112494,2020-03-06,Auto,1554.29,Approved
500592,102247,2026-05-05,Auto,2082.86,Pending
507066,110290,03/11/2020,Home,5240.03,Approved
506835,108372,28/11/2023,Life,8034.26,Approved
501617,100431,28/11/2021,Health,1491.11,Approved
514786,111394,2023-06-24,Auto,1612.51,Rejected
504885,107608,03/09/2023,Home,1624.38,Approved
501114,108058,2020-05-09,Travel,478.07,Approved
503379,109498,11/28/2019,Travel,364.46,Rejected
500538,111697,06/21/2025,Health,2631.54,Approved
511071,103096,17/08/2021,Auto,2005.32,Approved
506950,111805,2021-04-14,Auto,1516.23,Pending
505821,104057,05/03/2026,Life,10809.8,Rejected
501889,105627,04-06-2025,Travel,322.2,Pending
503819,113378,2025-12-07,Life,4386.58,Approved
509696,101164,15-08-2024,Auto,1996.4,Approved
512589,103841,01/28/2021,Travel,755.53,Under Review
508568,109964,19-12-2024,Travel,185.56,Under Review
506844,111106,2024-07-13,Auto,3501.81,Rejected
505766,117936,2023-10-23,Health,1325.3,Rejected
510594,117201,2026-02-16,Auto,1565.67,Approved
500394,110493,2024-06-03,Health,1604.81,Approved
508822,106035,03/31/2026,Life,4966.84,Approved
500293,101182,2025-04-19,Health,1217.82,Approved
507960,114152,22-10-2019,Home,4147.17,Rejected
512421,105141,02/12/2019,Health,825.16,Rejected
509750,105003,2025-07-19,Health,398.19,Rejected
508909,113071,24-02-2023,Home,2663.57,Under Review
505794,104237,10/05/2024,Health,968.27,Approved
502798,112094,06/16/2024,Life,18741.33,Approved
504353,115606,04-12-2020,Health,-2206.78,Approved
503705,118272,01/05/2020,Travel,-237.84,Under Review
511979,113193,2025-06-29,Travel,271.78,Approved
505391,104216,14/01/2023,Home,2973.61,Rejected
511973,118652,2025-05-24,Auto,-1795.27,Approved
506887,117004,01/23/2023,Auto,2268.39,Pending
507581,114214,02/05/2025,Travel,197.25,Approved
511270,114466,2020-07-18,Auto,1470.86,Rejected
506850,109960,2023-03-18,Home,6913.53,Approved
504622,102309,16-08-2021,Home,5953.89,Pending
507803,107523,23/02/2024,Auto,539.51,Approved
507508,120146,15/11/2022,Home,2040.41,Under Review
502417,114406,20-11-2021,Health,728.17,Approved
503997,114690,14-07-2021,Auto,5627.52,Under Review
512930,111240,03/06/2023,Health,3038.69,Approved
503422,102009,21/05/2026,Health,506.35,Approved
501713,111830,15-06-2024,Home,3307.67,Rejected
511716,108095,11/08/2022,Home,575.22,Under Review
507169,113214,07/05/2024,Health,1474.46,Approved
513285,119685,2020-07-01,Health,1120.05,Approved
505459,107667,06/03/2022,Home,4597.85,Approved
505107,103299,09/01/2020,Auto,4045.78,Approved
508288,104320,09/15/2022,Auto,2691.67,Pending
509383,111797,01/04/2026,Home,2090.06,Rejected
506926,106908,2026-06-30,Health,1610.77,Approved
509488,110750,27-10-2024,Travel,234.74,Approved
508114,102873,2023-12-01,Home,3502.16,Approved
504506,109707,09/11/2021,Travel,147.81,Approved
500465,117933,21/02/2020,Travel,236.76,Under Review
509004,115117,04/27/2024,Home,1134.96,Approved
507484,112054,08/06/2022,Home,2337.02,Rejected
512354,104559,2022-07-29,Auto,432.71,Approved
500113,119841,07/31/2023,Travel,563.13,Approved
513804,114663,12/16/2020,Auto,1984.48,Rejected
511183,108982,23-07-2019,Auto,3505.24,Rejected
505058,104464,2023-01-30,Health,3423.34,Approved
504191,107552,2020-03-25,Auto,1187.7,Approved
503692,109448,05-07-2020,Health,300.49,Rejected
507250,114261,04-06-2020,Home,3028.41,Under Review
503371,117220,06/01/2024,Auto,2501.3,Approved
508205,113756,02/11/2024,Auto,1007.2,Approved
500035,106846,10/29/2025,Home,2428.65,Approved
504338,100280,07-01-2021,Health,1290.95,Approved
510721,113638,30-06-2023,Auto,1533.37,Approved
505407,114590,25/09/2023,Home,13135.1,Approved
506515,109049,13-02-2025,Auto,,Rejected
509525,112093,22/08/2023,Health,1508.04,Rejected
509070,115146,2024-10-10,Auto,1414.05,Pending
511033,104086,24/12/2024,Auto,1393.75,Under Review
505524,111848,10/02/2020,Home,1113.75,Rejected
501372,105815,25/01/2024,Auto,-3834.11,Pending
512095,106859,20-03-2023,Home,2015.53,Under Review
507248,118591,24-11-2024,Travel,201.91,Approved
510242,117584,11/16/2019,Life,2841.11,Rejected
502864,117443,23/09/2023,Auto,1211.81,Approved
513235,115990,08/15/2020,Travel,782.18,Pending
513827,111362,2019-04-09,Auto,1906.97,Approved
502998,111635,21-01-2021,Life,6421.12,Pending
500868,116334,10/05/2020,Travel,379.63,Under Review
506005,100131,20-03-2021,Auto,1467.28,Approved
504119,103865,01/06/2022,Auto,1185.85,Approved
500015,111973,31-10-2019,Home,1874.34,Approved
510989,100813,06/15/2025,Health,1746.42,Approved
503821,101332,31/10/2020,Travel,216.93,Approved
502751,115380,10/11/2022,Health,441.76,Approved
502616,101765,2024-01-11,Auto,1611.99,Under Review
508639,113478,2021-05-17,Travel,706.45,Rejected
511511,110169,02/03/2019,Home,1756.96,Approved
514385,105713,03/06/2023,Health,921.88,Approved
512273,100869,04/03/2019,Travel,596.05,Approved
502769,112261,11/23/2021,Home,1430.0,Under Review
511957,112453,12/08/2022,Home,1509.61,Approved
512072,100689,09/23/2021,Auto,918.01,Under Review
511661,109170,07/14/2022,Health,645.69,Under Review
504649,111872,05/07/2019,Auto,7454.13,Approved
508829,109957,01/04/2025,Home,7519.55,Approved
503646,110885,13/06/2024,Health,558.32,Rejected
506880,108065,03/21/2021,Auto,816.81,Approved
502157,103246,06/02/2025,Home,-1913.46,Approved
508940,104179,2023-02-28,Auto,1192.58,Approved
506699,110879,2020-11-25,Health,-5040.29,Approved
509463,110643,10-07-2024,Health,919.21,Approved
509016,110970,2022-09-07,Travel,283.93,Rejected
502900,117968,21/02/2026,Home,5285.86,Approved
506335,107570,14-09-2024,Auto,938.46,Approved
512366,119737,20/02/2020,Auto,1847.74,Approved
509366,107503,19/07/2024,Auto,1145.86,Approved
511137,112664,15/08/2025,Home,2960.67,Approved
501562,100644,2022-01-21,Auto,1141.28,Approved
508701,110813,02/28/2025,Health,208.81,Rejected
510588,113390,08/03/2019,Health,567.84,Approved
513452,116014,14/07/2019,Auto,855.82,Rejected
508812,102413,17-08-2021,Health,1093.51,Pending
514501,109540,20-04-2023,Auto,3112.31,Pending
512831,112336,09/07/2022,Health,1002.28,Rejected
506133,113911,06/16/2026,Auto,-1045.6,Pending
505689,118161,04/26/2026,Travel,-131.1,Approved
513739,103342,27/02/2025,Auto,2470.88,Pending
508573,117894,08/11/2024,Auto,429.3,Approved
510984,102653,12/11/2022,Auto,2143.57,Approved
501659,116409,07/26/2019,Health,1354.5,Approved
501370,120350,03/08/2026,Health,1016.02,Approved
506389,112570,04/06/2022,Health,1738.61,Approved
512051,116285,2025-07-22,Travel,144.63,Rejected
506853,118600,07/22/2024,Life,15833.25,Under Review
514425,110150,24-08-2021,Home,3080.59,Under Review
512644,113341,02/05/2023,Auto,,Approved
512639,106046,2022-03-11,Home,1234.71,Pending
512648,114743,01/21/2025,Auto,1006.3,Approved
500657,118243,12/06/2026,Health,612.92,Pending
511066,120129,04-11-2021,Health,417.76,Pending
507621,106806,13/10/2023,Home,1010.43,Approved
509806,101099,06/16/2021,Auto,3241.45,Under Review
512210,119389,2023-07-17,Life,4641.3,Approved
512209,106968,2022-01-31,Travel,470.27,Approved
505504,109970,17/06/2025,Home,1696.07,Approved
511220,111045,07/04/2025,Travel,651.21,Under Review
505148,112213,27/06/2019,Auto,825.37,Pending
512559,113767,04/26/2022,Auto,1382.34,Pending
510556,120303,2026-01-12,Auto,4652.1,Approved
512441,115523,07-09-2025,Auto,1685.97,Approved
510944,114745,05/08/2025,Life,6204.76,Approved
508222,100788,2019-01-20,Auto,1892.58,Approved
509034,110296,07/19/2021,Health,492.57,Rejected
513371,117826,05-03-2023,Life,19556.27,Approved
510239,113708,2022-09-20,Home,1521.65,Approved
502020,115602,07/17/2021,Auto,2435.32,Approved
501869,113063,2020-11-18,Travel,222.97,Rejected
508145,113951,2026-02-01,Travel,354.95,Approved
513839,108202,05/31/2025,Health,2125.47,Rejected
506215,104301,15/08/2021,Travel,153.14,Rejected
513663,103389,01/30/2022,Auto,1652.37,Under Review
509217,119895,01-07-2026,Home,553.5,Approved
507203,116355,2022-03-05,Home,2281.72,Pending
512224,112127,2023-02-06,Auto,2209.94,Approved
500083,106332,08/08/2020,Auto,807.49,Rejected
501026,109000,02/09/2023,Health,1334.15,Rejected
512433,119486,08-03-2024,Travel,94.42,Approved
504717,107760,2020-12-28,Travel,390.17,Approved
508421,100550,21-10-2019,Health,502.11,Approved
513625,109461,2020-11-29,Travel,123.05,Rejected
506679,111159,2021-03-20,Auto,908.85,Approved
507975,119064,30/08/2024,Life,9340.4,Under Review
508524,103602,20/01/2022,Auto,485.87,Approved
504742,113901,2022-12-12,Home,885.25,Approved
510338,112486,09/25/2020,Auto,709.33,Approved
509455,116603,01-07-2024,Travel,332.65,Approved
514399,100667,26/05/2020,Home,3704.54,Approved
501002,117182,05/10/2021,Health,1138.76,Approved
502818,115925,2025-06-20,Travel,214.07,Under Review
504176,106346,09/06/2020,Health,239.86,Approved
511624,115179,2021-10-20,Travel,376.88,Approved
507030,105064,25-07-2022,Home,890.98,Approved
504233,104294,2026-04-09,Auto,850.43,Approved
510117,103326,03/06/2020,Home,-5644.58,Rejected
506698,110879,2019-09-22,Home,1954.19,Rejected
504546,110036,2020-12-07,Travel,372.18,Approved
510306,106273,01/03/2022,Home,1746.07,Under Review
505938,100590,02-06-2022,Auto,2358.14,Rejected
514479,100412,04/08/2022,Auto,,Approved
506307,117666,2024-09-13,Auto,818.4,Approved
500167,108045,2019-07-10,Health,404.56,Rejected
506444,100990,28/07/2025,Auto,1461.97,Approved
500850,109409,15/05/2019,Travel,256.42,Approved
510502,113327,09/17/2019,Auto,1673.98,Approved
500535,102351,2020-03-28,Health,338.23,Approved
508833,102001,21/01/2026,Auto,1133.71,Pending
512216,111087,27-12-2024,Health,266.62,Under Review
501482,104449,15-11-2019,Auto,2422.89,Approved
511441,102229,23/10/2022,Travel,1039.56,Under Review
508695,118693,28-12-2019,Auto,862.1,Approved
508149,111809,11-02-2020,Auto,1200.39,Under Review
500895,106909,2026-07-15,Health,936.93,Under Review
509459,106720,15/08/2020,Travel,239.32,Approved
510626,118242,08/26/2019,Home,2116.94,Rejected
510452,110313,2023-02-05,Health,1662.03,Approved
506081,101028,2020-05-18,Home,1337.88,Under Review
502518,104731,06/09/2022,Home,1985.87,Rejected
501483,104449,15/11/2024,Auto,2014.1,Approved
502501,103820,20-10-2021,Life,4687.87,Approved
504779,108481,07-07-2024,Travel,202.41,Pending
514136,118249,03/16/2024,Health,-1091.16,Approved
514643,104736,01-10-2021,Auto,1242.39,Pending
513340,102494,2023-06-15,Health,1081.72,Approved
510876,102881,02/16/2019,Life,7875.92,Rejected
512853,117373,05-05-2022,Home,6003.43,Under Review
504387,106244,11/12/2025,Travel,442.8,Rejected
508583,112850,05/29/2023,Health,939.89,Rejected
508098,104640,08/29/2021,Travel,765.42,Approved
511032,108531,04/28/2020,Health,1141.32,Approved
511678,120410,09/09/2021,Home,-2430.6,Approved
503025,114435,13/12/2020,Life,19250.16,Approved
506206,109263,2024-04-09,Home,1411.46,Rejected
510845,108536,23/06/2021,Health,939.78,Rejected
513598,115635,02/24/2024,Home,4916.84,Under Review
509705,109694,05/14/2020,Travel,405.96,Approved
505900,110080,08/08/2019,Auto,560.43,Rejected
511684,101001,09/01/2024,Home,1960.88,Approved
501858,117598,12/22/2022,Travel,300.34,Under Review
501199,104156,08/25/2023,Home,3196.46,Pending
504965,101617,01-01-2020,Home,2633.89,Under Review
504884,106903,16-08-2019,Home,-3822.06,Approved
502614,107748,2024-12-16,Auto,1205.32,Rejected
500247,109452,19/04/2023,Auto,967.61,Pending
510528,119717,2025-06-27,Travel,445.04,Approved
505985,120302,08/11/2023,Home,5777.11,Approved
510402,119795,21/05/2022,Auto,1645.12,Under Review
503488,107810,10/26/2025,Life,4702.97,Approved
507889,120478,26/09/2023,Home,1318.45,Approved
502119,117475,06/21/2022,Auto,1940.57,Rejected
504750,103369,01/12/2021,Life,14272.64,Pending
513007,118548,19-01-2022,Health,1205.38,Pending
511532,115475,23-05-2019,Home,2016.64,Approved
500046,112250,06/15/2022,Travel,674.25,Approved
500511,114720,2024-02-21,Home,3453.76,Pending
502820,113566,22/04/2023,Health,822.78,Approved
507768,105167,25/10/2021,Health,652.15,Pending
513737,103342,14-04-2024,Home,2328.91,Approved
513660,102430,01/30/2023,Travel,650.69,Approved
509059,110939,01/29/2022,Health,-1255.84,Approved
513720,101607,26/01/2020,Home,1224.12,Rejected
514607,110677,07/21/2019,Travel,268.0,Approved
505418,104257,21-05-2024,Travel,780.85,Under Review
506214,104301,17-09-2023,Auto,1625.01,Approved
508084,120041,2023-01-05,Health,652.86,Under Review
513426,114052,2020-12-27,Auto,953.92,Approved
506517,102952,13-02-2021,Auto,759.52,Rejected
510062,104711,27-11-2019,Health,1122.18,Approved
510668,104174,06/11/2026,Travel,874.81,Approved
501957,104069,19-12-2024,Health,1800.11,Under Review
507752,109776,06-11-2025,Health,2016.79,Approved
504074,117547,09/01/2019,Auto,1571.27,Under Review
511208,101466,03/17/2019,Home,1938.13,Approved
513719,101607,06/05/2023,Home,2686.4,Rejected
500135,113166,2026-04-24,Travel,392.03,Under Review
500431,110820,2021-11-13,Home,2324.61,Approved
504038,109478,2025-01-13,Home,6698.66,Approved
504162,107513,25/09/2023,Auto,3491.93,Approved
503221,106002,03/25/2022,Auto,-920.46,Approved
504467,115215,2022-11-25,Health,306.94,Approved
506220,114570,28/08/2022,Auto,717.24,Approved
501043,112519,07/01/2023,Auto,-622.63,Approved
504359,107061,12/09/2020,Auto,1900.31,Under Review
506127,109242,2022-12-12,Auto,637.14,Rejected
506498,101183,03/08/2024,Auto,1570.95,Under Review
501085,107330,2023-05-15,Auto,3544.32,Approved
504029,112878,13-01-2025,Auto,2588.87,Pending
506501,103859,2019-06-04,Auto,-1049.73,Approved
502183,119575,18/04/2022,Auto,1078.7,Approved
503613,104304,04-04-2023,Travel,221.81,Pending
503014,109659,2024-01-03,Auto,1486.11,Approved
502796,113073,16-04-2022,Auto,2588.75,Approved
505998,110261,25-06-2024,Auto,1637.5,Under Review
501351,101063,19-04-2023,Health,707.29,Approved
511092,108938,19/08/2025,Home,5415.28,Pending
510009,107422,10-05-2024,Home,746.85,Approved
501488,108126,05/12/2024,Auto,1179.66,Under Review
506820,107864,10-05-2022,Auto,1526.37,Under Review
508559,112063,26/03/2024,Home,1272.78,Approved
514484,109817,11-12-2019,Auto,5791.41,Approved
512836,101856,04/09/2026,Auto,1240.87,Approved
512207,102700,16/04/2019,Auto,715.77,Approved
503938,111124,20/08/2023,Auto,365.97,Under Review
510441,103565,06/04/2019,Health,190.59,Rejected
500274,115963,16/05/2025,Auto,2034.47,Rejected
505117,102182,04/10/2024,Home,2973.77,Approved
509317,109307,16-08-2024,Auto,1864.34,Approved
511500,105308,18/01/2019,Auto,2269.29,Under Review
500200,117107,14/06/2026,Health,1791.73,Approved
513071,113140,2022-11-15,Health,598.69,Approved
505357,112296,04/06/2025,Auto,1253.76,Approved
504064,102733,2020-09-10,Home,1731.21,Rejected
509807,101099,03-01-2024,Home,3567.67,Under Review
504004,103550,17/12/2024,Auto,2730.04,Rejected
508638,106777,11/19/2021,Home,1528.6,Approved
511520,117716,09/30/2024,Home,1321.72,Pending
507276,100797,12/24/2021,Auto,1369.91,Rejected
504721,107983,10/02/2021,Life,-9832.39,Rejected
505099,104851,2022-05-14,Auto,2157.02,Approved
511331,113666,2023-02-27,Health,466.31,Approved
508029,102916,09/01/2024,Auto,1860.99,Approved
513801,109105,04/17/2019,Auto,2556.28,Approved
508563,110844,2024-12-14,Health,1379.7,Approved
504860,104100,29-12-2022,Life,9749.85,Pending
509570,119625,2022-06-14,Travel,843.54,Rejected
507596,113866,2023-08-04,Auto,1592.16,Approved
500937,101807,01/01/2023,Life,4410.91,Pending
501904,115016,10/08/2020,Health,1942.91,Under Review
507634,118683,26-01-2021,Travel,312.4,Approved
500833,114695,06/29/2021,Home,1130.27,Approved
509113,103229,05/31/2020,Home,2747.23,Rejected
504147,112888,09-07-2024,Travel,743.88,Under Review
512629,104728,19-02-2024,Life,4489.67,Under Review
500872,109358,27-09-2025,Auto,1657.13,Approved
503143,114267,09/12/2021,Auto,1365.5,Under Review
507588,111090,06/05/2022,Home,2875.26,Under Review
504746,108796,2021-06-29,Home,2539.78,Rejected
508687,112143,2023-09-25,Home,4243.5,Approved
501175,100221,2023-11-22,Life,14712.51,Under Review
503485,118423,14/12/2023,Auto,1591.43,Rejected
510221,106795,2022-07-23,Auto,1822.48,Approved
503954,118695,2020-07-07,Auto,3382.86,Under Review
511334,101268,01/12/2021,Life,11195.29,Approved
509079,116981,05/08/2025,Auto,1151.33,Approved
503204,109660,04/23/2022,Auto,1751.69,Rejected
501083,114254,21-10-2022,Home,1517.78,Approved
502677,107898,28-01-2020,Health,389.55,Rejected
513233,110736,03/05/2021,Health,1911.59,Approved
504073,104385,2019-08-30,Auto,1073.33,Rejected
507627,118019,03/03/2026,Health,507.88,Rejected
510206,110918,08/09/2024,Health,134.88,Approved
507914,117623,11/02/2023,Health,559.59,Approved
504201,105331,18/06/2022,Travel,338.92,Pending
510427,103188,29-06-2025,Home,2985.28,Rejected
508371,112140,24-01-2020,Travel,290.73,Approved
506201,105181,15/04/2025,Auto,1184.09,Approved
500411,118718,2024-11-11,Travel,219.72,Under Review
501197,120211,17/08/2019,Auto,1432.05,Rejected
506518,102952,2023-10-20,Health,1043.99,Rejected
512617,109821,01-03-2026,Auto,2326.84,Approved
500429,105314,05/19/2023,Travel,331.13,Approved
505500,113603,15-07-2019,Auto,1548.11,Rejected
502054,111222,06/19/2020,Auto,2651.55,Approved
512131,117496,2021-01-02,Health,940.21,Approved
513387,113711,17-10-2020,Auto,1353.99,Approved
513451,100987,10/10/2025,Health,398.28,Under Review
500720,109801,2019-03-20,Auto,1421.56,Approved
514357,114430,30/01/2023,Life,7498.96,Approved
502012,106879,04/12/2025,Health,1040.58,Under Review
507708,116084,02/09/2023,Health,608.99,Under Review
502405,103882,21/01/2025,Home,945.65,Approved
508913,107647,09/09/2024,Home,4766.67,Approved
504149,107578,2020-03-26,Auto,985.08,Approved
505857,107559,27-11-2024,Home,-3991.48,Pending
512995,111439,2023-08-28,Travel,296.12,Rejected
510038,107242,2025-10-16,Home,2343.46,Rejected
510675,100983,09-03-2019,Travel,361.46,Approved
504972,101330,24-08-2020,Auto,,Under Review
511961,104131,2024-07-28,Auto,839.25,Approved
501964,112160,20/01/2019,Travel,671.46,Approved
514514,112775,2020-04-14,Home,1892.06,Rejected
506438,119557,11/11/2021,Home,1718.14,Under Review
512514,101696,23-09-2022,Health,-364.88,Pending
508318,109148,12/31/2022,Health,440.46,Rejected
502559,103077,15-09-2024,Home,3076.21,Approved
502619,116782,03/01/2023,Life,8487.45,Pending
501326,113488,22/11/2019,Auto,3661.28,Approved
513188,102179,12/16/2022,Home,891.91,Approved
508254,109481,06/08/2026,Health,1421.22,Rejected
507762,117397,17-08-2024,Health,321.5,Approved
511322,106394,2024-10-23,Home,2428.17,Rejected
511463,104654,13-08-2026,Health,1607.38,Under Review
500299,111318,03/13/2026,Home,4190.77,Approved
503467,111217,30-10-2020,Auto,1150.81,Under Review
511243,106770,19-04-2025,Travel,234.22,Pending
510657,111004,23-04-2020,Life,8634.03,Pending
514441,113807,08-07-2026,Home,5868.32,Approved
505955,110098,15-04-2024,Home,2682.89,Under Review
506662,106057,13-08-2025,Auto,4787.63,Pending
507945,107464,2025-11-14,Health,390.34,Approved
507785,116883,2025-04-21,Home,987.98,Approved
504265,107277,14-06-2026,Home,5689.81,Rejected
504851,103297,05/23/2021,Health,576.73,Approved
513502,106012,04/23/2026,Travel,606.81,Under Review
514261,103086,04/27/2025,Life,4453.76,Under Review
502993,110244,17/05/2025,Travel,,Rejected
502884,102959,10/14/2019,Auto,2097.48,Approved
507103,103724,09/11/2022,Home,6169.23,Rejected
508358,109353,20-05-2020,Health,578.78,Approved
512372,115599,2023-02-05,Auto,887.75,Under Review
505453,110194,17/12/2023,Home,1710.4,Pending
511162,116794,12/04/2025,Health,706.92,Approved
503599,119244,03/07/2026,Travel,182.5,Under Review
502519,112202,2019-08-14,Home,2169.68,Under Review
508359,106131,2022-11-02,Home,5633.24,Approved
507801,103006,27-10-2022,Home,2911.56,Approved
510943,105730,03/01/2021,Travel,297.75,Approved
503891,109948,2020-05-02,Home,1161.68,Approved
513816,118024,12/13/2025,Home,2272.0,Approved
510023,104402,02-04-2021,Auto,2796.43,Approved
501190,116441,12/01/2021,Health,372.22,Approved
502943,111406,11/08/2025,Health,504.62,Approved
503684,109109,04/08/2021,Auto,1984.65,Rejected
504653,102183,16/05/2020,Auto,1053.59,Approved
509913,100880,2019-02-05,Life,15581.91,Approved
500119,112532,2025-06-08,Home,1776.15,Rejected
512050,114334,01/26/2020,Health,875.61,Rejected
510856,100220,01/01/2023,Auto,1106.47,Approved
512192,114453,09/22/2023,Auto,1349.21,Approved
503942,111650,06/08/2019,Home,4498.67,Pending
501723,108049,08/08/2021,Health,366.97,Under Review
509660,102886,07/29/2022,Health,1838.57,Rejected
506618,110709,31-03-2025,Home,1997.58,Approved
502109,103886,25-02-2023,Home,5318.67,Approved
512107,111705,07/06/2023,Auto,1411.41,Rejected
504355,120260,10/03/2025,Auto,2462.25,Approved
508956,102907,2022-01-12,Home,3058.4,Approved
509967,113247,24/01/2020,Health,191.66,Rejected
513999,100804,22/03/2021,Auto,2677.86,Approved
504696,102619,07/02/2022,Auto,475.08,Approved
513288,118990,2022-08-30,Auto,3404.1,Pending
500376,115015,24/10/2021,Auto,2117.41,Under Review
503532,116786,13-07-2023,Health,1008.15,Approved
506798,118552,05-02-2024,Life,17783.66,Approved
500704,120373,28-10-2021,Travel,-155.22,Approved
507220,115872,11/11/2021,Travel,233.42,Approved
506779,117962,10/10/2024,Health,1325.31,Approved
510089,109612,2021-08-02,Health,806.81,Under Review
507224,114020,16/05/2021,Life,2628.19,Approved
509861,111586,06/22/2019,Auto,1524.8,Approved
512855,103760,21/01/2026,Health,845.93,Approved
503724,103651,10/02/2025,Auto,2513.02,Rejected
512016,117375,23-07-2022,Life,7992.03,Pending
501450,108443,23-07-2025,Health,859.6,Rejected
510259,119569,23-12-2021,Home,1609.48,Approved
508746,116360,01/07/2019,Home,3186.4,Approved
504731,107191,11/06/2021,Travel,391.87,Under Review
509666,100172,2021-07-27,Health,5781.42,Pending
510590,100228,05-08-2020,Home,4092.66,Approved
503948,111771,19-12-2020,Home,1596.43,Approved
509434,102000,07/05/2019,Health,916.26,Approved
505883,110543,2019-03-06,Life,16063.49,Rejected
513535,119671,10-06-2023,Auto,1126.83,Approved
506137,116104,27/04/2020,Auto,1545.47,Approved
502406,103882,2024-02-29,Life,5570.06,Approved
508951,120161,08/25/2020,Auto,1562.04,Approved
512426,112707,02/08/2026,Travel,2303.38,Under Review
505809,110241,2019-10-15,Auto,1646.39,Under Review
501634,109871,13/09/2023,Health,2208.17,Approved
505725,114637,03/04/2021,Travel,474.57,Approved
512123,115240,06/19/2025,Home,1034.47,Rejected
501430,105866,2021-06-29,Auto,2097.82,Approved
506427,115269,12-10-2022,Travel,164.23,Under Review
514231,117447,2026-02-06,Health,309.16,Pending
503679,106797,06-03-2023,Home,2069.79,Approved
513341,100845,2022-03-31,Auto,2636.96,Approved
503035,108145,20/01/2019,Health,955.61,Approved
509772,106310,08/30/2026,Auto,799.93,Approved
509680,109026,2024-02-23,Life,4375.67,Rejected
502996,100844,07/12/2019,Life,6650.69,Rejected
507233,118651,25/12/2022,Health,2106.54,Approved
500033,106846,08/07/2019,Health,2515.13,Rejected
502655,110735,08/03/2019,Home,2776.25,Rejected
514311,118290,22/12/2020,Health,154.95,Rejected
504600,109091,27-03-2023,Travel,107.42,Rejected
514007,117692,2024-03-24,Life,4567.96,Rejected
504978,117480,22/03/2024,Health,255.69,Approved
503307,107839,12-07-2019,Auto,1176.09,Approved
507831,115861,2021-09-28,Health,1478.89,Approved
503919,116886,13-03-2026,Health,1794.45,Pending
506013,108801,2022-09-10,Life,10248.65,Approved
501297,114200,26-10-2024,Home,2338.72,Approved
505286,111365,06/11/2021,Home,2229.51,Approved
508862,107637,08/15/2025,Auto,450.71,Under Review
511170,110857,14-02-2022,Travel,181.22,Approved
507628,118019,2019-09-06,Auto,1696.9,Approved
500908,109250,2021-07-16,Auto,1025.38,Pending
514409,106190,12-12-2024,Life,7125.57,Approved
507341,102847,06-09-2025,Auto,463.6,Pending
514454,109348,2022-09-21,Travel,1185.2,Approved
503069,114238,02-06-2024,Auto,-2084.97,Approved
503393,103852,04/12/2026,Home,4577.21,Under Review
509942,107467,08-10-2023,Health,923.64,Approved
509081,113002,19/07/2026,Health,519.28,Approved
510566,113742,09/13/2019,Health,451.77,Approved
509308,104674,2022-12-15,Home,2657.9,Pending
511682,119586,05/06/2025,Health,263.59,Under Review
500111,108317,05/05/2023,Home,1475.73,Approved
513501,106012,12/02/2026,Home,684.6,Approved
501701,118298,2026-04-22,Auto,1560.65,Under Review
501783,109445,10-02-2021,Auto,1744.31,Approved
505375,114134,11/16/2021,Health,158.13,Approved
514314,112015,05/01/2025,Life,4091.26,Rejected
500978,105382,23-10-2022,Travel,184.35,Rejected
505271,120205,04/07/2022,Home,4451.89,Approved
506912,105828,29-03-2021,Health,1374.7,Approved
507414,100253,2022-06-04,Health,904.23,Approved
510994,112755,27-08-2025,Travel,277.6,Rejected
509699,101164,2026-04-01,Life,19996.03,Approved
513248,104583,28/03/2020,Life,13026.36,Under Review
504344,112872,07/29/2025,Auto,2883.72,Approved
514646,119360,04/10/2022,Life,6000.17,Rejected
504954,101991,30/12/2023,Life,8692.96,Pending
506431,100883,2021-03-13,Travel,408.37,Approved
509357,100100,07/07/2019,Auto,1892.51,Approved
501408,109565,22/09/2024,Health,461.88,Approved
506109,117871,08/07/2026,Travel,614.54,Approved
509237,110652,06-06-2026,Auto,857.84,Approved
511281,112993,02/08/2019,Travel,422.87,Under Review
505576,109658,06/11/2024,Health,1663.6,Approved
508704,116658,2023-03-30,Auto,336.61,Approved
513892,118803,05/01/2022,Auto,1277.98,Pending
507630,111044,21/07/2022,Auto,1838.43,Approved
504436,106373,06/24/2025,Auto,1362.3,Approved
512014,117375,07/24/2026,Health,3901.71,Rejected
504231,103599,19/01/2026,Auto,756.54,Under Review
506259,116839,2021-07-27,Life,8553.19,Pending
504156,100782,27-08-2020,Auto,2627.25,Approved
506817,102470,08/28/2019,Home,1159.84,Under Review
500396,118645,09/02/2024,Home,1546.04,Approved
511689,103854,24-01-2020,Auto,1711.14,Pending
507698,101298,05/01/2021,Auto,2232.41,Pending
504447,112735,2024-07-08,Auto,2372.98,Approved
503275,102394,2021-03-23,Auto,1077.76,Approved
505261,101047,2025-08-17,Life,13884.41,Approved
512082,100203,30/11/2020,Home,4578.69,Approved
505425,112549,28/12/2019,Auto,678.47,Pending
501599,104337,04/28/2025,Auto,1608.48,Approved
505290,103460,01/29/2026,Home,9922.51,Approved
512028,113878,09/12/2020,Life,5435.81,Rejected
500817,120293,02/21/2020,Home,3322.12,Approved
505562,107716,21/08/2020,Auto,1429.11,Rejected
509451,114826,2024-02-17,Health,208.51,Approved
512938,119329,26-06-2019,Auto,917.86,Rejected
504861,104100,02/06/2025,Health,2038.22,Rejected
503886,112442,2021-03-03,Health,3142.33,Approved
505015,110033,07/02/2021,Home,6032.55,Approved
512897,108770,11/17/2019,Health,1699.83,Rejected
507025,101843,08-10-2019,Travel,-209.84,Approved
508241,114368,11/12/2024,Auto,1390.99,Approved
502921,115859,21/10/2025,Auto,1216.46,Rejected
511940,100687,03/03/2019,Home,5076.14,Approved
500611,117795,2020-11-16,Health,823.42,Pending
501512,110091,2026-07-29,Home,1736.64,Approved
513228,118662,17/08/2025,Auto,517.96,Approved
509266,110955,29/12/2024,Auto,1905.49,Approved
506423,101786,11/23/2022,Travel,1142.51,Approved
507383,118503,01/27/2022,Auto,2636.91,Approved
514493,111938,04-06-2023,Life,,Approved
508374,111345,07/14/2019,Auto,828.7,Rejected
506027,113713,20/04/2020,Auto,2353.89,Approved
513888,109374,2026-02-14,Auto,1959.69,Approved
504429,119695,04/14/2019,Home,9310.06,Approved
504256,119882,07/01/2023,Home,,Under Review
500763,108546,2026-07-15,Life,9142.45,Approved
502456,116387,01-02-2026,Health,455.79,Rejected
510125,114132,18-03-2024,Health,856.67,Approved
505399,117142,20-11-2025,Life,17250.82,Pending
505914,108140,04-02-2021,Auto,1013.32,Approved
504659,115952,14-01-2025,Travel,297.28,Pending
502231,111285,09/01/2026,Health,980.36,Approved
506384,102340,2020-03-17,Health,1350.14,Approved
504104,102923,01/28/2026,Life,4957.63,Approved
507598,116122,19-05-2022,Travel,203.65,Pending
501621,113015,02/28/2025,Health,479.22,Approved
513593,114135,2023-05-10,Auto,1580.1,Approved
509646,115967,2026-05-16,Auto,3089.12,Approved
509791,109799,08/03/2024,Life,22459.8,Under Review
508610,112062,13-06-2019,Health,1487.17,Rejected
503752,107247,07-10-2023,Auto,488.12,Under Review
507781,108831,07-09-2022,Home,5941.3,Approved
512288,105119,18/10/2021,Health,1437.65,Approved
505703,120234,06-05-2022,Auto,423.85,Rejected
514453,109348,27-04-2019,Life,6764.58,Pending
504993,107889,04/24/2020,Health,438.61,Approved
503017,110090,04-11-2023,Auto,1607.59,Pending
508455,114961,10/07/2024,Health,270.92,Rejected
503013,109659,04/08/2019,Home,1469.47,Pending
507173,119720,05/12/2024,Home,4795.33,Rejected
503033,108057,30/07/2026,Home,938.61,Approved
511550,110273,05-06-2026,Life,6667.68,Approved
512739,100557,02/05/2022,Home,2249.31,Approved
514376,110344,10/12/2021,Home,9221.04,Approved
507195,110519,01-07-2022,Home,5237.7,Approved
500653,114442,09/08/2020,Auto,598.68,Pending
505464,100472,01-05-2019,Auto,2570.11,Approved
508144,105255,08/05/2024,Health,535.37,Approved
506861,114601,2019-03-05,Auto,1946.53,Approved
507623,120308,02/19/2026,Travel,797.06,Pending
506147,110914,03/08/2021,Life,2526.0,Under Review
504560,105632,2021-05-30,Health,2990.3,Approved
508968,118471,2021-06-15,Auto,1597.87,Under Review
511764,107347,08/24/2025,Home,2123.61,Pending
513676,118333,07/02/2020,Auto,3749.21,Rejected
500479,109839,03/04/2020,Home,2605.03,Approved
505932,101497,2020-10-27,Life,6553.28,Approved
508167,102997,2021-04-14,Auto,2179.49,Rejected
507456,117889,27-01-2022,Auto,3878.87,Approved
500103,107250,16-03-2021,Auto,1313.98,Approved
501157,106245,07/09/2026,Health,237.68,Approved
501383,110089,2019-01-18,Home,2654.75,Pending
511299,119030,03/08/2020,Health,317.04,Pending
513990,115517,13/11/2024,Home,1728.4,Approved
503256,119157,2022-11-11,Auto,1990.21,Rejected
507387,113005,05-07-2025,Travel,175.95,Rejected
503559,118749,25/02/2024,Auto,2528.05,Approved
503063,100483,2024-12-08,Auto,1599.99,Pending
500647,111963,07/03/2023,Home,3689.14,Approved
505331,109262,03-11-2023,Life,13808.08,Rejected
508021,117802,09/09/2019,Auto,1892.37,Approved
502626,115413,2025-11-06,Health,676.22,Approved
504328,117760,28/02/2024,Health,506.37,Approved
501457,106506,2021-03-10,Travel,244.95,Approved
511679,109673,06/12/2021,Home,1756.47,Approved
507912,118079,17/02/2019,Home,4597.69,Approved
509626,118086,06/26/2024,Travel,424.71,Approved
513280,107788,28/05/2026,Auto,1438.84,Approved
513735,117482,01-05-2019,Auto,879.17,Approved
510631,109928,09-09-2023,Auto,829.52,Approved
504012,106730,2024-10-27,Home,1598.72,Under Review
500543,107159,05/25/2024,Health,493.41,Pending
508000,104759,06/08/2023,Health,2419.29,Approved
504843,120281,02-10-2022,Auto,879.22,Rejected
505920,116227,2020-07-18,Auto,1470.38,Rejected
510029,117701,2021-09-04,Health,-1070.85,Under Review
504105,101064,31/10/2022,Home,3196.34,Approved
502629,120079,22/07/2026,Life,7053.69,Rejected
512346,101424,26/11/2024,Home,2140.3,Approved
500741,105685,2022-07-04,Life,6393.6,Pending
508910,115186,16/12/2022,Auto,3670.65,Under Review
505339,110223,10/26/2022,Health,676.91,Approved
505474,117250,31/03/2023,Home,2459.91,Under Review
503222,113358,02-05-2024,Life,8575.54,Rejected
502144,119088,15-04-2026,Home,10322.13,Rejected
501880,113000,2023-10-19,Travel,858.24,Under Review
511522,101873,18/07/2024,Auto,2025.89,Pending
506647,113484,2020-02-13,Auto,1669.28,Approved
511884,119020,29-01-2019,Home,1822.58,Approved
500333,119907,07-05-2025,Health,1147.79,Approved
507550,102888,06/10/2021,Home,1892.86,Pending
512428,110179,2021-02-17,Auto,,Approved
500714,101338,26/08/2023,Home,2965.69,Approved
509345,104067,12/03/2022,Life,6354.72,Approved
503776,100149,31-08-2022,Auto,578.62,Rejected
510875,119989,23-07-2019,Auto,608.34,Approved
503852,117497,2019-04-21,Health,1877.69,Approved
504093,108629,06/09/2023,Home,1739.76,Approved
507488,119690,12/20/2021,Auto,1352.86,Rejected
512800,108767,2025-01-12,Auto,1369.31,Approved
504489,107997,2022-02-28,Home,4893.71,Approved
510838,117776,30-03-2025,Home,660.58,Approved
513056,110983,07-06-2020,Life,13123.57,Pending
513746,117070,06/29/2026,Auto,-2393.43,Approved
508390,113571,21-01-2025,Life,5937.65,Approved
500839,100322,10-03-2023,Life,9663.36,Approved
512609,113200,03/08/2019,Auto,925.4,Under Review
510646,118457,19-01-2025,Auto,,Rejected
505318,102853,2024-11-30,Home,1931.02,Rejected
511388,106135,19/08/2021,Auto,993.02,Approved
504614,116109,26/08/2025,Auto,1861.7,Approved
512455,106297,11/17/2020,Life,9279.17,Under Review
503421,110753,02/03/2023,Life,12488.89,Approved
509300,112673,01-02-2019,Auto,1597.1,Approved
510624,107445,02/07/2024,Health,523.24,Rejected
505386,111346,17/04/2019,Home,1283.04,Rejected
500744,101328,05/12/2019,Life,4574.85,Under Review
501965,112160,2019-12-30,Health,242.35,Rejected
505404,114192,2024-10-28,Auto,2301.31,Under Review
514789,101267,11/21/2024,Travel,84.66,Approved
501142,113114,26/05/2021,Life,5041.84,Approved
503804,108739,21-09-2023,Travel,976.88,Approved
512238,101637,2019-09-10,Health,341.63,Under Review
505397,105375,11-04-2023,Life,12090.99,Approved
502449,102771,01-02-2020,Auto,2144.87,Approved
514145,105788,01/09/2025,Auto,1546.86,Under Review
514505,118525,2024-07-01,Home,4141.04,Rejected
506700,109760,2021-07-24,Home,2699.73,Approved
507159,102287,2021-02-22,Auto,2217.1,Pending
514387,119708,2026-04-22,Home,923.48,Pending
507772,110264,03-10-2019,Health,1004.98,Rejected
500530,116226,20-10-2019,Home,,Approved
503325,118958,05/04/2019,Health,6149.95,Rejected
507911,113906,03/07/2026,Home,8174.41,Approved
511693,104887,14/06/2025,Auto,1048.85,Rejected
508747,116360,28/03/2024,Auto,5783.89,Under Review
507615,116148,06-09-2022,Travel,244.2,Approved
509246,106986,2020-11-26,Life,5094.95,Approved
510548,107995,2021-01-17,Health,1208.64,Approved
505163,120128,03-01-2020,Travel,227.35,Approved
504948,115842,27-05-2026,Health,539.11,Rejected
511743,106686,12/05/2025,Home,2222.92,Approved
508600,106461,05/09/2025,Health,291.88,Approved
504153,115593,2023-01-05,Home,7007.39,Approved
506355,108408,2023-08-25,Travel,313.11,Approved
512797,119964,2025-09-18,Health,2720.57,Approved
505369,114984,2021-04-24,Health,319.56,Approved
507696,115665,2019-08-19,Health,1127.94,Approved
508137,112266,09/25/2020,Health,1641.71,Pending
510080,115723,2025-04-12,Life,6241.65,Approved
512517,119768,22/06/2025,Auto,1540.41,Approved
511436,115029,15/07/2026,Life,15019.66,Approved
505566,118198,01/18/2025,Auto,5054.11,Approved
511389,113461,01/01/2024,Travel,75.69,Rejected
506847,106702,14/04/2024,Health,804.14,Approved
512243,111173,18-02-2024,Health,1912.54,Approved
512403,118994,2020-12-12,Health,732.23,Approved
509265,109699,11/12/2022,Travel,393.76,Approved
502117,117475,30-11-2025,Home,2056.59,Approved
508594,116383,05/01/2024,Travel,-352.55,Rejected
513066,103750,08/10/2023,Health,620.75,Rejected
502439,112513,01/11/2023,Health,540.39,Approved
512521,103313,02-09-2022,Home,2176.58,Under Review
501183,106161,2026-04-04,Health,839.59,Approved
512748,102660,17/08/2025,Auto,1328.52,Approved
510444,120084,09/03/2019,Travel,793.42,Pending
502477,112806,2021-03-22,Health,248.32,Pending
505871,110792,06-07-2023,Travel,289.82,Approved
507191,120310,24-04-2023,Auto,1768.49,Pending
504676,108248,25/04/2026,Home,2389.96,Approved
511993,113117,07/14/2023,Home,3041.98,Under Review
504962,101583,07/09/2022,Home,1121.96,Approved
509436,118169,04/28/2019,Travel,169.24,Approved
504015,113896,2021-06-01,Auto,925.07,Rejected
508483,108990,20/12/2021,Auto,1852.5,Rejected
509898,103555,24/12/2024,Health,754.43,Under Review
511497,100287,13/09/2022,Life,5484.67,Approved
507800,103006,04/29/2020,Home,2308.9,Approved
500621,117973,19/06/2024,Auto,384.41,Rejected
512018,109941,29/06/2019,Travel,262.9,Under Review
508388,117310,08/09/2026,Home,1077.2,Under Review
508506,120121,2020-04-15,Travel,446.52,Rejected
511195,117549,04/09/2023,Home,,Rejected
511340,106010,08/14/2025,Auto,1522.41,Pending
512101,106410,05/12/2020,Life,4473.86,Approved
512492,120312,2022-01-16,Home,3675.73,Under Review
502995,104119,07/07/2021,Health,1269.79,Approved
505987,117413,2020-06-02,Home,4939.54,Pending
513330,105448,07/13/2022,Home,2297.64,Rejected
512633,103167,23/09/2022,Health,719.34,Rejected
506714,118044,03/31/2022,Auto,826.68,Approved
511945,113757,2022-09-16,Life,9339.44,Approved
508247,108077,2025-02-11,Life,20873.33,Under Review
511806,118064,13/01/2024,Auto,1944.7,Approved
513681,116385,07/12/2021,Health,636.78,Rejected
500185,118170,2022-02-07,Travel,673.2,Pending
514771,101021,07/24/2021,Home,4422.7,Rejected
512670,102780,24-06-2019,Auto,2144.61,Rejected
512133,111996,2025-08-12,Travel,897.35,Pending
508903,109037,2026-02-06,Health,454.89,Approved
511578,102843,10/21/2023,Travel,472.58,Under Review
505098,104851,13-08-2019,Home,9713.9,Approved
503090,113561,2024-01-11,Life,4574.01,Rejected
503375,101836,2024-06-23,Auto,802.75,Approved
503827,117779,2025-07-01,Health,-279.77,Approved
505942,107089,01/13/2022,Life,9161.39,Approved
506664,113927,2021-11-25,Health,1635.35,Approved
513867,108436,02/02/2020,Health,226.57,Rejected
514285,112394,01/09/2026,Travel,242.63,Approved
507824,115326,03-11-2021,Auto,2247.49,Approved
510510,111875,2026-01-16,Health,1029.2,Rejected
510290,100523,02/20/2021,Home,1722.79,Approved
508760,115893,2020-09-17,Auto,712.33,Rejected
508094,110391,2019-12-13,Health,932.7,Rejected
509003,109487,30/08/2021,Auto,1736.09,Under Review
504031,112878,08-07-2024,Auto,788.96,Approved
508037,113916,01/06/2026,Home,4638.03,Approved
507802,103006,05/23/2026,Home,1658.64,Approved
500676,104149,12/09/2022,Auto,1246.86,Under Review
504062,113740,05/11/2019,Health,1445.0,Approved
510803,119336,2023-07-21,Auto,2671.81,Approved
514701,111252,01-08-2021,Home,1121.35,Approved
500921,106246,24/09/2019,Health,529.11,Approved
507968,114660,06-03-2026,Travel,275.85,Approved
501182,106161,12-05-2020,Health,141.1,Approved
510947,112979,05/25/2026,Travel,179.1,Approved
507251,110963,07/13/2026,Auto,2540.88,Pending
512176,108640,31/07/2021,Auto,2184.42,Approved
500221,112051,2024-08-04,Health,418.83,Pending
500558,110180,02-04-2022,Auto,831.77,Under Review
507176,120182,17/10/2025,Health,900.98,Approved
501327,115418,05/08/2025,Home,3210.61,Approved
507700,107785,25/03/2024,Auto,1202.43,Approved
503846,118834,01/06/2025,Home,2044.8,Approved
503233,109888,04-04-2020,Travel,1033.15,Rejected
510973,103510,25-07-2020,Auto,1114.26,Approved
504100,112196,26-07-2023,Health,752.38,Approved
513620,100525,04/04/2024,Auto,2232.01,Rejected
513947,104853,01/03/2026,Health,836.81,Approved
503386,109995,01/05/2026,Home,1122.58,Approved
502331,118938,13/10/2025,Life,13365.27,Rejected
512585,107011,05/29/2019,Health,1134.92,Approved
512683,119317,04/05/2021,Life,7660.12,Pending
511037,105515,09-02-2021,Health,370.69,Approved
500578,107293,2026-05-02,Health,1616.58,Approved
508587,117452,2021-07-27,Travel,287.55,Approved
504738,106750,05/13/2025,Life,9931.65,Approved
509145,118689,29/05/2024,Home,2508.55,Approved
511409,112488,27-02-2023,Home,569.93,Pending
506521,109651,2023-11-20,Home,1198.92,Rejected
501665,104128,2022-06-13,Auto,1747.64,Rejected
508206,106745,30/08/2022,Auto,2050.45,Pending
511598,109548,03/06/2023,Auto,728.5,Pending
503963,101653,05/06/2026,Travel,450.57,Rejected
511141,108947,2026-06-12,Home,711.13,Approved
500724,115026,20/02/2025,Home,1338.69,Approved
505363,105575,04-02-2019,Home,1234.35,Approved
511239,104306,07-02-2021,Travel,,Approved
513044,100475,12/18/2020,Auto,,Pending
501153,108196,02/13/2020,Auto,645.04,Rejected
509365,105362,24-12-2024,Home,5260.31,Rejected
509249,102926,10/11/2020,Health,1213.02,Rejected
510066,106639,04-07-2026,Life,5436.06,Under Review
500447,112904,01-12-2023,Auto,1549.3,Approved
501791,120024,19/02/2019,Life,-11223.42,Approved
506874,106485,27/02/2023,Health,432.9,Approved
510171,115053,20-07-2019,Home,1906.09,Rejected
512093,116754,19/06/2025,Health,385.19,Approved
503469,118262,21-06-2023,Health,618.1,Rejected
500944,112747,02-09-2019,Health,2145.61,Under Review
502168,117418,26/10/2023,Home,621.58,Approved
506101,110034,11/29/2024,Travel,497.38,Approved
502333,107286,2022-11-08,Auto,6742.78,Approved
510249,113968,04/08/2022,Health,3070.91,Under Review
500875,115462,07/15/2023,Health,511.19,Pending
504301,115232,11/05/2021,Auto,,Rejected
511324,119739,30/01/2022,Home,2196.0,Rejected
506560,109564,03/21/2020,Auto,,Approved
507369,118375,2020-04-11,Health,1135.19,Rejected
501315,109577,2020-07-23,Auto,579.1,Rejected
503206,106918,28/10/2019,Home,3301.3,Approved
506006,117427,05/27/2026,Travel,143.14,Pending
507181,109696,08/16/2026,Home,1104.33,Approved
506536,104295,2022-05-20,Auto,1213.33,Rejected
503468,111217,19-04-2024,Home,6028.81,Rejected
512918,102044,05/04/2022,Travel,549.3,Under Review
506975,117983,06-05-2021,Health,96.83,Approved
512776,100785,23/01/2020,Auto,1354.08,Approved
508280,114641,2024-12-06,Auto,1384.77,Rejected
513718,106573,21/09/2019,Auto,1282.5,Rejected
505568,112923,03/12/2019,Health,1081.62,Rejected
505446,114319,11/26/2019,Auto,1800.45,Pending
511366,105581,02/01/2019,Health,242.5,Approved
502879,110351,24-09-2022,Health,785.46,Approved
502133,119150,03/31/2019,Auto,1035.03,Approved
509978,102607,2023-03-12,Travel,239.18,Rejected
506383,102340,09-11-2024,Home,1610.57,Pending
501626,105742,26/06/2022,Home,10552.45,Approved
505032,102806,23-09-2020,Health,463.39,Under Review
514182,103530,26/06/2025,Auto,6099.76,Approved
501237,111760,10/02/2023,Health,789.79,Approved
503910,113062,04/03/2024,Auto,2175.52,Rejected
507677,106005,10/11/2020,Travel,283.7,Pending
510650,113044,08/21/2025,Life,11694.91,Approved
506584,116614,15/05/2022,Home,3018.07,Pending
509350,105507,09/01/2021,Life,8056.41,Approved
503898,120430,13-04-2026,Travel,291.83,Approved
504257,100188,07/03/2023,Auto,1163.95,Approved
505022,103307,2019-04-12,Home,1533.96,Rejected
501355,107796,04/29/2025,Life,13290.6,Approved
500979,117089,10/24/2019,Home,2162.34,Pending
509581,115631,28-04-2021,Health,390.03,Approved
501097,101522,2022-09-30,Home,3389.09,Approved
504665,117637,24-02-2024,Health,1631.89,Approved
501018,112343,24/02/2025,Health,2713.11,Approved
510981,107876,17/11/2019,Travel,412.94,Rejected
513214,118450,2022-02-23,Auto,861.92,Rejected
501705,119879,11-08-2023,Health,2221.36,Under Review
504556,114535,02/03/2023,Auto,5974.13,Approved
514177,111157,2021-04-21,Home,3647.75,Approved
508757,101777,2021-04-18,Auto,620.17,Approved
509254,103697,2022-03-10,Health,765.91,Pending
512538,107659,30/07/2023,Auto,1502.37,Rejected
502075,120097,07/10/2019,Home,3514.97,Under Review
512788,109370,2026-07-03,Auto,1533.33,Approved
510054,111957,09/11/2019,Travel,950.36,Approved
513900,104232,21-06-2020,Health,527.91,Rejected
509584,115242,01/12/2019,Home,3413.23,Under Review
506286,100825,10/07/2023,Auto,-1967.49,Approved
510240,116651,23-08-2021,Home,2216.69,Rejected
503717,119473,07/03/2021,Health,258.26,Pending
502067,115760,02/01/2021,Life,7657.55,Approved
501508,103522,2022-12-31,Life,3204.33,Rejected
505071,101180,2021-08-28,Travel,1210.35,Pending
509520,105336,2023-09-02,Auto,2155.92,Approved
509238,106825,21-12-2020,Auto,2471.36,Approved
501566,115853,05/29/2020,Travel,412.45,Pending
508030,101506,2026-08-21,Home,2127.81,Approved
504747,108796,10-10-2023,Life,7187.78,Approved
501602,113909,08/30/2021,Health,914.49,Pending
500321,109192,21-12-2025,Health,360.01,Pending
510782,111638,04/16/2023,Auto,499.63,Approved
503045,101621,13-04-2020,Auto,741.24,Under Review
505846,112443,14-02-2019,Health,1055.72,Rejected
504850,111610,14-06-2025,Health,912.88,Approved
506311,104694,2022-04-23,Home,12203.21,Approved
513586,101058,08/03/2023,Health,887.19,Approved
505195,111144,2023-06-23,Home,3034.44,Approved
507981,108480,08-09-2023,Health,166.25,Approved
505376,114134,09-03-2020,Home,607.57,Approved
510146,114268,10/23/2019,Life,8418.09,Approved
511901,110165,17-01-2025,Health,829.53,Pending
506421,111720,04/28/2024,Travel,698.09,Approved
500263,111920,08-06-2023,Life,4162.0,Rejected
502935,113248,2024-12-21,Health,925.48,Approved
502859,100426,2025-05-25,Health,342.74,Approved
505465,119285,16/10/2021,Life,8573.51,Approved
502595,116066,2019-09-09,Health,2932.32,Rejected
509937,118529,2020-11-16,Home,1815.79,Rejected
503463,105916,29-04-2025,Health,458.03,Approved
507502,102389,09-03-2021,Life,10887.11,Pending
503077,105472,2025-05-18,Auto,2229.04,Approved
507120,108907,23/03/2025,Home,3388.05,Approved
508304,118196,05-06-2026,Auto,2542.68,Rejected
506843,111106,07-07-2026,Health,1068.52,Under Review
500131,110746,13/07/2025,Travel,178.17,Approved
505216,102324,05/04/2023,Home,1844.49,Rejected
514485,112161,17/08/2021,Travel,869.49,Approved
507249,110201,2021-10-16,Health,485.28,Approved
510767,118700,05/11/2020,Auto,3437.81,Rejected
504802,103991,03/03/2020,Home,3443.8,Under Review
504336,105028,25-11-2021,Auto,706.07,Approved
502091,102727,18-12-2023,Home,5957.93,Approved
506083,105777,24-04-2025,Travel,611.13,Approved
503106,105527,28-02-2020,Health,521.03,Approved
511651,113001,06/02/2020,Life,9908.21,Rejected
501024,102724,10/10/2022,Home,3704.47,Under Review
505044,109427,07/05/2023,Home,1269.46,Approved
503184,115387,07-06-2026,Home,1089.97,Under Review
511591,102059,15/01/2023,Home,3688.49,Approved
508229,106028,29/04/2025,Health,872.93,Rejected
511597,116900,09/11/2021,Home,6887.72,Approved
504501,100775,22-02-2022,Travel,414.93,Approved
509393,107965,2020-11-04,Auto,1798.33,Approved
504618,101976,15-02-2020,Travel,584.38,Approved
503288,114580,09/08/2024,Auto,1341.76,Approved
506367,105608,05/16/2024,Home,7100.29,Pending
511255,107130,06/13/2026,Travel,475.94,Approved
512415,112541,03/30/2019,Health,1284.21,Approved
507401,116637,13/12/2022,Auto,593.68,Approved
500110,103421,01/16/2023,Travel,309.37,Approved
502442,109468,03/17/2022,Home,1400.03,Approved
509050,107447,11/03/2020,Auto,782.37,Pending
502522,112202,05/07/2025,Life,10081.22,Under Review
511065,120129,03/11/2019,Auto,3244.39,Pending
504889,108743,2024-03-23,Home,931.88,Approved
509063,110929,03-03-2021,Auto,2681.98,Approved
503111,111339,17-06-2021,Auto,1013.58,Under Review
507732,102108,27-10-2020,Health,347.37,Rejected
503076,105472,11/01/2021,Health,1556.79,Pending
504863,108935,2025-10-13,Home,2010.5,Pending
507699,109385,07/23/2025,Auto,706.91,Approved
509994,101173,21-05-2024,Auto,2239.89,Approved
500967,113706,06/13/2024,Auto,727.13,Pending
512596,108547,2021-04-25,Home,1703.84,Rejected
501945,118377,12/08/2021,Health,1412.85,Approved
505849,117803,26/11/2019,Life,6116.48,Pending
504057,108161,27-05-2021,Health,913.92,Pending
500095,105885,23/02/2025,Home,9823.13,Approved
513028,110102,05-06-2023,Home,4296.83,Approved
505405,114192,14/09/2021,Auto,2250.37,Rejected
506332,111841,2025-08-31,Auto,932.55,Approved
513954,103629,02/15/2021,Auto,861.14,Rejected
500219,118224,27/03/2021,Health,474.9,Pending
512059,114908,25/02/2020,Home,2516.71,Pending
500059,108873,09/10/2019,Auto,1020.01,Under Review
513989,119063,03/01/2025,Health,954.23,Approved
502548,117728,05/21/2021,Health,651.8,Rejected
510318,108747,03/03/2024,Auto,2195.84,Approved
513276,116531,2019-04-20,Health,1391.12,Rejected
513468,105752,2021-01-31,Health,601.7,Approved
509527,108001,12-06-2020,Auto,1189.96,Approved
508279,102211,2025-12-29,Health,-571.97,Rejected
506909,101809,21-05-2023,Health,220.8,Approved
500461,102571,08/04/2019,Auto,788.76,Approved
514102,117368,26-08-2021,Auto,,Approved
511337,104942,23-08-2020,Home,2651.82,Pending
510005,107795,06-01-2020,Health,435.14,Pending
509199,114236,2022-03-06,Auto,983.25,Under Review
508888,118913,15/01/2022,Health,3331.09,Rejected
503755,118419,2023-06-20,Auto,2365.64,Approved
510939,113921,28-02-2024,Life,11304.6,Rejected
504745,103221,2021-02-26,Auto,597.11,Under Review
503079,108147,2025-01-14,Life,3790.2,Under Review
500398,115185,10/13/2020,Travel,226.93,Under Review
503570,105437,2020-06-16,Health,283.2,Pending
513211,118852,03/31/2026,Health,807.9,Pending
507948,102825,16/05/2021,Auto,-2258.08,Approved
502375,100286,11/08/2021,Auto,888.22,Under Review
504914,119200,11/09/2022,Home,1676.33,Rejected
505890,110384,29-04-2024,Auto,1695.17,Approved
506092,110540,09/10/2023,Health,711.2,Approved
510264,106085,16/11/2021,Travel,473.71,Approved
506323,107273,23/12/2022,Home,1952.81,Rejected
510305,106273,2020-12-01,Home,2405.19,Approved
506595,112104,2025-04-18,Auto,967.9,Approved
510871,110099,2019-08-25,Life,7813.67,Approved
504075,117547,06/11/2026,Home,3155.33,Pending
500330,101510,04/05/2023,Home,737.91,Under Review
501786,106350,03/25/2021,Health,615.29,Under Review
500812,119159,16-02-2026,Home,2707.39,Approved
501978,100137,20/07/2026,Health,771.99,Approved
504502,113123,26-01-2024,Home,2385.67,Pending
500613,110853,09/12/2022,Health,1784.4,Pending
501282,104671,12/10/2019,Home,1606.3,Approved
511783,116640,08/11/2022,Auto,2243.63,Approved
510956,107669,10/11/2023,Home,1225.53,Approved
511072,102181,26/06/2021,Auto,1716.63,Pending
508743,116326,11/04/2021,Health,1497.65,Approved
508839,118230,03/28/2021,Life,8824.21,Approved
505981,106724,03/09/2024,Home,2383.25,Approved
511844,118806,11/26/2025,Health,2195.87,Approved
504923,115466,24-10-2024,Travel,97.7,Pending
503958,105597,25/09/2019,Auto,3099.69,Approved
504342,116191,17-02-2024,Home,1675.69,Pending
513903,104806,09/17/2023,Health,3215.93,Under Review
508384,118183,2020-05-12,Home,865.38,Approved
509314,116234,04-01-2024,Travel,440.74,Pending
511203,104362,21/04/2025,Home,,Approved
512630,108859,2021-12-28,Travel,269.98,Approved
503546,107585,02/28/2024,Home,4645.97,Approved
512180,117668,10/09/2023,Auto,334.37,Approved
511723,109603,2026-02-21,Health,3544.24,Under Review
514651,111411,07/05/2024,Auto,1633.68,Approved
513561,109206,2021-10-21,Auto,3143.54,Approved
502029,119653,2020-10-10,Health,613.55,Approved
513685,108783,2023-06-29,Health,1170.63,Approved
511133,119891,03/11/2023,Health,1167.69,Pending
507676,106005,08/03/2026,Auto,2869.75,Approved
507337,115741,09/20/2022,Auto,1094.39,Under Review
505042,100895,08/08/2024,Life,12667.28,Approved
500335,116384,09/22/2019,Auto,1933.42,Approved
504974,101330,02/01/2020,Health,240.06,Approved
503070,105377,08/08/2022,Auto,1902.7,Under Review
508814,106598,2019-11-14,Auto,1587.96,Approved
504679,103290,28-06-2024,Auto,673.47,Rejected
509773,110397,15/08/2025,Travel,642.14,Under Review
514137,104612,29-11-2025,Auto,1407.39,Approved
503455,111307,2025-11-02,Health,1131.91,Approved
505980,106724,01/23/2020,Auto,,Pending
514178,118944,08/29/2024,Health,477.94,Approved
508486,106861,03/15/2022,Home,2658.35,Under Review
505512,117560,2022-03-03,Travel,472.97,Approved
502813,104771,2024-09-15,Auto,2531.46,Approved
502664,101698,15/12/2025,Health,967.9,Approved
503315,109711,2022-03-05,Auto,2441.98,Approved
514337,104673,2023-05-09,Health,532.66,Approved
508262,112397,01/24/2019,Life,11297.19,Approved
501731,103437,08/28/2023,Health,1103.07,Approved
502622,115658,06/22/2024,Auto,1815.45,Approved
511068,120129,13-03-2019,Travel,750.9,Approved
509269,105317,25/01/2026,Home,1295.12,Approved
505220,113606,26-03-2022,Auto,7082.98,Rejected
503334,103562,04/23/2023,Travel,1064.26,Pending
512942,110412,01/23/2019,Auto,1666.49,Approved
504448,108545,04/28/2024,Home,724.66,Rejected
501166,114263,2019-07-15,Home,4114.4,Under Review
501451,108443,07/19/2019,Home,1866.67,Rejected
505106,103299,08-07-2025,Auto,1388.67,Under Review
506808,119343,06-08-2023,Home,2715.77,Rejected
505601,111446,09/05/2021,Life,3045.09,Approved
504189,110946,31/10/2021,Travel,383.87,Rejected
505936,103056,02/08/2023,Health,687.41,Rejected
507747,105563,2025-04-10,Health,232.66,Approved
510705,103624,04/23/2025,Life,7382.84,Approved
501943,112014,27/06/2021,Life,4873.58,Under Review
506051,106907,17-10-2019,Auto,590.32,Pending
510263,104500,10/07/2026,Health,1156.84,Approved
506162,110574,26-04-2024,Travel,282.63,Approved
510870,107036,02/10/2025,Auto,3546.01,Under Review
501347,108468,09/26/2025,Home,3204.83,Rejected
510880,107164,2025-08-04,Travel,608.04,Pending
503859,110711,04-03-2025,Home,1173.53,Under Review
510691,120280,01/19/2020,Home,3026.89,Approved
511926,119605,08/30/2022,Home,1875.08,Pending
508317,117118,16/05/2024,Health,763.74,Approved
501208,110083,05/28/2026,Auto,947.2,Approved
509056,112272,04/08/2019,Home,1756.79,Approved
500424,111592,2019-12-29,Auto,3166.68,Pending
500554,106672,02/29/2024,Home,1697.28,Rejected
501954,108331,2019-05-17,Life,15149.58,Approved
507624,120308,2025-05-08,Auto,1713.65,Approved
509233,112516,04/01/2023,Auto,257.6,Approved
501511,102958,2023-11-11,Health,-773.6,Pending
514026,103054,26/03/2023,Home,2818.72,Under Review
504410,104308,23-09-2023,Home,4296.01,Under Review
510618,114865,05/02/2021,Auto,972.88,Approved
513508,100011,2024-08-26,Auto,720.78,Rejected
503404,107121,22/07/2021,Health,397.38,Approved
503248,118962,29-11-2025,Health,236.24,Rejected
509051,107447,15/03/2026,Travel,572.76,Approved
510400,109309,2023-07-11,Auto,2240.27,Rejected
502874,112339,2024-09-08,Health,903.19,Approved
505489,103743,07/30/2021,Travel,300.57,Approved
510360,105427,2022-08-14,Life,12273.35,Rejected
502596,101837,09/11/2022,Home,4107.5,Rejected
507200,119747,11/01/2019,Travel,,Rejected
500573,118904,2020-07-03,Life,13363.89,Approved
509554,113723,2024-09-12,Life,13970.47,Approved
506977,119479,06/06/2024,Auto,2090.87,Approved
511858,115549,05/26/2020,Health,1173.64,Approved
503902,117634,13/05/2021,Auto,2870.62,Approved
513649,104790,08/04/2024,Auto,2409.54,Approved
506415,112591,12/07/2020,Auto,967.95,Approved
512655,118366,05-07-2022,Auto,1764.59,Approved
508735,104060,01/16/2024,Auto,1016.57,Rejected
511108,112012,05/29/2021,Home,1157.92,Pending
501583,101430,06/01/2025,Home,6263.33,Under Review
500068,102235,26-01-2023,Auto,588.97,Approved
509796,100678,18-07-2025,Life,10164.34,Approved
513875,115229,06/07/2022,Health,586.33,Pending
508093,117355,04/11/2023,Life,3184.62,Approved
508414,111688,26-02-2025,Health,1430.63,Under Review
507007,101437,2024-09-03,Travel,414.93,Approved
502455,114120,03/28/2020,Health,1599.26,Approved
501595,107650,22/09/2023,Life,11315.76,Approved
514305,109911,17/04/2023,Health,3961.99,Approved
504660,105903,19/07/2020,Health,255.57,Approved
510468,115969,28/03/2026,Home,4197.17,Approved
504590,120050,04-03-2025,Auto,1391.08,Approved
514248,106288,2025-03-12,Auto,1411.8,Approved
500245,109452,23-02-2023,Auto,900.38,Under Review
509090,119448,12/04/2024,Auto,1987.47,Approved
503721,119116,15/07/2020,Auto,884.12,Approved
503592,119418,06/18/2024,Auto,2532.11,Pending
504111,113730,2022-03-23,Life,5970.57,Approved
505493,108962,2025-03-27,Health,2155.42,Pending
508158,110082,02/07/2024,Home,2805.84,Rejected
503387,109995,01/07/2019,Travel,699.08,Approved
510540,102601,05/20/2021,Health,966.39,Rejected
500673,109338,11/06/2019,Auto,2608.97,Approved
503689,116036,01/09/2025,Home,1798.23,Approved
506195,109191,2021-12-28,Auto,2293.52,Approved
514644,111111,2021-08-31,Auto,1557.28,Rejected
507551,102888,12/06/2023,Life,8364.06,Rejected
510398,103001,19-11-2020,Auto,-1208.88,Approved
506832,104952,30-04-2024,Health,380.03,Approved
510099,107318,03/14/2021,Auto,1762.28,Approved
502425,114941,21/12/2023,Home,3964.11,Approved
508880,110085,22-04-2024,Health,668.33,Approved
513008,118548,05-05-2020,Life,10870.76,Approved
504347,120124,06/30/2026,Auto,546.84,Pending
514228,114043,2020-02-05,Health,-751.63,Approved
513186,102179,12/03/2025,Auto,1402.25,Rejected
511289,110297,08/04/2025,Auto,1788.47,Approved
511272,117303,21-03-2022,Auto,1807.45,Approved
514181,103530,2025-01-05,Home,3366.67,Rejected
513354,105656,12/10/2024,Travel,158.94,Pending
504026,101887,2024-09-02,Travel,575.87,Approved
504960,101575,12/23/2024,Home,-9196.59,Approved
508067,118080,11-03-2026,Home,1802.35,Rejected
512548,118306,05/05/2021,Home,870.08,Under Review
506902,116801,31-01-2022,Auto,1959.31,Approved
502036,100714,2020-11-07,Health,1307.85,Approved
511847,112901,19/07/2023,Health,903.75,Pending
505813,101943,03/04/2019,Travel,158.76,Approved
502992,118721,2026-03-25,Life,3927.78,Approved
506693,117686,2019-04-16,Auto,1497.5,Rejected
504401,118087,2019-02-15,Home,1941.71,Approved
501427,113085,2026-04-03,Life,11374.29,Approved
503477,114610,2021-07-01,Travel,535.12,Approved
512663,113364,24-12-2024,Travel,303.32,Rejected
514377,118017,05-03-2022,Auto,1248.94,Approved
506660,112964,07/04/2021,Auto,654.06,Rejected
505274,111444,03-07-2021,Home,4140.4,Pending
501413,118630,07/12/2021,Auto,1149.53,Approved
500114,119841,22/05/2023,Home,956.04,Approved
503903,102807,31/12/2021,Auto,2020.18,Rejected
503894,112326,21/01/2025,Auto,1371.88,Approved
500230,105995,29-03-2024,Home,-2171.7,Pending
507796,109372,05/28/2024,Travel,265.11,Approved
512186,110602,23-06-2021,Auto,1385.56,Under Review
510392,115591,29/11/2022,Life,5884.32,Approved
502746,101194,08/09/2021,Auto,1197.22,Approved
507660,110496,05/08/2019,Home,2280.62,Rejected
512603,101378,2022-12-30,Home,2733.75,Approved
501520,109812,04-06-2019,Auto,550.7,Approved
506134,113911,07/11/2025,Life,6680.38,Pending
506786,120217,21-01-2025,Travel,411.2,Approved
500214,109913,03/28/2022,Auto,1512.84,Rejected
514066,104971,20-03-2019,Travel,297.2,Approved
512425,112707,2023-10-27,Auto,1366.04,Approved
507301,100430,25-03-2021,Auto,888.1,Approved
509225,107856,09/19/2023,Home,8719.49,Rejected
509599,102707,23/04/2023,Home,1381.72,Approved
502487,115829,2022-07-07,Auto,1775.77,Rejected
509992,110438,09/01/2025,Auto,1226.36,Approved
504304,118273,09/09/2022,Health,-1078.94,Rejected
502182,119575,19-10-2019,Health,654.44,Rejected
503482,107721,30/07/2021,Health,9729.25,Approved
512438,117656,22-11-2020,Home,2872.15,Approved
507034,105897,16/01/2022,Health,396.61,Under Review
502876,113977,25/10/2022,Home,3198.48,Pending
503105,105527,26/10/2021,Life,9575.13,Pending
503669,117883,10/17/2020,Auto,1363.78,Rejected
512687,102092,2025-01-03,Auto,1295.94,Pending
504504,108842,08/28/2026,Home,4005.11,Approved
512712,112306,08/10/2022,Travel,175.1,Pending
506879,113557,11/24/2025,Auto,2919.07,Rejected
506685,118083,08-11-2022,Health,740.29,Under Review
504013,106730,16/04/2022,Health,437.32,Pending
508765,107271,2019-01-06,Home,2156.59,Pending
509980,117394,2020-06-16,Auto,3510.45,Pending
504034,118612,20/07/2024,Health,1183.19,Approved
510220,117270,2020-11-14,Home,,Approved
509780,104689,04/27/2025,Travel,495.08,Approved
501498,113371,19/06/2023,Life,8482.15,Approved
511528,101032,03-04-2019,Travel,289.85,Rejected
510034,100544,11/30/2019,Health,129.78,Approved
511042,102170,09/03/2025,Home,1525.59,Pending
509578,116957,12/26/2020,Home,1807.67,Under Review
510920,112372,2025-06-25,Auto,3629.86,Approved
514563,116921,2023-01-04,Auto,1318.37,Pending
511413,117672,23/12/2019,Health,428.38,Under Review
512813,119505,10/25/2024,Health,2439.19,Approved
502055,111743,09/08/2022,Auto,1004.95,Approved
511412,105543,06/08/2019,Health,577.8,Pending
502058,106145,04-03-2025,Auto,1337.93,Under Review
510730,109399,21-08-2024,Travel,-697.1,Under Review
509966,104573,09/11/2024,Health,458.15,Pending
505503,108010,2023-02-19,Home,2085.76,Under Review
512486,110410,28-12-2021,Auto,1686.8,Rejected
503837,112621,2024-10-31,Life,9206.69,Rejected
509415,109318,2020-09-10,Auto,1280.32,Approved
506192,115999,2023-08-07,Auto,592.19,Rejected
504397,111489,04/20/2020,Life,13822.69,Rejected
512932,114424,08/18/2023,Home,1821.95,Rejected
500483,104836,2021-07-20,Auto,1768.68,Under Review
507132,100994,16/02/2025,Auto,1752.54,Under Review
505174,109676,07/08/2020,Health,133.71,Under Review
503478,108114,22/02/2026,Home,1227.51,Pending
506480,118386,04/03/2026,Health,420.75,Under Review
509276,119806,03/12/2025,Auto,769.58,Approved
504168,102297,12/03/2019,Travel,330.96,Under Review
506125,102570,04-04-2023,Auto,959.25,Approved
507672,110474,04/04/2024,Life,10429.54,Approved
511650,113001,2026-08-10,Auto,1814.73,Rejected
506104,100465,03-01-2020,Life,14889.31,Pending
502046,107687,2023-05-31,Health,871.69,Under Review
510467,102460,2025-05-31,Health,1138.39,Approved
511808,104891,24/05/2023,Health,1015.29,Under Review
514588,118711,11/04/2019,Travel,243.46,Under Review
504872,102606,06-03-2025,Health,487.81,Approved
506825,107091,2024-08-06,Health,672.9,Pending
503733,114176,26/03/2025,Travel,162.78,Rejected
513538,104440,2025-10-14,Travel,408.42,Approved
502347,120167,07/01/2022,Health,161.98,Approved
506338,116935,26-06-2023,Health,921.15,Approved
508883,105072,21-10-2022,Life,2669.71,Rejected
508287,104320,16/04/2023,Health,801.65,Approved
506177,104781,2019-08-19,Auto,1198.49,Approved
509663,108708,14-03-2021,Home,2113.38,Approved
510126,120104,01/27/2022,Auto,1672.52,Approved
511468,109099,22/05/2021,Home,2728.33,Pending
501414,104871,18-02-2023,Home,2225.95,Approved
500499,100034,27/09/2019,Home,4124.39,Approved
500668,117788,11/12/2020,Home,6851.18,Approved
512649,114743,2021-10-22,Home,2809.78,Approved
513180,105891,10/22/2021,Home,5055.96,Approved
511021,102062,2025-12-22,Auto,2415.03,Approved
508047,115491,31-01-2021,Health,290.73,Rejected
504783,107316,25/06/2025,Auto,964.28,Approved
502485,117632,05/02/2026,Health,900.09,Under Review
512717,100276,11/22/2019,Auto,3349.54,Pending
511326,102237,05/14/2024,Health,3302.08,Pending
500303,105836,30/03/2024,Auto,896.19,Approved
505023,106291,2024-06-08,Life,10919.99,Rejected
501703,107375,2022-01-03,Auto,3252.82,Pending
509128,115779,22-12-2025,Home,3732.67,Approved
514772,101021,2026-05-09,Home,1296.73,Under Review
504097,104089,08/20/2019,Travel,384.15,Rejected
505899,115943,2022-10-27,Home,1997.28,Approved
501042,111097,27/01/2020,Home,4584.78,Approved
509039,114687,11-10-2024,Health,416.44,Approved
511535,114917,02/02/2022,Auto,1254.77,Approved
512702,108448,2019-04-06,Home,2635.76,Approved
509188,120074,2023-12-30,Health,1416.19,Pending
513677,112236,03/20/2026,Auto,1315.83,Pending
504084,112831,08/13/2024,Health,98.02,Under Review
506306,117666,26/05/2026,Home,5768.78,Rejected
512079,106718,2025-12-09,Health,450.52,Approved
513678,112236,11/23/2024,Health,926.91,Rejected
506072,114080,2025-06-11,Home,3664.65,Approved
507854,118928,22-10-2022,Home,2389.46,Rejected
503595,107907,01/15/2022,Auto,1038.9,Approved
513020,116154,2022-01-02,Health,502.76,Approved
502699,115390,04/01/2021,Auto,1364.38,Approved
504367,117659,13/10/2024,Life,7104.74,Approved
506243,114550,2024-12-16,Life,7798.47,Approved
504292,118629,2022-03-29,Auto,848.15,Approved
501068,111986,21/09/2023,Health,-507.81,Pending
504245,103076,14-07-2019,Auto,3137.31,Approved
512077,106718,12/07/2023,Auto,1540.75,Approved
502470,102101,2021-03-26,Auto,2836.84,Approved
511557,107108,08/14/2022,Life,6205.68,Pending
509822,118199,2024-10-21,Travel,184.08,Rejected
500553,104148,21-05-2025,Auto,1335.02,Rejected
509590,119840,02-11-2020,Home,3059.69,Approved
513129,104713,07/16/2019,Health,1050.41,Rejected
512887,102800,2025-10-20,Travel,279.09,Rejected
513483,118743,03-09-2025,Travel,1097.38,Approved
514040,105797,03/01/2025,Auto,536.07,Rejected
502766,102702,15/02/2020,Life,5032.87,Approved
510807,110506,08/06/2023,Travel,251.03,Approved
503501,117246,2020-04-09,Health,338.68,Approved
506702,109760,21/08/2023,Home,1077.45,Rejected
510108,101131,25-12-2019,Life,11165.97,Approved
503154,104436,28-09-2023,Travel,160.6,Approved
508064,109933,09/10/2021,Home,2479.38,Approved
513835,109076,24/09/2020,Life,6390.08,Rejected
512503,105085,2023-12-04,Health,-1112.75,Approved
513029,107183,02/25/2022,Life,10864.91,Approved
503984,101418,24/10/2020,Home,2295.45,Rejected
505799,115816,2025-11-16,Life,17862.97,Approved
504237,107654,26/05/2023,Home,7059.61,Rejected
507958,102784,01-11-2025,Home,4255.12,Rejected
511778,116260,10/10/2020,Auto,2123.0,Under Review
500420,119246,20-02-2024,Home,891.97,Approved
513149,118284,24-10-2021,Home,2016.4,Approved
508470,101699,20/12/2023,Auto,4272.19,Rejected
505270,115488,22/09/2019,Auto,726.28,Under Review
501496,111604,29/08/2021,Health,1369.38,Rejected
501047,117663,2023-07-25,Health,159.54,Approved
511587,113374,29-12-2022,Auto,1888.7,Approved
508698,115272,07/11/2022,Auto,5458.63,Rejected
500856,111887,06/08/2025,Health,344.49,Approved
510605,107450,11-08-2026,Auto,1443.12,Under Review
506625,110371,22-09-2021,Auto,1305.15,Under Review
508165,118008,21/08/2024,Home,1195.02,Rejected
507324,102758,12/27/2025,Auto,3221.29,Rejected
508661,115789,2025-07-16,Travel,423.17,Under Review
508598,110940,20/09/2023,Health,3879.27,Rejected
507283,108011,02/10/2025,Life,5167.89,Rejected
508382,118183,02-02-2026,Home,6371.43,Under Review
510010,108963,2024-10-28,Auto,-761.21,Approved
507663,109305,09/03/2024,Home,7325.09,Rejected
507862,119884,24-07-2020,Auto,,Approved
514613,119830,2019-08-14,Auto,817.24,Under Review
500820,107793,31/08/2022,Auto,2175.65,Approved
501643,116568,04/09/2019,Travel,286.25,Approved
514695,106776,06/11/2023,Travel,133.36,Approved
509751,105003,14-05-2024,Home,2786.33,Pending
502631,102157,10/27/2019,Health,106.6,Approved
500107,102127,2022-01-13,Health,1260.71,Pending
510302,115045,2025-01-13,Auto,848.06,Rejected
500367,106695,2021-02-04,Home,2458.19,Under Review
504244,108781,14-04-2022,Travel,93.29,Under Review
500416,114354,04/29/2023,Travel,265.55,Pending
502420,109816,06/15/2024,Life,4672.08,Approved
500729,120040,2021-05-07,Home,1342.95,Approved
508253,108974,06-02-2024,Home,10241.19,Approved
514209,112819,2023-10-17,Health,2256.85,Pending
506167,116447,2022-01-29,Home,1840.26,Approved
514612,117429,17/11/2022,Home,1329.61,Under Review
503745,117003,10/23/2021,Health,1447.15,Approved
512499,111691,20-05-2024,Auto,3004.73,Approved
502662,118976,27/05/2024,Home,520.11,Approved
502388,106492,11-10-2020,Life,19645.38,Approved
504339,109935,03/25/2022,Life,4904.05,Approved
511009,103917,09/21/2020,Auto,1316.3,Rejected
504464,108692,11/06/2026,Auto,752.38,Under Review
510771,116760,2025-02-01,Health,830.18,Approved
505076,108688,06-11-2025,Health,271.26,Approved
504395,118231,02/20/2022,Health,468.07,Approved
500510,116799,2024-01-14,Auto,671.67,Approved
500700,119071,27/09/2024,Home,7005.48,Approved
503996,107789,27-10-2025,Auto,1578.54,Rejected
511107,106533,04/06/2026,Health,1198.66,Under Review
502628,115413,2019-03-29,Travel,368.31,Approved
511193,117705,14/07/2023,Home,905.81,Approved
501277,105106,02/03/2026,Auto,920.65,Rejected
513368,110382,11/06/2025,Health,1123.21,Approved
502030,119653,07/04/2022,Life,10131.98,Pending
507286,116771,17/08/2020,Auto,4420.85,Approved
500039,106316,06/08/2025,Auto,472.25,Rejected
501891,104706,23/12/2023,Auto,1756.02,Approved
513775,100294,05/27/2025,Health,978.45,Approved
504767,103445,03/16/2020,Auto,2124.84,Pending
504554,106887,20/12/2020,Auto,835.39,Rejected
504094,118897,17/07/2023,Auto,2847.24,Pending
514304,109911,2022-09-13,Life,7528.05,Rejected
512431,111580,2026-08-07,Life,5498.48,Pending
502980,111282,29/04/2026,Auto,1347.92,Approved
504983,107267,2019-04-21,Auto,2204.52,Approved
504459,108870,2019-03-30,Health,396.86,Approved
501303,111051,20/10/2025,Health,712.12,Under Review
503944,110346,30-08-2025,Life,7482.07,Rejected
507682,115110,2024-08-23,Home,3563.67,Approved
509577,113059,2021-05-27,Health,405.48,Approved
500346,101788,03/17/2024,Auto,1736.66,Approved
510140,119773,28/05/2024,Health,1625.05,Under Review
508509,109819,2023-06-18,Health,,Approved
509718,100324,26-10-2021,Home,859.04,Rejected
500474,103334,11/29/2023,Auto,916.02,Approved
508076,118825,2022-09-14,Travel,317.19,Rejected
506554,104969,07/03/2021,Home,1362.25,Approved
510978,109041,19/05/2026,Health,,Approved
503187,118989,02/04/2022,Auto,1431.49,Under Review
509054,112456,2024-01-28,Auto,2106.12,Under Review
500322,102305,31-05-2021,Travel,548.43,Approved
505226,103730,03/01/2020,Home,6160.39,Approved
504935,114857,02/28/2021,Travel,296.91,Rejected
507583,119467,08/30/2022,Auto,1913.92,Approved
507794,109372,10/20/2019,Life,3919.28,Rejected
502754,112606,01/27/2024,Health,869.98,Pending
504128,104467,06/02/2021,Health,682.19,Approved
511527,101032,30-11-2021,Travel,145.94,Approved
510218,108943,26-08-2023,Home,2069.58,Approved
512334,109741,10/02/2024,Home,3056.32,Approved
500971,108483,06-05-2024,Health,2044.93,Under Review
506875,106333,2019-05-25,Health,524.64,Under Review
504238,104093,2019-05-11,Home,1741.28,Approved
510481,115244,05/03/2024,Travel,422.66,Approved
514015,106150,09-07-2019,Travel,229.37,Under Review
510707,104267,09/20/2025,Home,827.08,Approved
503194,106198,2025-04-08,Home,581.15,Approved
508934,118467,03/12/2022,Auto,1392.61,Rejected
501201,104156,18-01-2025,Travel,235.71,Approved
502727,115073,06/07/2019,Home,1685.92,Approved
512749,106905,14-03-2019,Health,339.66,Approved
508478,102979,07/16/2019,Life,19048.41,Approved
507047,118158,2024-06-24,Life,6790.98,Rejected
500036,106846,09/16/2020,Travel,452.24,Approved
514087,101792,2021-10-16,Health,729.71,Approved
511923,114523,13-04-2022,Home,2782.62,Approved
512911,100342,10-06-2023,Life,4524.15,Under Review
506594,117288,2025-07-13,Health,839.51,Rejected
508999,112016,2019-03-24,Life,8678.88,Approved
511518,115946,2021-08-10,Auto,738.07,Approved
507702,118373,08/26/2022,Health,601.82,Approved
505225,105341,2022-08-10,Auto,1318.45,Approved
508091,108847,2021-08-18,Health,338.26,Approved
506329,108303,12-05-2021,Auto,3601.87,Approved
508250,112186,22/06/2024,Health,1342.55,Approved
512267,100690,2020-02-24,Auto,484.67,Rejected
501288,101534,07/24/2019,Auto,1838.08,Approved
503031,106070,2022-01-03,Home,1146.5,Approved
507512,104268,01-08-2020,Auto,3187.71,Approved
502977,111800,2021-06-21,Auto,1052.39,Pending
502400,103168,04/02/2019,Auto,-739.6,Under Review
504003,104105,2025-10-19,Health,1966.67,Approved
514466,114512,21-11-2025,Life,5860.63,Approved
504148,112888,01/25/2026,Health,580.39,Approved
513408,118978,04/09/2019,Home,1984.18,Approved
501746,113989,2024-10-24,Auto,3425.35,Approved
505155,104147,06/25/2026,Health,-216.59,Approved
507150,111011,03/19/2022,Auto,1719.48,Rejected
509896,103555,08/27/2023,Travel,380.16,Approved
510190,113362,23/08/2020,Home,4686.35,Approved
508344,102138,10/11/2019,Health,499.28,Approved
507482,118228,05/05/2022,Health,263.97,Rejected
506088,101360,31/08/2019,Auto,1520.76,Approved
509864,117579,07-10-2023,Life,12203.89,Pending
511877,106992,2025-08-17,Auto,2220.92,Approved
506128,115648,11-01-2019,Travel,235.12,Pending
502507,100433,08/12/2019,Auto,867.36,Pending
503652,101795,31/05/2020,Health,1006.79,Under Review
514636,114486,12/03/2022,Auto,1405.61,Approved
507070,111385,05/08/2025,Home,3043.18,Approved
500210,100971,09/20/2021,Home,1400.5,Rejected
513124,101974,09/01/2023,Auto,-760.27,Under Review
501950,103707,2020-09-04,Health,911.35,Under Review
508899,116427,20/05/2024,Home,4361.79,Approved
500651,107386,14-11-2022,Home,1623.68,Under Review
502206,118022,19/08/2021,Life,3922.62,Approved
505688,118161,17-03-2021,Home,4901.43,Pending
502615,101765,09/10/2025,Auto,1351.94,Pending
501396,113185,12/16/2021,Auto,4012.49,Approved
510376,114259,12/27/2024,Home,2749.03,Rejected
505403,101711,03-10-2021,Auto,1134.25,Rejected
510162,113524,15/12/2025,Health,942.66,Approved
501670,105354,2024-08-31,Health,562.18,Rejected
502320,118307,08/05/2022,Health,835.09,Rejected
509485,106058,2024-07-03,Health,1278.18,Approved
513997,101279,01/05/2025,Home,4054.2,Approved
501952,108331,05/02/2019,Travel,663.47,Rejected
513353,119325,08-09-2025,Health,2497.46,Approved
513825,107287,01/30/2024,Life,17291.75,Rejected
502937,118252,2024-01-26,Auto,715.48,Under Review
512280,114924,17/11/2019,Health,2364.46,Rejected
513250,119715,2019-12-17,Auto,2869.79,Approved
503881,111812,01/12/2026,Health,881.92,Approved
511456,110770,12-12-2019,Life,22761.97,Rejected
510119,110012,03/17/2026,Travel,105.32,Rejected
500484,107808,25-07-2019,Auto,1601.73,Approved
512108,102972,23/01/2023,Health,272.91,Pending
500898,119366,30/03/2019,Travel,-237.32,Pending
501732,103437,2020-02-28,Health,248.32,Under Review
512285,114631,2021-02-09,Auto,549.35,Approved
502613,107748,2019-06-23,Health,252.43,Approved
511621,114456,08/23/2026,Auto,2581.24,Rejected
508443,117545,06/20/2019,Health,499.08,Under Review
514436,103141,2019-08-02,Home,2931.66,Rejected
514469,112144,2022-11-09,Travel,200.04,Rejected
514121,110147,2024-10-07,Auto,3084.13,Approved
502640,107458,04/07/2025,Life,15332.92,Approved
501250,102115,2019-12-07,Auto,573.59,Under Review
514774,119457,23-11-2024,Auto,395.83,Rejected
509375,118371,06-10-2019,Home,2113.93,Rejected
502435,117295,02-07-2020,Home,798.72,Approved
504936,114857,08/27/2023,Home,1935.9,Approved
507580,102750,14/06/2023,Health,516.39,Pending
514650,111411,25-12-2019,Health,759.3,Rejected
514052,117072,02-01-2024,Life,6237.86,Approved
505756,119072,04/05/2023,Auto,1474.34,Approved
513590,101939,30/04/2023,Home,3990.2,Approved
509423,109945,2019-02-25,Auto,1215.11,Approved
502303,120025,13/08/2020,Auto,2539.05,Approved
508596,110940,2025-08-29,Auto,2340.79,Approved
512825,107461,13-12-2019,Travel,164.88,Rejected
506372,106486,2023-07-05,Travel,221.4,Approved
500582,108203,27-09-2023,Life,5887.21,Approved
512508,103644,28-06-2020,Travel,472.29,Approved
507759,120468,10/10/2023,Auto,3273.61,Approved
500718,113806,12/30/2021,Life,5990.86,Approved
503323,118958,30/06/2023,Home,2210.28,Approved
510351,114141,14-03-2019,Auto,1429.9,Approved
500762,108546,14-09-2019,Auto,1028.46,Under Review
514509,113284,13-09-2019,Travel,838.78,Pending
501870,113815,08/22/2024,Auto,972.31,Approved
512541,120010,29-08-2021,Health,491.96,Approved
506050,118276,01/29/2025,Auto,2545.53,Approved
508368,118172,04-07-2026,Auto,3101.53,Approved
507959,114152,27-10-2022,Health,183.02,Approved
500738,103964,08/26/2022,Home,1431.78,Approved
504740,113901,07/12/2022,Travel,125.65,Under Review
507039,112181,01-08-2022,Auto,878.0,Approved
513975,112875,02/10/2022,Auto,714.49,Under Review
514391,101581,22/02/2024,Auto,1701.87,Approved
513230,104875,08/10/2019,Auto,977.72,Approved
512332,100201,17-06-2020,Home,2264.21,Pending
505050,106955,07/15/2025,Travel,218.74,Approved
507642,114415,2025-01-20,Auto,3704.33,Approved
503995,107789,03/27/2026,Auto,6001.97,Rejected
503817,107590,25-10-2022,Health,855.85,Approved
508200,104047,2019-09-14,Auto,2127.71,Pending
500750,103993,17/11/2023,Home,741.66,Rejected
508161,100329,26/02/2026,Travel,445.87,Under Review
511796,120364,09/30/2021,Auto,1080.64,Rejected
514543,120153,12/07/2020,Home,2752.0,Approved
504822,105155,17-01-2023,Auto,1070.16,Approved
501839,118413,06/12/2023,Travel,203.02,Approved
505379,107534,02/03/2023,Auto,2276.79,Approved
503589,109682,02/07/2021,Auto,899.96,Approved
501275,115678,09/02/2025,Auto,2756.86,Rejected
510794,111469,21/09/2025,Home,1574.87,Approved
510087,105288,26-11-2025,Home,2730.8,Pending
504442,105758,04/19/2025,Travel,650.22,Approved
512564,112512,30-08-2020,Home,4193.65,Approved
512883,104650,23-08-2020,Auto,296.57,Pending
508816,109063,08-11-2023,Travel,505.9,Approved
508420,116537,02/15/2020,Health,675.0,Approved
507292,110406,05/29/2021,Health,1793.39,Approved
502264,119209,07/16/2022,Auto,862.08,Under Review
503418,100933,08/08/2025,Travel,238.05,Rejected
501536,110489,2021-07-05,Travel,560.14,Approved
505327,101791,2025-07-09,Home,2381.44,Rejected
506757,114936,2019-02-18,Auto,1223.47,Approved
511595,114407,29/07/2021,Auto,458.8,Approved
501369,108829,12-12-2025,Health,147.19,Approved
500740,105685,15/09/2020,Home,781.17,Approved
512081,100203,14-12-2024,Auto,1375.92,Approved
511461,104654,18-12-2025,Home,9397.79,Under Review
501188,114617,10/04/2024,Health,675.96,Under Review
513413,103713,12-03-2024,Health,801.57,Under Review
510868,106487,12/08/2020,Auto,1576.49,Rejected
501570,114013,13-11-2025,Health,963.85,Approved
511741,106686,21/02/2025,Travel,366.19,Approved
508424,103241,03/02/2019,Home,3635.2,Pending
502527,107662,10-10-2023,Home,2332.49,Approved
502127,101869,12/24/2022,Health,1954.59,Approved
510046,110721,2021-11-10,Home,4664.13,Rejected
502764,102701,12-10-2023,Home,1011.58,Approved
514340,101252,24-05-2019,Health,739.39,Approved
504990,101022,01/12/2025,Auto,1728.89,Pending
505306,108246,23-11-2021,Health,1001.92,Pending
504606,107646,31/12/2024,Auto,,Pending
505996,108489,25-03-2026,Life,7603.95,Pending
506749,107644,08/12/2025,Home,1617.39,Approved
501981,118370,2023-01-31,Auto,1214.48,Approved
509815,105819,02/14/2019,Auto,3718.47,Approved
507436,106182,2026-03-10,Health,370.3,Approved
510586,103779,2022-05-12,Health,472.04,Approved
512005,102690,30/06/2022,Auto,1792.1,Approved
504081,112831,23-09-2025,Life,4881.15,Rejected
502057,119934,2022-07-11,Travel,234.19,Under Review
510476,103140,2022-09-21,Auto,1126.02,Rejected
504667,105267,05/12/2020,Auto,2281.27,Approved
512820,104020,10/18/2019,Home,2071.03,Approved
503975,115692,25-12-2019,Home,1731.49,Approved
514679,111649,2024-06-06,Auto,2248.22,Rejected
514699,118047,08/26/2026,Auto,3425.53,Approved
507520,117725,2023-09-25,Auto,2012.92,Approved
508431,110629,18-10-2025,Home,2087.69,Approved
506461,107076,02-03-2021,Health,1059.49,Rejected
508019,117802,17-01-2020,Home,8830.26,Rejected
509247,109490,28/09/2022,Auto,911.56,Pending
503691,116259,01/27/2021,Travel,305.34,Approved
504902,117952,02/20/2026,Home,3467.46,Approved
501710,100705,02-06-2020,Health,1039.81,Approved
508689,103994,2022-03-11,Life,6477.99,Approved
506264,115227,04/02/2020,Auto,886.53,Rejected
505456,115589,28-06-2019,Auto,814.55,Approved
500562,110265,2025-05-23,Travel,375.78,Approved
510758,102917,2022-10-17,Home,885.0,Approved
510709,116354,2022-08-05,Health,345.29,Approved
500640,115559,12/10/2024,Travel,1457.71,Rejected
501669,100736,2021-03-23,Travel,577.04,Approved
503000,105746,12-04-2023,Travel,184.91,Rejected
507284,108011,01/07/2024,Home,3334.6,Approved
513357,106721,14-06-2023,Home,6694.5,Under Review
507780,108831,03/17/2026,Auto,3086.09,Approved
502407,103882,30/10/2022,Life,10227.39,Approved
514462,104360,10/12/2019,Travel,697.46,Pending
510739,115424,05/03/2021,Home,4287.22,Rejected
507770,113104,18-03-2021,Auto,2148.6,Under Review
504209,118514,13/05/2025,Auto,,Pending
503800,104900,03-05-2020,Health,1827.12,Under Review
514730,119488,15/02/2024,Auto,1896.89,Approved
502910,100608,17-06-2021,Auto,1612.56,Approved
507379,113576,2019-10-23,Home,3726.36,Pending
509922,112518,13/05/2020,Home,1229.22,Approved
512071,102103,06/16/2024,Auto,1656.9,Pending
505847,112443,17-04-2020,Travel,-403.33,Approved
510701,106004,02/21/2025,Travel,231.11,Pending
511691,104887,2019-01-30,Auto,2854.08,Rejected
502928,112628,22/12/2025,Home,5061.28,Approved
503166,108496,2021-03-31,Health,145.87,Approved
506071,114623,15/04/2025,Auto,1420.86,Approved
509740,104598,30-10-2023,Life,5715.47,Under Review
500180,108383,20/05/2024,Home,4852.3,Approved
506369,103804,06-04-2019,Travel,138.51,Pending
505217,119173,19/03/2025,Auto,864.41,Pending
504536,113895,2025-03-29,Home,873.23,Approved
502218,114800,2023-09-15,Health,1066.03,Pending
505608,100749,20/02/2025,Auto,621.95,Approved
501955,115066,22/10/2019,Health,792.7,Approved
501057,111607,2025-07-20,Health,550.46,Rejected
504751,103369,2023-03-09,Auto,1280.17,Approved
507883,103960,15-03-2024,Health,618.67,Pending
507188,112711,03/30/2022,Auto,1761.9,Approved
511537,107910,01/23/2019,Life,11330.5,Rejected
501399,105743,03/07/2024,Health,412.31,Approved
509975,115732,27/03/2022,Home,2946.44,Approved
505549,112353,2024-07-08,Health,1149.64,Under Review
510494,111112,2025-10-17,Auto,871.03,Approved
503978,115031,05/02/2020,Life,,Approved
509156,108524,24-01-2024,Home,2534.69,Under Review
514524,119222,17-04-2024,Auto,3213.2,Approved
502234,114218,2024-09-20,Life,14389.05,Approved
511696,119060,2019-07-21,Health,630.61,Under Review
511345,100371,2020-06-17,Auto,1397.59,Approved
514300,118271,23-06-2025,Auto,1073.37,Approved
501210,108980,11/18/2025,Home,3963.55,Rejected
504513,109929,2023-04-28,Health,444.51,Pending
510409,107127,26-02-2024,Home,1236.83,Under Review
502238,114992,14-07-2020,Auto,784.5,Under Review
506253,116655,08/17/2021,Home,2155.64,Approved
510713,113830,2024-11-06,Auto,1181.9,Approved
502948,105513,24/11/2021,Auto,3497.55,Approved
511736,105454,21-03-2020,Home,1085.13,Approved
508366,113822,31-03-2025,Life,2270.99,Approved
505221,119503,2026-02-05,Travel,436.86,Approved
504139,111670,26/05/2021,Auto,2220.23,Approved
512049,114334,02/15/2023,Health,2985.1,Under Review
513899,104232,11/27/2021,Auto,2323.98,Under Review
512358,111442,28-06-2019,Auto,2001.79,Approved
505025,116477,29-01-2020,Life,10305.02,Pending
509711,115868,07-09-2025,Auto,1377.68,Pending
507413,113804,03-04-2024,Health,178.69,Under Review
501434,100057,05/08/2020,Home,3410.36,Approved
511419,113594,04/23/2026,Life,12342.95,Pending
500092,101747,12/16/2021,Home,3094.04,Approved
511354,111405,26/09/2020,Health,266.42,Approved
512444,111546,17-12-2021,Health,832.08,Approved
503857,101584,17-11-2025,Auto,741.26,Approved
510963,118063,2022-01-12,Auto,1189.76,Rejected
503445,102697,10/28/2019,Life,8422.71,Approved
513278,118052,01-02-2024,Life,9942.78,Pending
508582,112850,03/04/2020,Auto,316.56,Approved
513167,101651,2026-03-12,Health,1788.05,Approved
509965,106997,01/07/2021,Home,2605.9,Approved
514154,119096,2022-04-21,Home,4903.47,Approved
507412,113804,2021-10-15,Health,328.08,Approved
510251,112921,13-09-2022,Health,2112.96,Approved
506572,101018,2025-08-30,Health,1267.48,Pending
506292,111323,26-03-2022,Home,2257.87,Pending
503425,108865,07/12/2020,Auto,1423.1,Approved
509332,113898,03-01-2020,Health,2148.24,Approved
501084,118957,12/29/2025,Home,1556.0,Approved
508727,111785,19-02-2021,Auto,-1742.52,Approved
502777,106231,14-06-2024,Life,5926.88,Under Review
512837,101856,11/03/2022,Home,1152.47,Under Review
500428,105314,08/13/2026,Health,448.72,Approved
507695,106709,03-01-2021,Health,3563.75,Rejected
507474,118103,12/12/2024,Health,658.0,Approved
513498,117347,13/08/2019,Travel,295.73,Approved
512002,105213,12/28/2019,Health,2608.53,Pending
505019,103517,04/20/2021,Health,1771.7,Approved
513784,113481,03-02-2026,Auto,3049.17,Approved
502698,119306,12-11-2025,Auto,1552.29,Under Review
506508,112885,01-02-2019,Home,1858.6,Rejected
510083,118364,27-04-2020,Travel,195.35,Approved
508313,117537,12/08/2024,Auto,1504.2,Pending
500408,113555,2020-02-04,Auto,4782.3,Approved
507496,103773,08-10-2023,Home,-1152.93,Rejected
513258,111483,10-02-2022,Auto,528.09,Approved
501608,119966,2019-01-16,Home,690.09,Under Review
512551,105243,06/14/2026,Auto,-1066.43,Approved
514656,114243,12/11/2023,Travel,337.94,Pending
509466,118164,03/21/2024,Auto,631.74,Pending
507637,106327,2025-06-02,Life,4640.92,Rejected
505312,101886,31/03/2022,Travel,458.88,Approved
512009,104627,2021-03-22,Auto,3020.68,Approved
509191,114303,16/03/2019,Auto,941.07,Approved
508011,107219,2021-07-07,Home,4527.79,Rejected
500426,104219,2020-06-28,Home,5533.79,Rejected
500949,108607,14/02/2021,Auto,1918.63,Under Review
503429,103357,07-10-2024,Auto,4996.71,Under Review
512202,116980,20-11-2019,Auto,3055.39,Rejected
502865,117443,09/10/2019,Health,987.63,Approved
508994,106952,2024-11-16,Home,3216.47,Pending
508936,118467,22/06/2023,Auto,1340.38,Rejected
507197,103030,07/11/2019,Home,2687.82,Pending
501035,106914,24-11-2023,Auto,1083.47,Rejected
506978,119479,01/12/2024,Home,3009.66,Pending
507219,105145,10/16/2024,Travel,368.19,Pending
505886,109389,02/05/2022,Auto,1597.28,Approved
510065,114470,03/19/2026,Home,381.49,Approved
512631,115275,2025-09-10,Home,1895.59,Approved
501691,100041,21-02-2022,Auto,938.05,Approved
503608,102099,30/04/2021,Health,908.87,Rejected
508692,108817,19/04/2019,Home,1037.42,Approved
501421,113111,2020-10-26,Travel,593.71,Rejected
511625,115179,2021-04-15,Home,-2295.37,Approved
514549,106655,27-10-2021,Auto,1808.45,Pending
500819,114881,16/12/2021,Auto,303.87,Rejected
511390,103981,03/29/2021,Home,1429.9,Rejected
512370,102763,26-09-2025,Life,10996.27,Under Review
513958,102969,03/04/2021,Health,750.65,Approved
504329,114947,12-12-2020,Health,1355.55,Rejected
514633,111835,21/07/2020,Travel,132.2,Approved
511876,106992,2020-12-01,Home,2074.85,Approved
509129,115439,19-07-2022,Health,1456.32,Approved
506712,118308,10/23/2022,Auto,2197.51,Rejected
512664,101556,11/23/2024,Auto,1271.62,Approved
500409,113555,09/12/2019,Life,8520.61,Rejected
501285,111917,22/01/2023,Auto,1043.34,Approved
510363,103767,04/15/2020,Home,3156.34,Rejected
503623,114673,16-12-2024,Travel,420.63,Rejected
504125,102299,04-08-2021,Auto,592.6,Approved
505422,101254,2025-11-06,Auto,-1476.35,Under Review
505957,100824,07/25/2024,Home,2346.96,Approved
501091,110206,2019-05-31,Health,1966.39,Pending
513485,107052,28-05-2021,Home,2429.8,Approved
500073,113460,02/03/2024,Health,2991.02,Rejected
507217,103466,2021-12-08,Health,362.63,Under Review
512027,107031,01/25/2024,Travel,419.15,Approved
514135,113429,2023-09-30,Health,381.41,Approved
511189,105599,12/02/2022,Life,20699.46,Approved
506684,109809,09-03-2026,Health,1313.52,Approved
506725,106109,04/30/2022,Health,1281.73,Approved
500291,106812,11/05/2024,Life,10975.62,Under Review
509918,117838,26/03/2019,Home,4136.05,Approved
506562,109564,2025-11-30,Home,1835.4,Approved
512475,103696,2019-01-05,Auto,1603.23,Approved
511379,112451,2023-11-28,Health,628.63,Approved
505711,109375,2026-01-13,Home,3227.69,Approved
502089,104767,26/05/2025,Auto,2520.09,Approved
510199,102603,2022-05-10,Health,634.22,Pending
501801,111836,13/11/2020,Travel,179.99,Rejected
513709,108884,06/06/2025,Health,471.98,Under Review
511791,117678,02-08-2025,Auto,661.24,Approved
501576,104653,2020-11-30,Life,-10187.18,Rejected
501110,101450,19/06/2023,Home,4984.71,Rejected
500318,107215,08-03-2019,Auto,614.32,Approved
509161,106865,02/24/2022,Travel,356.25,Rejected
510891,113743,2022-04-17,Health,815.38,Approved
513549,115552,2025-05-18,Health,2077.1,Approved
511992,107382,06/23/2023,Home,1520.89,Approved
501825,106826,04-04-2023,Auto,758.56,Rejected
503146,112536,24-04-2025,Auto,1734.72,Approved
514566,107343,2022-06-28,Home,3648.48,Rejected
508904,110203,06-07-2026,Auto,1355.13,Approved
503411,101302,15-02-2023,Travel,462.81,Approved
500144,103776,11/03/2025,Auto,5134.53,Under Review
508972,117691,2020-09-27,Life,4836.43,Approved
513963,119904,2019-02-18,Home,2311.02,Approved
507706,112227,30-09-2024,Home,2022.75,Approved
503946,111823,28/10/2023,Auto,3288.05,Rejected
511601,108622,01/19/2023,Health,110.16,Approved
504814,111558,06/15/2024,Auto,2762.19,Pending
506463,110316,2021-07-17,Auto,892.76,Approved
503707,111677,08/31/2021,Auto,642.24,Rejected
504852,103297,27-06-2021,Health,1062.6,Approved
510385,103504,22-04-2025,Auto,737.26,Approved
513325,101638,2022-02-01,Health,966.39,Approved
508237,111990,2020-07-15,Auto,1453.21,Approved
513282,109223,2023-03-16,Life,4887.36,Approved
501830,106024,2026-03-23,Life,11221.12,Approved
513466,117456,20/10/2023,Home,1800.55,Under Review
500085,119564,08/26/2022,Auto,3651.48,Approved
511089,105606,17/02/2023,Health,211.46,Approved
501219,101402,16-05-2024,Auto,1562.92,Approved
505129,105838,08/03/2022,Health,629.71,Under Review
505049,103333,06-05-2023,Auto,595.23,Rejected
513725,107424,2020-05-17,Auto,2171.0,Approved
510515,108683,2023-04-06,Auto,7576.74,Rejected
510031,117701,2024-08-31,Travel,447.02,Approved
505767,117936,2025-08-03,Home,2777.65,Rejected
504192,107552,16-08-2022,Auto,732.69,Under Review
506576,113172,07/07/2026,Travel,419.38,Approved
509038,101176,26-04-2023,Auto,1207.02,Pending
508786,108296,27-03-2022,Auto,2577.24,Approved
500594,116229,2025-09-08,Life,10023.82,Under Review
507784,113228,08/16/2023,Home,2198.86,Approved
503514,115006,28-08-2023,Travel,561.76,Approved
507750,116812,2024-12-05,Home,1835.41,Approved
503495,114810,06-05-2021,Life,9193.27,Approved
505547,118770,07/24/2020,Auto,6381.62,Approved
508608,111317,2022-11-28,Life,-13164.98,Under Review
514500,119223,2020-03-05,Auto,648.07,Pending
514019,118922,2026-03-17,Home,2617.85,Approved
507438,114358,06/03/2026,Health,1571.63,Rejected
500061,114585,24/04/2026,Home,1293.23,Approved
505702,120234,15-03-2025,Travel,342.51,Approved
512718,100276,2025-05-17,Health,728.64,Approved
514777,114541,09/03/2025,Health,2826.47,Rejected
510655,109112,12/19/2021,Health,271.78,Pending
507749,105563,2019-12-03,Auto,984.48,Approved
503616,110583,19/11/2019,Auto,1812.63,Rejected
511897,117314,24-08-2024,Health,3112.68,Approved
511826,118163,03/18/2025,Life,16769.61,Approved
512345,110808,2023-10-22,Home,1312.57,Approved
510768,118700,2022-09-01,Auto,2426.6,Rejected
504848,107921,09/18/2020,Health,2717.42,Under Review
514749,118446,11/02/2023,Travel,337.71,Approved
504772,118627,04/17/2019,Travel,-636.15,Under Review
508284,112978,03/07/2024,Life,6662.7,Pending
514528,108311,01-04-2025,Home,3219.74,Pending
511373,114629,04-11-2023,Auto,4296.41,Approved
506205,114064,09-09-2024,Travel,631.73,Approved
512668,120465,04/10/2019,Home,2985.54,Under Review
500958,117864,09-01-2025,Home,1039.6,Approved
500472,114092,2024-07-30,Life,12595.58,Approved
505371,114984,24-03-2019,Travel,1598.44,Rejected
501513,115857,15-07-2020,Auto,2984.63,Approved
502290,107305,10/01/2024,Auto,2607.53,Rejected
513240,111435,13-05-2022,Home,4422.23,Under Review
505945,112368,04/09/2022,Life,10816.55,Pending
504035,105489,08/03/2022,Home,5465.53,Under Review
509593,100564,24/09/2024,Auto,1962.08,Pending
501479,112527,2022-09-03,Auto,-1517.01,Pending
509635,110565,2022-07-19,Travel,907.04,Approved
513781,103738,05/20/2023,Travel,279.33,Approved
502899,105871,2024-07-23,Health,1164.69,Rejected
504862,101236,31-03-2021,Auto,5329.26,Rejected
507078,107042,10/22/2019,Home,1753.31,Approved
513837,115512,13/07/2020,Auto,2376.48,Approved
509305,104569,12/31/2019,Health,789.45,Approved
503656,120053,2020-05-11,Travel,373.91,Approved
503971,109705,2021-11-29,Health,784.47,Approved
510261,101172,11/02/2021,Auto,3454.25,Under Review
514001,104566,09-05-2020,Travel,365.33,Approved
509162,106865,30/06/2022,Health,739.45,Rejected
505605,118050,2021-04-05,Home,-1808.61,Approved
509552,107210,01-07-2026,Home,4743.22,Rejected
508063,104701,2024-11-01,Health,355.58,Approved
508725,108424,2026-07-21,Auto,1101.17,Pending
500491,105736,2025-09-28,Home,1691.56,Approved
510067,109436,26/09/2021,Health,255.89,Under Review
513383,120401,30/01/2019,Auto,529.42,Rejected
503751,103938,2023-06-22,Travel,317.3,Rejected
511213,102949,09/03/2019,Health,243.71,Approved
507631,112911,18-02-2026,Auto,1569.57,Approved
503710,101276,06/21/2026,Home,1852.45,Approved
500127,103947,03/26/2025,Health,1150.81,Approved
506350,103679,08/10/2022,Health,386.79,Approved
509494,106575,01/10/2022,Auto,,Approved
503950,111771,2021-08-04,Travel,339.05,Approved
507410,116615,07/29/2024,Auto,1651.71,Under Review
501264,104590,21-05-2019,Home,1665.6,Rejected
507589,111090,2024-07-14,Travel,240.29,Approved
504693,118380,12/10/2021,Home,3415.13,Approved
514571,100784,01/12/2019,Home,1169.85,Under Review
507926,114123,05/03/2024,Health,1194.95,Approved
509513,119011,2021-07-02,Auto,3155.53,Approved
509027,105559,10/04/2019,Auto,1810.29,Under Review
509910,101168,2025-08-10,Health,1719.81,Approved
512006,104627,01/15/2022,Home,1738.52,Pending
500275,102450,10/21/2020,Health,270.73,Approved
504959,119998,12/04/2024,Home,2031.31,Approved
513084,100572,2019-04-04,Travel,275.61,Approved
511809,114330,26-11-2023,Life,14875.35,Approved
501272,112378,05/09/2020,Travel,738.49,Rejected
508141,120277,21-05-2026,Auto,1045.71,Pending
508879,101313,03/12/2023,Home,973.91,Under Review
503577,106951,03/18/2024,Life,8642.67,Approved
511781,106589,14/08/2020,Health,647.28,Approved
501897,115267,09/24/2024,Health,2388.22,Approved
511859,115549,2024-05-16,Health,1030.02,Approved
513422,119472,11/23/2020,Auto,4462.58,Rejected
513255,102376,09-11-2024,Auto,4058.16,Approved
507903,118482,2022-04-11,Travel,219.46,Pending
509512,119011,19-07-2020,Auto,775.96,Approved
505337,110223,08-02-2022,Home,580.95,Under Review
514684,103304,30/10/2020,Auto,1354.39,Approved
513520,105450,04-02-2019,Home,2227.61,Approved
504048,110063,20-09-2024,Auto,1496.19,Approved
510798,109830,2019-09-26,Auto,852.66,Under Review
505028,100592,16/05/2020,Life,6288.03,Approved
514382,110136,10-07-2025,Life,5001.05,Approved
502826,116486,09-12-2020,Home,881.08,Approved
500715,119349,2023-06-02,Auto,420.4,Approved
510933,101366,06-12-2019,Auto,521.69,Approved
505146,108377,21-01-2019,Auto,2824.38,Rejected
502973,118882,11/20/2019,Travel,280.31,Under Review
512708,103363,07-09-2025,Auto,1748.75,Approved
501118,104618,01/02/2022,Auto,1430.8,Approved
513099,118492,28/09/2019,Health,568.55,Approved
508349,100669,02/08/2024,Health,571.63,Approved
506939,107545,17/11/2021,Health,3667.9,Approved
504509,108868,19-11-2019,Health,408.59,Rejected
508798,109551,2025-05-19,Home,2785.41,Under Review
510200,115664,2022-02-23,Health,-4511.88,Approved
502316,109688,18/11/2021,Auto,1030.76,Rejected
505863,119167,24-04-2024,Auto,2250.91,Rejected
514116,114153,06-07-2025,Health,825.09,Approved
513119,109032,08/15/2023,Auto,1029.48,Pending
507722,119535,28-12-2021,Health,679.07,Approved
514345,115254,14/01/2020,Life,10293.24,Approved
502458,110045,06/15/2023,Auto,809.32,Under Review
505239,102163,08/30/2022,Auto,523.65,Rejected
505385,117109,02/10/2020,Auto,7662.88,Rejected
513019,116154,07/24/2024,Health,547.83,Approved
510855,116261,2019-08-29,Home,9901.96,Approved
509800,113457,2025-08-09,Auto,2694.06,Rejected
514592,108208,2019-11-25,Home,1939.89,Approved
504170,106864,2024-02-04,Health,2146.28,Pending
507740,119587,02-05-2019,Home,4100.39,Rejected
514150,104018,04-07-2021,Health,1466.97,Approved
508495,108672,03-05-2022,Auto,2483.93,Pending
513973,112875,14-11-2025,Auto,,Approved
501864,105345,2021-06-26,Travel,233.26,Approved
508898,116427,16-11-2019,Health,168.91,Approved
503698,106978,07/04/2024,Health,330.01,Approved
513060,109369,2026-07-18,Home,6065.35,Approved
505069,107836,2019-10-12,Auto,2398.05,Under Review
501145,108757,01-04-2024,Life,3289.24,Rejected
512834,104669,2021-09-13,Auto,1200.0,Approved
514392,102779,31-01-2026,Auto,731.91,Rejected
513313,101549,02/09/2022,Auto,9312.5,Approved
500733,118986,03/29/2020,Home,10336.08,Approved
507971,115561,10/12/2022,Life,17216.78,Rejected
509057,108995,21-12-2025,Home,3094.99,Approved
505151,100027,21-04-2020,Home,1463.52,Approved
503282,113710,2026-08-30,Auto,928.66,Approved
502457,117051,2026-04-15,Auto,811.24,Approved
514234,105622,27/06/2022,Home,5103.52,Under Review
508736,107280,11-06-2024,Health,521.62,Approved
514079,101854,2024-09-11,Travel,542.94,Approved
509878,120453,08-08-2023,Health,4488.46,Rejected
504024,119551,30/11/2024,Auto,4934.86,Approved
511178,104633,2025-09-13,Life,8150.96,Approved
504250,115175,18-06-2020,Home,2872.21,Approved
503784,113904,12/22/2019,Travel,267.37,Rejected
512097,106859,07/12/2025,Auto,1181.44,Pending
507844,111009,13/12/2023,Auto,-1566.69,Approved
508603,100966,2019-03-04,Home,4139.71,Pending
510786,103084,03/12/2019,Auto,2463.11,Approved
513491,116489,2020-02-25,Travel,210.47,Approved
511343,100615,02/05/2026,Travel,510.0,Approved
502128,106119,21/05/2020,Auto,1433.09,Pending
507095,120485,2022-12-22,Travel,311.4,Approved
510834,101033,09/21/2019,Auto,1135.47,Under Review
507886,110370,2019-08-15,Auto,614.05,Approved
511898,117314,20-07-2026,Auto,1019.58,Rejected
508748,108893,2026-05-03,Auto,1339.41,Approved
513553,113669,18-05-2026,Health,2761.96,Approved
510930,106453,26-01-2023,Life,5906.95,Approved
511594,115622,11/02/2022,Auto,2176.92,Pending
510216,116780,12/09/2021,Auto,751.74,Rejected
511034,109095,19-12-2020,Home,2683.37,Pending
508121,110452,22-05-2024,Home,1215.32,Approved
514519,107805,14/02/2020,Life,7923.81,Pending
512401,113689,21-02-2019,Travel,396.73,Under Review
512088,107485,2025-05-26,Life,8978.54,Approved
505414,104990,30/07/2023,Home,1361.76,Under Review
514448,106731,08/22/2020,Auto,2276.85,Rejected
511242,119578,01-04-2023,Auto,924.17,Approved
511357,110635,07-02-2026,Life,6063.7,Approved
501793,110772,16-12-2020,Home,2183.02,Approved
501692,100041,08-05-2025,Home,3597.73,Approved
504768,100509,2024-05-21,Auto,2196.69,Approved
507517,102397,2020-05-30,Auto,,Pending
510679,106947,2025-07-26,Health,2350.57,Rejected
500493,102334,2022-04-13,Home,997.29,Approved
509228,115474,08/01/2021,Auto,1085.56,Rejected
500157,108914,07/26/2026,Home,1847.68,Under Review
504475,107638,2021-12-27,Life,4009.76,Under Review
514745,115422,2026-02-19,Home,2023.0,Rejected
501463,100467,11/01/2023,Health,636.25,Pending
513253,114089,02/16/2019,Health,722.73,Approved
510334,100723,18-09-2019,Home,3369.31,Under Review
504337,111627,03/18/2022,Home,3571.41,Approved
510862,111389,2023-10-09,Auto,1596.93,Under Review
512833,104669,30/06/2020,Travel,84.68,Approved
502287,108588,02/08/2022,Auto,1480.15,Rejected
507506,103082,2021-11-11,Health,372.56,Rejected
503351,109771,2021-09-25,Home,5640.32,Rejected
513828,107214,2022-02-19,Auto,1462.46,Approved
500965,117875,01/11/2021,Auto,1046.44,Approved
507895,108221,03/18/2024,Auto,1130.33,Approved
506366,105608,04-10-2020,Health,218.9,Pending
502252,103638,02-03-2026,Auto,1693.42,Approved
511712,102402,12/18/2021,Home,1846.69,Approved
502578,115767,07/14/2025,Home,4236.5,Approved
500438,100960,02/07/2020,Travel,460.1,Approved
509716,113004,03/11/2020,Home,4125.9,Under Review
508269,105641,07/13/2024,Home,3351.31,Approved
501614,117848,2019-01-08,Health,1590.96,Under Review
506927,115684,2020-12-21,Auto,1351.97,Pending
509717,100324,03/08/2020,Home,3732.45,Pending
504375,108406,2020-09-30,Travel,734.68,Rejected
513390,102665,2021-04-10,Auto,967.85,Pending
512920,117044,2023-06-01,Home,2742.67,Pending
513069,117921,14/11/2022,Health,2012.19,Under Review
500467,105203,09/07/2025,Health,436.04,Pending
510052,111957,2021-03-29,Life,6346.96,Approved
509210,101392,21/03/2022,Home,5795.32,Approved
500756,113039,2026-06-25,Home,4387.09,Approved
512597,114609,2022-09-24,Home,1846.01,Rejected
505277,112529,06/11/2021,Auto,1856.35,Approved
502688,108374,2026-07-31,Health,406.86,Pending
501090,107685,12-10-2021,Auto,2091.49,Under Review
514483,111261,05/06/2026,Life,6064.37,Rejected
508574,110420,13-02-2022,Life,10208.46,Under Review
512268,100690,2024-09-04,Home,1393.84,Approved
506087,101360,2024-06-21,Auto,885.46,Pending
513513,102989,2023-05-21,Travel,133.0,Rejected
504280,114499,05/15/2024,Auto,1760.6,Rejected
501374,116765,29-11-2024,Auto,3220.95,Approved
511720,106928,29-12-2023,Life,6701.43,Approved
501862,116869,01/02/2023,Health,540.06,Approved
509526,114735,2021-06-20,Auto,1575.58,Under Review
505746,117389,07/23/2020,Home,2703.56,Approved
514678,111649,15-04-2020,Health,432.06,Approved
504866,118025,07/10/2025,Travel,275.42,Approved
503706,118272,11/05/2020,Health,511.18,Pending
508604,112897,2021-06-05,Life,5303.62,Rejected
501878,103571,21/09/2025,Life,12547.29,Under Review
514456,111174,02/11/2023,Health,1244.83,Approved
514254,118360,21/07/2019,Auto,1037.7,Pending
504514,100008,2024-06-14,Auto,1953.53,Approved
501119,105042,09/05/2024,Travel,1103.89,Approved
504921,112879,2021-12-13,Auto,847.56,Rejected
508607,111317,06/18/2025,Auto,3002.44,Under Review
514386,119708,22/02/2022,Auto,2759.3,Rejected
513504,113076,02/16/2019,Travel,249.75,Approved
509656,116120,05/26/2024,Health,650.2,Approved
509082,112171,07-07-2020,Life,3404.09,Approved
502186,110786,11/10/2024,Home,1047.96,Approved
512854,117373,2019-02-25,Health,233.73,Approved
510741,115330,24-02-2020,Home,5144.41,Pending
510434,120473,2021-02-02,Home,2752.62,Approved
506485,110781,08-09-2019,Health,872.04,Rejected
508985,114994,2025-03-31,Auto,-4252.77,Approved
506822,105032,02-04-2023,Health,312.27,Approved
501432,105866,18-10-2023,Auto,2776.56,Approved
514756,111534,03/23/2024,Auto,1302.29,Approved
510830,117616,16/09/2025,Auto,-812.5,Approved
511821,119683,2025-08-26,Health,2480.19,Rejected
512367,119737,03/07/2024,Life,3499.54,Approved
502174,115150,13-02-2022,Health,925.58,Under Review
507434,118533,02/22/2020,Life,14245.14,Pending
508668,112482,19-05-2019,Health,186.21,Under Review
502102,103912,2022-06-26,Home,3461.28,Approved
514292,113716,05-07-2020,Health,653.56,Approved
508077,107146,09-10-2022,Travel,914.69,Approved
502656,110735,29-10-2021,Home,2369.13,Approved
507741,119587,10/11/2020,Health,1207.57,Approved
509970,118324,13-09-2021,Auto,837.58,Approved
510865,119955,2022-03-04,Auto,923.78,Rejected
501934,117540,09-05-2026,Travel,188.51,Approved
512139,105991,12/25/2025,Home,1800.82,Under Review
502952,103652,2022-07-08,Health,439.78,Approved
506497,101183,27-03-2021,Home,2886.94,Approved
513862,110616,04/30/2024,Auto,432.43,Rejected
513076,110849,01/02/2020,Auto,2915.84,Rejected
511026,105452,07/13/2021,Home,2945.03,Approved
513929,115048,14-07-2020,Auto,2024.94,Under Review
510372,119619,2024-10-04,Health,442.69,Approved
507231,118469,16/12/2019,Travel,249.36,Under Review
507017,105113,2023-05-16,Auto,6332.22,Approved
500758,115817,05/06/2025,Health,2159.7,Approved
511702,120309,2026-05-17,Life,15836.11,Approved
503312,115603,06/10/2023,Health,821.12,Rejected
500829,110421,07/22/2022,Auto,1588.55,Approved
507920,115558,19-12-2024,Travel,198.03,Rejected
513797,109903,2024-05-15,Auto,1048.48,Rejected
513469,104616,04/21/2021,Health,1946.91,Pending
506017,105924,12/27/2020,Auto,1046.88,Rejected
506958,107862,09/29/2020,Auto,986.09,Under Review
514381,104158,01/10/2022,Health,-567.04,Approved
502447,100697,14-01-2021,Travel,413.46,Pending
514289,110488,2024-02-20,Life,4707.33,Approved
513080,111861,12/12/2024,Life,8976.39,Rejected
509489,110750,2023-01-26,Life,8934.91,Approved
507076,107042,01/05/2019,Auto,728.24,Pending
512294,108367,02/25/2025,Home,1818.99,Approved
508211,109769,2023-12-06,Home,1149.78,Under Review
511100,116824,16-08-2024,Auto,1541.68,Approved
513068,112924,04/17/2023,Health,344.56,Approved
510885,118878,2019-11-14,Auto,1863.57,Approved
512577,111950,01/21/2023,Auto,3809.98,Rejected
513883,113409,08/22/2020,Auto,1026.2,Under Review
509367,113072,02/13/2022,Auto,1349.26,Pending
512758,117330,2020-03-13,Home,3267.1,Under Review
505496,109745,08/08/2024,Auto,1207.3,Approved
514711,108755,22/07/2023,Home,1337.7,Approved
507172,119720,2024-10-11,Auto,797.88,Under Review
505309,119009,11-05-2026,Home,1429.73,Approved
501459,103352,31/05/2026,Auto,1426.06,Rejected
514055,117072,02/08/2021,Life,10114.26,Under Review
503441,109132,2025-07-15,Auto,972.09,Under Review
510669,108737,24/12/2019,Auto,2149.27,Approved
508439,102855,2026-08-16,Home,6593.52,Approved
505632,109102,20/04/2024,Auto,1469.54,Under Review
500379,101599,03-02-2022,Auto,2168.11,Under Review
508177,114107,18-10-2019,Auto,3382.28,Approved
511482,107469,26-07-2025,Home,1406.56,Under Review
514617,113992,21-07-2021,Auto,2104.44,Approved
511347,100371,12-02-2026,Home,1656.83,Approved
510531,116849,2019-08-06,Home,2094.95,Pending
511654,114448,2026-04-14,Auto,802.79,Approved
507333,113735,30-08-2022,Life,22800.39,Rejected
511943,119471,28-04-2022,Auto,849.95,Rejected
502673,113340,2019-10-25,Health,420.02,Under Review
500134,113166,2021-07-26,Health,705.04,Approved
513166,101651,11/22/2024,Auto,2182.43,Approved
511671,103962,2025-05-18,Home,5398.72,Rejected
507559,118526,26-03-2025,Travel,747.24,Approved
514006,117692,11/03/2020,Travel,91.61,Rejected
502929,112628,08-07-2020,Auto,1064.45,Under Review
510280,101797,11-01-2020,Home,2843.95,Pending
506180,106579,2022-05-20,Health,192.91,Approved
500799,117171,24/09/2024,Health,1462.41,Rejected
508526,107756,15-02-2022,Auto,1235.76,Approved
508637,106777,06/10/2019,Auto,3335.58,Rejected
506569,117892,13/08/2026,Auto,819.69,Pending
500427,120456,14-05-2026,Travel,285.89,Approved
509389,101849,15/05/2025,Auto,1117.45,Pending
513348,115751,05/27/2020,Life,12147.71,Pending
512325,105633,08-04-2025,Auto,833.21,Approved
505843,107161,31-03-2024,Home,1369.69,Pending
511263,118474,24-05-2024,Home,2367.62,Approved
508396,119476,2024-07-09,Health,2589.95,Approved
505852,106260,06/11/2023,Travel,342.34,Approved
514414,111003,10-06-2024,Life,2279.26,Rejected
508971,117691,04/06/2022,Home,4317.53,Rejected
501255,110353,02/04/2019,Auto,1637.6,Approved
509380,100618,03/21/2022,Auto,1206.77,Approved
506400,116825,21/08/2024,Home,594.24,Pending
512146,117944,2024-11-30,Auto,-1709.58,Under Review
505513,117560,09/09/2020,Health,473.63,Approved
514611,106893,02/02/2026,Auto,1943.51,Approved
507065,114468,15/01/2022,Auto,3520.93,Under Review
507038,110658,06/22/2026,Health,2233.66,Approved
506084,105562,09/27/2019,Health,2886.61,Rejected
509778,105517,14/10/2024,Home,4984.98,Approved
503131,104688,2020-07-18,Auto,3335.46,Approved
502318,106248,01/23/2020,Travel,382.5,Approved
501926,100921,2026-03-14,Auto,1287.17,Approved
505770,114202,2019-07-13,Home,2886.55,Rejected
512378,110578,01/13/2022,Health,196.29,Approved
503037,108694,10/24/2019,Life,14423.48,Approved
504638,113727,02/17/2024,Travel,649.59,Under Review
512759,117330,15-02-2025,Life,3558.75,Rejected
508864,110196,27-08-2019,Home,1825.54,Under Review
508653,116643,05/10/2023,Home,3249.57,Rejected
512830,109342,26/12/2019,Life,13541.97,Rejected
510974,101784,09/05/2023,Life,15286.84,Rejected
510296,109727,11/22/2025,Travel,688.76,Rejected
508452,113837,06/21/2019,Auto,2013.28,Approved
503694,112389,09/10/2022,Travel,110.43,Approved
510226,104732,2025-07-02,Health,3131.88,Approved
514779,108433,08-10-2022,Life,8598.97,Approved
503746,114922,06/11/2022,Auto,1554.75,Approved
507100,112299,03/15/2021,Health,4032.25,Approved
507748,105563,09/12/2020,Auto,2187.31,Approved
512148,105057,11/22/2021,Auto,1583.04,Pending
508522,112137,12-04-2025,Auto,1936.69,Rejected
507773,110264,10/04/2023,Auto,381.36,Approved
506630,111584,04/04/2025,Home,2363.27,Approved
500381,116430,12/04/2020,Health,910.5,Approved
513906,105319,26-10-2022,Auto,1112.08,Approved
504229,103599,30-07-2026,Auto,6567.03,Approved
513157,118394,2023-01-16,Home,7020.01,Approved
507471,119388,24/05/2022,Travel,742.52,Rejected
502788,111551,05-04-2022,Travel,123.19,Pending
509484,106058,23/04/2020,Travel,250.17,Approved
500000,113206,02/21/2020,Home,3998.34,Approved
509245,112159,07/26/2024,Home,4433.41,Pending
509084,112171,2020-04-29,Health,2281.61,Approved
503060,112331,04/12/2026,Auto,2329.04,Approved
514395,104835,01/01/2021,Auto,2345.73,Approved
502549,117728,04/15/2024,Home,780.79,Under Review
504296,111066,02-10-2024,Home,5262.02,Approved
505903,114400,16-10-2021,Travel,272.17,Approved
510955,110065,16/07/2026,Auto,821.14,Approved
512694,118455,2023-06-23,Auto,2638.76,Approved
510850,109856,06-01-2024,Health,618.8,Approved
503503,118959,2024-09-06,Auto,1721.79,Approved
513881,108230,07/28/2021,Travel,278.96,Under Review
504043,114029,11/06/2025,Health,1440.67,Pending
514152,111246,09/06/2025,Health,395.13,Rejected
500316,107215,18-12-2022,Travel,-820.16,Rejected
502314,118657,05/30/2022,Home,964.3,Under Review
509701,103395,06/08/2025,Auto,2120.4,Approved
509252,103697,2021-05-23,Auto,2729.46,Approved
504982,104123,04/21/2025,Health,1022.94,Pending
502018,102495,21/05/2024,Home,4314.58,Pending
503316,110477,2024-03-13,Travel,175.27,Under Review
513790,118546,21/10/2024,Travel,475.57,Rejected
505224,114667,05/09/2023,Auto,3445.76,Pending
504058,106613,2023-06-18,Home,1740.89,Under Review
509611,120078,2025-08-18,Health,3193.93,Pending
511455,110770,25-06-2021,Home,4337.78,Under Review
505100,113153,10/19/2019,Travel,221.66,Approved
505440,116827,28-01-2022,Health,807.54,Approved
512375,111599,2026-08-11,Auto,1062.47,Under Review
505872,120221,26/05/2020,Home,2532.97,Under Review
509535,104366,2021-04-07,Travel,290.81,Under Review
509838,105492,05-09-2021,Health,833.8,Under Review
514113,119872,19-09-2020,Auto,1179.47,Pending
510770,118700,2025-01-14,Life,-12619.31,Rejected
504127,116899,04-03-2022,Auto,1172.1,Approved
505928,111776,01/22/2024,Auto,1129.33,Approved
509812,116583,2021-07-29,Home,1545.56,Rejected
509354,113889,2026-05-23,Home,5839.79,Approved
505563,107716,2019-06-01,Home,2748.99,Approved
512852,103808,2021-04-19,Life,2872.61,Pending
507633,118683,04/15/2019,Health,1853.55,Rejected
500216,103585,26-07-2023,Auto,1355.89,Rejected
505844,102342,2026-01-16,Home,4922.57,Approved
508297,114432,02/22/2025,Auto,5051.4,Rejected
501851,112811,07/14/2021,Health,1967.13,Approved
506648,107874,19/08/2022,Auto,,Pending
503448,109038,04/05/2020,Health,2530.83,Approved
511126,107837,2025-11-01,Auto,3307.22,Approved
500866,116334,2021-06-19,Auto,2256.26,Under Review
512376,110578,08/01/2026,Home,3281.21,Approved
500043,112189,09/06/2019,Life,5122.66,Approved
500017,113424,02/20/2019,Home,4427.07,Rejected
505751,118499,10/06/2020,Health,-1359.48,Pending
509097,113231,03/09/2020,Home,2804.8,Pending
501883,115753,2022-08-13,Home,2626.25,Approved
501694,113129,2022-01-11,Home,2903.38,Rejected
509952,107865,02-07-2024,Life,10773.95,Approved
502372,105363,2020-05-23,Home,3283.59,Under Review
512483,107618,05/06/2022,Health,812.58,Under Review
505748,100772,2024-06-04,Home,,Rejected
507578,102750,07-08-2026,Auto,-1699.6,Approved
506624,110371,2019-03-06,Life,24921.24,Approved
510489,115325,16/04/2020,Home,2198.79,Rejected
512645,113341,2019-03-05,Auto,1871.71,Under Review
513104,109135,16/04/2026,Home,9997.76,Pending
505437,100791,01-12-2024,Home,5081.01,Approved
503837,112621,2024-10-31,Life,9206.69,Rejected
513497,107151,27-06-2019,Home,2946.02,Approved
509679,119834,09/10/2020,Life,2226.75,Approved
510285,108167,2022-07-22,Auto,1387.32,Under Review
508484,106861,06/05/2020,Travel,592.15,Approved
506529,101665,15/09/2022,Health,792.86,Rejected
507855,118928,2025-04-03,Travel,529.31,Approved
514403,108053,04-02-2020,Health,1138.9,Pending
506271,114793,2026-05-20,Health,817.95,Approved
513916,103640,23-11-2022,Travel,176.75,Rejected
512087,116767,21-01-2023,Health,646.27,Approved
503305,116975,2026-02-22,Auto,2169.16,Under Review
500259,119260,05-06-2024,Auto,1806.21,Approved
510311,101601,19/02/2020,Auto,865.62,Pending
500443,107627,03-01-2020,Health,1197.66,Pending
509174,119728,07-07-2019,Auto,1982.25,Approved
511626,106401,2023-01-27,Life,-9327.62,Rejected
506973,118216,15/01/2026,Life,13686.48,Approved
500532,103473,02/19/2023,Home,1154.19,Approved
514202,106283,2020-09-06,Auto,2798.01,Approved
507719,117852,2022-03-08,Auto,1399.57,Pending
505614,116050,25-01-2022,Health,1728.31,Under Review
505340,110223,2022-05-03,Auto,1571.31,Rejected
509644,113855,22/06/2021,Travel,705.93,Approved
514473,112043,01/22/2023,Life,8834.77,Approved
512726,116165,13-06-2024,Health,846.8,Approved
514247,106168,07-09-2023,Home,5977.5,Pending
513727,101682,08-01-2023,Auto,1129.75,Approved
500430,110820,03/28/2020,Health,227.71,Rejected
506348,104786,2020-10-21,Health,,Approved
514570,112533,2019-05-12,Home,3790.92,Approved
502328,102904,2021-12-25,Home,433.05,Approved
505411,118843,2026-04-26,Auto,4235.48,Approved
510832,110839,2019-02-27,Home,-1425.43,Approved
507199,119521,16-07-2023,Travel,160.89,Approved
500577,117791,07/12/2025,Health,999.84,Rejected
513902,104430,2022-03-01,Home,,Approved
509962,117329,15/08/2023,Home,2738.15,Pending
500684,103559,22/06/2026,Travel,,Approved
509049,105424,16-01-2026,Life,8135.16,Rejected
509730,119638,02/10/2020,Auto,1056.43,Approved
512900,110587,05/23/2022,Auto,1111.71,Under Review
505292,113549,06/15/2025,Home,819.45,Under Review
503785,101496,2020-04-29,Home,655.52,Approved
508929,109354,02-02-2026,Health,1168.41,Under Review
501698,109226,2021-02-25,Health,717.67,Rejected
500761,116361,11-11-2021,Auto,1586.35,Approved
514769,113417,17/03/2021,Home,3738.49,Approved
510864,119955,03/03/2020,Health,696.64,Approved
500796,101968,2022-01-03,Home,2911.17,Rejected
510931,109211,04/05/2020,Health,429.92,Approved
509427,101294,05/26/2019,Auto,607.35,Approved
514682,113808,18/01/2024,Home,2777.62,Rejected
513759,112771,08-09-2022,Auto,1036.14,Approved
514090,111559,26-02-2023,Home,1155.46,Pending
507021,116854,06/11/2023,Life,3518.47,Approved
512623,104523,2023-12-28,Auto,2519.85,Approved
512247,108003,24-03-2026,Auto,5541.23,Approved
508943,103690,16/11/2019,Auto,2061.14,Approved
502546,109249,23/02/2023,Home,2149.54,Under Review
513750,116378,18/07/2023,Life,16323.38,Approved
501941,114465,05/22/2022,Auto,1054.61,Under Review
512382,104173,04/19/2022,Home,2551.52,Pending
505353,120479,28-07-2020,Life,9542.25,Approved
511701,105313,27-11-2021,Auto,2407.72,Approved
512580,101401,2026-02-22,Travel,198.76,Approved
514291,116907,11-04-2019,Home,2048.87,Under Review
503068,109851,11/08/2023,Auto,1501.23,Rejected
513744,111939,2025-08-24,Life,,Approved
509271,107734,06/01/2025,Health,590.75,Rejected
501654,115624,2026-06-21,Life,18559.9,Under Review
509758,104163,12/03/2019,Auto,606.85,Approved
507144,116875,08-01-2024,Home,5387.81,Rejected
509871,113924,2026-01-05,Health,557.57,Rejected
513329,117563,19/07/2019,Home,3629.26,Approved
500591,102247,10/03/2022,Home,5960.19,Rejected
504819,117642,25/12/2025,Life,6712.86,Approved
510335,100723,2023-07-31,Auto,433.04,Approved
505786,107405,09/29/2021,Travel,108.63,Pending
501041,112135,05/17/2021,Life,7536.04,Rejected
514791,108666,23/02/2021,Health,2311.19,Rejected
502392,111354,2022-12-27,Travel,271.85,Approved
502517,100128,11/24/2020,Travel,182.36,Rejected
502221,112409,2019-10-17,Auto,1921.48,Rejected
508871,112822,2021-08-21,Health,1005.93,Rejected
509811,100418,05-10-2024,Auto,719.09,Approved
504743,115645,06/03/2021,Travel,226.98,Rejected
503877,104342,27/01/2023,Auto,1238.98,Rejected
510809,118947,2023-10-17,Life,1607.19,Approved
507258,110051,2020-07-04,Auto,2126.56,Rejected
508779,111484,28/06/2021,Auto,1381.9,Under Review
508991,101672,2025-04-10,Auto,666.8,Rejected
509546,102824,10/27/2021,Auto,1962.06,Rejected
507746,117284,27-01-2023,Auto,2305.27,Approved
509379,110931,08/20/2020,Auto,644.5,Under Review
512062,102735,03/14/2020,Health,1833.78,Rejected
500960,117864,24-09-2024,Home,2051.63,Approved
507222,114020,2025-04-14,Home,3267.24,Rejected
511030,112738,01-05-2023,Auto,1176.57,Pending
504463,100177,11/09/2024,Auto,1385.36,Approved
505294,114221,2020-12-16,Home,1707.61,Approved
500883,119385,2025-01-18,Life,45814.55,Approved
503120,113020,11/14/2019,Auto,1275.78,Rejected
512463,102871,29/02/2024,Auto,2534.21,Approved
511004,102936,11/02/2019,Health,1119.13,Approved
502481,114884,08/22/2020,Life,13794.88,Approved
508014,106152,02/12/2022,Travel,482.28,Approved
508296,114432,2022-09-09,Health,1652.41,Rejected
503703,108932,01-03-2020,Home,-1406.49,Approved
504087,105272,07/18/2021,Home,1465.48,Approved
514138,104612,02/04/2020,Auto,1738.52,Under Review
509464,109217,22/09/2019,Life,3621.41,Approved
508471,115318,10-01-2023,Health,741.04,Under Review
501835,104309,15-06-2023,Home,3758.54,Approved
504077,118084,2024-09-22,Auto,2590.88,Under Review
510819,114582,2021-04-30,Travel,439.37,Rejected
501805,117025,18/04/2025,Home,1576.65,Under Review
504274,114076,09/07/2023,Health,531.69,Approved
505118,115489,09/01/2020,Travel,460.11,Approved
502450,102771,2020-06-29,Home,3176.73,Under Review
501594,113953,2023-04-03,Auto,3159.37,Rejected
513475,109600,07-05-2020,Auto,516.18,Approved
503540,109517,04/04/2019,Health,329.13,Approved
510008,119202,2023-01-31,Auto,2331.66,Rejected
506385,102913,2020-11-21,Travel,311.44,Pending
504216,112970,04/02/2024,Home,1280.41,Approved
512947,104088,07/01/2024,Home,-2983.59,Approved
507745,100045,2023-06-10,Auto,5191.22,Approved
511564,102965,10-08-2023,Travel,209.57,Rejected
501160,117714,09/06/2025,Travel,805.76,Approved
503527,107459,27-03-2020,Health,370.83,Approved
509534,119139,27/08/2020,Health,578.54,Under Review
509801,115024,02/21/2021,Home,2016.09,Approved
513153,108329,10/04/2019,Auto,3071.42,Approved
511981,102411,07-05-2023,Auto,1506.95,Approved
506932,101973,26-11-2019,Health,951.3,Approved
502154,106871,29-07-2026,Auto,1919.6,Rejected
501458,119177,06-09-2025,Auto,710.82,Pending
501206,119098,2024-08-06,Life,4163.16,Approved
506334,100978,13-02-2022,Auto,3252.45,Under Review
511799,107678,08/23/2022,Auto,1234.14,Under Review
502742,103580,10/21/2019,Life,9779.0,Under Review
501071,106399,09/05/2021,Auto,,Approved
506174,102398,27-08-2024,Home,-3471.56,Under Review
513309,106548,2020-09-25,Home,2230.59,Rejected
511288,110297,10-01-2023,Life,7970.94,Approved
513453,108853,2023-01-24,Life,7216.88,Approved
513425,114052,2026-01-05,Health,1187.05,Approved
508403,105257,2026-03-23,Auto,2459.84,Approved
513375,116724,25-01-2019,Auto,1032.53,Under Review
512381,104796,2020-07-29,Auto,741.3,Approved
504817,114278,25-12-2022,Home,7339.37,Pending
504991,101022,05-04-2022,Auto,507.47,Approved
501147,109260,25-01-2021,Health,722.3,Approved
507887,110370,2019-04-04,Home,3293.21,Approved
504682,119356,2022-02-18,Travel,-213.5,Rejected
509201,101782,09/02/2022,Auto,2466.28,Approved
503772,100398,10/10/2021,Health,279.18,Approved
504754,106329,21/02/2024,Health,593.13,Approved
508626,103928,04/09/2019,Auto,1516.95,Approved
503289,100102,06/29/2024,Auto,1263.55,Approved
509406,118487,2025-04-04,Life,6114.22,Approved
512801,108767,09/10/2019,Health,327.13,Under Review
511541,114179,05-07-2021,Home,2216.24,Approved
508449,111895,2022-03-01,Home,454.48,Approved
501886,113438,2019-01-19,Health,1363.59,Rejected
500623,117092,11-03-2022,Health,694.93,Pending
514283,112394,27/09/2019,Auto,433.16,Pending
505687,113880,04/26/2023,Home,1300.45,Under Review
513001,112328,2023-08-16,Auto,1569.87,Approved
501339,109052,08/14/2024,Auto,448.28,Pending
514784,103556,2026-02-03,Health,501.87,Pending
504602,110074,06/28/2025,Auto,3274.63,Under Review
508962,103949,11/21/2020,Life,7029.35,Approved
510299,113494,28-11-2019,Home,6886.52,Rejected
503080,108147,22/11/2021,Health,3156.59,Approved
508955,103870,2020-03-16,Travel,515.42,Approved
510186,106200,16/04/2025,Home,1654.26,Rejected
503794,119355,24/01/2019,Auto,3186.47,Approved
501501,120172,31/03/2025,Travel,156.66,Approved
512695,118455,03/09/2020,Home,1442.85,Under Review
513826,111362,20/08/2023,Travel,548.54,Under Review
505554,100214,05/07/2022,Life,17105.33,Approved
505862,110953,07-06-2021,Home,2051.26,Rejected
508938,108405,03/05/2022,Travel,435.98,Under Review
513662,103389,08-08-2026,Auto,2578.12,Under Review
505502,108300,13-05-2020,Travel,379.28,Under Review
511573,118807,23-03-2020,Life,20853.04,Approved
510890,114436,08/06/2020,Health,478.04,Under Review
502532,116333,22/06/2025,Travel,420.37,Approved
508507,120121,2025-04-11,Auto,3035.26,Pending
506282,119077,18-06-2020,Home,1619.12,Approved
512279,110626,10-04-2024,Auto,2020.06,Rejected
508255,110556,2025-01-03,Home,1515.25,Approved
510563,114958,10/06/2024,Home,977.77,Approved
510437,119576,21-11-2025,Home,2031.66,Approved
504828,106423,2020-07-30,Health,3446.65,Approved
513707,100526,12-07-2025,Auto,1269.73,Pending
506161,115365,09-06-2023,Travel,524.92,Rejected
512720,103906,2022-08-12,Home,2712.9,Approved
501472,112520,19-03-2020,Auto,1028.03,Approved
512802,114730,01/23/2022,Travel,235.89,Approved
509143,120113,03/24/2025,Auto,891.91,Pending
500849,101427,2026-08-01,Auto,2521.31,Approved
514526,119222,2023-06-20,Life,10601.61,Approved
506494,112217,20-02-2020,Home,1336.79,Approved
506613,108954,17-04-2020,Travel,372.04,Approved
504764,104856,23/12/2023,Home,798.47,Approved
502210,109545,08/10/2020,Auto,1116.88,Approved
510546,112861,03/17/2020,Life,2052.02,Rejected
503526,107459,21/01/2020,Auto,3275.5,Approved
512986,103830,02/04/2023,Auto,2108.36,Approved
509241,100701,19-11-2024,Home,1226.44,Approved
513412,110756,12/19/2024,Auto,2633.0,Rejected
512512,114350,09/02/2024,Auto,1973.26,Pending
512786,114138,18-07-2019,Health,899.27,Approved
503424,112487,21-05-2022,Travel,257.38,Rejected
500414,102325,04-07-2022,Health,1799.92,Rejected
505773,118561,27/04/2026,Home,8776.27,Rejected
508140,107844,11/07/2022,Life,4950.62,Approved
506896,101746,06/02/2019,Auto,1590.22,Approved
505620,120361,01/14/2019,Health,3821.99,Rejected
511966,104134,10-04-2026,Auto,3069.88,Pending
502094,104013,09/15/2019,Life,15699.76,Approved
505719,104553,01/16/2024,Auto,1829.53,Under Review
509497,117136,24-11-2022,Home,3492.99,Approved
507572,103012,08/02/2020,Health,-1140.27,Approved
502340,111015,2020-06-26,Home,4292.21,Approved
500265,119881,24-07-2022,Home,2165.6,Approved
510085,105288,09/14/2019,Auto,906.81,Approved
508993,116604,30-03-2023,Travel,285.36,Approved
506632,115047,07/30/2026,Home,2387.92,Approved
514232,117447,10-01-2020,Life,-4666.2,Rejected
503542,109517,05/01/2023,Auto,1769.82,Rejected
513521,101000,02/06/2022,Travel,676.48,Approved
505657,113787,06/11/2022,Health,1712.97,Approved
514422,110188,03/30/2019,Home,2033.58,Approved
502142,119088,16-06-2024,Home,7553.84,Under Review
503851,109129,2026-01-08,Home,6877.57,Approved
506482,109334,14/07/2020,Life,5628.49,Approved
501082,114254,30-08-2023,Health,380.85,Under Review
501671,105354,2025-02-11,Health,2201.74,Approved
509891,103875,2026-07-23,Home,7914.96,Rejected
508753,118604,24/01/2020,Travel,398.03,Pending
512505,101757,01/22/2026,Auto,1178.95,Approved
501503,106181,2026-05-09,Travel,346.56,Approved
501971,103710,2021-01-25,Auto,2723.1,Pending
512814,116743,2021-01-07,Health,434.03,Approved
503798,113278,2023-06-27,Health,375.33,Approved
500694,116631,25/10/2020,Health,278.86,Approved
503855,101584,15-06-2023,Health,492.17,Rejected
511820,119683,17/07/2020,Travel,553.69,Approved
510417,104823,08/25/2024,Health,775.24,Approved
512225,118329,2020-07-27,Health,645.96,Under Review
509315,106379,2021-01-30,Travel,869.39,Under Review
508260,108736,2024-05-06,Life,13111.02,Approved
503094,118056,07-01-2020,Home,1476.89,Approved
508618,118477,23/10/2024,Travel,183.0,Approved
513981,108428,07/23/2023,Auto,3003.21,Approved
507534,104503,09/06/2024,Auto,1422.03,Under Review
505992,116488,09/12/2021,Home,4377.98,Approved
509755,104273,04/24/2026,Travel,295.78,Approved
513786,118767,05/06/2026,Life,15603.98,Pending
503244,102954,15/07/2021,Home,2193.49,Pending
503100,103120,15/07/2023,Auto,1829.94,Approved
505181,106583,31/03/2023,Home,4930.64,Rejected
503563,117049,03-10-2022,Auto,2499.87,Approved
508481,113359,08/03/2025,Health,261.11,Rejected
505958,109143,10-11-2023,Health,1422.92,Approved
511351,119273,05/18/2019,Auto,799.92,Under Review
513024,101529,09-08-2019,Auto,2305.19,Approved
512705,111390,06/25/2021,Auto,2771.11,Approved
508709,100021,2020-03-06,Life,5277.96,Approved
513748,116378,08/07/2020,Health,656.24,Rejected
504417,119309,2025-07-13,Home,7850.8,Approved
513651,118311,13-01-2022,Auto,1142.95,Pending
511773,101987,2025-09-30,Auto,1422.89,Pending
511798,101273,2022-10-19,Health,370.82,Approved
511415,115681,27/01/2019,Home,13600.32,Approved
503231,100934,2024-03-16,Home,-2592.76,Approved
511866,114154,09/01/2020,Auto,589.08,Approved
511585,104471,27/05/2020,Health,2130.65,Rejected
502484,108649,24/05/2026,Home,2193.68,Approved
508730,117050,2021-03-21,Life,6180.92,Approved
507319,108988,18-07-2023,Auto,1232.62,Approved
500952,110911,2025-09-02,Travel,275.76,Approved
511739,111454,28/05/2021,Home,7857.71,Under Review
514143,100419,2021-03-22,Home,2401.13,Pending
503409,102764,01/16/2021,Health,525.76,Rejected
505460,106700,06/21/2021,Life,5842.86,Approved
501718,115446,23/02/2021,Auto,1189.13,Pending
509460,106720,08-10-2023,Home,1011.61,Pending
510149,102135,2019-06-23,Home,6485.31,Under Review
504288,114872,2019-03-28,Auto,2104.48,Under Review
505662,105146,22/03/2022,Travel,296.57,Approved
511459,113929,22/11/2024,Home,1544.94,Approved
510744,115330,2019-06-10,Home,2323.75,Approved
505183,109010,09/28/2024,Home,3515.63,Under Review
503570,105437,2020-06-16,Health,283.2,Pending
502564,106405,06/03/2025,Auto,-1410.06,Approved
501146,114480,2025-08-06,Travel,626.14,Rejected
501937,111235,2021-01-09,Home,-2158.52,Rejected
512612,116211,06/10/2026,Health,776.31,Under Review
501031,100695,2024-10-02,Health,530.2,Rejected
503884,118263,04/17/2022,Health,316.98,Rejected
506277,105747,03/01/2024,Health,273.12,Approved
506597,112104,2023-10-04,Home,1768.57,Approved
512561,113767,12-07-2019,Health,317.44,Approved
507307,100684,11/03/2022,Life,12133.9,Approved
508184,109804,30-01-2026,Auto,788.71,Approved
503858,110711,12-03-2025,Auto,752.88,Approved
500096,112376,07/25/2022,Auto,992.51,Approved
513484,107052,08/08/2023,Travel,584.26,Pending
503130,104688,2023-11-28,Home,4309.1,Pending
502474,112806,11/08/2020,Health,607.22,Approved
503931,105297,28/06/2025,Life,8534.44,Rejected
502627,115413,02/04/2021,Health,1292.87,Approved
503773,100398,09/17/2023,Home,8550.02,Rejected
512083,115796,04/03/2022,Health,314.02,Under Review
502239,114992,2023-11-25,Health,541.1,Approved
510345,118054,03/06/2024,Health,283.2,Approved
504609,108763,2020-08-08,Auto,983.75,Under Review
505165,119668,10-05-2026,Home,4433.65,Rejected
504878,100005,2021-09-07,Auto,1986.2,Under Review
513203,101428,04/29/2026,Home,3985.88,Approved
503027,118776,01-04-2022,Life,4170.18,Rejected
508602,103061,26/04/2020,Travel,155.84,Under Review
502389,102522,02/06/2024,Home,1413.92,Rejected
511879,117808,10/11/2019,Health,105.52,Approved
501592,113953,2025-09-09,Auto,1232.19,Pending
502391,111354,15/10/2020,Auto,2970.9,Approved
503082,106586,2026-01-29,Auto,3714.14,Rejected
505205,117137,2026-03-21,Travel,870.82,Approved
512287,105119,16/06/2026,Health,797.72,Approved
510551,109142,26-01-2026,Home,2038.72,Pending
508233,118998,2022-04-21,Health,571.34,Approved
512857,119477,2023-03-29,Travel,292.6,Approved
514368,113456,17-11-2021,Travel,581.74,Approved
514803,111964,2025-08-07,Health,445.69,Approved
514738,108392,01-01-2019,Health,1519.84,Under Review
502901,113289,03-03-2019,Travel,360.49,Approved
504099,112196,04/13/2022,Life,12585.23,Under Review
512352,116199,2020-07-04,Home,1850.73,Pending
502540,117446,2024-04-27,Home,2025.96,Rejected
510483,112678,10/15/2023,Auto,5763.81,Approved
514683,120147,02/05/2026,Auto,2269.63,Approved
514471,114552,19-05-2023,Health,1119.28,Approved
507918,105873,2026-03-09,Auto,2510.62,Approved
506424,110873,28-06-2024,Home,5793.8,Under Review
512728,115072,04/12/2025,Auto,1595.45,Approved
512248,108003,07-05-2021,Travel,213.19,Under Review
504184,103761,2019-02-20,Travel,241.98,Approved
512496,109797,11-04-2022,Travel,860.97,Approved
502576,115539,15-03-2019,Home,1016.8,Approved
507058,112876,11/17/2022,Auto,803.21,Approved
509559,108638,14-07-2025,Home,1484.27,Approved
510007,119277,07/28/2019,Home,2805.14,Approved
509236,112454,11/18/2025,Auto,827.76,Approved
514179,118944,18/03/2021,Home,541.7,Approved
501281,112462,30/12/2021,Auto,1744.08,Rejected
505931,111236,17/09/2020,Home,998.34,Approved
507720,107573,16-11-2024,Home,4676.46,Approved
507091,101666,12/15/2020,Travel,,Approved
506532,108916,26-08-2026,Home,-2633.75,Under Review
506234,102417,13/12/2019,Auto,1838.3,Pending
508875,109166,2025-10-04,Health,265.8,Approved
506475,118798,2019-03-26,Travel,421.16,Under Review
508664,111930,12/05/2019,Health,744.73,Pending
506870,100414,17/10/2025,Auto,1177.56,Approved
500415,102325,2023-03-05,Travel,609.64,Approved
505514,107784,2022-07-20,Auto,1292.63,Approved
513349,111138,05/06/2024,Home,1687.1,Approved
500710,120298,29/04/2019,Health,487.25,Pending
506395,115426,2024-06-04,Travel,356.51,Rejected
503528,114780,2019-03-17,Travel,1863.22,Approved
502528,118208,2020-09-12,Auto,696.69,Approved
512292,107674,25-03-2022,Home,5271.99,Approved
510598,111113,24/12/2019,Travel,482.75,Approved
511893,105447,01/20/2023,Travel,496.09,Pending
502893,108141,10/03/2023,Health,1267.29,Approved
512497,114385,19-04-2019,Home,894.48,Rejected
514707,101678,01-01-2025,Auto,-2583.54,Approved
511576,115972,09/29/2025,Home,739.44,Rejected
510170,102838,20-08-2020,Auto,2504.98,Approved
504303,108550,2020-11-22,Health,3017.69,Rejected
504091,110268,05/07/2025,Health,1010.23,Approved
509774,110397,07/04/2022,Auto,2193.33,Approved
502888,117737,26/03/2019,Travel,199.19,Under Review
512153,114671,2024-07-22,Auto,2602.15,Approved
501523,119380,2020-01-15,Health,328.56,Approved
509971,104784,08/12/2026,Auto,3425.74,Approved
506734,106927,06/14/2019,Health,383.92,Rejected
513006,113537,18/03/2020,Home,5507.13,Under Review
501406,109565,10-11-2019,Auto,701.25,Approved
506298,109459,31/08/2026,Auto,942.34,Pending
508408,111880,2025-04-23,Auto,2472.67,Pending
511014,118671,17/09/2022,Auto,2153.53,Approved
510127,120104,28/12/2025,Home,3410.59,Pending
506436,118490,16-08-2020,Home,1452.15,Approved
501811,104059,05-05-2020,Health,547.35,Approved
512422,119478,29-05-2019,Home,1627.25,Approved
508803,100209,31/01/2019,Auto,615.99,Under Review
510977,109281,23-09-2020,Health,1824.54,Approved
513794,119682,2019-11-16,Auto,2209.32,Approved
506740,108422,29-08-2023,Home,2757.7,Rejected
509514,118258,07/04/2026,Auto,841.85,Approved
511058,102774,28/02/2021,Auto,472.65,Rejected
513628,112003,2020-07-31,Life,4380.64,Approved
504414,117707,09/21/2022,Auto,1233.22,Approved
501486,107107,24-12-2022,Health,613.52,Approved
507267,113753,08/10/2019,Auto,1057.6,Approved
509957,118560,16-02-2020,Auto,2338.32,Approved
500774,112920,07-07-2026,Home,2012.74,Rejected
501631,120434,08/15/2022,Health,1423.33,Approved
511325,102237,01/03/2026,Health,283.07,Under Review
505893,108977,17/01/2024,Auto,644.25,Approved
500469,111888,2020-11-24,Home,883.59,Pending
506945,103487,22-10-2022,Auto,1216.7,Approved
512127,118193,2021-11-29,Life,-11501.59,Under Review
506805,102924,12/04/2024,Home,3577.32,Rejected
512723,105845,04-08-2021,Travel,174.34,Under Review
510950,118059,06-09-2022,Home,2906.02,Approved
507013,115248,17/05/2023,Home,5605.03,Approved
509841,118144,18-11-2025,Health,153.66,Under Review
500598,118069,09/07/2019,Life,9367.35,Approved
506455,111946,2020-04-11,Home,799.07,Approved
508166,102997,09/09/2022,Auto,1040.65,Approved
506933,120496,10-11-2023,Home,1537.08,Rejected
501905,107751,04-01-2024,Home,4483.9,Approved
511140,119863,06/24/2022,Auto,512.21,Approved
510611,117631,12/05/2023,Auto,1109.9,Under Review
507530,113536,03-11-2020,Travel,490.86,Pending
507964,100372,06/18/2024,Health,766.53,Rejected
507268,113753,2025-01-13,Health,387.73,Approved
511400,109886,2026-05-04,Auto,4946.43,Pending
513697,104167,19-06-2021,Life,13780.13,Rejected
514663,115708,30/01/2020,Auto,541.45,Rejected
504441,104384,17/03/2025,Health,823.69,Pending
506510,115744,2020-11-16,Home,3971.08,Rejected
512868,111595,17-12-2019,Travel,147.17,Under Review
505775,109639,04/26/2026,Health,545.88,Pending
507476,113352,2019-12-31,Home,1191.46,Under Review
513359,112686,05/07/2026,Home,1352.89,Under Review
511225,119591,12/09/2022,Auto,901.83,Under Review
508515,103896,09/06/2019,Home,2273.18,Approved
508882,111095,2019-04-19,Life,5593.37,Rejected
502837,102966,2021-06-02,Home,1238.98,Approved
511639,106782,2022-08-14,Auto,497.42,Approved
507571,113663,11/11/2021,Auto,2163.69,Approved
503218,115473,06/01/2021,Life,3346.16,Approved
503573,120290,04/18/2023,Health,,Approved
503132,104688,05/20/2026,Home,966.53,Rejected
511620,114456,20-11-2024,Travel,301.99,Approved
503520,117402,2026-07-18,Travel,327.58,Approved
514689,100663,19/12/2024,Home,3199.79,Under Review
502588,104015,19-11-2023,Home,2881.22,Rejected
507917,104394,17/08/2025,Home,5717.83,Pending
506321,100908,03/15/2019,Auto,1895.15,Approved
503353,108008,2019-11-30,Life,11154.26,Approved
504308,107110,2023-12-17,Auto,2692.3,Approved
501758,120141,13-05-2023,Health,213.3,Approved
513424,107843,2026-03-13,Home,1789.53,Under Review
512613,116211,15/05/2021,Home,5349.91,Pending
500852,117877,04/08/2019,Health,584.87,Approved
501494,111604,29/07/2021,Home,2323.81,Approved
513724,112857,06/10/2021,Auto,2535.33,Approved
502464,105359,21-06-2024,Home,937.82,Approved
509417,102441,2025-09-05,Health,1012.17,Pending
509052,107447,2026-08-17,Home,3224.98,Rejected
507275,108209,2022-05-14,Home,2582.25,Rejected
506930,119141,04/08/2024,Auto,1140.9,Approved
512829,109342,26-04-2020,Health,726.99,Under Review
513106,101171,06/15/2025,Health,2199.99,Approved
509482,118342,03/04/2024,Home,3194.23,Approved
514685,103304,07/16/2023,Home,4415.17,Rejected
512640,105590,14/05/2023,Auto,2743.47,Under Review
500500,117378,2022-03-15,Health,1342.32,Pending
510349,118890,12/29/2023,Travel,175.66,Approved
514200,112941,05/13/2025,Life,19413.02,Approved
513347,102964,2021-11-11,Home,5374.31,Under Review
501046,112587,2024-07-25,Auto,3007.96,Approved
513402,109686,06/29/2026,Home,3967.37,Rejected
502633,114974,09/06/2021,Home,7830.6,Approved
510132,105839,01/27/2025,Auto,574.29,Under Review
512036,118415,26/07/2023,Home,2053.16,Approved
511169,110857,06/05/2021,Home,4082.26,Approved
504671,100800,2024-04-01,Auto,668.47,Pending
511635,107905,07-11-2023,Auto,1883.29,Approved
508314,117537,2022-04-14,Life,33842.91,Rejected
509953,112126,2022-06-20,Travel,199.91,Pending
505723,119237,2022-05-30,Health,998.31,Pending
500777,119043,2023-10-24,Travel,603.34,Under Review
513363,107693,11/10/2024,Home,5612.36,Rejected
510649,113044,2023-03-11,Health,1322.06,Approved
504739,106750,07/27/2026,Home,3595.51,Approved
504019,117390,2023-12-23,Travel,,Pending
501194,106134,11/16/2024,Life,10559.84,Under Review
511804,113255,06/15/2019,Home,2722.78,Approved
500051,104110,18-06-2023,Health,1141.79,Approved
505556,104801,01-09-2024,Travel,448.54,Under Review
502304,113980,25-03-2026,Travel,150.76,Approved
507606,107034,11/27/2023,Home,894.35,Rejected
506959,112776,10/07/2025,Home,1971.65,Approved
507936,107377,18/06/2021,Auto,1123.83,Approved
501113,104400,10/10/2021,Life,4269.62,Pending
502982,103595,2023-09-15,Health,2875.68,Approved
500656,118243,05/02/2026,Auto,1055.0,Pending
503254,106311,02/04/2025,Travel,208.68,Pending
508005,115234,06/22/2019,Home,4298.58,Rejected
501187,114617,14-06-2022,Travel,107.65,Approved
503702,104315,04/12/2021,Life,5828.01,Under Review
512628,105738,01/07/2023,Travel,401.61,Approved
514220,105560,05/08/2023,Home,946.41,Approved
500565,104153,04-09-2020,Auto,2363.15,Pending
504118,103865,05/22/2021,Home,4632.16,Approved
509100,117237,10-12-2022,Health,1710.51,Under Review
500840,100322,27-10-2024,Health,910.85,Rejected
503888,112442,25/03/2021,Auto,-1207.18,Approved
501642,116568,21/08/2023,Home,727.04,Approved
508487,112437,02-03-2020,Home,4604.8,Approved
513946,115507,20-04-2022,Home,3418.43,Approved
508457,105263,09-03-2026,Home,-3722.8,Approved
502666,108631,15/08/2025,Health,677.63,Approved
501972,103710,22/07/2022,Auto,610.45,Under Review
514641,101802,07/01/2025,Life,13203.42,Under Review
508628,108401,08-12-2023,Auto,3123.43,Approved
501149,120119,27-04-2020,Auto,2166.43,Under Review
504092,108629,26/11/2022,Health,619.74,Pending
510297,113494,05/11/2025,Health,-599.39,Under Review
500765,104032,20-07-2020,Life,11341.75,Pending
510495,111112,01/04/2025,Home,7082.29,Approved
510934,101366,22/03/2025,Travel,581.92,Under Review
514224,114309,2021-10-18,Auto,1471.48,Under Review
503872,103693,17/05/2023,Home,3743.61,Rejected
505584,115936,2021-02-28,Auto,1112.49,Approved
508823,110606,05/15/2026,Health,185.02,Under Review
502620,116782,10-06-2019,Auto,403.34,Under Review
509373,108793,13/02/2021,Travel,898.55,Rejected
503026,105996,01/18/2023,Health,2052.06,Rejected
510894,113743,06/25/2020,Life,7848.83,Rejected
504102,115405,21-03-2025,Auto,-1544.41,Rejected
513470,120299,06/24/2026,Auto,1135.73,Approved
511217,102657,19-08-2024,Home,4385.62,Rejected
507201,119747,03/04/2024,Home,3333.62,Rejected
505667,116836,07/12/2022,Auto,-1629.83,Under Review
512231,102187,23/07/2020,Home,942.27,Approved
511368,116379,06/06/2025,Life,5453.17,Approved
502685,103302,07/29/2020,Auto,1204.93,Rejected
509360,118912,07-08-2024,Travel,133.66,Pending
514554,108716,19/01/2019,Auto,890.55,Approved
506794,101414,15-03-2019,Health,702.87,Approved
500911,104774,31/12/2021,Home,2033.19,Approved
508104,119466,2020-10-14,Auto,1765.28,Approved
512697,108605,11/16/2024,Home,1212.22,Rejected
507053,105957,2022-08-06,Home,3595.0,Approved
501345,120461,15/01/2026,Life,4070.67,Pending
501444,116684,20/04/2022,Home,2904.37,Approved
510056,120388,04/08/2019,Auto,1614.24,Approved
503499,111520,2021-10-05,Auto,1103.59,Approved
508398,112044,02/08/2020,Life,4905.07,Under Review
505035,110961,08/03/2024,Home,988.24,Approved
505736,115032,27-10-2021,Health,-1414.14,Rejected
502422,102830,05/12/2019,Auto,1447.1,Rejected
504881,112321,2020-09-25,Health,775.46,Under Review
502732,108416,09/02/2023,Health,2004.17,Approved
500080,116847,2026-01-16,Home,14283.97,Rejected
504217,112970,25/09/2021,Home,1465.54,Approved
513350,111138,03/10/2023,Travel,422.71,Under Review
510436,119576,08/02/2022,Health,544.92,Under Review
504705,109418,11/19/2021,Home,1662.58,Approved
510291,105253,09/11/2019,Home,1750.01,Approved
511766,118185,02/14/2022,Home,1720.64,Approved
506661,106057,2020-12-23,Health,1773.0,Pending
504871,102606,2021-10-06,Health,794.52,Rejected
501572,112073,12/01/2020,Auto,1076.76,Approved
512958,110096,09/02/2025,Auto,1381.05,Rejected
500879,108760,2025-01-14,Health,-609.74,Rejected
501578,117357,12/01/2019,Home,2639.02,Rejected
508892,110306,11/14/2025,Home,-4223.32,Approved
501509,103522,30/10/2019,Life,5343.92,Rejected
501896,117155,04-07-2021,Auto,931.36,Under Review
508916,118682,28/04/2019,Auto,666.9,Approved
504112,113730,26-04-2020,Health,798.89,Under Review
508446,114734,16-02-2023,Auto,3309.92,Rejected
501845,118686,09-02-2023,Home,,Approved
504896,116039,17-12-2020,Life,9306.93,Rejected
505279,112529,2024-07-30,Auto,1739.96,Under Review
509543,100229,20/01/2024,Auto,1230.62,Rejected
508119,114240,2025-10-24,Auto,1086.05,Under Review
506392,108674,11/01/2024,Home,774.07,Pending
505396,105375,07/01/2026,Home,1688.94,Rejected
513853,102033,2024-04-20,Health,688.97,Approved
513095,105432,12/23/2025,Health,729.02,Under Review
507388,112842,12/05/2022,Auto,1467.84,Approved
514072,116920,04/04/2024,Auto,3082.71,Approved
508878,113764,2024-03-31,Travel,331.92,Pending
505800,118067,2022-09-15,Travel,499.4,Approved
503614,104304,06/10/2024,Health,462.45,Pending
502108,110522,2021-11-10,Life,8354.92,Under Review
514124,118755,13-03-2024,Auto,6274.82,Pending
511257,103144,08-02-2025,Health,852.09,Approved
506071,114623,15/04/2025,Auto,1420.86,Approved
508239,114368,03-02-2026,Life,-8626.55,Pending
507585,114864,16/10/2019,Health,2343.78,Approved
511054,103124,06/06/2021,Health,1869.03,Pending
513632,118096,25-12-2020,Health,506.82,Approved
504984,111576,17-02-2026,Auto,3372.6,Rejected
513172,105093,08/06/2020,Life,11667.77,Approved
508409,116305,27-10-2020,Auto,1309.96,Under Review
506803,102924,2022-11-18,Auto,1905.29,Approved
512816,106990,30/09/2022,Health,616.36,Approved
504325,103198,09/17/2024,Home,13117.07,Approved
503219,115473,11/03/2020,Home,2186.02,Approved
510129,116463,2025-11-05,Auto,1605.32,Under Review
506388,113501,10/31/2022,Auto,965.84,Approved
506860,114310,03/08/2022,Auto,2049.93,Under Review
501193,114095,2019-02-25,Auto,1298.33,Under Review
500045,112250,2022-11-20,Auto,4251.71,Approved
506422,105715,03/26/2019,Home,5361.72,Under Review
500976,113864,09-11-2020,Auto,4050.24,Approved
504540,103657,13/08/2023,Auto,1165.39,Pending
502963,115763,2026-02-11,Auto,1584.84,Pending
501584,101430,14-09-2019,Life,10146.2,Approved
509617,102833,21-10-2022,Auto,673.3,Approved
504515,100008,06-03-2026,Home,1160.95,Rejected
513090,101753,03/28/2024,Auto,689.4,Rejected
509676,111878,2019-07-25,Auto,3542.43,Rejected
501975,109698,2024-07-30,Home,3247.44,Approved
503912,109978,2019-08-31,Life,4095.62,Approved
509785,105027,07/05/2024,Health,498.46,Pending
509981,109118,10/11/2020,Health,959.91,Approved
504411,102919,29-06-2021,Auto,1108.53,Under Review
512827,105624,2022-05-05,Home,2848.29,Approved
506730,107098,07-09-2025,Auto,1118.49,Rejected
512620,111992,02/01/2019,Health,562.55,Approved
509932,104150,2020-12-08,Auto,1402.7,Approved
511644,102971,27/01/2022,Health,,Approved
504688,103387,24/04/2023,Home,2372.06,Approved
502840,108658,03/01/2019,Auto,781.7,Rejected
511050,111514,08-02-2025,Travel,199.19,Approved
508054,105985,07-05-2025,Auto,1035.51,Rejected
508585,119859,20/06/2021,Auto,1090.13,Approved
506187,110049,2021-11-09,Health,2292.34,Pending
504787,106954,2025-03-30,Home,7443.85,Approved
509213,111980,03/19/2020,Life,6816.64,Pending
509594,110367,18-08-2025,Home,4245.19,Rejected
512416,118934,25-11-2020,Auto,2405.0,Approved
511293,102575,26-06-2020,Auto,698.31,Approved
513041,106710,29-09-2023,Home,2442.09,Pending
512132,116386,19-11-2024,Health,532.48,Approved
500037,101962,03/08/2025,Home,1946.26,Rejected
500576,117791,23-03-2020,Life,11430.5,Rejected
505743,116752,17/10/2023,Auto,1927.17,Approved
503988,106051,01/30/2022,Home,2485.95,Approved
500713,108766,04/14/2026,Health,344.89,Pending
514366,115444,03/08/2020,Life,6418.76,Rejected
507937,103036,05/05/2025,Travel,367.74,Rejected
508231,100349,22/03/2020,Home,1790.78,Approved
502335,105483,2022-03-10,Travel,107.22,Approved
513886,102667,2021-06-15,Auto,675.54,Approved
504420,108573,17-07-2020,Life,9249.99,Approved
510654,109112,18/07/2021,Health,452.94,Approved
507093,106857,06-03-2021,Travel,413.48,Pending
500881,117202,09/17/2019,Home,7110.84,Under Review
500567,106926,05/03/2020,Health,239.08,Approved
507300,109255,28-04-2020,Home,3518.41,Approved
504963,101583,24/11/2020,Health,865.06,Approved
502245,109150,2019-03-03,Life,2667.97,Approved
508163,100329,07-07-2025,Auto,1533.66,Pending
504165,100183,30/08/2020,Health,768.13,Approved
508066,118080,06/11/2025,Travel,336.13,Pending
507791,116375,2025-10-27,Auto,1923.85,Approved
510043,102637,2025-03-30,Life,3327.48,Approved
513298,104798,18-04-2019,Travel,155.67,Under Review
500239,112630,30-11-2019,Home,3261.32,Rejected
508761,111133,11/19/2019,Home,1347.89,Approved
511724,117431,2023-01-19,Life,23061.74,Rejected
513861,107069,07/22/2023,Health,229.93,Approved
501597,114401,2025-07-08,Health,259.77,Approved
509638,106065,29-03-2021,Life,13836.72,Approved
510722,113638,01/16/2025,Auto,6024.01,Approved
501901,108142,22/08/2020,Auto,2746.88,Approved
501180,119596,11/11/2022,Health,469.87,Approved
512974,116013,26-06-2025,Auto,8012.99,Approved
507507,103082,11/20/2023,Auto,860.59,Pending
503006,106874,2021-08-01,Home,2740.04,Pending
511031,118598,07/11/2021,Auto,3601.56,Pending
502781,107816,25-01-2020,Health,731.23,Under Review
509532,108450,04/19/2019,Auto,1539.25,Rejected
510165,108534,22/12/2020,Home,1770.07,Approved
514022,109503,10/14/2023,Health,412.63,Approved
506011,119298,2025-01-26,Health,1711.92,Approved
507145,116875,06/24/2026,Auto,911.75,Rejected
508824,110606,2021-04-18,Home,3177.78,Approved
502829,114724,26-01-2020,Health,128.62,Rejected
513874,100545,15/06/2024,Auto,822.21,Rejected
510604,110298,10/05/2023,Home,920.93,Approved
513652,118311,02/08/2025,Auto,2053.44,Rejected
510371,111049,04/29/2019,Auto,962.5,Under Review
504219,102471,26/07/2022,Auto,3765.17,Approved
507107,114795,29/01/2023,Auto,1088.83,Approved
512812,119367,2024-05-27,Auto,3628.04,Approved
510525,111740,04/10/2020,Travel,325.28,Under Review
510020,116913,11/16/2023,Life,6869.24,Approved
503413,114983,12/11/2023,Home,3681.11,Approved
513911,112254,24-06-2020,Auto,2833.58,Pending
500906,100031,08/25/2025,Home,2166.46,Approved
507105,116978,24-02-2023,Auto,1626.57,Approved
503693,103411,05-09-2020,Home,6111.98,Approved
513882,108230,24-07-2026,Health,1052.34,Pending
503118,113020,07/02/2026,Home,1384.58,Rejected
512471,118488,21-04-2026,Auto,1506.45,Approved
510536,107325,28/06/2022,Auto,1725.73,Approved
514293,120451,11/17/2025,Auto,2123.32,Pending
513544,115504,01-09-2020,Health,156.51,Approved
505372,114984,2025-12-13,Auto,1209.47,Approved
511061,106559,15/09/2025,Auto,1145.4,Rejected
511210,112615,11-11-2022,Home,2883.26,Under Review
509282,118748,2021-10-28,Life,12127.64,Approved
500295,105809,14/02/2019,Auto,1252.64,Under Review
509742,107419,22/11/2022,Home,1616.63,Approved
501785,109445,08/06/2020,Home,4225.25,Rejected
504382,104554,31-07-2022,Auto,2306.12,Approved
509887,117673,13-08-2020,Home,3592.6,Under Review
506590,108217,22-04-2020,Health,277.88,Approved
501284,111917,13-05-2020,Auto,3098.12,Approved
509478,114521,05/27/2022,Auto,1518.47,Approved
513813,110874,14/12/2022,Auto,590.98,Approved
512637,115649,20-07-2023,Auto,2861.17,Approved
504454,112548,10/03/2025,Health,656.92,Approved
514475,105073,2025-11-22,Life,9280.06,Pending
500549,103941,18/03/2026,Health,1244.24,Rejected
512177,108640,2026-02-03,Travel,196.01,Approved
514035,110093,08/13/2019,Home,3880.35,Rejected
503574,110648,30-09-2019,Health,400.18,Approved
506270,114793,01/29/2024,Auto,1331.43,Under Review
504352,115606,21/06/2025,Home,4155.62,Rejected
512305,101271,2020-08-08,Auto,762.16,Approved
502648,112395,2023-11-12,Home,5207.13,Approved
502586,104955,08/27/2023,Life,8871.14,Rejected
511075,101473,2023-02-07,Life,6551.61,Approved
503160,113795,2021-02-14,Auto,1490.18,Approved
511891,117249,2023-10-23,Travel,90.29,Approved
503182,109938,19-03-2023,Auto,675.01,Rejected
503480,108939,08/14/2019,Home,3604.26,Rejected
502377,108786,2021-02-20,Auto,1070.6,Rejected
502215,109535,23/09/2019,Health,371.91,Pending
506913,105828,12-03-2024,Home,,Approved
507459,100952,06/02/2023,Auto,1375.1,Approved
513635,106675,2020-04-20,Health,338.41,Pending
509173,102544,12-03-2024,Home,1071.53,Approved
509982,100246,2025-04-24,Home,4975.38,Approved
511079,113009,22-06-2026,Health,361.01,Pending
505665,120342,08-08-2025,Life,,Rejected
512078,106718,11/14/2025,Health,1332.97,Approved
513555,107519,2026-08-08,Auto,2182.89,Approved
511084,100171,06-04-2024,Home,2175.6,Approved
505098,104851,13-08-2019,Home,9713.9,Approved
511269,110948,26-03-2026,Travel,462.67,Approved
508129,106791,01/06/2022,Home,3576.27,Approved
514559,118225,02/08/2025,Auto,955.26,Pending
508528,109638,20/06/2021,Auto,2505.72,Approved
510194,107557,2019-10-22,Health,255.79,Approved
512269,112013,09-06-2021,Health,1166.59,Approved
510379,119869,2021-04-22,Health,1539.13,Approved
501613,117848,03/13/2022,Auto,1050.55,Rejected
508450,107233,2021-12-14,Health,1077.8,Under Review
511987,115160,11/08/2026,Health,374.74,Approved
507907,104537,2023-09-23,Health,824.03,Rejected
507516,113060,2026-08-08,Home,3994.43,Under Review
502015,118930,26/04/2020,Life,10782.28,Approved
510496,110891,09-02-2026,Auto,2267.78,Approved
506315,117510,09/22/2024,Auto,3120.49,Approved
506341,111666,2019-06-01,Health,794.07,Approved
506418,106156,11/02/2020,Auto,1472.07,Approved
502981,104609,2026-01-11,Auto,874.24,Approved
509616,102833,2025-02-13,Home,3610.8,Approved
509060,110939,2020-11-07,Auto,1462.43,Pending
513059,109369,14/09/2019,Auto,1332.3,Approved
500243,101433,23/11/2025,Home,2252.27,Approved
505012,116645,05/12/2025,Health,618.13,Approved
500106,102127,10/01/2024,Home,1589.4,Rejected
513779,112713,2026-01-09,Health,1114.48,Approved
514167,119282,01-01-2023,Auto,540.84,Rejected
513219,101724,2021-11-24,Life,8125.63,Approved
513715,103380,10/06/2025,Home,6654.69,Under Review
513264,110759,04-06-2022,Auto,2064.11,Under Review
509372,101620,06-10-2023,Auto,1099.77,Under Review
513331,112168,09/23/2021,Health,221.42,Approved
509855,105303,2026-02-26,Health,315.42,Approved
504605,114786,05/09/2022,Life,4300.06,Approved
507921,115558,2023-05-29,Travel,139.7,Rejected
505964,108689,17-07-2023,Life,29706.76,Approved
509511,105785,2024-08-23,Auto,7231.77,Approved
503960,105597,01-08-2020,Home,909.98,Approved
503873,103995,2025-11-27,Health,599.7,Approved
509069,119923,07/22/2023,Health,1580.5,Approved
506347,117805,13-06-2026,Home,2427.72,Approved
511146,114524,13/11/2020,Auto,535.5,Rejected
505749,100772,18/07/2026,Health,671.34,Rejected
506387,107004,2019-11-06,Life,5188.16,Rejected
509657,105235,12/01/2025,Health,739.3,Approved
511247,116997,01/04/2024,Travel,245.24,Approved
513045,119563,2019-06-07,Auto,5367.2,Rejected
510607,110364,12/04/2023,Auto,3123.02,Rejected
500029,110030,29/07/2020,Auto,811.58,Pending
502801,112324,04-02-2020,Life,17990.44,Approved
507514,106883,09-08-2021,Life,5377.22,Approved
501598,114401,10/08/2024,Life,6944.33,Approved
502922,115695,05-09-2025,Health,232.75,Under Review
504664,100981,23/03/2022,Health,111.64,Approved
512818,117858,2021-01-22,Health,2200.24,Under Review
514174,108007,12/10/2023,Travel,202.12,Approved
506454,104889,2025-12-22,Auto,1321.72,Under Review
501245,113061,05-03-2019,Home,1827.23,Approved
513487,111371,2023-10-27,Home,1657.68,Approved
504053,114833,29-12-2025,Health,2691.92,Rejected
514521,101081,2019-03-19,Auto,4316.3,Approved
504412,103501,28-08-2020,Life,12763.28,Approved
500108,103421,18/01/2026,Health,1468.46,Rejected
506955,118395,20-04-2019,Health,,Under Review
512870,111431,03/10/2019,Health,378.26,Rejected
507457,117889,25-09-2020,Auto,1609.97,Rejected
511202,106502,26-10-2023,Health,915.55,Rejected
507146,109855,26-06-2021,Health,766.8,Under Review
506000,104604,18/07/2022,Health,714.96,Pending
508651,102908,06/08/2023,Home,2644.1,Rejected
504394,105761,11-06-2025,Travel,464.58,Approved
512252,107352,02/25/2020,Home,876.84,Rejected
514008,117692,02/26/2026,Home,1174.92,Pending
510570,115511,15-07-2021,Auto,844.61,Under Review
510035,108613,13/11/2024,Life,8944.52,Approved
504348,117207,19/04/2020,Life,11205.88,Approved
506075,112786,2020-08-21,Travel,786.86,Approved
505228,112300,17/08/2019,Auto,3165.78,Pending
508372,105389,2025-11-11,Auto,2551.04,Rejected
507229,107388,05/12/2021,Auto,544.1,Under Review
511370,109615,31-12-2023,Travel,356.84,Rejected
504981,100219,12-03-2023,Travel,102.77,Approved
510164,108534,14-06-2023,Auto,1412.53,Approved
506343,104364,28-05-2024,Home,979.85,Approved
500973,103958,01/31/2026,Home,2992.4,Approved
514511,116964,29/03/2024,Travel,115.16,Approved
504299,119706,2025-09-03,Home,1928.98,Approved
504999,104665,2019-01-29,Auto,1456.25,Rejected
503653,110765,04/29/2023,Travel,224.33,Approved
512102,106410,06/15/2022,Auto,1528.55,Approved
508949,104636,09/03/2019,Auto,1687.36,Approved
503088,118642,2020-09-14,Auto,3072.18,Rejected
505434,103953,27-09-2019,Auto,416.78,Approved
505639,107138,07/06/2023,Health,632.69,Approved
505382,111132,07/08/2023,Travel,593.94,Under Review
508830,109957,01-04-2025,Life,-9147.83,Pending
506018,105924,10-08-2022,Travel,361.22,Rejected
500010,116141,2026-03-15,Health,746.85,Pending
502647,113334,10-10-2022,Home,2912.46,Approved
511752,105898,04/11/2019,Auto,603.18,Approved
501426,113085,14-07-2025,Life,11604.63,Pending
512066,102378,13/08/2023,Life,3186.43,Approved
503265,108270,02/26/2023,Life,25920.33,Approved
511731,106509,2023-05-26,Auto,1609.65,Approved
511908,116732,02/03/2021,Life,9208.01,Pending
508416,105260,12/26/2022,Travel,385.97,Rejected
509624,103932,08/30/2026,Travel,611.02,Pending
501215,102300,12/28/2025,Auto,1796.37,Approved
511709,107023,2024-03-15,Health,-636.18,Approved
513847,110426,10/19/2021,Auto,857.06,Approved
508156,103621,2019-03-17,Auto,1148.71,Approved
509197,110189,2025-04-04,Travel,300.32,Pending
508267,112406,08/20/2025,Travel,117.49,Rejected
500323,102305,31/05/2026,Health,876.57,Under Review
501344,113151,2021-07-14,Life,2174.97,Approved
504457,108870,22-12-2019,Home,2516.28,Approved
512134,100634,06/02/2020,Health,2577.57,Under Review
500909,109250,20-09-2022,Health,906.19,Pending
510113,111137,16/08/2021,Travel,275.21,Approved
503399,116534,17-08-2024,Travel,629.65,Rejected
500496,108182,11/09/2023,Home,1532.19,Approved
512125,115240,03-12-2023,Home,4823.15,Approved
514515,112775,09/07/2021,Auto,1022.31,Approved
514619,102869,02-10-2025,Travel,138.8,Approved
512227,113622,2020-10-13,Auto,,Approved
512769,103236,2025-11-10,Home,7241.17,Pending
503470,115245,12/05/2026,Health,1005.27,Pending
513126,104998,2024-10-19,Auto,1434.51,Approved
506824,106277,2022-07-29,Home,3966.69,Approved
504365,103902,03-03-2024,Auto,4337.47,Rejected
510328,102506,06/03/2025,Health,1502.9,Approved
501195,120211,17-07-2023,Health,573.32,Under Review
512552,105243,02/12/2026,Life,17525.53,Pending
501423,109808,10/22/2025,Home,8841.0,Approved
512682,107355,13/12/2023,Travel,1011.53,Under Review
500256,110508,14/11/2019,Auto,5168.13,Rejected
512598,114609,2019-12-24,Home,10430.07,Rejected
509044,116296,04/11/2025,Auto,3228.37,Approved
500288,102214,02/06/2025,Life,5515.12,Approved
511582,105956,2021-06-12,Home,443.94,Approved
506551,104969,2019-12-26,Travel,250.57,Approved
508550,116810,2022-04-07,Health,1180.43,Rejected
510061,104711,2022-07-15,Life,7834.44,Under Review
508419,116537,08/24/2022,Auto,465.54,Approved
504484,101327,14-07-2023,Auto,846.51,Pending
512939,115432,25/01/2023,Auto,645.93,Approved
505564,107782,14/11/2021,Health,2776.5,Approved
512089,100857,30-04-2021,Auto,2812.28,Rejected
501232,103482,2021-07-09,Auto,742.66,Approved
506904,102507,05/03/2021,Home,917.07,Approved
514719,100206,2019-02-22,Auto,501.62,Approved
502675,115776,06/07/2022,Travel,193.3,Under Review
501112,104400,19-01-2025,Auto,1457.68,Pending
509837,102810,2025-04-26,Auto,3811.2,Rejected
513636,112803,19/09/2021,Auto,2997.74,Rejected
500267,114540,2019-03-24,Life,9130.0,Approved
510710,116354,03/02/2022,Home,3471.52,Under Review
506473,118798,02/03/2021,Auto,317.03,Approved
507711,101359,01/10/2024,Auto,1799.27,Approved
510269,103364,29-01-2024,Health,2165.26,Rejected
510292,111819,11-11-2019,Auto,1616.29,Pending
503048,117306,13-09-2022,Home,2425.24,Pending
506143,119928,30-11-2023,Health,5615.43,Rejected
511547,111690,27/10/2022,Auto,3754.42,Approved
501379,120112,23-05-2022,Home,1487.93,Under Review
505169,104685,03/08/2022,Home,3754.68,Approved
511489,117865,2025-03-27,Health,600.06,Approved
506105,119353,01-01-2026,Health,1293.66,Pending
504759,114907,19/11/2022,Travel,279.89,Pending
509548,103007,28-10-2022,Auto,830.65,Approved
505479,107070,2019-10-27,Auto,843.58,Approved
512484,104444,12/20/2025,Home,3842.35,Approved
503790,104885,08-06-2022,Travel,233.86,Approved
500620,105928,02/13/2022,Life,17212.18,Approved
500652,114442,2025-05-28,Health,317.21,Rejected
513409,118978,29/10/2020,Travel,156.68,Pending
514766,107989,24-04-2021,Life,11020.47,Approved
503473,115292,03/01/2020,Health,581.5,Approved
513602,110831,01/20/2020,Health,426.65,Approved
505640,107931,2023-05-05,Auto,1155.19,Approved
512488,112424,2022-12-31,Auto,1628.11,Approved
506247,111507,04-01-2022,Auto,1118.93,Approved
511719,120045,02/23/2023,Auto,1323.61,Approved
502516,112475,23/07/2025,Life,-6920.02,Approved
507342,112412,2025-05-07,Auto,1064.1,Approved
511450,104042,02/06/2026,Auto,720.05,Approved
512343,106043,04/01/2023,Life,5736.5,Approved
513265,110759,13/11/2021,Auto,1247.59,Approved
508203,114740,2025-05-13,Home,1160.86,Approved
510762,111278,02/11/2023,Home,1932.68,Approved
506765,105837,2021-03-15,Health,303.33,Approved
503603,103234,01/09/2025,Home,1607.47,Approved
512501,118678,29/06/2021,Auto,2074.95,Approved
514210,106469,12/30/2024,Health,610.83,Rejected
505436,100791,2020-10-26,Home,1731.62,Approved
513074,110849,22/10/2023,Life,10459.42,Under Review
501506,103222,19/02/2025,Home,1554.06,Rejected
512450,108275,2024-12-21,Home,3472.95,Under Review
512959,110096,08/12/2022,Travel,1175.45,Approved
510671,109216,31/05/2020,Life,8921.9,Approved
510897,113614,2024-12-25,Home,3860.14,Approved
513398,110060,31-03-2019,Auto,718.71,Rejected
514762,112990,09-07-2023,Auto,2300.23,Approved
514584,102975,26/10/2019,Health,2115.19,Approved
500730,120040,09/06/2022,Auto,3427.42,Under Review
509681,109026,2020-06-04,Home,1262.98,Rejected
513092,101753,22/07/2024,Home,5863.53,Approved
506096,113812,02-07-2023,Travel,232.11,Approved
513672,103041,01/07/2021,Home,1976.9,Approved
501745,113989,21/04/2023,Life,12007.63,Under Review
503853,119187,2026-08-04,Health,971.03,Rejected
509627,118086,04-08-2024,Home,3229.75,Approved
514593,108208,12/09/2020,Auto,509.86,Under Review
502709,107359,01/19/2021,Health,981.07,Approved
506750,107644,26/11/2022,Health,-76.57,Approved
503388,109995,23/11/2024,Health,294.06,Approved
507074,100081,24/06/2021,Travel,210.99,Rejected
511919,100269,2024-10-16,Auto,2069.21,Approved
505152,100027,27-03-2020,Auto,986.02,Approved
513231,110736,12/03/2020,Auto,2263.43,Approved
508294,107062,08-05-2023,Home,2170.57,Approved
503126,111335,2024-08-11,Health,487.91,Rejected
501156,106245,11/07/2024,Life,2313.84,Approved
509799,113457,08-09-2019,Auto,1320.64,Approved
500032,106141,21/10/2025,Home,1368.91,Approved
510094,110783,2022-07-14,Auto,5160.71,Approved
511599,100075,26-08-2020,Auto,1700.34,Approved
501336,101258,2021-03-03,Health,178.07,Approved
513493,106894,30/06/2025,Life,7549.36,Rejected
505333,100831,05/22/2025,Health,1094.2,Rejected
512807,107835,2025-11-15,Life,6085.09,Rejected
508802,100233,05/16/2024,Auto,586.43,Approved
501610,119966,01/07/2019,Auto,977.69,Approved
500939,104291,29-10-2024,Auto,608.8,Pending
505359,106538,26/02/2024,Auto,1846.64,Approved
504023,119551,08/10/2021,Auto,1514.03,Approved
508686,119688,02/02/2020,Home,2135.49,Approved
506224,106931,02/08/2019,Home,-742.5,Pending
514084,103417,2025-09-02,Health,1143.5,Approved
500745,101328,09/10/2025,Auto,2735.7,Rejected
504083,112831,24-07-2024,Health,2559.87,Approved
506877,106333,14-02-2020,Auto,1974.36,Rejected
502877,107936,2019-05-02,Auto,270.78,Approved
512453,118570,31-01-2026,Auto,2650.14,Under Review
504701,101748,06/28/2024,Home,3447.03,Approved
501741,104740,26-02-2020,Health,266.92,Rejected
509248,102926,10-04-2024,Auto,1173.58,Approved
502651,102498,07/05/2022,Auto,1376.99,Approved
505642,104721,22-04-2023,Home,3915.21,Under Review
503002,114760,12/24/2023,Life,13113.1,Rejected
501821,109668,2024-04-07,Home,7441.2,Approved
508683,116440,2024-02-23,Health,693.6,Rejected
501330,115192,2023-11-18,Home,1728.1,Under Review
512152,106773,08-04-2024,Life,11533.89,Approved
500957,120437,05/07/2020,Auto,4761.98,Approved
502110,104989,06-10-2020,Health,796.72,Approved
511681,119586,01/04/2024,Auto,1176.33,Pending
504691,103813,07/11/2025,Health,1444.39,Rejected
501660,111997,12/15/2022,Auto,4284.31,Rejected
506867,101878,31-07-2025,Auto,830.37,Approved
506108,112027,02/20/2026,Travel,170.15,Approved
513315,105693,08/08/2025,Auto,941.75,Rejected
500655,118243,2021-08-09,Home,1862.12,Rejected
512011,101319,17/12/2024,Life,19411.62,Approved
510776,110937,12/07/2022,Health,2946.33,Approved
513942,101762,2025-10-19,Auto,831.02,Approved
507944,107464,03-11-2019,Health,899.03,Approved
511059,102774,11/07/2021,Home,1657.97,Approved
505762,117567,15/04/2025,Travel,693.77,Under Review
502199,116908,09/07/2022,Auto,4521.84,Under Review
502960,113961,2019-08-14,Home,954.09,Pending
504640,114919,06/11/2020,Auto,-3020.31,Rejected
513940,106122,2019-11-15,Home,-2837.44,Under Review
513003,103348,08/01/2026,Life,12802.1,Approved
511392,109943,31-08-2021,Health,1359.0,Under Review
510463,120283,2021-02-25,Health,274.16,Approved
505090,119849,2022-07-20,Life,9473.56,Under Review
501405,109565,15/05/2021,Home,6328.25,Rejected
507729,120077,12/20/2020,Health,257.62,Approved
502625,115413,02-08-2024,Auto,-1112.76,Pending
512884,117709,26-06-2020,Auto,1085.74,Approved
507073,100761,06/03/2026,Home,2187.11,Approved
505156,114768,11/30/2023,Health,1791.24,Pending
504952,112042,2019-10-27,Home,4501.7,Approved
503148,104245,27/10/2019,Home,1383.87,Pending
511278,112188,17-06-2020,Health,510.83,Pending
502873,112339,2024-04-10,Home,3187.32,Rejected
503916,113670,12/17/2021,Home,1677.99,Approved
505444,107017,24/08/2026,Auto,1073.0,Rejected
510951,117277,2021-09-11,Home,5451.41,Approved
512704,108448,08/06/2020,Home,1009.6,Approved
507991,114960,12/11/2019,Life,15635.05,Approved
500076,118352,05-10-2020,Home,2390.81,Pending
514599,107996,23-04-2022,Life,6044.91,Pending
508953,117607,15-06-2022,Health,446.92,Approved
513890,119426,09-05-2022,Life,9925.66,Approved
504947,115842,04/24/2019,Auto,3770.5,Approved
507793,110969,30-04-2020,Home,6775.42,Rejected
502260,110212,2025-04-02,Life,7750.52,Approved
501775,120059,2019-12-08,Auto,1817.99,Approved
509180,118042,2024-01-13,Home,1670.44,Rejected
508197,120392,04/11/2019,Health,570.16,Pending
500093,101747,06-06-2019,Auto,3790.24,Approved
514429,111714,16/02/2021,Auto,1241.4,Rejected
504007,114408,12/02/2020,Auto,2389.71,Approved
512380,119983,28-10-2020,Auto,2178.75,Approved
508847,107460,03/15/2024,Health,766.9,Pending
506505,111301,06/25/2019,Auto,5962.34,Under Review
504810,112691,2019-01-28,Life,5158.09,Approved
503181,109683,06/04/2024,Home,4306.47,Rejected
510812,118947,11/12/2022,Auto,,Approved
501076,110549,01/30/2022,Home,16498.56,Approved
502338,115076,05/03/2022,Health,675.3,Approved
507946,107464,06/20/2025,Home,1795.46,Approved
501885,108604,03/05/2025,Home,5947.89,Approved
505888,109389,2020-01-13,Health,572.82,Under Review
509849,102248,07/21/2024,Auto,1958.94,Pending
504323,119509,2026-08-12,Health,426.87,Approved
504949,102613,2021-07-15,Auto,3379.55,Under Review
505836,104139,2022-09-27,Life,11977.07,Rejected
511508,111228,04/06/2025,Home,5954.71,Approved
507838,102648,08/16/2024,Auto,1389.68,Under Review
502759,105304,01/14/2026,Health,185.47,Approved
507487,119690,2024-01-16,Health,1083.24,Approved
514708,114820,21-08-2020,Health,675.02,Under Review
504030,112878,14-09-2025,Auto,1775.31,Approved
503352,109771,23-10-2022,Health,855.44,Under Review
501437,110347,03/14/2019,Auto,3351.69,Under Review
501233,103482,01-05-2020,Home,4016.93,Rejected
508330,119584,2022-10-05,Home,6637.41,Pending
504281,114499,24/07/2022,Health,1391.73,Rejected
505046,107462,2022-08-08,Health,1108.9,Approved
513925,109650,08/01/2022,Auto,463.32,Under Review
503102,111399,02/08/2019,Health,276.98,Rejected
502465,105727,2020-04-26,Auto,1302.89,Approved
507142,116875,14/03/2021,Health,1129.35,Under Review
507407,106212,10/28/2025,Home,2144.18,Pending
500449,106301,05-06-2020,Health,134.35,Approved
507998,120271,02/10/2024,Life,9562.97,Approved
505635,107401,20/03/2024,Auto,763.71,Approved
503621,120164,30/06/2021,Auto,2698.53,Approved
502317,109688,11/03/2020,Home,1976.55,Approved
509840,112710,14-04-2024,Auto,770.83,Approved
502185,110786,09/10/2019,Home,4522.14,Under Review
504477,114729,2022-01-18,Home,7514.65,Approved
501890,117880,01/23/2024,Home,8780.6,Rejected
501155,106245,05/22/2020,Auto,1843.64,Approved
506037,109100,05/20/2025,Travel,433.46,Approved
507923,111685,01/27/2024,Home,3379.49,Approved
506346,111149,06/30/2023,Health,452.63,Under Review
501728,114651,07/01/2023,Life,8541.37,Approved
506641,116636,04/05/2026,Home,1593.28,Approved
510708,104267,07/07/2024,Health,,Approved
508868,119284,11/04/2019,Auto,657.37,Approved
512351,116199,12/04/2023,Auto,1496.21,Approved
511209,101466,11/03/2024,Auto,3826.68,Approved
505910,104122,2026-02-20,Travel,400.59,Approved
504392,114866,11-07-2022,Travel,732.58,Rejected
508473,119698,31-12-2021,Home,12382.19,Rejected
502503,104935,12/12/2022,Travel,266.31,Approved
511960,112057,25/11/2022,Travel,211.13,Approved
502463,116930,26-05-2021,Life,4476.31,Rejected
505692,102527,05/10/2020,Home,1502.12,Approved
502846,114700,17/01/2019,Life,15049.24,Pending
509255,117592,24/09/2021,Health,1136.58,Approved
505040,105617,18-03-2026,Travel,357.86,Approved
501612,104884,30-06-2026,Travel,367.55,Rejected
510629,115609,27/02/2022,Home,1881.27,Approved
502191,111026,09/09/2019,Home,4319.11,Pending
501729,116327,29/12/2024,Auto,856.87,Under Review
508142,105773,03/09/2023,Health,3098.28,Approved
512122,120248,17-07-2023,Health,1514.22,Approved
510399,112455,08-03-2026,Auto,702.9,Approved
508146,111809,20/02/2022,Auto,1317.67,Approved
509597,103385,24-11-2023,Travel,581.89,Under Review
505173,109676,2023-03-31,Life,21619.66,Approved
514634,114075,15-01-2023,Health,554.01,Approved
506742,117682,10/04/2023,Health,1621.16,Approved
513279,119632,2023-03-06,Home,16016.6,Approved
504047,110063,09/17/2020,Health,372.93,Rejected
505478,105280,02/23/2021,Life,5024.65,Under Review
508276,107764,2022-12-20,Auto,1112.35,Pending
511320,110530,2025-10-25,Life,12467.81,Approved
506459,109090,05/12/2023,Auto,3931.84,Under Review
504240,119598,2021-12-30,Auto,662.19,Rejected
507298,101234,17-05-2026,Home,2259.47,Approved
507281,108011,2022-12-15,Auto,1015.89,Approved
502755,113468,2023-11-01,Health,582.61,Under Review
502492,103341,21-02-2021,Home,2775.65,Rejected
503139,113443,11/04/2021,Home,2519.13,Approved
508494,108672,2019-12-04,Auto,1602.03,Rejected
507377,107978,03-07-2022,Home,1432.0,Rejected
511295,114041,2025-06-02,Life,7700.94,Approved
503272,108582,06/01/2019,Auto,1584.02,Pending
513918,116713,2024-12-07,Auto,1211.06,Under Review
513049,113565,2024-01-03,Auto,1420.51,Under Review
502889,111244,12/19/2024,Auto,2205.03,Rejected
505140,112287,2022-10-14,Auto,1012.8,Under Review
500788,115294,09/06/2024,Health,930.34,Approved
512333,100201,11/26/2024,Travel,281.0,Rejected
505701,107720,22/09/2019,Travel,220.97,Approved
514793,106420,01/07/2020,Health,819.65,Under Review
508485,106861,2020-11-02,Auto,609.67,Approved
509972,104784,2022-06-26,Auto,4417.08,Approved
512794,118282,2023-05-21,Auto,1007.64,Approved
512928,111240,2022-12-04,Health,2653.8,Approved
503377,112883,01/12/2020,Auto,-1049.65,Approved
504527,112635,17/08/2023,Auto,755.44,Approved
512773,118269,14/07/2022,Home,6337.46,Pending
501780,102898,2023-09-09,Health,80.0,Approved
512733,113527,2021-01-19,Health,895.68,Approved
502959,120494,23/02/2022,Life,4082.04,Under Review
512531,108652,05-03-2020,Auto,1807.13,Approved
508370,112209,22-04-2019,Health,293.55,Approved
500349,113103,2023-12-27,Health,315.5,Under Review
505245,111248,07/10/2019,Auto,857.33,Under Review
510464,120283,21-08-2024,Home,1950.1,Pending
503349,112310,06/01/2023,Auto,2459.59,Approved
500042,102195,01/04/2021,Life,7899.53,Approved
500801,112952,03/18/2020,Health,224.32,Approved
503529,109897,03-02-2023,Health,2643.0,Approved
510447,104151,2020-11-28,Home,968.12,Approved
500981,117089,2025-04-30,Health,299.44,Approved
503458,110336,17-11-2024,Life,10843.56,Pending
505880,113365,02/04/2022,Auto,2425.84,Pending
511610,101553,10/23/2025,Travel,154.8,Approved
507563,112962,2022-08-10,Travel,545.79,Approved
512233,115954,04/10/2019,Life,4944.5,Approved
505778,112672,2023-03-21,Health,811.79,Approved
513467,119189,06/02/2023,Health,199.48,Under Review
507884,112000,14-07-2025,Travel,206.06,Pending
510255,114117,06/11/2020,Health,787.91,Rejected
507947,107464,2021-06-30,Home,3725.42,Approved
502756,112944,18-06-2021,Auto,2490.33,Rejected
507163,108630,07-05-2021,Auto,3248.04,Approved
500916,116179,11/21/2019,Auto,3339.97,Pending
504617,117874,24/12/2022,Home,4517.48,Rejected
501616,117848,08/10/2022,Life,10286.28,Pending
512035,105395,20/03/2026,Life,4062.64,Rejected
508282,112978,11/18/2023,Life,15847.19,Rejected
502146,112506,10/17/2025,Home,3737.49,Rejected
510996,113983,2020-04-14,Home,3834.38,Approved
501833,117120,04/29/2019,Health,819.38,Approved
512724,105845,23/09/2024,Health,253.76,Rejected
513793,119682,08/06/2020,Life,16699.46,Rejected
510196,107557,06/04/2023,Home,966.29,Under Review
512029,113878,2020-04-30,Health,525.85,Approved
504714,116121,04/12/2024,Health,453.68,Approved
514410,106190,07-02-2026,Life,6828.36,Approved
509673,108684,2026-01-28,Auto,1434.63,Rejected
513027,110102,11/26/2022,Health,-976.37,Approved
500782,111067,12-04-2022,Health,391.8,Approved
508049,119445,27/07/2019,Auto,1053.46,Rejected
507497,102239,25/06/2019,Auto,4061.55,Pending
512329,107737,24/10/2022,Health,324.32,Approved
507655,112976,25-12-2024,Health,236.96,Approved
509684,102486,17-05-2020,Health,742.86,Approved
510027,106520,04/04/2020,Health,557.88,Rejected
504838,112603,01/08/2024,Health,1113.16,Approved
502401,103168,08/28/2019,Health,309.09,Approved
507635,116197,05/06/2021,Health,340.21,Approved
504205,109416,2022-07-10,Auto,3551.37,Rejected
504641,108294,02/07/2025,Travel,458.02,Approved
502152,104160,23/11/2023,Health,1671.71,Rejected
505527,117934,05-01-2023,Home,3456.36,Approved
502947,105513,03/05/2021,Home,-3030.87,Approved
509538,118089,2021-08-01,Home,435.68,Rejected
512572,111867,25-07-2024,Travel,-214.72,Approved
503878,104342,2026-06-29,Travel,284.59,Rejected
505912,118955,08/17/2020,Auto,1002.1,Approved
507873,119621,2022-07-31,Home,2476.64,Approved
512509,103644,11/03/2022,Home,2341.65,Approved
512048,118584,02/11/2026,Auto,705.34,Approved
508825,110606,2025-08-07,Auto,4473.35,Approved
513832,110745,02/15/2022,Auto,2082.81,Rejected
507934,105872,09/09/2019,Auto,1823.86,Under Review
503023,107852,05/28/2019,Health,13306.25,Pending
509955,112126,07/19/2023,Home,1538.59,Approved
503541,109517,30-05-2025,Health,942.88,Under Review
503279,108453,22-10-2024,Home,2317.12,Under Review
506425,110873,10/10/2020,Home,4707.98,Approved
511958,106079,03/25/2019,Auto,2584.53,Approved
514239,103812,20/08/2024,Health,1167.2,Approved
508731,117050,2021-12-22,Travel,91.43,Approved
505598,100173,2024-07-28,Travel,234.13,Approved
502804,108565,30-12-2020,Auto,1119.7,Pending
502211,109545,23/06/2025,Auto,549.35,Approved
513565,105757,18/03/2025,Home,1528.25,Approved
508217,102889,26/08/2026,Travel,281.91,Approved
510952,108890,19-11-2023,Travel,353.5,Approved
503133,116882,2019-07-18,Auto,2986.02,Approved
506203,109303,16-06-2023,Health,425.22,Rejected
513148,105017,08/22/2022,Health,235.25,Rejected
506209,112019,19/09/2022,Health,2554.99,Rejected
504320,117065,10-02-2026,Life,7722.15,Under Review
506829,105880,01/16/2026,Health,1253.29,Approved
502107,110522,07/04/2019,Life,2556.77,Under Review
505128,112235,07/02/2019,Travel,448.89,Rejected
509622,108240,2020-01-27,Health,888.95,Pending
511290,102240,31/10/2022,Home,2975.19,Pending
503973,109705,07/05/2021,Auto,996.66,Approved
508027,115113,26-12-2024,Health,567.62,Rejected
503034,112762,2024-03-27,Travel,206.03,Rejected
507303,102328,11/23/2025,Auto,2499.58,Pending
514256,118360,01/24/2024,Travel,333.34,Under Review
504663,102126,12/10/2023,Travel,291.63,Approved
503286,106292,02/06/2023,Auto,1996.41,Under Review
502367,103105,02/24/2025,Home,242.52,Approved
509159,105643,22-04-2019,Health,795.67,Approved
511492,100129,2020-07-21,Auto,2854.49,Rejected
500440,104074,14/05/2025,Auto,1280.82,Pending
512599,114609,2022-09-27,Home,4568.44,Approved
512021,106336,2023-03-17,Auto,850.5,Under Review
514568,112533,14/05/2020,Home,1506.82,Under Review
504692,100796,03-03-2022,Travel,114.42,Rejected
513384,110123,14-04-2019,Auto,1211.87,Under Review
507523,102373,01-09-2026,Home,3765.67,Pending
509819,110491,25/10/2020,Health,1837.76,Rejected
501224,103463,03/06/2025,Health,-1627.73,Approved
514111,112999,01/31/2021,Life,7115.95,Approved
502592,119705,09/01/2020,Auto,1693.07,Pending
503247,102054,2019-07-19,Health,1636.1,Rejected
502812,116527,19/12/2020,Home,2886.77,Rejected
514700,111252,13-12-2022,Travel,207.49,Rejected
514296,117055,07/15/2023,Home,917.06,Approved
512964,100141,2023-03-13,Home,6176.48,Approved
502691,118824,04-09-2021,Auto,916.35,Pending
504132,112845,03/04/2025,Health,3981.3,Approved
512138,104177,09/10/2023,Home,4883.36,Approved
506045,115940,17/08/2025,Home,3262.99,Approved
502249,104972,06/07/2023,Travel,649.91,Approved
502552,107484,12/27/2025,Travel,422.4,Approved
505950,104764,2021-03-28,Health,898.67,Approved
510519,110148,09-03-2021,Health,430.14,Approved
510664,109080,15/04/2025,Auto,2570.74,Approved
507317,108988,10/03/2021,Health,600.34,Approved
503649,110312,28-10-2023,Home,3796.67,Under Review
500380,117667,10/10/2023,Travel,309.9,Rejected
509859,100997,2021-05-16,Life,4663.48,Under Review
514277,108717,2022-06-07,Life,4087.56,Approved
509640,102785,11/11/2019,Travel,249.7,Approved
512344,110808,15/06/2019,Auto,597.92,Approved
507985,115213,18/01/2021,Health,1823.39,Approved
501360,112836,2025-11-28,Health,462.17,Rejected
503196,115345,15-03-2020,Health,655.03,Approved
502037,102678,2019-07-23,Life,6628.22,Approved
500486,109482,06/07/2022,Health,4841.33,Approved
511907,116732,2024-08-03,Home,801.07,Rejected
507425,107807,02/11/2021,Auto,1224.19,Approved
500783,111067,09/05/2022,Auto,1185.72,Approved
508126,100093,13-08-2019,Home,6417.97,Rejected
505922,114233,2019-12-13,Health,555.07,Approved
510072,119286,2024-07-01,Auto,1097.65,Pending
513774,110177,12/05/2024,Life,12311.24,Rejected
503238,100359,13-07-2026,Home,2687.57,Approved
506345,111149,2020-06-02,Health,620.65,Approved
505727,116917,2020-03-04,Health,421.31,Approved
508257,110556,16/12/2019,Home,2587.15,Approved
514384,110136,07/12/2019,Health,331.1,Rejected
503325,118958,05/04/2019,Health,6149.95,Rejected
505859,106934,01/17/2019,Health,1448.67,Under Review
511606,108378,08/31/2019,Home,762.14,Rejected
508171,104392,2025-07-21,Health,376.35,Pending
508188,109921,03-07-2022,Auto,1682.23,Approved
501915,111319,12/08/2023,Travel,159.56,Rejected
508521,107105,2023-06-07,Life,11590.46,Approved
512824,102658,2026-03-26,Travel,343.55,Approved
503589,109682,02/07/2021,Auto,899.96,Approved
510678,120006,13/09/2020,Health,1267.68,Under Review
508364,107332,2022-03-06,Home,-2537.77,Under Review
503464,105916,2023-02-26,Auto,2215.68,Approved
502138,110470,02/25/2019,Home,1055.34,Rejected
512557,111477,2023-08-14,Home,1461.25,Rejected
505508,106813,26/08/2020,Health,345.83,Approved
500742,101328,16-04-2022,Travel,1035.88,Rejected
508546,102956,11/15/2021,Health,680.84,Approved
511498,100287,30-03-2020,Auto,490.47,Pending
508947,101649,01/05/2025,Home,2390.96,Approved
506434,110934,03/11/2026,Auto,3014.14,Pending
514025,113575,08/10/2025,Health,2089.28,Under Review
513818,118024,23-03-2021,Auto,982.62,Approved
504480,113110,2024-02-10,Health,385.79,Approved
503442,102697,25/10/2021,Health,521.25,Rejected
513896,109018,05/07/2019,Life,7991.2,Rejected
504521,104040,02/15/2024,Home,6433.59,Rejected
502847,114700,30-01-2025,Life,5232.21,Pending
507573,115619,01/03/2025,Health,-244.22,Pending
512871,117740,16/09/2020,Health,484.02,Approved
506994,117562,16/06/2026,Auto,3075.62,Under Review
509118,101779,04/16/2023,Travel,1431.22,Pending
506920,101250,09/03/2023,Health,2370.9,Approved
505380,116821,12-04-2019,Health,1820.85,Approved
512304,104396,07/10/2023,Health,753.56,Approved
507305,104233,20-05-2022,Home,5177.13,Approved
513444,107421,08-06-2021,Auto,429.19,Rejected
508944,101649,20-05-2019,Auto,2388.63,Approved
501834,117120,2020-10-06,Auto,2201.84,Under Review
512622,115246,2024-03-13,Home,4103.4,Pending
508874,109930,31/12/2024,Auto,2798.03,Rejected
512549,106614,04/26/2019,Health,763.89,Rejected
508223,103347,2019-07-13,Auto,2403.85,Pending
508061,104023,12/16/2024,Life,6165.91,Approved
504801,103991,2022-01-04,Health,802.92,Approved
505714,119785,10/07/2022,Life,3934.69,Rejected
511816,103176,2020-01-28,Health,1561.62,Rejected
505653,117570,05/24/2025,Auto,1794.28,Approved
509412,116612,03/02/2019,Travel,342.7,Rejected
503003,114760,2019-11-29,Home,5490.89,Rejected
500023,103248,08/26/2021,Auto,1945.32,Pending
507315,110609,03-11-2020,Auto,448.59,Pending
503524,104352,29-04-2025,Auto,-1957.11,Approved
514546,104495,06/22/2020,Auto,1564.37,Pending
511502,101170,04/20/2021,Travel,477.03,Approved
509933,104150,2019-09-17,Life,12157.12,Rejected
501309,109975,04/17/2021,Home,954.92,Pending
514374,109860,04/01/2019,Auto,1190.6,Pending
508373,111345,04/26/2020,Home,2494.85,Pending
503475,114264,2024-06-06,Life,10708.62,Under Review
500789,115294,17-03-2021,Travel,202.23,Rejected
511853,115198,20/02/2023,Health,498.78,Pending
511874,116526,11/04/2025,Home,3987.53,Approved
506991,118709,2020-04-20,Life,10068.44,Under Review
503284,106077,12/27/2019,Auto,1349.69,Under Review
511175,119933,2026-05-20,Auto,1356.14,Approved
502514,112475,2022-07-17,Auto,2997.47,Approved
510104,113569,2021-01-26,Auto,1803.45,Under Review
504385,108103,2026-08-29,Home,4903.2,Approved
510928,106453,09/10/2021,Auto,1437.92,Approved
504905,112562,2021-12-08,Life,6839.57,Pending
508710,102902,01-04-2024,Home,1709.31,Approved
514674,105791,30/04/2021,Home,3081.92,Rejected
514282,119262,2019-04-28,Travel,134.48,Approved
508159,112538,27/03/2023,Auto,1039.32,Approved
508900,108434,10-05-2022,Home,1760.6,Rejected
503688,100160,23-01-2019,Auto,3809.89,Rejected
501395,111424,24-10-2023,Travel,285.47,Approved
507255,118182,03/21/2019,Life,,Pending
513591,101742,2019-09-12,Auto,1280.78,Approved
505006,103584,09/16/2025,Home,6900.84,Rejected
509735,103557,09/15/2022,Home,1414.17,Pending
501006,118443,20/06/2024,Auto,1009.76,Rejected
501747,117798,03/02/2026,Travel,197.88,Approved
505257,115220,17-06-2025,Auto,2020.14,Pending
513155,114472,2019-09-22,Health,1189.14,Rejected
513109,107927,09/12/2021,Home,7796.64,Approved
508122,110452,04/05/2021,Life,7509.66,Under Review
505412,104035,07/12/2021,Health,1326.57,Pending
507391,119750,25-03-2024,Auto,3267.6,Rejected
510387,101552,01/18/2021,Home,5337.83,Approved
505712,102056,25-03-2023,Auto,862.14,Under Review
509267,105317,2019-12-28,Auto,1447.18,Approved
505860,108100,28/03/2019,Health,193.18,Under Review
509462,110643,07-05-2021,Health,1870.25,Rejected
503301,107615,06/05/2019,Auto,1996.47,Pending
513961,115156,06-12-2023,Travel,200.88,Rejected
510256,103723,02/15/2024,Health,261.84,Rejected
510766,100893,2025-10-18,Health,2390.98,Under Review
507882,103960,04/30/2022,Health,665.25,Approved
500712,103282,05/26/2019,Auto,1648.47,Approved
504279,105630,12/15/2021,Home,1642.96,Rejected
510289,114045,06/22/2026,Home,3725.96,Under Review
508741,113069,07/08/2022,Health,411.84,Rejected
509279,108874,16-08-2023,Auto,1210.16,Approved
512845,110058,20-02-2020,Home,4008.32,Approved
501822,109668,22/03/2021,Health,275.83,Approved
509387,101600,24-07-2020,Travel,292.27,Approved
508480,102979,01/04/2023,Auto,2396.03,Approved
507499,103663,15-08-2023,Auto,2124.45,Rejected
513564,104470,2023-03-20,Home,2226.81,Approved
509481,102970,03-11-2019,Life,7882.03,Pending
510358,102349,06/10/2023,Life,3601.34,Rejected
501977,109698,02-02-2022,Home,4258.58,Approved
511870,101717,01/04/2021,Auto,347.25,Under Review
503264,108270,03-03-2022,Travel,348.56,Under Review
507063,114335,22/12/2020,Auto,2673.85,Approved
504834,116666,08/22/2021,Auto,957.29,Rejected
505061,116189,24/04/2026,Auto,-589.85,Pending
500252,103328,2025-08-13,Home,745.85,Rejected
511807,104992,17/07/2026,Health,1712.97,Approved
502098,113559,25-11-2023,Home,696.55,Approved
505697,103905,2024-02-20,Home,2706.41,Pending
511282,105968,18/07/2023,Health,1748.5,Rejected
503671,102275,05/04/2023,Home,1563.54,Approved
510769,118700,28/02/2023,Auto,2930.95,Approved
505861,110953,01/10/2022,Life,5577.91,Approved
507586,114864,29-07-2020,Auto,1015.4,Pending
513206,111754,27/04/2019,Life,12497.54,Approved
504416,100448,24/12/2025,Home,1351.85,Approved
514096,115343,12/01/2022,Home,2533.9,Approved
506791,108721,10-03-2025,Health,633.91,Rejected
505834,101851,2025-02-08,Life,10173.25,Approved
511744,106078,04/01/2022,Home,1603.44,Approved
509571,119625,21/06/2024,Auto,2038.22,Approved
506890,114608,03/04/2020,Auto,5295.53,Approved
511841,105831,2022-09-30,Auto,1183.37,Rejected
502934,100751,2020-07-17,Auto,993.09,Under Review
511465,102654,2022-09-18,Auto,2289.68,Pending
506834,108762,07/17/2019,Auto,2572.49,Rejected
512255,114427,19-07-2019,Home,1430.8,Under Review
513055,118133,26-05-2021,Health,2726.53,Under Review
512890,106716,03-04-2024,Life,11771.12,Pending
501795,110772,19/10/2019,Health,801.72,Approved
505923,101295,10/02/2020,Travel,284.82,Approved
508323,100370,21-01-2022,Auto,3140.15,Under Review
509418,102441,2024-10-14,Travel,277.01,Approved
512906,114868,07-02-2023,Home,5284.76,Approved
507795,109372,21/08/2022,Home,685.51,Approved
500056,113876,07-11-2023,Home,636.96,Approved
503412,101302,12/05/2024,Health,1148.44,Rejected
506969,110499,2025-12-07,Health,2054.19,Approved
502855,106541,11/11/2023,Auto,1081.96,Approved
507360,101050,2021-01-30,Home,3187.15,Approved
502986,108242,2020-09-18,Health,626.17,Approved
507821,103118,2026-04-30,Home,1033.55,Rejected
513455,117014,15-07-2019,Auto,2484.89,Approved
509195,101561,03/11/2019,Home,10454.59,Approved
512019,109941,11-11-2022,Home,13211.05,Under Review
506165,105444,2024-08-07,Life,11425.5,Approved
513436,101125,2024-08-16,Auto,2081.71,Under Review
508327,114517,05/04/2022,Auto,3532.23,Rejected
511755,113157,04-07-2022,Auto,831.67,Approved
504722,115252,2025-12-16,Auto,1467.87,Approved
508272,104521,03/09/2022,Home,561.62,Rejected
507399,104717,22/10/2019,Health,915.0,Rejected
504472,104081,17-12-2022,Health,359.24,Approved
508759,115893,2023-12-24,Travel,210.09,Pending
508059,100939,17-06-2025,Life,12759.54,Approved
502188,103529,24-12-2023,Health,689.22,Approved
514650,111411,25-12-2019,Health,759.3,Rejected
504049,105100,09/21/2023,Home,2757.17,Approved
514733,115265,13/06/2024,Home,1523.61,Approved
505426,108602,2022-05-14,Auto,2188.97,Rejected
508040,113916,05/05/2025,Home,1615.1,Rejected
508214,109069,02/04/2023,Health,749.91,Rejected
503544,114765,2026-07-14,Auto,5313.29,Under Review
500519,104580,07-07-2021,Auto,2050.61,Approved
507660,110496,05/08/2019,Home,2280.62,Rejected
504508,108485,23-06-2021,Home,4475.89,Approved
510394,117902,2022-07-05,Auto,1838.2,Rejected
511904,111669,02/02/2020,Health,307.82,Rejected
505263,101047,12-06-2019,Home,901.57,Approved
508109,109657,2019-02-27,Home,1486.56,Approved
511267,110948,2026-06-05,Home,-1654.96,Approved
500227,119233,2021-09-18,Auto,2588.18,Approved
508719,119016,03/09/2022,Health,1299.8,Approved
506728,107098,02/01/2026,Auto,1518.19,Rejected
508117,108297,11/04/2024,Travel,223.79,Approved
507593,104001,30/04/2026,Health,621.57,Under Review
508097,102960,2025-09-11,Auto,,Under Review
513966,104263,27/10/2024,Home,6515.77,Pending
510329,116304,06/18/2020,Home,1949.47,Approved
510097,116788,07/30/2022,Home,4745.46,Approved
501699,109226,13-03-2021,Life,8241.26,Approved
504256,119882,07/01/2023,Home,,Under Review
512975,116013,2024-09-17,Travel,246.19,Rejected
501877,103571,02-09-2022,Auto,1470.35,Approved
500513,113592,2022-10-10,Health,457.44,Under Review
510726,113639,13-10-2023,Auto,423.44,Approved
509058,108995,01-08-2025,Auto,3767.53,Pending
511060,102774,2019-04-06,Auto,4207.32,Rejected
509586,106030,2025-04-18,Life,6126.49,Approved
506862,118582,06/05/2023,Life,9016.43,Approved
506095,113593,2022-05-15,Home,1536.97,Rejected
511011,109709,06/06/2022,Auto,766.49,Approved
509103,106566,23/08/2022,Home,2435.77,Approved
505937,112052,11/09/2021,Auto,1331.76,Rejected
511972,118652,27/06/2025,Home,-1339.65,Approved
508405,120333,05-05-2024,Health,878.59,Approved
502916,104226,07/12/2025,Health,460.46,Pending
500480,109839,20-09-2021,Auto,1934.88,Approved
512032,105741,2021-11-28,Health,101.89,Approved
507420,106403,07-08-2024,Life,7219.84,Approved
502577,116545,12/13/2022,Travel,356.69,Approved
505781,102029,05-11-2022,Health,421.37,Approved
513552,119864,2020-08-02,Life,7131.7,Approved
508343,111656,04/06/2025,Life,22969.25,Rejected
511828,109221,2025-06-24,Health,721.92,Approved
511199,111587,13/09/2022,Travel,466.99,Approved
505272,111444,27-02-2021,Auto,1254.36,Pending
506723,106109,03-11-2021,Auto,2127.44,Under Review
508629,108401,23/09/2023,Auto,481.87,Under Review
501596,108164,09/16/2024,Auto,1604.52,Approved
511633,110338,01/01/2020,Home,2983.37,Rejected
503896,115142,01/26/2024,Auto,2324.49,Approved
510529,108107,02-06-2022,Auto,811.42,Under Review
501349,109755,09-09-2019,Home,1032.35,Pending
511896,103968,2024-05-16,Auto,1326.08,Under Review
507153,101793,2019-06-11,Life,13876.75,Approved
503777,100149,08/11/2026,Life,13640.62,Rejected
511047,118702,03/04/2025,Auto,8051.28,Approved
511300,107754,28/07/2021,Health,566.13,Pending
512129,102890,10/01/2022,Home,2035.03,Rejected
504050,105100,2023-08-01,Home,,Under Review
514354,104363,03/10/2025,Health,3978.58,Approved
511376,117224,06/20/2025,Health,1537.3,Pending
514768,113417,2024-09-27,Auto,3650.08,Rejected
512188,104507,31-01-2026,Life,6200.55,Approved
502762,112111,16/06/2021,Health,614.53,Pending
514698,110230,20-07-2019,Auto,1683.78,Approved
506363,106395,08/09/2025,Health,470.9,Approved
503685,109109,2021-07-20,Home,1404.8,Under Review
505062,116189,2020-08-05,Home,-1435.26,Approved
503602,103234,19/05/2025,Travel,73.55,Rejected
508645,115230,11/22/2024,Health,917.12,Pending
510401,119235,07/12/2020,Life,10320.69,Approved
501446,109512,08/14/2023,Home,1012.99,Under Review
506145,106505,17-08-2025,Health,1885.27,Approved
501020,113093,19/08/2025,Auto,2990.35,Approved
500705,120373,2019-02-06,Auto,863.26,Approved
510826,113448,05/10/2023,Travel,895.74,Rejected
501866,110454,07/05/2021,Health,445.29,Under Review
508283,112978,31/07/2024,Auto,277.9,Approved
513082,111861,2020-02-13,Auto,2511.18,Rejected
507443,110383,23/01/2025,Auto,1026.81,Pending
511688,102418,11/01/2021,Travel,216.38,Under Review
502574,108170,10-12-2021,Health,339.94,Rejected
512067,104172,12/06/2020,Home,1334.27,Rejected
502956,114182,06-05-2023,Travel,165.6,Approved
507463,103409,20/02/2024,Life,8142.83,Approved
503742,117003,2019-07-01,Auto,2109.15,Approved
503914,100750,25/08/2021,Auto,677.62,Pending
508827,114727,29-04-2024,Health,241.65,Approved
514788,101267,06-08-2025,Life,8299.52,Approved
501419,118246,24/10/2020,Life,5439.05,Approved
501103,117372,03-06-2019,Auto,3063.25,Rejected
506158,106994,01/11/2024,Auto,1141.61,Pending
506417,106156,06/26/2022,Auto,1205.11,Approved
507810,115159,05/07/2021,Travel,302.96,Rejected
510330,103010,03-04-2024,Travel,1169.49,Under Review
501558,105035,11/13/2024,Life,6548.32,Rejected
507136,111127,10/13/2025,Health,4045.46,Approved
508048,119445,09/24/2021,Travel,1371.36,Under Review
506827,116703,02/01/2026,Home,2127.43,Pending
512783,114138,31/08/2024,Home,658.85,Approved
503523,106418,03/11/2020,Auto,1129.58,Approved
504542,101190,28-01-2019,Health,1040.93,Under Review
500034,106846,2020-05-22,Home,2280.45,Under Review
503400,120236,29/03/2019,Travel,380.81,Under Review
514478,100412,11/09/2019,Home,3182.07,Approved
505582,115936,03/15/2026,Health,1110.9,Approved
511218,102657,23-04-2024,Home,1367.21,Under Review
506839,107248,22-10-2025,Home,1372.24,Pending
502452,115243,01/10/2022,Health,1802.7,Under Review
502652,102498,2021-03-09,Home,2915.57,Under Review
505328,101791,03/08/2025,Auto,1423.55,Rejected
514321,119216,27-04-2021,Auto,2177.17,Approved
505921,112544,14/11/2025,Life,5825.65,Approved
513481,115600,16/01/2019,Home,1227.3,Rejected
514275,102125,2023-08-22,Auto,981.94,Approved
511078,111459,17/01/2026,Auto,2327.01,Rejected
511737,105454,01/20/2021,Home,5562.78,Approved
500292,106812,20/05/2024,Home,7076.57,Approved
502836,100049,2025-05-11,Home,6330.03,Rejected
510915,113957,12/28/2025,Home,3892.52,Approved
507453,118388,07-05-2025,Auto,1177.1,Under Review
511519,117716,15/09/2021,Health,246.35,Under Review
502870,109820,06/10/2024,Auto,-1197.71,Pending
507649,110902,21/04/2021,Health,500.14,Approved
507075,107042,01-09-2022,Auto,1512.76,Rejected
507171,110826,22/03/2020,Auto,3096.69,Approved
510508,104011,2025-05-12,Home,6400.92,Approved
507111,109464,16-12-2022,Auto,2118.0,Rejected
511449,119816,2023-10-24,Travel,344.81,Under Review
508023,113539,02-02-2026,Auto,3526.34,Under Review
501318,102533,2023-05-08,Health,4043.7,Approved
502730,103047,2020-08-01,Home,1834.81,Approved
513404,108533,02-12-2024,Home,3467.64,Under Review
506266,106205,29/08/2023,Travel,509.67,Approved
512037,110922,2023-06-12,Travel,955.75,Rejected
513169,116044,2024-10-10,Auto,2274.97,Approved
504879,114317,2023-05-07,Auto,2047.98,Approved
513448,107622,23-09-2024,Home,2557.83,Rejected
510493,111112,2022-10-19,Auto,,Approved
514578,105442,2022-07-04,Auto,2114.26,Pending
513646,104644,01/07/2026,Auto,498.37,Pending
502228,105245,11/17/2021,Auto,2431.63,Rejected
502641,107458,03-02-2022,Health,3061.65,Approved
504418,102089,28/07/2025,Auto,1930.27,Approved
509152,117734,23/09/2020,Life,9759.74,Approved
508136,104810,2024-03-09,Home,2625.0,Rejected
507671,110474,21-05-2022,Life,2710.93,Under Review
512569,108224,12-01-2025,Auto,1408.53,Approved
506848,106516,03/12/2021,Home,-3642.6,Approved
500356,117932,10/07/2025,Travel,164.67,Rejected
508046,113253,19/01/2023,Auto,3369.88,Under Review
511131,119891,29/05/2022,Health,1528.97,Rejected
512901,112466,17/08/2024,Health,375.51,Approved
508422,100550,08/29/2024,Life,10134.68,Approved
504584,108825,2025-01-25,Home,7115.99,Rejected
500837,100322,2019-05-24,Health,685.7,Approved
500266,114540,04/09/2020,Life,3983.33,Approved
502006,107665,17-09-2020,Life,10394.92,Rejected
506987,119347,14/04/2019,Auto,1478.47,Approved
510806,119108,22/03/2022,Home,2669.0,Approved
502362,107200,2023-05-14,Auto,1359.31,Approved
506886,107252,30-07-2025,Auto,1570.27,Approved
509411,116612,2024-10-10,Health,581.58,Approved
512293,108367,23-07-2025,Auto,1422.96,Approved
510898,103159,2022-11-01,Life,6737.89,Approved
506325,107273,2024-06-15,Health,3464.66,Rejected
514319,104164,14-07-2025,Home,2830.79,Approved
500826,100326,22-06-2020,Life,5107.77,Rejected
509728,117428,17/05/2019,Health,80.77,Approved
504253,108723,28/03/2025,Auto,1625.99,Approved
506029,100702,25-08-2022,Auto,1671.75,Rejected
513317,105693,01/27/2025,Home,6947.48,Rejected
512893,120228,2023-10-13,Auto,912.63,Rejected
501441,112221,31-07-2021,Life,11031.44,Approved
503066,103846,28-11-2024,Home,3961.93,Rejected
509615,117285,01/26/2019,Auto,1819.99,Approved
502748,100407,2023-06-25,Auto,1886.94,Approved
507363,113314,2024-03-17,Travel,347.35,Rejected
512063,102735,07/24/2024,Health,777.21,Under Review
503061,100483,18/12/2023,Travel,810.81,Rejected
500889,107020,20/10/2025,Health,1382.96,Approved
513445,106652,18-10-2020,Life,12572.87,Approved
512518,119768,07/15/2021,Auto,1599.53,Approved
506390,107207,22-11-2023,Auto,1032.43,Approved
501963,113152,2021-01-25,Travel,401.85,Pending
503125,105385,2019-05-29,Home,647.4,Pending
505868,106345,2023-07-16,Auto,723.25,Approved
506077,112786,2022-06-14,Auto,-628.65,Rejected
501127,117212,10-11-2020,Home,1741.09,Under Review
509149,117554,01/11/2019,Travel,340.28,Under Review
511759,104668,2020-03-17,Health,891.62,Under Review
506916,114306,10/07/2025,Travel,467.74,Approved
509698,101164,02-07-2024,Home,6251.8,Under Review
509987,118669,28-04-2020,Home,1825.19,Approved
513070,113140,03/17/2020,Travel,146.81,Approved
506179,119340,04/11/2019,Life,4828.42,Rejected
501543,105846,10/11/2025,Home,6247.46,Approved
503263,104707,09/20/2024,Health,320.38,Rejected
508740,101242,2025-01-04,Auto,737.66,Approved
509749,112873,11-01-2025,Home,2455.86,Under Review
502268,103844,13-09-2019,Home,2603.36,Approved
503770,119304,08-11-2024,Home,4272.37,Approved
507001,109328,28-05-2020,Auto,2331.08,Approved
507828,117999,07/09/2019,Health,299.06,Approved
500132,116397,23-03-2020,Health,209.82,Under Review
514159,105984,01/22/2022,Home,1307.68,Under Review
511658,113704,25/11/2022,Auto,1399.33,Rejected
500603,105198,2021-04-17,Auto,2655.08,Rejected
513397,110060,29/01/2019,Health,111.93,Under Review
500843,110548,2020-02-04,Auto,653.43,Approved
500393,105883,01/21/2026,Auto,1994.95,Approved
513687,108783,06/03/2020,Travel,187.81,Approved
514553,119334,20/05/2019,Auto,2193.0,Approved
507656,113435,08-06-2026,Auto,3222.7,Under Review
504989,116634,2026-07-13,Auto,4881.11,Pending
503928,108877,06/29/2022,Life,14426.8,Rejected
505511,106813,05/31/2021,Health,452.03,Pending
506903,103705,2021-11-30,Health,444.09,Rejected
506908,101809,2021-08-27,Auto,993.58,Approved
512966,102597,05/23/2023,Health,615.8,Approved
513182,113109,03/11/2019,Health,414.03,Pending
511129,103715,03-07-2024,Travel,267.98,Approved
502277,112701,2025-01-09,Travel,419.77,Under Review
506393,110227,08/05/2023,Auto,1162.48,Approved
503234,109888,06/08/2022,Auto,3752.6,Rejected
512220,115748,06/02/2021,Auto,585.15,Rejected
503498,111520,2021-09-28,Life,11278.11,Approved
506596,112104,24/07/2024,Auto,1277.53,Pending
504613,112407,29/05/2019,Health,1903.95,Approved
513736,109078,15/10/2023,Travel,269.48,Approved
505960,115733,2022-05-24,Auto,1262.14,Approved
500401,106467,2024-09-05,Health,802.73,Approved
505927,119361,27/03/2019,Health,,Approved
507799,104302,10/15/2023,Home,5052.71,Approved
512389,107619,2023-08-08,Auto,2699.26,Approved
510561,114958,20-09-2024,Auto,5327.36,Pending
511431,120416,12/09/2022,Home,1873.91,Under Review
504680,103290,2025-09-04,Travel,171.16,Rejected
505008,103584,19-08-2024,Travel,206.92,Approved
507202,108051,17-08-2022,Home,4496.69,Rejected
503403,107121,06/30/2019,Health,590.68,Approved
507113,108464,15/06/2022,Travel,152.9,Rejected
503883,115170,07/28/2023,Health,368.74,Approved
509782,109470,06/09/2024,Auto,-1293.48,Under Review
509399,106014,27/12/2020,Travel,155.78,Approved
511833,101874,03/31/2023,Home,1738.45,Approved
509620,119877,02/24/2020,Home,4810.57,Under Review
501573,112073,04/23/2024,Travel,312.45,Pending
513914,100338,2019-03-07,Home,7859.33,Approved
509858,100997,18/11/2019,Home,2996.46,Approved
502423,102830,2022-11-26,Auto,-706.29,Approved
512012,116590,14-03-2019,Health,683.05,Approved
505264,104353,08/06/2025,Life,2302.63,Approved
511164,108435,05/22/2019,Health,1372.9,Approved
503548,104286,02/09/2021,Auto,694.53,Rejected
513605,113760,09/27/2024,Auto,2726.01,Pending
509473,109909,03/02/2019,Auto,948.58,Approved
513578,108467,11/08/2025,Home,3670.88,Approved
507709,102732,23/08/2025,Travel,754.73,Approved
511364,105581,21-11-2024,Health,1305.77,Pending
505803,112078,2019-04-25,Auto,838.86,Under Review
512937,114140,30-11-2022,Health,523.86,Under Review
507852,110538,09/07/2025,Travel,502.58,Rejected
507416,100253,08/03/2026,Life,13631.01,Rejected
500809,114598,18-05-2021,Home,2491.31,Under Review
510967,115542,02-03-2025,Auto,1755.15,Approved
507040,112181,31/03/2024,Travel,538.11,Approved
502650,102498,22-07-2025,Health,6362.81,Approved
506586,100321,10/13/2024,Auto,1149.39,Approved
504139,111670,26/05/2021,Auto,2220.23,Approved
511941,108417,14/05/2019,Home,1902.51,Approved
503190,115354,13/09/2025,Health,321.84,Under Review
503620,120164,05/16/2020,Travel,607.71,Approved
501702,118021,2025-07-19,Health,1371.25,Approved
506695,105396,07/31/2021,Auto,728.91,Approved
511756,113157,13-11-2024,Auto,699.29,Approved
503650,118859,2025-11-26,Home,6836.52,Rejected
511860,115549,10/10/2024,Auto,807.64,Approved
512038,105660,2024-03-14,Home,656.59,Pending
514359,103419,29/05/2024,Auto,3285.77,Approved
507652,109386,09/17/2025,Auto,,Under Review
512624,104523,2025-05-14,Health,205.25,Approved
503370,117220,2019-02-22,Health,559.44,Under Review
514054,117072,2019-01-07,Travel,217.64,Approved
511892,118041,11-04-2023,Home,,Approved
507717,109840,13-09-2020,Home,857.68,Rejected
514199,112607,08-01-2024,Health,501.03,Approved
512658,106555,01-10-2020,Auto,1040.66,Approved
511109,102646,2025-06-06,Home,11992.99,Pending
510120,111673,07/09/2022,Travel,139.73,Under Review
506925,106908,03/26/2019,Auto,1627.94,Rejected
514740,119483,19/05/2019,Home,31450.94,Approved
509294,112717,07/15/2023,Home,6870.2,Approved
500664,109286,2019-01-16,Health,220.8,Under Review
510309,101601,2026-02-10,Auto,897.5,Approved
508939,104179,16-11-2019,Health,1125.3,Approved
513613,104599,12/23/2025,Auto,513.11,Approved
501736,102915,2024-02-11,Health,737.92,Rejected
505259,111272,20/03/2023,Home,2584.44,Approved
503347,120393,28-10-2023,Auto,462.99,Approved
501568,106740,09-02-2021,Auto,,Pending
500462,111678,10/03/2026,Life,7265.39,Approved
500743,101328,2023-11-21,Auto,3201.38,Approved
500222,102751,02/14/2020,Travel,366.48,Rejected
509790,109799,08-02-2022,Life,7958.94,Under Review
503994,107789,2024-04-23,Home,1153.87,Pending
501979,100137,05-04-2019,Health,702.55,Approved
507654,112976,16-01-2021,Home,2145.25,Under Review
500625,117092,21-05-2021,Home,15691.76,Pending
511909,107243,03/06/2025,Health,277.33,Approved
509123,118082,02-12-2024,Health,2635.39,Approved
513294,119266,06/19/2022,Health,238.39,Approved
511959,106079,24-08-2020,Home,2327.38,Approved
500344,119609,2022-05-10,Life,6233.53,Pending
505494,109745,23-11-2023,Life,4341.95,Approved
510643,119502,12/02/2020,Home,3006.38,Rejected
511913,116152,05/23/2024,Auto,1811.13,Approved
501004,114311,07/28/2020,Auto,2003.08,Approved
504449,108545,07/15/2023,Auto,2347.82,Approved
502280,100134,21/02/2019,Auto,2402.22,Approved
500456,114242,06/06/2026,Home,1598.11,Approved
511986,115160,18-05-2024,Auto,1536.45,Rejected
509186,119617,04/06/2022,Travel,506.3,Pending
504335,105028,2025-10-11,Life,13832.6,Rejected
502621,109939,10-01-2019,Home,2771.61,Approved
513150,118284,30/12/2021,Auto,1873.24,Approved
506301,104872,2023-07-14,Life,10899.8,Approved
508118,113637,01/16/2021,Auto,1281.25,Rejected
505733,118220,25-03-2019,Health,1766.89,Approved
506070,102945,09/06/2020,Health,715.68,Rejected
514407,105645,02/01/2022,Auto,1630.44,Under Review
505114,102094,28/01/2019,Auto,1415.67,Approved
511562,104319,06/10/2022,Health,940.47,Approved
505212,102561,06/07/2024,Health,508.05,Approved
510153,115677,04-10-2023,Auto,438.83,Rejected
501760,106714,09/11/2025,Health,767.14,Approved
500842,100383,2019-02-04,Health,1058.11,Rejected
514003,110112,12/06/2022,Auto,1120.4,Rejected
512692,118065,13/03/2022,Travel,202.94,Pending
507477,112308,09-08-2025,Auto,2433.59,Approved
505199,115311,13/02/2023,Travel,295.26,Approved
504803,103447,2023-10-06,Travel,392.23,Approved
502902,112128,20/01/2024,Travel,430.64,Approved
509964,108945,06/04/2025,Auto,1124.01,Approved
505963,104876,17-11-2019,Life,8759.95,Approved
514618,102869,03-09-2021,Home,1259.39,Approved
506769,119069,15-01-2025,Life,6192.32,Rejected
506141,106615,28/12/2023,Auto,1600.64,Approved
507320,108988,2021-05-25,Life,-11216.13,Approved
508035,104890,2022-04-28,Health,749.4,Under Review
511697,119060,10/08/2021,Auto,966.58,Rejected
508225,115340,2022-04-11,Auto,3639.57,Approved
503431,103357,2022-09-23,Home,2298.67,Approved
514100,107147,12/02/2025,Auto,2718.74,Pending
509015,110970,13/10/2023,Health,771.84,Rejected
513030,111205,06/19/2024,Health,410.41,Approved
506857,100039,22-07-2026,Auto,782.01,Under Review
514189,103490,04/20/2026,Health,1301.0,Rejected
512128,100897,02/11/2025,Health,461.45,Approved
504725,114706,2019-10-31,Home,3014.71,Rejected
507874,119621,2025-09-21,Auto,1471.09,Approved
505130,105838,2022-11-13,Health,827.41,Rejected
508124,109967,2019-01-21,Auto,1684.11,Rejected
506921,106929,2020-01-15,Home,4217.06,Rejected
506245,114550,27-03-2022,Home,4383.76,Approved
513114,119967,11/14/2023,Home,4011.82,Pending
512973,112130,14-09-2021,Health,318.12,Approved
510050,104379,2025-10-12,Home,1217.68,Approved
511849,112901,11-07-2020,Health,160.0,Approved
500368,119402,12-03-2024,Auto,-832.66,Pending
513915,100338,2022-12-26,Home,760.56,Approved
503593,117179,03/14/2026,Health,-130.97,Pending
501415,111806,2023-12-29,Health,2858.05,Approved
506244,114550,2019-03-05,Home,763.36,Approved
508031,113402,05/19/2020,Auto,1754.74,Rejected
512778,108036,05/08/2020,Health,330.29,Approved
512117,111763,2024-01-29,Travel,134.96,Under Review
508075,107413,12/03/2023,Auto,-1510.64,Approved
508791,101658,12/04/2026,Health,1302.25,Rejected
511488,117865,04/08/2021,Auto,2258.31,Rejected
509895,105111,2020-10-07,Life,15630.4,Approved
509296,112802,12/06/2020,Home,2354.79,Approved
501721,105112,10/03/2023,Travel,183.65,Under Review
511513,100277,2019-11-20,Home,3745.83,Approved
505324,102154,2024-12-31,Auto,1978.51,Approved
504060,105990,02-09-2020,Health,794.34,Approved
514413,113843,19-08-2021,Auto,1283.02,Rejected
501824,101444,2022-09-08,Home,349.65,Approved
510506,116192,22-11-2019,Life,12065.22,Rejected
507033,117605,01/03/2019,Home,5625.71,Approved
512017,111667,03-05-2023,Travel,511.97,Approved
509371,101620,10/09/2023,Auto,1585.36,Approved
503232,100934,22-07-2020,Auto,1037.19,Rejected
501918,107589,20-04-2019,Travel,236.21,Pending
506466,112961,04/02/2019,Home,3584.97,Approved
501569,106740,29/11/2020,Life,9920.2,Under Review
501831,115298,13-07-2021,Auto,,Approved
500347,118486,01/03/2020,Auto,2034.37,Under Review
501242,115666,08/24/2022,Travel,167.7,Approved
507691,115706,06/29/2021,Life,5988.42,Approved
507271,111615,17/06/2022,Health,-172.41,Rejected
511258,112563,04/02/2020,Life,13692.19,Rejected
510313,118010,25/11/2019,Health,817.88,Rejected
505814,105721,12-01-2021,Home,5534.9,Approved
511408,103809,03-11-2023,Home,6889.98,Approved
511602,108622,07/02/2019,Auto,1122.53,Approved
511863,103871,2023-08-27,Life,9265.71,Approved
513047,109203,12/18/2021,Auto,2002.7,Under Review
510936,105602,13/12/2024,Auto,1289.26,Approved
506442,102160,11/04/2019,Home,3941.16,Approved
507664,116522,09-02-2024,Home,3587.57,Approved
513161,101019,12/06/2021,Auto,1071.09,Pending
511480,100244,09/14/2025,Auto,1032.39,Under Review
507157,105430,2020-10-04,Life,10503.12,Approved
512406,109944,12/07/2021,Health,843.26,Approved
510477,103140,2019-03-06,Home,4857.31,Approved
512681,107355,13-11-2024,Home,1265.12,Approved
513306,107758,13/04/2026,Home,770.41,Approved
506956,107862,10/13/2024,Life,12527.5,Pending
514341,101252,2019-05-28,Auto,2468.98,Approved
513038,106971,2021-10-31,Home,7332.44,Rejected
501222,102622,06/11/2020,Auto,2640.66,Rejected
508401,111249,08-06-2021,Health,1441.03,Under Review
502134,119213,2019-06-25,Health,327.46,Approved
509453,107938,31-05-2026,Travel,307.02,Approved
514068,108577,2025-06-19,Auto,1513.79,Pending
506670,108218,06-05-2021,Auto,1549.43,Approved
506717,100023,03/24/2026,Home,3966.34,Pending
512070,117038,24-11-2019,Home,1526.42,Approved
500509,119597,04/21/2023,Travel,195.73,Approved
510424,112716,27-08-2019,Auto,482.18,Rejected
503986,102254,02/11/2019,Health,248.37,Approved
500748,115333,07/06/2020,Home,1581.32,Approved
505246,113802,06/19/2020,Auto,1455.63,Under Review
501259,109601,2019-05-04,Auto,1205.98,Approved
504718,107760,02/23/2019,Auto,-588.73,Under Review
501888,105627,2024-10-30,Auto,368.25,Approved
500711,103282,07/15/2026,Travel,1336.2,Approved
513120,100204,17-09-2021,Home,-1455.28,Pending
513658,115313,01/16/2025,Travel,387.66,Pending
513039,106971,05/25/2022,Home,856.77,Approved
505833,101851,11/05/2025,Home,2633.38,Approved
511318,115560,05-11-2023,Home,1577.11,Rejected
513112,120368,11/13/2023,Auto,3239.07,Approved
507535,109441,2025-01-12,Health,2284.85,Approved
504808,108364,03/13/2023,Home,790.9,Approved
503329,114228,05/05/2024,Auto,2612.85,Approved
503293,120144,11/07/2021,Auto,3680.25,Rejected
510431,112388,12/01/2026,Auto,714.84,Approved
511965,104134,22/11/2024,Home,5894.47,Under Review
506061,114516,2023-09-12,Home,1251.05,Under Review
513025,101529,06/11/2025,Health,559.13,Pending
510017,104002,20-03-2021,Home,1480.73,Pending
504865,102927,02-02-2022,Home,728.25,Pending
505551,105400,2022-12-30,Travel,467.37,Approved
509230,115474,03-06-2025,Travel,467.7,Approved
511864,119556,2020-08-13,Travel,130.25,Rejected
500104,112931,10/05/2019,Life,6660.35,Pending
501794,110772,2024-10-24,Auto,980.59,Approved
511484,105983,27-06-2025,Auto,1063.87,Approved
502386,110621,22/09/2022,Auto,976.94,Pending
513026,118509,03/31/2019,Home,1038.29,Approved
504847,107921,10/31/2019,Life,5725.89,Approved
511982,101546,09/15/2019,Travel,701.28,Rejected
505837,102473,07/03/2020,Auto,1450.08,Under Review
512335,109741,02/06/2019,Health,423.11,Approved
501658,106275,03/08/2020,Auto,2003.07,Approved
500212,106974,07/04/2021,Auto,2484.59,Approved
508221,100788,2022-06-01,Home,5200.05,Rejected
504419,102089,2023-11-22,Life,10330.08,Approved
514104,110380,10/24/2024,Life,5325.55,Approved
505193,112612,2024-08-17,Home,1034.59,Pending
505735,115126,19/12/2021,Auto,1658.22,Approved
501359,112836,05/30/2024,Travel,474.75,Approved
500334,116384,08/02/2025,Home,3197.16,Approved
507953,118659,02/01/2019,Auto,1337.82,Rejected
503110,111339,28-06-2019,Travel,1469.08,Approved
505709,111642,12/03/2021,Auto,495.66,Pending
500792,112131,12/07/2020,Auto,982.77,Approved
500233,113892,2024-03-07,Health,279.35,Pending
508493,108672,05-12-2023,Life,17433.85,Approved
507238,109027,24-04-2026,Health,434.3,Pending
501064,117165,20/12/2021,Health,273.42,Under Review
500209,100971,09/08/2021,Home,3909.82,Rejected
511402,115995,14-01-2024,Auto,1936.69,Rejected
510781,119990,01/24/2022,Travel,347.93,Approved
514201,112941,17/02/2022,Auto,3418.6,Approved
509500,117436,2020-08-10,Health,1358.18,Approved
504498,101452,10/29/2025,Auto,2030.0,Approved
512167,106160,10/26/2020,Health,344.2,Approved
502413,106289,04-06-2025,Home,1510.68,Rejected
511056,105673,2024-06-10,Home,412.19,Approved
507565,112841,31/10/2019,Life,7416.88,Under Review
512412,102832,2019-03-01,Auto,787.3,Under Review
512563,115064,2021-10-01,Travel,71.09,Rejected
500871,104445,15/03/2026,Health,3382.55,Under Review
501263,116160,04/19/2022,Auto,1859.09,Rejected
501618,119171,11-01-2024,Home,6943.63,Pending
504345,120124,19/06/2024,Health,4738.97,Pending
514146,117586,2019-05-21,Auto,2814.89,Rejected
502414,114406,2022-08-21,Auto,2809.34,Approved
508425,103241,01-03-2024,Travel,398.32,Pending
513464,103225,2023-05-12,Auto,4124.77,Approved
506373,106486,28-02-2024,Auto,821.78,Rejected
501220,116833,09/11/2019,Travel,305.75,Rejected
509572,119625,27/07/2026,Home,948.16,Approved
501765,107324,17/07/2026,Life,11170.53,Approved
506148,107749,09/04/2021,Health,659.1,Approved
508471,115318,10-01-2023,Health,741.04,Under Review
514062,112951,06-01-2021,Auto,868.4,Approved
502001,114458,25/02/2021,Home,1635.7,Rejected
505609,114111,28/07/2020,Life,5408.47,Rejected
508836,104581,2022-01-04,Health,447.65,Approved
504581,101197,08/18/2024,Life,5778.04,Approved
507187,112711,2025-01-06,Life,7976.4,Under Review
501485,106699,05/22/2026,Health,492.27,Pending
503582,109895,22-05-2020,Auto,4248.65,Approved
502523,101247,2025-08-07,Auto,1493.71,Approved
514432,105301,08-08-2022,Home,1466.23,Approved
511510,101859,12/26/2022,Home,835.95,Approved
503078,101989,2020-11-14,Home,3554.12,Approved
504833,108986,17-02-2025,Auto,803.91,Approved
514608,108754,2021-02-19,Auto,3123.75,Approved
501305,101114,2021-08-23,Home,2035.21,Under Review
504782,108610,2020-09-27,Travel,269.47,Approved
513842,119610,2019-08-22,Auto,532.85,Approved
504381,104554,27-10-2024,Travel,154.59,Approved
511395,107452,05/21/2026,Auto,2213.64,Approved
507826,113144,2023-08-09,Home,3596.47,Rejected
508817,109063,12/09/2021,Travel,462.52,Rejected
509536,113532,02/05/2023,Auto,2507.95,Pending
502165,106407,15/08/2023,Auto,1684.71,Pending
500617,103035,04/10/2025,Home,490.49,Approved
514504,113245,25/09/2019,Home,9173.92,Rejected
507252,103157,01/25/2021,Auto,1568.06,Rejected
506176,104064,21-03-2022,Auto,720.61,Under Review
508496,108672,01/04/2025,Life,7260.68,Approved
510212,109045,07-02-2025,Health,589.17,Approved
509529,100524,30-09-2020,Health,726.56,Under Review
514185,120081,2026-08-23,Home,1132.39,Approved
502163,107695,08/06/2022,Travel,287.91,Approved
504770,104280,01/07/2021,Home,1354.91,Pending
510114,111137,09-05-2021,Life,8697.4,Pending
514655,114243,01/07/2025,Auto,2151.52,Approved
502004,110031,08/25/2024,Auto,802.63,Approved
514294,110161,2024-07-25,Health,287.14,Approved
503047,117306,06/02/2019,Home,2710.1,Approved
510389,115564,20-07-2019,Health,475.58,Approved
513256,102376,04/06/2019,Home,1962.76,Pending
511634,107905,20-12-2021,Health,2391.15,Under Review
509401,107169,07-10-2023,Auto,2024.98,Rejected
512408,105310,08/15/2019,Life,4442.7,Under Review
508176,117561,25/01/2019,Life,2916.19,Pending
509703,116167,20/09/2023,Health,281.15,Pending
503095,110423,12/02/2020,Auto,2916.28,Approved
514461,108335,2019-02-11,Life,8115.15,Approved
503285,120200,03-05-2026,Auto,498.69,Rejected
511708,116852,2025-06-03,Home,5306.73,Approved
509438,101559,13/08/2021,Home,5598.86,Approved
507290,104355,27-01-2023,Travel,333.17,Rejected
501313,116041,25-03-2019,Auto,999.23,Under Review
513998,113221,07/22/2019,Life,15729.61,Approved
507089,101666,12-02-2026,Auto,2467.21,Approved
512762,105498,05/10/2025,Health,747.8,Approved
502903,114490,2020-07-08,Auto,3421.32,Approved
510995,115327,02/11/2019,Travel,370.47,Approved
503333,103379,25/02/2026,Travel,381.07,Under Review
513606,110238,27/02/2025,Health,-478.87,Approved
503053,109092,2023-01-22,Home,601.29,Approved
511055,103124,07/20/2019,Auto,1413.37,Approved
505072,114848,10/17/2019,Auto,1250.27,Under Review
512024,103414,13-08-2020,Travel,577.45,Approved
509787,101502,03/27/2023,Auto,2481.16,Approved
508846,103078,12-08-2026,Auto,2308.42,Pending
502269,108764,2020-12-22,Travel,156.11,Approved
507990,111306,11/08/2024,Auto,785.1,Pending
509761,110917,05/13/2021,Life,6153.51,Approved
508948,104636,2023-03-06,Auto,1432.39,Under Review
509936,100579,05/10/2021,Auto,973.97,Pending
513731,100988,06/18/2020,Auto,1932.48,Under Review
510491,116716,01/02/2022,Health,417.8,Approved
509725,112097,14-11-2020,Health,1201.13,Rejected
509767,102241,06-05-2025,Auto,1735.8,Under Review
512660,100159,12/12/2020,Health,1827.53,Rejected
507925,114123,2020-05-05,Travel,687.14,Approved
504707,103101,2025-09-02,Health,287.75,Approved
513334,110145,2020-02-17,Home,4038.38,Approved
502114,102988,07-08-2022,Health,724.65,Rejected
507640,113625,01/06/2025,Health,454.08,Approved
501541,113762,08/29/2019,Life,6562.41,Rejected
507336,110569,22/03/2026,Health,825.23,Approved
502602,112176,03/08/2020,Health,328.11,Approved
512835,104669,2023-08-06,Home,3457.94,Under Review
504607,107646,01/05/2019,Auto,1831.1,Approved
510418,112653,30/05/2025,Auto,573.12,Pending
508952,100938,2020-05-01,Auto,1382.34,Approved
510774,109407,24/07/2021,Health,576.92,Approved
504756,101904,2022-08-15,Life,-4900.74,Rejected
507289,103305,18-02-2023,Travel,426.29,Approved
505538,104506,06/17/2019,Health,419.64,Approved
507087,104403,30-01-2024,Home,3070.03,Approved
500520,116071,2020-05-27,Auto,4447.77,Approved
510432,112388,28-03-2020,Auto,1124.91,Pending
507139,119675,18-06-2019,Auto,1169.75,Approved
509403,102208,12-05-2023,Auto,2005.15,Rejected
508855,102165,11/10/2023,Travel,315.58,Pending
501092,110206,2026-04-11,Auto,1981.25,Approved
506557,100874,2020-11-19,Life,15749.69,Rejected
508538,110766,10/05/2022,Auto,1563.15,Approved
504913,111262,03-07-2020,Travel,263.16,Under Review
510022,114954,12/19/2024,Health,200.0,Under Review
503771,100398,2021-02-08,Health,608.77,Under Review
512878,104912,2023-07-27,Home,1514.84,Rejected
501109,107691,2021-04-04,Health,298.28,Rejected
504655,103322,04-04-2022,Auto,1690.25,Approved
509947,107060,01/05/2023,Auto,911.5,Approved
501038,104548,15/03/2021,Home,412.95,Approved
511616,108975,02/28/2024,Health,863.4,Approved
500020,103894,2023-02-15,Health,872.9,Pending
513361,108264,08-06-2021,Life,6505.94,Rejected
506605,111419,07/17/2024,Auto,,Approved
505531,100732,2019-04-27,Health,256.7,Under Review
509043,111490,17/05/2025,Auto,2656.69,Approved
500934,111583,26/08/2026,Home,1441.77,Approved
507713,111640,20-03-2019,Travel,595.33,Approved
512500,118678,01-05-2021,Home,2371.93,Under Review
513523,101000,12-06-2026,Auto,224.7,Approved
514131,107863,2026-08-26,Auto,1498.42,Rejected
501726,114651,12/12/2022,Auto,577.93,Pending
504490,103418,02/04/2020,Travel,607.84,Approved
510260,114986,01-09-2022,Auto,1320.61,Approved
509392,102083,08/29/2024,Life,9394.34,Rejected
501737,104639,11/21/2025,Home,5153.48,Approved
507306,100684,10/08/2023,Home,1981.27,Approved
500561,110265,2021-12-10,Auto,940.6,Under Review
507372,114653,05/14/2026,Health,892.11,Approved
513796,119682,2020-08-29,Home,3163.46,Approved
513644,108946,2022-04-12,Health,1018.33,Pending
501162,103295,2019-02-18,Health,666.72,Pending
514273,111479,12/19/2023,Health,396.14,Approved
512489,103423,05/29/2024,Life,4875.77,Approved
506906,114488,15/11/2021,Auto,-1525.15,Approved
509164,104224,2024-12-21,Health,677.51,Under Review
501527,112245,04/02/2022,Travel,,Rejected
508099,104640,03/11/2025,Health,352.62,Pending
510141,118154,2019-09-14,Life,14081.21,Approved
502930,112628,03/21/2026,Health,336.12,Pending
507665,116522,2024-07-24,Travel,145.88,Approved
500058,119926,2025-10-30,Life,4614.09,Approved
508726,111785,2021-01-10,Home,737.75,Rejected
508204,105298,13/10/2019,Home,4824.74,Approved
512753,109429,14-12-2023,Home,2892.03,Approved
504483,111935,08/06/2021,Life,3885.3,Rejected
502291,101579,2022-11-05,Auto,1092.69,Rejected
512073,100689,26-03-2021,Home,5012.21,Approved
512828,105624,2023-10-10,Auto,2154.93,Rejected
508198,115565,2021-08-28,Health,1204.01,Rejected
509551,107653,07-07-2022,Health,2002.22,Rejected
513615,104648,23-02-2020,Auto,1789.67,Approved
511514,116970,2019-02-06,Auto,1414.89,Approved
501649,107828,27-09-2023,Life,10596.76,Approved
514758,100995,2020-07-26,Health,-605.0,Pending
508606,111317,03/10/2025,Home,1980.53,Rejected
502724,116528,09/02/2026,Auto,3367.5,Approved
510564,110930,07/02/2024,Auto,2458.86,Under Review
500938,108225,18/02/2021,Auto,1339.02,Under Review
504510,108868,06-09-2019,Travel,266.42,Approved
512822,103500,26/11/2021,Auto,2268.38,Rejected
514213,113746,2021-06-08,Health,951.21,Approved
504694,118380,31-07-2025,Life,14625.62,Rejected
507213,116130,08/03/2020,Health,410.06,Approved
506507,112885,21-06-2024,Auto,1250.35,Pending
500998,115496,2022-08-14,Auto,1852.61,Rejected
508749,108893,2019-08-03,Auto,784.94,Approved
504528,106950,01/21/2025,Auto,908.43,Approved
503870,109527,01/22/2025,Travel,198.49,Approved
510362,108834,24-11-2025,Home,1353.92,Approved
505354,120479,2020-12-18,Home,6153.56,Approved
514226,108837,12/03/2025,Health,1439.45,Approved
502907,120499,24-10-2025,Home,2181.12,Approved
510732,114356,19/12/2024,Home,1414.54,Approved
509756,105470,2023-08-31,Travel,243.35,Approved
503538,106438,02/04/2025,Health,2372.2,Approved
505993,116488,30/08/2022,Home,877.08,Approved
514130,107863,30-04-2024,Health,951.78,Rejected
500915,104742,10/05/2022,Home,3084.79,Approved
513518,119580,27-01-2022,Health,1440.65,Rejected
504415,118981,13-04-2021,Home,2500.69,Pending
510252,106665,19/10/2023,Auto,683.23,Rejected
510098,116788,04/08/2019,Auto,865.01,Approved
501817,119657,12-08-2021,Home,2491.84,Rejected
514602,115636,03/18/2022,Travel,240.57,Approved
511952,111905,06/12/2022,Health,1487.04,Approved
503949,111771,2025-10-04,Travel,591.59,Pending
500337,107181,09-06-2019,Auto,1448.46,Rejected
502072,120097,2025-06-28,Home,4555.26,Approved
512953,104249,26-09-2025,Auto,1877.83,Approved
505822,111257,22-03-2024,Auto,1526.63,Approved
510490,109413,2020-01-28,Health,1720.41,Rejected
505143,112287,16/12/2025,Life,10278.23,Rejected
511592,113179,2019-06-13,Health,942.62,Rejected
503513,102596,16-09-2021,Home,7691.08,Approved
502815,118294,21-01-2023,Auto,949.37,Approved
507528,109001,22/05/2024,Travel,200.16,Approved
513432,106764,02/18/2023,Home,4279.07,Pending
507645,115054,13-12-2022,Auto,928.8,Rejected
510833,120338,05-12-2024,Health,604.26,Pending
508400,105006,19/10/2025,Auto,1991.64,Approved
500766,104032,2021-11-22,Travel,219.09,Rejected
503782,107115,06-04-2021,Auto,1673.53,Approved
507757,114692,02/07/2025,Auto,681.75,Approved
501144,108757,29-11-2023,Home,369.96,Pending
513760,112771,2022-01-09,Auto,1707.06,Approved
502510,119666,01-04-2020,Travel,88.94,Under Review
508842,117713,05-03-2020,Auto,1364.3,Approved
502273,116507,20/05/2020,Travel,221.6,Pending
502860,100426,10/08/2024,Life,8234.39,Approved
501221,114737,13-08-2026,Auto,1807.37,Under Review
510783,111638,09/07/2024,Health,993.04,Approved
504864,100014,30/09/2024,Auto,1640.8,Rejected
514497,105878,11-05-2020,Travel,553.91,Approved
514446,102539,15/07/2021,Life,15011.99,Rejected
507974,119064,07-05-2025,Auto,3295.43,Under Review
509470,108505,28-05-2024,Auto,1511.67,Approved
506733,107871,2022-01-04,Health,138.67,Approved
504924,109236,14/07/2019,Health,1127.21,Pending
504532,119465,02/08/2019,Health,-546.46,Rejected
507020,116854,08/08/2021,Auto,1694.68,Rejected
501672,105354,09/01/2021,Auto,919.81,Approved
511437,115029,15-12-2022,Travel,778.09,Approved
506790,108721,2024-03-17,Auto,1052.85,Pending
509368,113072,2024-11-18,Auto,3076.15,Approved
504055,108161,02/10/2019,Life,6491.35,Approved
507309,100684,20/01/2023,Health,2971.22,Approved
501808,105512,02/01/2024,Travel,783.2,Approved
502275,102736,05/09/2026,Auto,796.0,Approved
503761,113829,2023-02-25,Auto,2025.52,Under Review
514400,111023,05/05/2021,Home,3494.53,Approved
514148,111302,07/10/2020,Health,1499.73,Approved
509846,119787,03/28/2019,Home,1483.05,Pending
513817,118024,2021-09-24,Travel,493.86,Approved
502045,114836,2025-03-18,Auto,1168.65,Approved
513621,113910,2020-01-14,Health,,Approved
506759,117126,31/03/2026,Travel,543.36,Approved
505113,102094,17/01/2026,Health,786.46,Approved
501295,114329,26/08/2021,Auto,1109.29,Approved
508492,117441,2022-05-20,Travel,469.94,Approved
504687,103387,01-06-2019,Auto,486.27,Approved
503952,120304,2024-08-11,Home,6197.41,Pending
510460,119730,12/18/2019,Travel,583.57,Approved
504317,107886,04-04-2025,Travel,278.81,Approved
510021,103019,2022-09-19,Travel,275.71,Rejected
500444,107627,13-07-2026,Health,689.04,Pending
505519,102357,2025-05-10,Travel,315.27,Approved
500858,101530,18/03/2025,Life,11392.12,Approved
507688,112788,2024-02-16,Life,24721.26,Approved
504439,106603,2025-04-06,Health,281.35,Rejected
505321,102154,08/02/2025,Home,2236.75,Rejected
500841,100383,09/05/2025,Health,874.64,Rejected
514115,114153,24/11/2021,Travel,967.61,Pending
507900,118232,2024-12-12,Auto,2271.9,Approved
513845,112260,2020-08-28,Home,2840.53,Approved
514166,119282,20-01-2024,Travel,578.77,Approved
500994,104546,10/30/2023,Home,8245.82,Approved
510999,111288,01/25/2020,Home,,Approved
508978,110465,18-12-2022,Home,3722.3,Approved
501554,117664,2025-11-15,Auto,1936.55,Pending
510032,101223,2023-11-02,Home,8443.12,Approved
501973,113384,2021-09-06,Auto,1424.55,Approved
501951,105305,15/03/2024,Health,1110.59,Pending
514099,104451,10/13/2020,Health,201.18,Approved
509469,108505,08/29/2020,Travel,693.87,Pending
507405,111370,2025-11-14,Home,2516.2,Rejected
508878,113764,2024-03-31,Travel,331.92,Pending
502513,112475,05/17/2025,Life,4532.41,Pending
505559,107003,30-10-2023,Home,3132.25,Approved
513145,107999,26-03-2024,Health,947.62,Approved
502835,100049,2020-06-27,Health,718.12,Approved
504700,110087,03/10/2021,Home,2163.91,Approved
502445,100697,2020-11-21,Health,521.86,Rejected
502233,114218,03/14/2019,Auto,1120.84,Approved
503050,109008,03/12/2020,Auto,2862.17,Approved
509997,112848,08/03/2022,Health,,Approved
500400,114016,07/07/2025,Travel,1436.2,Approved
514316,104300,06/11/2025,Auto,1844.65,Approved
507562,112962,05/05/2024,Life,2776.82,Under Review
505198,101448,23/10/2024,Health,4841.23,Approved
507690,115706,26-04-2020,Life,11150.39,Rejected
512271,101014,07/07/2024,Home,-6966.44,Approved
501023,109398,18/09/2025,Travel,157.54,Rejected
503298,105048,2024-01-31,Auto,538.74,Approved
508744,116360,08/31/2019,Auto,243.13,Rejected
512454,106297,2020-09-04,Home,2105.86,Under Review
514603,116609,02/01/2026,Life,9903.22,Approved
506888,113078,09/23/2023,Auto,1651.59,Approved
510903,115383,2021-06-08,Health,733.58,Pending
514790,101899,25-03-2019,Auto,1373.8,Pending
504241,113712,14/06/2025,Home,2336.03,Under Review
505424,113875,11-05-2022,Travel,633.35,Approved
513430,106764,11/09/2021,Home,3774.26,Approved
507716,111640,01/28/2019,Auto,1061.79,Approved
510609,110364,22/01/2026,Auto,2255.0,Approved
507932,111579,05-07-2026,Travel,625.07,Rejected
504080,110315,05-04-2023,Home,13860.88,Approved
500803,107555,2025-11-02,Life,15930.49,Pending
501550,113981,09/03/2022,Home,2844.66,Rejected
501009,116769,20-07-2022,Health,1247.91,Approved
502231,111285,09/01/2026,Health,980.36,Approved
508655,102423,28/08/2021,Travel,179.72,Approved
502737,112065,24-03-2024,Health,279.35,Approved
506223,109020,2026-02-23,Life,14940.19,Under Review
505095,117743,30/11/2025,Home,4991.22,Under Review
500648,118517,06/27/2024,Home,1644.32,Approved
508788,101794,10/01/2026,Auto,2947.87,Approved
502862,117515,2021-07-22,Home,4793.46,Approved
504975,105416,2026-01-13,Health,279.31,Approved
507110,104374,12-09-2021,Health,746.67,Approved
508919,108266,23/01/2021,Travel,111.49,Approved
507782,108831,19-01-2020,Home,1312.91,Rejected
500550,103941,09/16/2022,Auto,1644.14,Approved
511198,114189,08/12/2024,Health,958.48,Rejected
505617,111293,21/08/2019,Travel,442.4,Approved
507728,112761,30-01-2023,Health,209.71,Approved
508845,103078,05/11/2022,Home,3736.96,Approved
500211,106974,22/10/2021,Health,1801.73,Rejected
512498,114385,01-10-2025,Auto,2766.8,Approved
508513,103896,2022-09-14,Home,1120.32,Rejected
501781,116368,2019-08-10,Home,1143.19,Pending
513732,100988,04/15/2022,Auto,1824.61,Approved
503543,114765,14/04/2021,Auto,1258.9,Approved
511984,115627,01/01/2020,Life,9549.03,Rejected
501438,111465,2022-06-07,Home,4183.89,Rejected
502515,112475,06/10/2021,Health,821.76,Rejected
502868,119430,05/14/2026,Home,1232.79,Approved
502434,107732,02/10/2020,Travel,284.66,Approved
505045,101225,03/09/2024,Auto,3300.37,Rejected
504792,102584,17/06/2019,Health,916.4,Pending
510844,108236,02-12-2020,Auto,1904.47,Approved
512992,109087,2022-12-20,Home,1773.5,Rejected
506281,113978,16/07/2023,Auto,868.33,Approved
501314,108843,02/16/2020,Auto,1581.17,Approved
509304,102744,29/11/2025,Auto,2449.89,Pending
506491,115480,15-02-2022,Health,1186.85,Approved
512795,117438,2023-07-19,Auto,1286.17,Approved
503979,115031,10/04/2025,Life,20566.05,Rejected
500012,104572,23-06-2019,Auto,1198.46,Approved
506486,110781,26-10-2023,Travel,667.28,Under Review
500818,114881,11-02-2019,Life,12022.84,Approved
502784,119075,2026-08-31,Home,1909.82,Approved
511469,112142,2023-01-31,Travel,350.34,Approved
512944,110412,02/01/2024,Home,3229.08,Approved
500453,103018,31/05/2025,Auto,5934.92,Rejected
501049,103507,29-12-2024,Health,608.59,Rejected
514492,105387,2024-01-18,Auto,1040.87,Approved
501656,111141,10-10-2024,Home,467.62,Under Review
503457,111216,27/03/2019,Health,-1842.68,Approved
507529,109001,17/02/2026,Auto,1575.2,Approved
514805,111964,2020-12-15,Travel,569.48,Approved
511726,102462,08/21/2023,Life,8507.19,Approved
513684,113621,2025-05-27,Auto,5886.53,Pending
505139,118541,22/04/2019,Auto,1092.68,Approved
502908,120499,04-03-2026,Home,3199.93,Approved
511052,120216,2025-12-01,Health,549.1,Approved
500940,118200,13/02/2020,Home,3618.57,Approved
514565,105801,30/12/2019,Travel,779.72,Under Review
508444,117545,02/17/2019,Home,1377.99,Pending
511499,109822,17-01-2023,Home,1052.21,Under Review
507603,115148,2021-06-01,Auto,,Approved
511098,108346,20-08-2022,Auto,2841.13,Rejected
509542,114879,18/09/2019,Auto,1265.42,Approved
504634,105164,27-06-2021,Health,414.16,Approved
508240,114368,07/09/2024,Auto,2043.34,Rejected
506760,113974,19-05-2023,Travel,1828.73,Approved
508295,104663,10/22/2022,Auto,425.44,Approved
501400,101743,09/09/2025,Auto,997.09,Pending
509677,111878,09/10/2022,Home,2730.06,Approved
500030,105518,16-10-2020,Home,1642.99,Pending
506258,116839,22/06/2025,Home,1913.37,Under Review
513283,109223,25-06-2022,Auto,2478.39,Rejected
503677,106797,09/04/2020,Life,5341.73,Approved
500672,118774,22-01-2020,Health,,Pending
508410,112241,14-11-2019,Home,4882.19,Pending
507332,115027,20/09/2020,Home,2165.98,Rejected
511462,104654,23/11/2024,Health,467.43,Pending
514237,118117,2022-05-16,Auto,2251.37,Approved
505466,119285,26/03/2019,Travel,,Approved
511588,118714,07/26/2022,Home,2576.53,Rejected
506631,105493,2025-07-10,Life,11136.95,Rejected
508908,109284,09/15/2025,Health,571.33,Pending
501108,107691,2025-08-24,Auto,3079.06,Pending
511406,119534,18-11-2023,Health,402.5,Approved
513547,105238,02/23/2025,Life,6734.87,Under Review
503229,107696,10/05/2022,Auto,1220.41,Rejected
510656,109112,04/01/2022,Home,5111.92,Under Review
509426,101294,06-07-2025,Home,2404.71,Rejected
508108,110779,2023-07-21,Home,1937.24,Approved
503319,101210,31/07/2024,Auto,2117.26,Approved
510003,119735,2026-01-31,Health,287.06,Rejected
505835,104139,2023-10-12,Auto,1997.41,Approved
510499,109225,22/09/2024,Life,7649.39,Rejected
509205,101095,30-03-2022,Health,391.17,Approved
508028,102916,22/01/2022,Health,736.58,Approved
510217,115823,05-02-2021,Health,766.28,Approved
502553,107484,27/05/2024,Health,508.17,Rejected
504775,108211,11/10/2021,Health,773.51,Approved
511308,116352,08/07/2023,Auto,742.44,Approved
502686,103302,05/13/2024,Health,291.93,Under Review
507356,119038,23/10/2021,Home,3009.26,Rejected
511152,119568,07-05-2025,Home,1653.79,Under Review
501563,115853,08-04-2023,Auto,641.35,Approved
507050,101830,2023-07-18,Auto,2150.44,Pending
510304,106273,27-11-2025,Auto,1219.96,Approved
503071,116529,01-04-2022,Home,1795.84,Rejected
511614,108432,07/17/2024,Home,3420.74,Rejected
514335,113051,2022-11-02,Auto,2234.52,Pending
504474,103942,13/12/2021,Auto,2693.39,Approved
510887,119909,2024-11-18,Life,8161.56,Approved
511818,119363,28/05/2021,Auto,1342.67,Approved
511124,107370,15-10-2021,Health,1179.86,Approved
504856,112248,29-10-2022,Health,529.71,Rejected
505268,110884,08/04/2023,Auto,2218.66,Pending
502853,117914,03/22/2019,Health,532.04,Rejected
513789,120209,20-08-2020,Auto,4163.94,Approved
513714,103380,18/04/2019,Auto,578.21,Rejected
511358,110635,26-05-2026,Health,1442.35,Rejected
509839,115367,29/07/2021,Auto,3186.39,Rejected
508079,105108,14/11/2019,Travel,480.63,Approved
504601,108293,27/05/2022,Health,753.39,Pending
512035,105395,20/03/2026,Life,4062.64,Rejected
506831,104952,13-12-2021,Auto,1054.88,Approved
513792,102396,08/20/2025,Health,660.62,Under Review
502213,108922,13/03/2020,Travel,196.12,Rejected
504929,102455,25-03-2025,Auto,2471.13,Rejected
510879,100901,09/17/2020,Auto,,Approved
510940,113921,16-11-2023,Travel,263.19,Approved
511910,106855,2023-01-06,Auto,1294.37,Rejected
506651,101278,20-11-2022,Auto,1706.19,Pending
502111,104989,2022-08-05,Auto,892.96,Approved
512746,119151,09/10/2024,Home,1481.23,Pending
508012,111614,06/25/2021,Auto,1262.94,Approved
506608,102504,19/07/2023,Health,966.49,Under Review
513570,100125,11/11/2022,Auto,508.63,Pending
507771,110264,29-09-2019,Life,9194.52,Pending
514110,110541,2019-05-06,Home,5605.98,Under Review
507731,103614,13-05-2024,Home,11893.18,Pending
504446,104288,30/03/2025,Life,7189.38,Pending
513525,101667,07/19/2026,Auto,735.6,Under Review
511228,119591,01/06/2019,Home,1931.98,Under Review
507614,109950,2023-06-25,Auto,1845.83,Approved
505026,110027,14-07-2023,Auto,1710.7,Pending
500028,109276,20/08/2024,Home,-2207.0,Under Review
514163,111954,2026-04-21,Auto,2996.37,Approved
511988,115160,13/10/2020,Home,2566.64,Under Review
510182,120198,2024-06-28,Home,12409.27,Under Review
510000,108102,01/11/2020,Home,4544.88,Approved
500355,109051,12/22/2022,Home,1336.49,Approved
501429,112290,09/26/2019,Health,1140.59,Pending
511035,102670,2019-05-05,Life,6384.28,Approved
510547,107995,2022-06-07,Home,2532.68,Approved
510784,111638,07/03/2021,Home,2668.58,Approved
512229,119611,12/01/2024,Health,289.87,Rejected
506650,101278,24-08-2020,Auto,1304.9,Approved
500332,119907,12/27/2024,Travel,485.17,Rejected
505643,104721,07/15/2026,Auto,674.69,Under Review
508961,117408,31-08-2022,Home,1098.07,Pending
507441,100656,2020-09-10,Health,1086.86,Approved
513372,117826,2021-12-31,Travel,170.92,Approved
504224,112505,21/08/2020,Health,599.05,Approved
500964,103479,04/23/2026,Auto,1699.85,Approved
510810,118947,2019-05-31,Auto,4486.12,Approved
500120,112470,28/07/2021,Health,372.77,Approved
504930,120257,2021-01-16,Home,2738.76,Approved
506735,106927,21/05/2020,Home,2882.06,Under Review
505579,118124,10-08-2022,Travel,320.34,Approved
514628,112874,08-04-2019,Home,1773.04,Rejected
514281,104432,03-09-2020,Auto,927.62,Rejected
504710,100084,14/12/2019,Travel,164.61,Pending
503281,116062,09-09-2020,Auto,2682.31,Approved
502370,117767,12/22/2020,Health,536.43,Rejected
505522,111287,10-05-2022,Travel,406.2,Approved
502544,104269,04-01-2022,Health,414.7,Approved
514336,104673,31/08/2020,Life,5100.13,Rejected
509257,105677,2022-12-24,Home,8209.45,Rejected
502885,102959,10/03/2021,Life,6964.58,Rejected
511422,112708,04/04/2024,Home,1392.71,Approved
502178,116000,2020-03-03,Home,5308.9,Approved
508917,118682,2021-09-18,Health,998.13,Approved
504898,113453,08/25/2023,Life,8404.5,Approved
505153,117947,11/08/2025,Home,2238.95,Pending
501209,110083,02-03-2020,Auto,1592.85,Approved
507864,100603,15/02/2026,Auto,1315.18,Rejected
507592,104562,22-05-2020,Travel,728.14,Rejected
509573,119625,12/28/2025,Health,2617.7,Approved
507556,115178,01/09/2023,Auto,3426.18,Approved
503123,105385,26/04/2021,Health,4888.09,Rejected
511977,112851,30/03/2025,Auto,2285.64,Rejected
501544,100819,11-07-2020,Auto,2164.92,Under Review
512164,103645,04-12-2020,Auto,643.67,Approved
514229,104324,01/05/2026,Auto,1103.33,Rejected
510697,115482,11/05/2021,Home,892.4,Approved
508209,111331,10-09-2025,Auto,1609.08,Approved
514334,106949,2020-12-17,Home,,Approved
513619,100374,09-09-2025,Auto,2635.65,Approved
510086,105288,30-08-2022,Health,928.89,Approved
513627,117778,06/15/2022,Life,4473.74,Approved
500945,112594,2023-01-26,Auto,1278.3,Rejected
510667,119299,2025-11-28,Home,2392.19,Approved
504550,110888,2021-11-30,Auto,1239.84,Approved
513356,106721,2022-03-30,Auto,1252.01,Approved
512174,120083,2019-07-05,Home,911.7,Pending
514186,112219,02-06-2026,Auto,1112.08,Approved
509843,109232,2026-07-14,Auto,2854.39,Under Review
509035,119579,28/02/2021,Auto,3884.44,Approved
514241,101761,04/08/2025,Home,1215.62,Approved
501675,111945,22-04-2025,Auto,858.58,Approved
512510,103644,13-01-2020,Auto,1538.53,Approved
501561,100644,06/06/2023,Auto,1478.98,Under Review
512392,102230,09/05/2024,Auto,950.6,Approved
514421,110188,09/24/2022,Home,2189.99,Approved
507590,120187,22-11-2024,Health,516.88,Approved
506213,104301,06/09/2021,Life,14825.62,Pending
511342,100615,30/11/2019,Auto,1366.0,Pending
506044,115940,2022-01-14,Auto,1903.4,Pending
504541,103657,06/09/2025,Auto,932.02,Under Review
501782,116368,2026-02-15,Auto,1103.42,Rejected
509096,111796,29-03-2023,Health,2925.15,Approved
514369,104809,14/10/2025,Auto,4542.1,Pending
501095,119628,29-06-2019,Auto,1327.83,Under Review
506849,114481,2023-06-28,Life,10229.49,Under Review
502927,114419,05-02-2019,Travel,-819.28,Approved
507599,106217,2021-07-26,Home,9551.37,Under Review
503287,103537,2022-07-19,Auto,2826.11,Under Review
512356,118351,03/19/2019,Health,436.23,Approved
500677,104149,07/09/2024,Life,7604.25,Pending
506193,115999,03-09-2022,Health,1242.94,Pending
502605,109240,2023-07-17,Auto,1210.96,Approved
501392,112377,07/03/2024,Life,11310.87,Rejected
512472,118488,2021-10-21,Health,431.01,Pending
514718,100206,2024-08-19,Home,1370.71,Approved
500752,100459,06/18/2022,Auto,1232.53,Approved
501711,105259,2021-01-25,Health,653.8,Approved
503737,109315,2022-10-11,Auto,1017.17,Approved
514631,111835,12-12-2023,Travel,826.5,Under Review
512888,104378,20/03/2019,Auto,1708.83,Approved
503215,106293,04/12/2023,Health,468.81,Approved
500797,108803,02/14/2025,Auto,1731.57,Approved
508192,113388,09/07/2022,Home,1817.03,Approved
501777,101396,09/06/2021,Home,923.62,Under Review
504113,113730,19/08/2021,Life,5630.79,Pending
501770,120201,21/06/2023,Health,1513.57,Approved
513614,117909,10/05/2023,Health,805.45,Rejected
514004,108705,25-09-2020,Auto,846.44,Approved
512744,106207,04/12/2021,Health,294.62,Under Review
506951,110836,02/16/2022,Health,1313.95,Approved
506412,119783,2021-09-24,Auto,964.83,Under Review
503022,107852,07/19/2022,Auto,3608.93,Approved
504228,109115,2025-02-21,Auto,1076.04,Approved
513754,119136,2022-12-13,Life,8642.85,Under Review
503012,109536,10-07-2020,Home,2027.68,Approved
513655,107179,12/18/2024,Home,2374.81,Rejected
509659,102886,03/12/2025,Home,4296.76,Under Review
505764,117567,09-06-2026,Auto,1481.3,Under Review
505568,112923,03/12/2019,Health,1081.62,Rejected
504619,118156,23-12-2024,Auto,1541.41,Approved
512228,114387,10-09-2019,Life,6262.93,Approved
506729,107098,09/01/2023,Life,10308.47,Under Review
507623,120308,02/19/2026,Travel,797.06,Pending
509906,118926,2024-08-07,Auto,1331.47,Rejected
500527,111770,2022-03-11,Life,7977.99,Under Review
500366,106695,05/21/2024,Health,916.71,Approved
506098,110039,2020-07-14,Auto,2207.36,Approved
513726,105626,2022-07-30,Health,806.65,Rejected
504264,107277,2019-06-26,Auto,1499.14,Approved
504262,108280,01/12/2023,Home,8568.54,Approved
508246,108077,11/18/2022,Auto,4048.72,Under Review
501919,113175,2021-10-20,Home,,Approved
500701,119071,03/11/2020,Home,2800.1,Approved
506170,103469,05/26/2025,Health,985.49,Under Review
513242,111889,16-02-2025,Home,2023.04,Approved
512258,110659,07-06-2026,Auto,2122.35,Pending
505018,103517,09/16/2023,Auto,1935.98,Rejected
510591,115544,2019-01-17,Auto,1411.04,Pending
504423,115050,05/12/2023,Home,8443.45,Approved
511817,119363,04/28/2024,Health,365.57,Pending
504868,117052,07/27/2021,Home,2466.19,Approved
501298,114200,2022-03-18,Home,1931.25,Approved
506948,109936,21-04-2020,Auto,2132.07,Rejected
501352,104489,22/08/2019,Auto,1292.68,Approved
502926,113326,11/29/2022,Auto,1647.75,Under Review
509075,101438,31/01/2021,Travel,503.27,Approved
511604,113240,2025-03-30,Auto,2191.46,Approved
501287,104191,2019-05-18,Life,8804.46,Approved
511215,109663,2022-02-03,Health,1349.57,Approved
511256,118762,2020-06-17,Travel,445.23,Rejected
512232,115954,27/05/2024,Health,524.32,Approved
504350,104501,2025-05-14,Auto,883.87,Approved
508654,119048,20/06/2021,Health,374.52,Pending
503697,106978,23-09-2019,Health,2006.57,Approved
502013,106879,11/07/2024,Health,721.04,Approved
509999,108102,07/27/2024,Travel,197.53,Approved
504373,116225,2020-12-29,Travel,212.51,Approved
509006,109980,2024-03-04,Auto,1434.82,Approved
505677,110368,2021-03-03,Auto,1826.93,Under Review
513299,104795,02/28/2023,Home,1746.83,Approved
508460,115503,17/10/2019,Home,-1266.89,Approved
502147,108054,2021-01-06,Auto,-2629.75,Under Review
508394,109258,06/14/2019,Home,11251.54,Under Review
502705,109119,18/03/2021,Travel,390.76,Pending
505473,117250,12/07/2019,Health,343.68,Rejected
510236,112501,04-03-2025,Home,1524.59,Approved
502570,111731,05/21/2026,Auto,1150.96,Rejected
510078,105262,28/06/2026,Life,9511.9,Approved
507225,114033,25-10-2022,Health,485.61,Pending
509634,105210,20/09/2020,Health,366.72,Under Review
509988,118669,2022-03-06,Home,1802.39,Rejected
513378,116163,10/13/2024,Life,6123.47,Approved
510919,106040,02/14/2020,Home,4412.06,Approved
500810,114746,18-05-2024,Health,1110.55,Approved
507375,106112,2025-02-21,Home,866.16,Pending
505684,118637,10/21/2019,Health,465.55,Rejected
513117,102643,09/01/2019,Auto,707.46,Under Review
500312,112829,14-06-2025,Life,7687.05,Rejected
502073,120097,09/05/2026,Travel,403.13,Approved
510391,116045,08/07/2021,Health,755.48,Rejected
511237,113862,2021-04-26,Home,8689.55,Pending
510949,118059,11-10-2023,Home,1068.32,Rejected
500885,116559,2026-02-01,Health,394.59,Approved
501477,106148,07/02/2021,Travel,1468.37,Pending
501790,107026,2020-09-09,Health,887.07,Approved
508085,120041,12/18/2019,Health,1079.69,Under Review
512594,114562,2026-07-06,Home,1656.33,Rejected
502008,107665,05/31/2020,Health,474.53,Approved
503454,109201,28/01/2025,Travel,,Pending
500682,103559,09/04/2022,Auto,829.15,Rejected
503895,112326,22-08-2021,Health,464.29,Under Review
513314,105693,2024-07-11,Health,1379.63,Approved
508771,119924,2024-05-23,Home,10761.47,Under Review
509386,114077,2019-04-15,Auto,952.95,Rejected
500057,112969,11-09-2024,Auto,959.57,Under Review
506580,117502,04/13/2024,Home,8725.14,Pending
513499,117347,24-08-2023,Auto,2243.89,Approved
506741,117682,02/10/2020,Home,2226.57,Under Review
502399,119635,24-10-2022,Life,6691.75,Approved
508395,106227,2023-12-27,Home,4285.42,Approved
514401,111023,08/05/2024,Health,484.19,Approved
504126,116899,2020-02-19,Auto,1519.96,Under Review
508797,105193,19-09-2021,Home,1351.32,Approved
509264,110086,20-08-2021,Auto,-4839.99,Pending
501468,111654,01/29/2025,Home,3130.7,Under Review
505761,120206,11/01/2026,Health,289.97,Rejected
501416,113963,20-04-2023,Travel,229.62,Rejected
500470,105250,25/01/2024,Home,2242.89,Rejected
502358,114835,06/21/2022,Life,6258.13,Approved
502722,106867,25-10-2020,Auto,3284.31,Approved
509321,111725,07/20/2023,Home,1584.68,Approved
514416,113428,12/07/2022,Life,11019.24,Pending
512752,109429,09/02/2022,Auto,1218.13,Approved
512680,117873,2020-03-27,Life,6380.51,Rejected
508897,110794,07/02/2022,Health,502.6,Under Review
504525,107021,10/06/2022,Home,1548.59,Approved
504610,106013,2019-04-17,Health,407.2,Rejected
512266,116873,06-05-2026,Health,502.36,Approved
512369,104986,16-01-2025,Life,14225.07,Approved
506041,105455,07/01/2020,Auto,869.01,Approved
511539,113678,09/09/2024,Auto,1704.79,Approved
503869,105548,01/22/2022,Home,1011.62,Approved
508826,110606,04/14/2019,Health,-181.81,Approved
514346,115254,28/09/2020,Health,1035.86,Approved
512879,103828,12/26/2019,Life,3541.07,Approved
506621,110038,08/06/2023,Auto,358.11,Rejected
514442,106313,15-02-2020,Home,4047.43,Approved
511851,112629,2024-11-06,Life,,Under Review
511750,105898,2022-11-06,Health,648.95,Approved
504674,102074,2020-12-28,Auto,841.68,Approved
501055,107981,2026-06-19,Travel,255.35,Approved
502281,117287,12-02-2019,Home,2108.82,Under Review
511099,108346,23-04-2019,Health,1597.97,Pending
511572,116564,01-05-2025,Home,3844.8,Approved
507109,104374,2023-02-24,Auto,1187.25,Approved
501924,100921,09/19/2019,Auto,3314.2,Approved
506379,110108,12/07/2026,Life,7114.49,Rejected
504907,110999,24-03-2024,Travel,863.35,Approved
511219,102657,25-07-2023,Health,273.93,Rejected
513519,103726,2020-12-07,Life,8522.74,Rejected
501075,118885,17-06-2025,Health,1621.22,Under Review
501115,100424,27/03/2025,Home,1521.92,Approved
503936,100439,27/05/2019,Health,426.09,Approved
503533,102718,06/20/2026,Health,730.86,Under Review
509564,106878,12/22/2019,Auto,1098.96,Approved
500460,112239,04/08/2023,Life,6186.2,Under Review
503032,120347,2024-12-07,Home,2232.67,Approved
504207,109416,24-03-2020,Auto,756.22,Under Review
513333,106488,2022-09-25,Home,1226.65,Approved
506398,116825,2024-02-10,Home,-10440.7,Approved
505841,101922,26-10-2020,Health,856.36,Approved
506601,105228,2021-11-17,Health,605.15,Under Review
501452,108443,11-09-2022,Health,1020.83,Approved
502149,100361,07/22/2026,Home,1364.93,Approved
500319,107215,27/07/2024,Health,511.88,Pending
514258,112772,10/02/2020,Health,861.11,Rejected
507492,108015,08/15/2020,Home,1224.72,Approved
501922,108612,13/11/2025,Home,1376.85,Approved
510365,104272,13/10/2019,Home,1077.19,Approved
513292,109312,20-12-2020,Home,4272.41,Approved
509612,109023,2024-06-22,Home,2290.8,Under Review
512511,103644,2021-05-08,Auto,2565.59,Rejected
510545,112861,2023-08-11,Travel,222.74,Approved
510100,107318,2022-07-02,Auto,749.8,Under Review
514120,100793,03/30/2021,Auto,2317.65,Approved
502129,106119,11/06/2020,Auto,1724.82,Approved
506403,119652,31/05/2026,Health,2177.33,Approved
512119,113006,05/09/2024,Auto,2622.64,Approved
506478,112120,07-01-2026,Life,4113.38,Approved
506300,113785,31-12-2022,Life,16990.73,Under Review
508641,111366,29/02/2024,Home,1671.71,Approved
510877,115831,17-02-2019,Home,2251.36,Approved
508821,116428,11/26/2024,Health,660.39,Rejected
512275,101993,01/04/2026,Home,-2020.1,Approved
502509,107998,2019-06-06,Travel,316.46,Approved
501052,112654,2024-03-30,Auto,1158.93,Rejected
506152,109872,11/29/2023,Travel,267.24,Pending
501681,117016,06/08/2022,Health,1790.68,Approved
510254,110358,01/16/2023,Auto,874.96,Approved
504067,101693,2026-04-13,Auto,3679.07,Rejected
505024,105440,19/12/2022,Travel,116.32,Pending
501456,106506,25-11-2021,Home,5166.98,Approved
513009,110964,12/15/2025,Home,1841.15,Approved
500361,102519,11-03-2026,Auto,1198.74,Approved
513269,104531,22-07-2026,Auto,653.74,Approved
514342,101252,2019-04-08,Home,2421.88,Approved
511944,119471,05/20/2020,Auto,1763.88,Approved
514759,100995,25-03-2021,Travel,881.76,Rejected
503145,103194,22/08/2023,Home,1817.57,Pending
513423,107843,2021-03-13,Health,519.24,Approved
508525,107756,15-08-2021,Health,752.7,Approved
500505,107486,05/04/2024,Life,9049.33,Rejected
510390,102321,04-10-2023,Health,689.74,Pending
511570,106940,2022-06-20,Life,5278.62,Under Review
513327,117563,10/05/2023,Life,7476.56,Rejected
510324,112907,07/15/2026,Home,798.64,Approved
509629,102689,09/03/2022,Home,2781.89,Approved
511949,118002,10/03/2019,Auto,1552.86,Approved
500540,111072,07/26/2021,Life,17876.11,Pending
504235,107654,2023-08-13,Health,496.2,Under Review
505507,109970,06-06-2023,Auto,1651.18,Approved
512665,102828,26/08/2026,Home,904.29,Under Review
510896,105254,2023-05-29,Travel,714.4,Approved
509824,118199,2025-10-04,Home,539.97,Approved
513506,111022,29/08/2020,Home,1204.16,Pending
500754,107757,2020-11-21,Auto,2543.94,Approved
508065,118080,12-05-2025,Home,9839.27,Under Review
502003,110031,2020-05-22,Auto,2954.07,Approved
502542,117446,19-04-2025,Health,6549.57,Rejected
506073,116903,2025-04-21,Auto,1191.98,Approved
502918,116266,11-04-2023,Home,2651.23,Rejected
510505,105966,2022-06-26,Home,4353.41,Approved
505218,104863,08/04/2022,Travel,251.24,Approved
508015,110708,01/05/2023,Home,491.31,Rejected
504271,119731,26/02/2022,Health,326.54,Approved
505875,105962,15/07/2021,Home,11482.27,Rejected
507015,115248,25/04/2023,Health,64.16,Rejected
500100,108960,02-04-2024,Home,3836.86,Rejected
510772,109407,04/12/2022,Auto,3072.98,Rejected
512090,116754,2025-04-27,Auto,1369.43,Approved
509820,110491,18-10-2023,Travel,,Approved
505362,118845,2024-03-12,Life,2777.96,Approved
504766,103445,2021-03-02,Home,1690.24,Rejected
507724,104112,04/11/2022,Health,975.64,Under Review
504880,114317,07/28/2022,Auto,1931.78,Approved
509808,107378,12-05-2020,Health,565.6,Rejected
500601,105198,23/03/2026,Home,1984.38,Pending
509517,114784,2023-12-03,Health,605.45,Approved
513346,102964,2024-09-07,Health,292.39,Approved
506182,104030,17/03/2024,Travel,238.57,Approved
508299,118891,2022-04-27,Life,20253.92,Rejected
501739,114121,02/24/2024,Home,2387.16,Under Review
502431,103570,14/10/2020,Travel,945.72,Approved
508886,114553,04/30/2025,Auto,2203.09,Approved
501044,112519,19-04-2023,Auto,5060.47,Pending
511565,103969,01/28/2022,Home,5108.07,Approved
501557,117664,10-02-2020,Auto,1710.89,Rejected
505009,105524,2019-04-02,Home,4053.44,Approved
501487,118447,09/26/2019,Auto,2625.08,Approved
506577,113172,30-04-2020,Auto,1333.11,Approved
510711,116354,2020-02-28,Auto,652.8,Under Review
513755,119136,01/08/2024,Health,510.5,Rejected
510347,110681,21/09/2023,Auto,1203.36,Approved
502115,115513,31/10/2019,Auto,769.14,Pending
505795,119179,24/06/2025,Health,382.71,Pending
513287,116462,17-04-2022,Home,377.52,Rejected
507612,113863,2022-11-20,Auto,,Pending
513275,110142,2021-01-30,Life,5278.9,Rejected
505491,107471,05/28/2019,Life,2867.62,Approved
510501,100001,13/08/2026,Health,1243.35,Approved
500618,103035,01-06-2022,Travel,388.04,Under Review
507541,117241,08-06-2026,Health,1174.91,Approved
508965,102072,03/11/2020,Health,221.39,Rejected
513217,108706,03/25/2019,Life,15177.8,Approved
514629,112183,31/01/2020,Auto,2774.22,Pending
503396,100182,2019-03-07,Home,3609.68,Under Review
501600,113909,05/11/2024,Home,2261.87,Pending
514598,107996,08/01/2026,Auto,1318.33,Pending
510446,117324,2021-02-04,Home,1386.09,Approved
501615,117848,19/05/2023,Auto,498.02,Approved
501752,104696,04/03/2021,Health,331.56,Approved
512908,111851,2023-10-26,Health,1534.93,Rejected
502040,112659,2019-05-30,Health,128.08,Rejected
502083,118414,04/22/2025,Auto,2721.76,Approved
512359,118646,25-03-2019,Auto,999.33,Pending
514507,111310,2020-06-28,Home,2530.53,Approved
506199,111976,09/04/2021,Auto,1100.83,Approved
510712,113830,2026-07-03,Auto,1131.73,Approved
509544,102824,17-05-2021,Health,121.84,Under Review
511233,118634,26/07/2026,Auto,776.96,Approved
505147,108377,2025-09-08,Auto,2237.7,Approved
513268,104531,03-11-2021,Travel,907.45,Pending
500675,104149,2022-01-21,Home,2335.67,Approved
502545,104269,17/04/2024,Auto,5742.81,Approved
504371,113003,02/04/2020,Auto,1389.39,Under Review
512442,115523,12/17/2022,Auto,3430.41,Approved
503999,100624,05/09/2022,Life,5010.77,Under Review
514208,112819,25-02-2025,Health,538.91,Rejected
506014,107541,2020-04-11,Auto,1388.94,Approved
505096,117743,31-10-2025,Life,10930.8,Approved
500175,109293,04/30/2023,Health,279.19,Under Review
514245,114369,04/08/2026,Travel,984.73,Under Review
502208,118022,12/13/2023,Health,132.14,Rejected
503609,102993,27/05/2023,Health,933.58,Approved
511962,116351,02-12-2021,Health,882.67,Under Review
512934,111639,2021-08-15,Home,2976.62,Approved
503787,108885,08/26/2024,Travel,168.09,Approved
509281,118748,21/06/2026,Health,5008.42,Approved
510608,110364,2021-11-03,Auto,1708.87,Approved
506458,109090,2025-03-18,Auto,2684.73,Approved
502225,105751,12/26/2021,Health,1281.88,Approved
503049,117306,2024-10-22,Auto,4434.09,Approved
500296,105809,30-06-2020,Auto,764.56,Under Review
501126,106723,2024-02-11,Life,19474.28,Rejected
513115,119967,02/21/2025,Auto,1065.84,Pending
514238,118117,05/13/2024,Home,2068.78,Under Review
511179,108504,20/05/2023,Auto,-1482.43,Approved
502441,109468,18/02/2021,Life,6430.55,Approved
512850,105889,04/10/2020,Auto,1387.59,Approved
512907,111851,2023-04-07,Auto,2763.89,Rejected
501322,114548,24/05/2019,Travel,468.85,Rejected
501603,113909,12/19/2023,Auto,504.2,Approved
504210,115256,2021-01-03,Auto,2023.82,Approved
511629,107381,2025-06-04,Home,4431.7,Rejected
512881,103828,04/14/2023,Auto,574.15,Under Review
509404,102208,10-03-2022,Life,8968.29,Under Review
504065,102733,2019-02-24,Health,458.7,Rejected
501294,114329,2026-08-02,Auto,1745.16,Rejected
505007,103584,25-05-2022,Life,6667.57,Approved
506069,106787,28-11-2023,Auto,1266.14,Approved
506386,102913,01/29/2023,Life,10155.96,Approved
513984,112808,2025-11-24,Home,4618.67,Approved
511297,114389,2026-02-27,Auto,1109.91,Approved
507019,105113,07/04/2024,Life,10703.88,Approved
504071,104385,01-08-2022,Travel,239.16,Approved
501507,103222,30/01/2021,Home,3000.46,Approved
513585,105178,2024-11-01,Travel,127.21,Rejected
501559,105035,20/05/2024,Auto,2520.68,Under Review
508881,111095,12/12/2025,Travel,154.92,Rejected
505577,109658,2022-08-14,Auto,780.03,Pending
506836,108372,06-10-2025,Home,8107.73,Approved
512464,112996,01-01-2022,Auto,898.03,Approved
512319,115253,24-02-2020,Home,5003.88,Approved
513227,107165,15/12/2022,Auto,3028.63,Under Review
501836,117236,05/03/2024,Life,16895.86,Approved
505611,110309,09/01/2023,Health,114.52,Under Review
507247,115766,23/11/2022,Auto,2635.26,Approved
508324,100370,03/24/2020,Auto,5911.57,Rejected
505335,112036,2020-05-08,Auto,727.86,Approved
501354,107796,23-07-2020,Home,1658.57,Pending
504141,100578,11/01/2026,Health,181.8,Approved
514522,101081,05-02-2026,Health,211.5,Approved
507591,100598,2019-04-12,Health,605.23,Approved
513198,113944,2022-08-15,Health,559.35,Approved
504844,120281,08/15/2023,Health,2092.97,Approved
504723,115252,10/07/2022,Auto,3459.99,Approved
506260,116839,26/05/2025,Auto,1537.55,Under Review
513400,119212,13-03-2026,Health,155.82,Pending
503280,108453,22-10-2023,Home,2397.04,Under Review
504032,113528,09/02/2026,Auto,-792.49,Approved
506720,103046,04/07/2019,Auto,4465.0,Approved
501235,103482,03/11/2024,Home,-910.98,Under Review
510585,102118,04/11/2023,Health,413.23,Approved
510138,105720,30/06/2021,Travel,131.24,Approved
510827,113448,20-12-2024,Auto,1743.67,Under Review
513332,113564,2020-07-02,Health,264.44,Approved
510075,119519,17-07-2021,Health,1293.39,Pending
502251,103638,07/14/2026,Health,139.93,Under Review
501025,102724,10/12/2025,Health,1167.31,Approved
511630,105578,03-09-2021,Auto,1846.8,Approved
513033,111205,28/08/2019,Travel,151.48,Pending
506649,106125,03-07-2021,Health,411.2,Approved
514259,113503,09/23/2021,Home,-5022.14,Rejected
508178,114107,16/10/2020,Home,2216.5,Pending
509458,106720,2025-11-17,Auto,1142.98,Approved
503397,111503,04/27/2024,Auto,1741.04,Under Review
500313,101166,2024-11-25,Auto,918.4,Approved
500636,116416,2021-08-07,Home,2690.29,Under Review
506149,107749,27-05-2026,Health,407.0,Approved
508552,120007,27/03/2021,Travel,167.23,Approved
509301,106041,11/10/2020,Auto,362.3,Approved
509545,102824,04/22/2023,Home,3048.59,Approved
512396,100680,04/13/2026,Auto,2054.31,Approved
511705,120309,01-08-2024,Auto,1119.46,Approved
510684,103150,04/07/2019,Health,313.06,Rejected
508101,104640,07/13/2022,Auto,2091.54,Rejected
502970,101213,26-02-2026,Life,15597.35,Approved
508451,107233,07/25/2025,Auto,1167.57,Approved
502584,112599,17-04-2023,Home,2030.28,Approved
508617,103770,11/07/2024,Auto,939.43,Approved
503885,118263,21/05/2021,Auto,3452.32,Rejected
514537,120238,26-08-2023,Auto,416.65,Approved
511525,108579,2022-05-31,Auto,7499.42,Approved
504771,118627,10-03-2020,Home,-4879.43,Under Review
507639,113625,03/09/2020,Life,5625.1,Pending
510685,117140,01-03-2020,Health,2213.4,Rejected
506697,100068,25-09-2024,Health,728.76,Rejected
506918,119842,03/10/2024,Auto,-1304.93,Approved
507689,112788,15/02/2023,Health,2293.79,Rejected
512391,107106,04-05-2022,Health,236.95,Approved
511734,109424,14/09/2020,Auto,1837.78,Rejected
511668,104906,10/03/2020,Auto,2030.88,Approved
506058,111114,15-05-2025,Life,7354.22,Approved
501840,118413,09/01/2023,Home,4616.74,Approved
513599,113149,2025-12-06,Travel,86.86,Pending
501564,115853,2020-09-19,Home,4247.93,Approved
503673,108896,24/08/2022,Life,5696.26,Approved
508013,111614,04/25/2020,Auto,3562.94,Under Review
512949,119588,06/10/2021,Home,1062.13,Under Review
504698,102619,2022-03-24,Auto,822.38,Approved
503827,117779,2025-07-01,Health,-279.77,Approved
503320,106417,19-11-2020,Home,2569.18,Rejected
505192,112612,25-10-2024,Auto,560.72,Rejected
502272,113714,2025-06-29,Travel,378.89,Approved
514053,117072,07/07/2026,Auto,1137.03,Approved
506157,102215,12/11/2020,Health,529.74,Pending
504254,108723,03-09-2021,Health,835.36,Approved
504773,118716,19/01/2020,Health,1862.49,Approved
506575,106945,03-01-2024,Travel,295.06,Approved
510059,106964,2020-02-17,Auto,1242.14,Under Review
504709,119912,02/15/2024,Home,739.35,Approved
500847,107976,14-01-2023,Life,24434.18,Under Review
507553,115178,2024-07-11,Auto,623.68,Rejected
505544,106834,11-08-2020,Life,9481.45,Approved
505526,117934,14-07-2019,Home,1998.39,Approved
500838,100322,2022-11-22,Travel,235.08,Approved
505461,106700,05-08-2026,Auto,1405.35,Pending
508544,112604,14-03-2022,Life,8851.96,Pending
508523,112137,16/04/2022,Auto,3952.97,Approved
509734,103557,28/11/2023,Travel,205.39,Pending
504597,101370,05/10/2020,Health,468.1,Approved
505916,100170,2019-03-11,Life,7265.86,Approved
501417,113963,06/12/2021,Life,9939.77,Approved
505785,107405,08/04/2025,Home,1161.2,Approved
508937,118467,05/14/2024,Travel,-151.67,Under Review
503848,107048,2025-12-29,Home,3139.66,Under Review
500604,108291,2023-07-26,Home,2053.35,Approved
509341,107281,05-02-2019,Travel,179.33,Approved
513143,115433,04/19/2020,Home,1262.24,Under Review
502078,116415,01/27/2026,Health,243.26,Approved
514728,108110,2020-08-10,Home,3737.44,Approved
502311,109593,08-10-2021,Home,1685.16,Approved
509048,105424,11/07/2024,Health,586.22,Rejected
504343,119144,30/03/2019,Auto,720.44,Rejected
501471,112520,2023-03-05,Travel,688.15,Approved
501982,118370,20-06-2020,Life,4829.19,Approved
508500,102577,04/07/2024,Travel,422.26,Under Review
504466,115215,22/01/2025,Auto,2255.25,Under Review
500199,117225,09/08/2022,Health,1139.67,Approved
506676,114009,2019-01-21,Home,6339.27,Approved
500485,101087,17/10/2025,Health,347.4,Approved
503270,108582,2019-04-07,Travel,148.91,Rejected
504724,102231,24-12-2020,Health,2518.14,Approved
505728,104429,2024-10-26,Home,275.57,Rejected
502823,109003,09/09/2019,Auto,1808.22,Approved
504551,110888,04/03/2023,Home,1765.37,Approved
509706,115091,06/25/2019,Life,-13362.71,Rejected
505336,102453,09-10-2024,Home,,Rejected
503245,102954,01-04-2026,Auto,2601.03,Approved
504453,105070,2022-08-28,Auto,3266.47,Rejected
510189,100069,03/04/2019,Home,2078.87,Approved
505817,115468,31/01/2022,Auto,3035.12,Rejected
513286,108080,02-09-2022,Auto,1612.45,Approved
503749,103851,28-08-2021,Health,1136.53,Approved
502202,109722,2024-04-25,Life,6922.81,Approved
508273,111471,11/04/2026,Home,758.83,Rejected
512189,104507,07/12/2026,Auto,1816.39,Approved
502794,101979,21-01-2022,Auto,3079.28,Approved
507234,102538,19-04-2020,Auto,899.05,Approved
512212,117683,2019-05-09,Home,10085.32,Approved
510312,107067,18/05/2021,Life,9344.33,Rejected
500524,117958,29-01-2023,Auto,1208.36,Approved
510471,112886,12/12/2022,Home,-2213.91,Approved
513838,114561,08/17/2019,Life,5010.56,Approved
500947,104496,02/18/2023,Life,-27080.92,Approved
511526,108579,2023-03-23,Health,811.78,Approved
508793,113475,06/06/2025,Auto,1794.52,Approved
511831,109221,2025-07-26,Auto,1575.05,Pending
501280,118550,22-11-2025,Auto,2122.7,Rejected
509211,106694,04-09-2024,Auto,1214.88,Pending
500122,114185,12/05/2023,Health,1065.38,Rejected
504366,117659,28-04-2021,Travel,132.67,Approved
505885,103029,19-07-2025,Home,6404.76,Rejected
507044,103146,09-06-2021,Life,6322.97,Under Review
510610,117631,25/02/2025,Auto,2728.25,Approved
502302,108341,14-06-2026,Auto,2195.31,Approved
514360,104976,08/29/2020,Auto,612.99,Pending
511216,102657,14-06-2026,Home,2574.19,Approved
509390,101849,28/05/2019,Life,5834.12,Approved
505820,109233,10/16/2020,Health,1806.25,Approved
510283,105190,2021-02-23,Auto,1038.76,Rejected
501005,114311,2020-09-23,Life,20299.81,Approved
503460,101984,01-12-2023,Home,2541.57,Under Review
508261,120175,2019-07-13,Auto,2551.34,Under Review
511177,100920,12/25/2019,Health,2544.28,Under Review
513441,114114,27/05/2022,Health,292.13,Under Review
503055,104393,12-09-2022,Auto,2058.51,Approved
503566,118015,2021-07-12,Home,1116.97,Approved
507042,110624,2019-12-16,Health,947.99,Under Review
502132,119150,2019-06-22,Home,685.48,Approved
500501,108822,2021-05-18,Health,2229.95,Approved
513243,116377,2024-04-01,Home,607.57,Approved
503185,115953,26/07/2025,Home,7699.65,Rejected
506153,106339,2024-05-09,Auto,2469.98,Approved
508543,112604,05/09/2019,Health,6730.44,Approved
500229,105995,21-01-2023,Health,8150.37,Approved
513594,114135,2022-08-19,Home,517.43,Under Review
504001,119049,2026-03-03,Home,1769.84,Approved
507814,117305,10/30/2021,Home,2846.86,Approved
513668,106082,30-06-2022,Travel,288.59,Approved
510472,114201,02-05-2024,Travel,401.63,Approved
514358,103419,02-01-2021,Home,2393.74,Approved
503007,106874,2021-09-22,Travel,366.56,Approved
510018,120158,01/12/2022,Home,3897.95,Approved
504587,109526,01/22/2023,Health,1901.41,Pending
504221,105587,05/07/2023,Health,534.74,Rejected
504305,118273,19-08-2024,Health,226.75,Rejected
512423,103450,02/20/2019,Health,831.84,Approved
511184,113945,26-03-2020,Home,1666.44,Approved
502750,115380,09/09/2025,Auto,1318.26,Approved
508969,114959,10/26/2020,Auto,2359.49,Rejected
507808,102829,09/01/2023,Auto,3278.37,Rejected
504376,101432,29-01-2019,Health,1196.72,Approved
502944,104463,2019-06-20,Home,1139.2,Approved
507646,103139,03/07/2025,Home,1993.16,Rejected
513972,115988,2023-03-30,Home,-2443.36,Approved
502718,118810,17-06-2025,Travel,332.07,Rejected
503362,113426,22-01-2026,Health,996.22,Rejected
511153,119568,26/01/2026,Health,719.82,Approved
508437,110416,10/11/2025,Life,9909.81,Approved
505824,103678,06/24/2021,Life,12913.48,Rejected
511114,101478,05/19/2021,Home,389.22,Pending
514569,112533,08-11-2022,Health,466.69,Rejected
505230,109113,01/09/2022,Travel,377.37,Approved
508973,109336,2020-10-01,Health,1008.13,Approved
506746,101758,11/10/2021,Home,1807.96,Pending
504161,107513,08-04-2021,Home,3354.5,Approved
512747,119151,28/08/2020,Home,2450.49,Under Review
514165,116984,18-12-2025,Health,250.61,Pending
506878,112584,09-03-2026,Auto,1277.32,Pending
513787,118767,20/12/2025,Health,932.0,Under Review
512297,111683,08/06/2023,Home,2531.19,Pending
505322,102154,13-01-2022,Auto,1249.23,Rejected
505561,103404,12/08/2021,Life,10478.09,Approved
511457,119544,30-06-2022,Auto,517.62,Rejected
508377,118703,16-05-2019,Health,818.62,Rejected
513136,117069,12/19/2022,Health,2792.68,Approved
513249,112232,03/27/2022,Travel,411.15,Under Review
511019,109030,08/02/2025,Home,2992.22,Approved
511490,117865,08/31/2025,Home,,Approved
504867,118025,18-06-2022,Home,3893.92,Approved
508720,117106,28/04/2024,Health,1064.74,Approved
501017,108072,11/03/2019,Home,3791.84,Approved
507919,113966,2022-08-27,Life,17136.94,Pending
510550,109142,11/06/2025,Auto,1105.5,Pending
509601,110920,2021-03-24,Auto,2664.97,Approved
501928,111327,10/26/2024,Home,6333.35,Approved
500350,105557,01/13/2019,Health,572.16,Approved
506703,117319,05/30/2025,Life,20351.78,Approved
508570,109964,04/21/2019,Home,1073.44,Pending
500223,102751,23-07-2021,Auto,906.1,Rejected
506030,100702,26-05-2020,Health,206.15,Rejected
513977,118435,07/06/2023,Travel,221.11,Approved
512988,119269,31/05/2024,Life,4043.37,Approved
512768,103236,2024-12-04,Auto,852.41,Approved
514527,114262,08/09/2024,Auto,1370.55,Pending
502500,101686,13-07-2019,Auto,1770.9,Approved
508621,100393,14-09-2021,Home,4424.99,Rejected
509623,113748,10/08/2020,Auto,1741.93,Approved
500564,110265,22-07-2026,Health,1075.81,Under Review
501582,101430,11-06-2023,Life,-10774.66,Under Review
505545,118924,2024-03-30,Auto,2999.73,Approved
502175,116556,07/26/2025,Auto,1673.67,Rejected
509926,104137,15-11-2025,Auto,1108.42,Approved
509085,100818,08/09/2023,Health,744.73,Approved
505627,118369,13/07/2020,Auto,477.98,Rejected
503933,105268,22/03/2021,Auto,826.93,Approved
511912,109949,05/17/2026,Health,1399.31,Under Review
502707,102046,28/06/2026,Home,3213.26,Approved
514770,113417,2024-10-12,Auto,1835.29,Rejected
509669,119873,20-04-2025,Home,2963.93,Pending
505211,113618,20-09-2024,Auto,2291.28,Approved
500468,111888,15-01-2026,Travel,142.43,Approved
509187,119617,08-12-2019,Auto,1816.4,Rejected
512671,102780,12-01-2024,Auto,-1392.47,Rejected
503535,101256,14/09/2022,Health,9556.86,Rejected
513023,108438,2019-05-12,Auto,754.37,Approved
509636,117011,22-06-2023,Auto,777.08,Under Review
502397,120191,11/23/2024,Auto,1323.79,Under Review
506657,114946,2025-06-24,Health,456.42,Approved
503739,111276,23/03/2026,Auto,1203.87,Approved
511670,112734,12-04-2023,Auto,614.74,Approved
500821,114964,08/10/2023,Travel,854.74,Rejected
502063,103115,21/11/2020,Auto,1499.55,Under Review
512737,100882,2021-08-13,Life,10335.91,Approved
510092,103044,2025-04-13,Auto,1553.15,Rejected
500081,116847,01-01-2025,Life,7116.83,Approved
505419,119442,2024-08-07,Travel,152.79,Pending
509861,111586,06/22/2019,Auto,1524.8,Approved
513854,111692,2020-12-28,Auto,2817.94,Approved
509877,120453,16-04-2020,Auto,1554.92,Pending
502697,119306,11/09/2023,Health,230.58,Pending
500831,111746,08/05/2022,Home,2069.13,Rejected
504574,116698,2024-12-30,Auto,1392.82,Rejected
503826,113441,09/14/2019,Home,4743.48,Pending
505924,116095,28-04-2022,Travel,158.78,Approved
510688,102939,2024-10-28,Travel,206.77,Rejected
501397,118389,2019-09-13,Travel,132.46,Approved
510223,114405,17-08-2026,Auto,1496.42,Under Review
502833,105076,21-05-2019,Home,1440.92,Rejected
509894,106752,2021-06-25,Auto,4292.29,Approved
513905,111918,2023-04-19,Home,4071.47,Under Review
514620,116482,02-02-2019,Health,698.29,Pending
508982,101221,12-01-2021,Auto,1844.49,Approved
513229,118662,2022-06-25,Home,1133.61,Pending
507168,119975,12/02/2019,Home,,Approved
500048,118359,2019-04-21,Health,778.14,Under Review
511487,102363,19/09/2024,Home,3105.37,Under Review
507632,118778,2022-02-14,Life,5345.82,Approved
514155,109184,2025-09-30,Health,830.47,Approved
506512,109923,03-10-2019,Home,1970.25,Rejected
511405,119534,2020-09-05,Auto,788.36,Pending
507310,106818,04/05/2019,Home,1685.23,Approved
514506,113296,07-12-2022,Auto,1814.65,Approved
506357,117966,08/29/2023,Auto,3612.35,Approved
504095,118897,18-06-2023,Home,3066.01,Under Review
502689,118824,30/06/2019,Health,401.73,Approved
501189,110590,14/02/2024,Auto,1228.12,Rejected
507811,115159,04/11/2026,Home,844.89,Approved
504845,120281,28-12-2020,Auto,896.97,Approved
505210,117527,10-07-2020,Travel,953.56,Rejected
503990,106051,05/05/2023,Home,1712.7,Approved
502373,100286,03/02/2022,Auto,2141.81,Pending
511010,113679,10-03-2026,Travel,-362.08,Approved
505676,112741,05/10/2026,Health,1283.26,Approved
509625,109979,09-02-2020,Auto,2959.18,Approved
502758,106126,06/17/2024,Travel,448.97,Approved
510159,119820,10/02/2021,Auto,2391.22,Under Review
506607,108289,19-02-2026,Health,1212.04,Under Review
508169,115081,20-07-2024,Auto,2474.2,Approved
509613,112766,24/05/2026,Health,366.02,Approved
502488,100817,10/06/2020,Home,2865.83,Approved
502579,120399,27/08/2019,Travel,560.18,Approved
508777,115068,02/05/2021,Life,7673.99,Pending
512100,106410,04-08-2025,Home,7322.24,Approved
503880,111812,2023-04-01,Life,6583.64,Approved
509880,101812,11/11/2020,Auto,4709.52,Under Review
508977,119670,2022-10-22,Auto,3728.12,Approved
507386,113505,02-07-2019,Health,180.76,Approved
504934,105535,27-02-2024,Travel,410.11,Approved
513728,106446,26/06/2021,Health,1926.06,Under Review
508115,108297,2021-11-24,Travel,123.89,Rejected
502209,109545,18/07/2021,Health,1810.84,Approved
505235,104502,05/16/2025,Home,3422.93,Approved
503945,111823,05/27/2026,Health,872.49,Approved
511786,118673,08-06-2022,Auto,-2113.27,Approved
509668,119873,22-11-2023,Auto,722.06,Pending
502164,101157,23-08-2020,Auto,1080.09,Approved
502886,110479,09/05/2024,Home,2660.2,Approved
511505,118527,17-05-2019,Auto,3068.42,Approved
510791,100734,07-07-2019,Health,324.45,Approved
509195,101561,03/11/2019,Home,10454.59,Approved
500516,100218,2022-04-03,Auto,925.64,Pending
510982,107876,09/02/2021,Home,1444.52,Approved
512793,119523,06/29/2023,Auto,2907.99,Pending
505666,120342,11-11-2025,Auto,2250.85,Approved
500172,101297,2020-11-29,Auto,1618.31,Approved
500639,116392,2024-05-11,Home,1620.02,Approved
507582,114214,2024-04-13,Travel,-215.87,Approved
510073,119286,08/04/2026,Auto,2973.28,Approved
512954,104249,28-03-2019,Auto,2654.34,Under Review
512770,109493,06-06-2026,Health,492.94,Approved
505065,117524,07/08/2025,Auto,2065.02,Rejected
501143,108757,2025-12-15,Travel,297.21,Rejected
510740,115424,09/25/2025,Auto,,Approved
510612,117631,2021-03-05,Auto,2268.88,Approved
512519,119768,12/13/2021,Life,26152.75,Pending
509919,106537,03/07/2020,Home,5593.06,Rejected
501832,117120,03/23/2026,Life,3875.99,Approved
514324,119856,25-11-2021,Auto,961.09,Under Review
508840,118230,15/05/2026,Auto,1413.76,Approved
503686,109109,31-03-2025,Auto,2672.69,Approved
506227,104649,04/07/2020,Health,1404.02,Pending
505700,107720,13-10-2021,Auto,1644.88,Under Review
511315,103861,09-09-2025,Home,3336.04,Pending
513534,105105,10/10/2025,Life,11559.56,Pending
504537,104787,17/01/2024,Auto,-1262.11,Under Review
503515,100377,03-03-2023,Home,5760.13,Rejected
509642,114632,2024-11-16,Auto,2026.45,Approved
500834,114695,17/03/2022,Home,2657.29,Rejected
502486,115829,2021-04-22,Auto,1281.66,Approved
511155,113107,02/15/2025,Auto,1104.08,Rejected
508517,103740,18-02-2022,Health,607.5,Approved
509147,109621,2023-10-09,Health,836.89,Approved
508336,105684,20/12/2024,Health,2089.95,Approved
513191,117081,2021-08-29,Auto,568.17,Rejected
509293,119898,05/06/2026,Home,-2202.48,Rejected
505467,119285,08/19/2021,Auto,899.91,Approved
504915,104705,08/14/2026,Home,12555.58,Approved
500065,108703,2023-10-24,Travel,628.33,Approved
513144,110195,2024-02-12,Home,1517.6,Approved
509253,103697,09/26/2025,Auto,662.37,Rejected
510155,110861,02/11/2025,Home,3447.77,Approved
502024,111655,2026-03-31,Auto,1408.33,Pending
501872,104037,2019-09-05,Home,3097.49,Pending
500354,116246,08/04/2023,Home,10366.47,Pending
505360,118845,22/12/2021,Travel,590.4,Rejected
501767,116887,2021-03-15,Home,1211.65,Approved
512355,104559,10/23/2019,Home,1628.93,Approved
510795,111932,2026-07-28,Health,2201.89,Approved
506405,107039,2019-12-17,Life,7315.21,Approved
504762,102528,22/07/2025,Home,2067.64,Approved
501164,119939,2021-11-02,Health,2218.24,Rejected
512105,115935,03/21/2022,Health,649.95,Pending
508715,106528,2020-04-14,Health,3398.09,Approved
503395,103852,2020-02-29,Auto,413.58,Under Review
508265,106912,09/12/2020,Health,1330.95,Rejected
507444,106684,17/08/2020,Auto,973.75,Approved
504568,111784,08-01-2022,Health,3151.12,Approved
509285,108249,09-10-2020,Health,578.88,Approved
503127,110979,16-11-2022,Health,126.01,Approved
507205,115947,2025-09-16,Home,6754.56,Rejected
506946,103487,2025-12-11,Travel,-349.72,Approved
500309,116485,2019-05-01,Home,1683.16,Pending
510064,115388,28/10/2021,Life,6122.22,Approved
510086,105288,30-08-2022,Health,928.89,Approved
514042,111485,05/23/2023,Health,1702.64,Approved
508511,104260,24-01-2022,Auto,1374.81,Approved
504354,114081,2023-08-24,Home,2019.9,Rejected
508675,103370,03/02/2021,Auto,3233.17,Rejected
512165,103645,28/07/2022,Health,1642.54,Under Review
508180,116532,2021-09-10,Home,3689.18,Rejected
503587,104693,17-07-2022,Health,,Under Review
507198,115320,30-03-2022,Travel,1007.11,Pending
502583,112190,2020-02-12,Auto,1637.5,Approved
512008,104627,13-11-2020,Home,2234.26,Pending
502770,117007,06/12/2022,Auto,1437.53,Rejected
504812,105804,01/07/2025,Home,4906.63,Approved
510753,108302,2020-07-17,Auto,3235.33,Rejected
510175,114057,08/08/2022,Travel,440.89,Approved
505087,107792,24/12/2023,Auto,843.18,Under Review
500324,117856,03/10/2024,Health,2061.55,Pending
505171,114774,06/01/2026,Auto,2189.42,Approved
505648,113769,2025-10-16,Life,14502.83,Under Review
506743,117682,20/04/2021,Home,1582.42,Approved
503209,102589,25-04-2025,Auto,3778.24,Pending
509284,108249,2025-06-14,Auto,569.6,Approved
503905,100304,20/06/2022,Health,329.76,Under Review
513086,109879,07/14/2022,Home,864.31,Rejected
501292,106959,13-02-2019,Auto,1053.64,Pending
505638,107138,10/08/2023,Auto,1871.14,Rejected
514390,101581,19/07/2020,Auto,626.54,Pending
514393,102779,17-12-2020,Travel,308.55,Approved
508876,109166,13-04-2025,Travel,107.92,Pending
502379,108786,2022-11-09,Home,2991.2,Approved
512181,117668,09/29/2024,Travel,102.85,Approved
512566,112512,29/10/2019,Health,222.71,Rejected
503634,107536,09/08/2022,Health,1405.47,Under Review
504169,106366,11-06-2026,Auto,1629.11,Approved
508665,108047,08/11/2019,Home,3188.82,Under Review
506658,114946,2021-12-13,Life,8220.14,Approved
512716,106337,07/30/2024,Auto,,Approved
514671,111447,28-08-2025,Health,843.96,Approved
503428,103357,21-03-2024,Auto,3464.79,Pending
504421,108573,12-06-2020,Life,9990.13,Under Review
501101,112294,19/04/2020,Auto,1028.98,Pending
511294,114041,06-01-2019,Auto,579.73,Under Review
509946,107060,10/10/2025,Health,633.22,Approved
514264,120245,05-03-2019,Home,2173.91,Approved
503250,114283,2020-09-10,Health,1394.75,Under Review
504409,104308,08/07/2026,Auto,2561.59,Approved
504140,104714,2019-11-23,Auto,501.82,Rejected
503557,114074,11/11/2022,Health,423.7,Rejected
500709,120298,2021-06-26,Life,5703.23,Rejected
500118,112532,23/07/2026,Auto,3443.03,Pending
502022,111655,2020-08-07,Home,5642.64,Rejected
504598,109091,02/17/2025,Home,2920.16,Approved
507261,118253,2022-03-15,Home,3887.87,Under Review
506130,120417,22/11/2023,Health,1300.19,Approved
504561,114049,2024-03-07,Home,4654.96,Pending
506952,113126,10/27/2020,Home,1816.96,Rejected
512960,112109,03/31/2022,Life,9422.13,Under Review
502374,100286,09/18/2025,Home,220.9,Approved
514406,105645,04-11-2021,Health,895.08,Approved
510718,111298,06-11-2022,Auto,2387.47,Approved
509330,107339,20-08-2026,Auto,667.53,Pending
505227,114923,2020-04-19,Auto,757.82,Rejected
510615,106240,2019-08-25,Travel,403.51,Approved
506606,110125,01-03-2021,Life,10832.52,Approved
504681,119183,16-04-2023,Auto,602.6,Pending
508132,113396,2025-12-17,Auto,1028.29,Approved
508354,120054,02/10/2022,Travel,369.02,Approved
505003,101263,11/02/2024,Travel,850.8,Pending
507539,117241,05/09/2019,Auto,1613.55,Pending
508332,100873,2019-08-04,Auto,,Under Review
514353,108580,07/12/2019,Home,-1617.19,Approved
504273,108037,18/05/2021,Travel,248.7,Under Review
505739,101615,2020-07-19,Health,1221.23,Under Review
512565,112512,07/08/2019,Health,876.34,Rejected
512034,105395,2020-02-11,Life,14040.84,Approved
513698,116500,29/01/2021,Auto,2160.59,Approved
505470,101745,11/06/2021,Auto,689.66,Rejected
505816,115468,2025-10-11,Life,7867.26,Approved
501158,108035,31/12/2021,Home,274.99,Approved
510924,104180,13-08-2022,Health,887.16,Approved
513127,104998,2024-06-30,Auto,822.12,Approved
500087,111881,21-09-2024,Auto,2618.97,Approved
513795,119682,07/04/2024,Health,1534.1,Rejected
503382,119462,01/02/2020,Home,666.09,Approved
509901,103367,20-10-2022,Health,974.34,Approved
509863,117579,12/29/2022,Auto,696.75,Approved
500403,106467,18-03-2022,Auto,818.7,Approved
514556,118225,23-12-2021,Travel,294.79,Approved
503350,109771,12/08/2023,Health,487.32,Under Review
512448,103180,2019-07-31,Health,693.16,Approved
513110,119707,2026-07-29,Travel,335.41,Approved
513821,101933,25-05-2022,Travel,147.52,Rejected
506378,110108,19/04/2021,Auto,1191.19,Approved
502241,112586,11/10/2022,Auto,2097.13,Approved
514452,108924,04/29/2020,Auto,2067.09,Approved
506552,104969,08/15/2020,Auto,1112.53,Pending
507532,100710,2022-03-12,Home,9300.34,Approved
509810,101749,05/30/2019,Home,1288.09,Approved
506310,101934,26-11-2023,Auto,1316.42,Rejected
501027,109000,15-08-2022,Auto,1783.21,Pending
514512,113184,24/02/2026,Life,6994.93,Pending
503803,113508,2021-11-24,Health,633.47,Approved
505517,114511,11/21/2021,Auto,2914.99,Pending
502436,112513,07/12/2024,Health,122.81,Approved
504689,107771,21/02/2024,Auto,735.95,Rejected
511384,107189,2019-04-26,Health,922.1,Approved
505298,117404,2024-04-14,Health,1633.98,Rejected
501278,118550,03/20/2020,Home,-1716.73,Approved
508341,111656,09-08-2021,Home,2470.43,Approved
506856,113118,28/05/2021,Life,-10103.44,Pending
502042,105654,01/09/2019,Life,4347.17,Under Review
509652,107746,02/08/2024,Life,5544.05,Approved
506654,120111,31-05-2021,Life,-3688.84,Pending
506074,110777,10/11/2019,Auto,,Approved
505157,114768,06-11-2023,Health,3814.44,Approved
501425,108284,02/18/2020,Home,2103.16,Approved
505027,110027,08/08/2024,Home,8204.87,Approved
505281,102194,2019-10-29,Auto,5977.52,Approved
509193,117960,05/13/2019,Travel,397.16,Rejected
501502,120172,27-06-2026,Health,1006.74,Approved
514567,112533,02/23/2024,Travel,831.04,Pending
512810,110135,14/11/2023,Home,4607.76,Rejected
512242,111173,10/13/2025,Home,5070.7,Approved
508170,115081,04/05/2026,Health,1180.67,Rejected
512832,104669,08/03/2022,Travel,546.76,Rejected
506064,104313,07-04-2021,Life,6384.82,Approved
500678,112929,2026-03-14,Home,3251.15,Approved
506673,104329,2021-11-19,Home,1527.3,Approved
505851,106260,15/09/2022,Health,481.08,Approved
507194,110519,2021-08-05,Health,1625.95,Approved
511001,102936,23-05-2025,Auto,1425.58,Approved
505265,104353,2024-12-22,Health,629.92,Rejected
507525,117550,12/12/2021,Auto,419.27,Approved
513729,106446,07/07/2026,Auto,911.24,Approved
509303,112061,12-02-2019,Home,3299.8,Approved
505053,120448,17/02/2025,Home,3172.95,Approved
505215,112643,20-08-2023,Life,9705.6,Approved
501850,119475,08/20/2020,Home,1157.47,Approved
506522,109651,03-10-2021,Health,,Under Review
501070,113250,08/21/2020,Auto,1829.46,Approved
509231,112516,28-10-2023,Life,5391.23,Approved
506784,104923,27-02-2019,Auto,937.76,Pending
514722,117412,25-03-2023,Health,729.37,Pending
502480,100396,08-09-2021,Life,7924.78,Approved
512427,112707,26/06/2022,Life,10335.97,Approved
503392,118205,2025-07-27,Home,5429.64,Approved
501099,114752,2021-10-29,Home,1288.16,Approved
505484,115809,16/09/2020,Home,1061.12,Approved
511672,106009,24/01/2026,Auto,1685.2,Approved
511575,111926,01/26/2025,Health,1898.3,Under Review
500418,119397,2020-03-05,Auto,468.53,Approved
509445,113734,22-07-2024,Home,4065.1,Under Review
505819,109233,06/15/2019,Auto,2043.32,Approved
507861,118573,11/17/2022,Auto,1174.23,Approved
501947,105665,14-06-2021,Home,1242.18,Approved
513307,106548,10/17/2019,Health,1357.3,Approved
503336,100130,21/10/2021,Home,2971.17,Approved
502299,111378,03/22/2026,Auto,812.66,Pending
509139,110057,2025-09-03,Auto,1191.2,Rejected
509142,120113,2022-05-25,Health,333.81,Approved
514625,109637,22-10-2020,Travel,190.4,Approved
500208,120471,17/04/2019,Home,5929.52,Under Review
508268,105641,2020-06-21,Auto,1223.41,Under Review
503682,104533,15/12/2020,Auto,845.18,Rejected
508696,118693,2022-03-28,Auto,1214.03,Approved
513043,100475,08/13/2021,Travel,143.81,Rejected
514529,104465,2020-10-24,Auto,821.31,Approved
500528,118038,05-08-2020,Life,13061.9,Under Review
505329,109262,04/10/2019,Home,1891.92,Approved
500779,116511,19-09-2024,Health,-1290.72,Approved
500722,109084,16/05/2023,Home,-1379.42,Pending
507402,116637,2020-01-25,Home,2109.69,Under Review
513541,120412,19/04/2019,Auto,2675.37,Approved
507313,110609,12-08-2026,Health,283.44,Approved
501860,100476,01/12/2024,Auto,602.93,Approved
514782,103890,2020-06-11,Home,1086.71,Approved
514298,100666,25-04-2019,Home,5512.98,Approved
512667,115592,05-10-2025,Home,1017.65,Pending
513574,101239,30-03-2019,Auto,3820.46,Approved
501992,104028,30-11-2022,Travel,987.72,Rejected
502332,100601,09/16/2024,Health,3300.41,Approved
512179,105097,25-08-2021,Auto,1484.48,Rejected
506339,116069,07-07-2023,Health,1301.54,Approved
509886,117673,05-02-2022,Home,-1009.14,Rejected
513982,104033,07/07/2021,Home,1036.72,Rejected
506117,104486,2024-11-10,Travel,466.82,Approved
503459,110336,2024-01-07,Auto,3044.2,Approved
509697,101164,02/12/2020,Life,6161.28,Approved
506567,103819,2022-05-17,Home,10409.63,Approved
514467,100698,2025-06-19,Home,780.98,Rejected
513000,112328,2019-10-07,Life,6991.12,Approved
511735,109424,20-07-2022,Auto,1355.9,Approved
509313,116234,30/03/2020,Auto,655.27,Pending
505492,100369,2020-11-19,Life,12202.95,Approved
509289,116426,2025-02-04,Auto,1397.63,Under Review
504518,115554,17-06-2024,Auto,1234.07,Pending
510962,116912,08/09/2019,Auto,921.03,Rejected
508169,115081,20-07-2024,Auto,2474.2,Approved
505138,105504,04/01/2025,Home,8143.71,Rejected
506755,114576,10/27/2024,Health,2669.86,Under Review
511165,108435,09/02/2019,Health,845.42,Approved
512456,110521,2021-01-23,Health,607.31,Approved
500257,110508,10-06-2021,Auto,3967.68,Rejected
506729,107098,09/01/2023,Life,10308.47,Under Review
511277,112188,18-01-2025,Travel,507.35,Under Review
512885,117839,11/08/2022,Home,1913.74,Approved
511929,117610,21-02-2022,Health,1264.15,Approved
506931,102822,2019-05-26,Auto,271.27,Rejected
509575,102419,2019-06-04,Home,2121.72,Approved
513207,111754,12-06-2025,Home,3182.96,Rejected
503625,106649,2020-06-06,Home,2822.61,Approved
500702,108486,06-01-2023,Auto,1635.81,Rejected
503189,106444,14-08-2020,Auto,1890.33,Pending
500503,113412,2021-07-08,Home,,Pending
511753,111460,27/03/2024,Home,4887.38,Approved
513194,105110,2023-11-11,Auto,1273.53,Rejected
505441,119204,2020-06-04,Home,7974.0,Rejected
502556,103014,02/06/2025,Life,4057.5,Approved
500848,107976,09-01-2026,Health,-495.64,Approved
502248,104972,17/08/2026,Home,1421.12,Rejected
505616,103187,14-08-2019,Travel,605.27,Rejected
508699,114753,26/01/2024,Life,14085.79,Approved
500372,117556,04-08-2022,Travel,420.6,Rejected
513251,119715,2019-10-22,Auto,2060.37,Pending
505317,102853,12/11/2021,Health,1128.7,Approved
512353,104559,26-06-2020,Travel,1346.45,Approved
505487,101703,07/03/2026,Home,1610.96,Pending
505303,100199,08/29/2021,Health,2431.62,Approved
504052,114833,02/25/2023,Auto,877.74,Approved
503937,111124,03-08-2023,Home,4492.58,Approved
506252,116655,04-06-2019,Health,1757.19,Approved
514796,102433,2023-06-11,Life,,Under Review
513473,109900,14-03-2019,Health,793.21,Rejected
512194,117918,11/01/2022,Auto,913.15,Approved
510695,116992,24/06/2022,Home,2122.25,Under Review
504076,103289,31/08/2026,Health,225.11,Rejected
500997,104546,2019-05-02,Auto,1503.81,Approved
504332,112079,09/04/2024,Auto,1722.38,Rejected
508216,103272,18/03/2019,Home,3389.09,Rejected
501176,100221,06/11/2024,Home,1933.25,Approved
514488,108002,11-12-2024,Home,672.51,Rejected
500551,115977,11-04-2026,Home,1010.2,Approved
504840,118617,08/08/2024,Auto,2510.46,Pending
504372,116225,28/06/2026,Auto,2291.37,Approved
503497,111520,2026-03-23,Home,3289.35,Approved
507976,101195,24/07/2026,Home,1782.72,Under Review
507685,108655,06/18/2024,Health,781.07,Approved
507460,107028,2026-06-03,Health,2833.2,Approved
501407,109565,29/01/2022,Auto,2199.38,Under Review
512440,115523,2019-03-27,Auto,1930.67,Approved
512570,103866,2019-12-16,Travel,161.61,Approved
505176,109012,19-09-2020,Auto,6323.33,Approved
505829,118644,2025-03-27,Home,1843.3,Rejected
506062,108830,12/05/2026,Auto,520.34,Approved
510632,109928,15-10-2022,Health,1063.17,Approved
509934,114691,08-08-2020,Health,2227.51,Approved
506775,100607,2025-08-20,Health,791.39,Approved
503588,115918,12/18/2023,Travel,782.83,Approved
511433,116730,05/10/2021,Auto,1817.46,Rejected
511020,102062,14-12-2022,Home,4409.4,Pending
500693,116631,10/26/2023,Travel,627.86,Approved
502533,118239,02/08/2020,Auto,2585.41,Rejected
505011,111018,04/30/2021,Auto,1053.18,Pending
503443,102697,12-08-2024,Health,263.99,Approved
500982,103817,30-07-2026,Life,8685.42,Under Review
507952,101426,14/02/2023,Life,13354.28,Rejected
505943,107089,2021-06-24,Travel,296.72,Pending
514088,113718,25/10/2025,Auto,511.11,Approved
504222,105587,10/22/2021,Life,2630.5,Approved
500091,101747,17/10/2020,Health,1549.35,Rejected
505652,106459,07/28/2023,Life,3047.22,Under Review
502266,109332,2021-08-29,Home,840.22,Approved
510694,116010,2019-08-16,Auto,1585.73,Approved
508001,108812,2026-07-26,Travel,378.24,Under Review
509487,101564,13-03-2022,Travel,334.86,Approved
512987,100155,2026-07-04,Auto,747.02,Approved
500261,109213,04/27/2024,Auto,1562.74,Approved
513879,107564,04/20/2022,Health,822.97,Approved
503337,107327,26-10-2019,Health,699.83,Rejected
505497,109745,12/17/2020,Home,2232.94,Approved
510110,111210,2019-03-18,Health,281.76,Rejected
504016,101354,07/30/2019,Auto,1354.36,Approved
503626,106649,06/21/2022,Home,1898.1,Pending
509148,103170,04/08/2025,Travel,109.28,Approved
500445,107627,11/23/2024,Health,612.99,Approved
506752,103680,01/08/2026,Home,5695.37,Approved
505111,112267,14/01/2019,Auto,1859.82,Approved
505965,115490,2021-07-29,Health,265.59,Approved
503555,114074,2023-09-08,Home,1781.49,Pending
502194,101647,2025-09-14,Auto,613.96,Pending
508072,111194,14/06/2019,Home,1798.87,Approved
507338,104888,22-06-2021,Travel,158.11,Approved
512781,102169,2020-04-27,Home,1413.77,Approved
503367,100449,07-04-2023,Auto,933.43,Rejected
514672,111447,12-03-2020,Travel,285.26,Pending
502867,112983,2019-11-21,Auto,3116.32,Approved
502526,107662,01/14/2019,Health,743.01,Under Review
509929,104137,07/07/2026,Auto,2010.87,Rejected
507536,117694,17/09/2023,Travel,99.56,Approved
508271,112694,07/05/2020,Auto,2321.28,Under Review
510522,118494,12/15/2022,Health,6270.45,Rejected
501168,103351,28/03/2026,Health,,Approved
504144,119191,27/05/2026,Auto,1943.66,Approved
505149,112213,2022-01-28,Auto,1269.61,Approved
500084,119564,10/12/2021,Home,461.19,Approved
503149,104540,03/30/2026,Auto,2611.39,Under Review
512593,110293,2019-10-05,Travel,183.72,Approved
500880,118118,04-04-2020,Health,186.98,Under Review
506747,101758,10/03/2024,Life,8285.2,Rejected
509260,113307,08-06-2025,Health,442.88,Pending
506535,103527,2023-07-13,Auto,715.44,Approved
514290,116907,21/06/2025,Home,1019.11,Approved
509033,110296,13/03/2024,Health,248.84,Approved
501467,116224,27-04-2021,Auto,1200.15,Approved
510907,103296,06/12/2021,Home,4219.13,Approved
505641,119279,2025-09-03,Life,15690.74,Approved
506537,104295,03/09/2020,Home,11224.43,Approved
509394,106199,01-09-2019,Auto,4103.44,Approved
500452,102930,10/03/2020,Home,3898.79,Approved
504326,112849,26-04-2026,Auto,1237.97,Rejected
504044,114029,08/31/2023,Auto,2579.09,Pending
511544,101909,14/11/2020,Auto,1288.37,Under Review
504137,111670,12/05/2019,Home,594.84,Rejected
503039,110404,11/16/2022,Home,1788.7,Rejected
509073,115146,2021-08-05,Auto,2270.8,Rejected
513236,112258,2023-09-14,Health,1246.11,Approved
508391,115851,2026-05-30,Home,2928.92,Rejected
505825,105681,26/08/2024,Life,23583.4,Rejected
507767,100432,22/05/2021,Auto,2714.89,Pending
500579,114090,04/24/2019,Home,3910.43,Approved
505236,103980,2026-08-05,Travel,159.69,Pending
506571,101018,01/02/2019,Health,505.14,Rejected
510465,114504,24-10-2025,Home,9022.44,Approved
507174,120182,17-03-2021,Auto,1119.27,Approved
507467,109910,2020-02-17,Auto,2099.15,Approved
514060,112997,2019-04-29,Home,1022.85,Approved
510543,102173,2020-08-22,Auto,,Approved
510997,113466,06-06-2025,Health,2349.73,Approved
505587,107811,02/17/2024,Auto,-888.18,Approved
511746,110956,2025-08-23,Health,336.12,Approved
502467,104373,10/02/2020,Auto,1599.39,Approved
504157,111024,20-07-2021,Life,5088.06,Approved
506349,107540,2020-04-17,Home,3736.58,Approved
512407,109944,12/18/2021,Auto,2045.11,Approved
500413,109331,08/15/2025,Health,1683.75,Approved
500402,106467,01/08/2025,Home,3407.73,Approved
504428,117187,24/07/2021,Auto,2509.56,Under Review
502084,107290,2024-05-22,Health,542.2,Approved
503057,104393,18-12-2020,Travel,503.67,Approved
513010,110964,04-06-2022,Health,395.29,Approved
512919,110178,14-09-2020,Health,367.76,Approved
507060,112876,01/10/2019,Home,539.9,Rejected
500164,113698,03/17/2020,Health,-874.03,Rejected
508670,114097,02-11-2024,Home,3913.9,Approved
511232,118634,2020-11-12,Auto,887.49,Approved
513352,108286,17/04/2024,Auto,1768.81,Approved
504302,115232,07-07-2025,Home,627.23,Pending
509713,112564,06/10/2023,Travel,1060.58,Under Review
511149,118145,31/07/2021,Life,9108.56,Under Review
503317,110500,2019-11-26,Life,13518.85,Approved
511974,118652,27-09-2021,Health,288.17,Rejected
508819,116428,30/07/2021,Home,3230.95,Approved
503934,117361,16-09-2025,Auto,3804.37,Rejected
506851,108775,2025-12-01,Home,-996.96,Approved
501847,114371,2020-02-28,Life,7103.28,Rejected
511780,119886,10/24/2019,Home,2306.15,Under Review
501334,117684,12/09/2024,Home,3826.07,Pending
511467,109099,08/10/2021,Travel,322.51,Approved
513190,117081,01/12/2020,Home,2753.19,Under Review
513297,110749,02/10/2026,Auto,1232.37,Approved
512150,105057,29-10-2022,Home,2170.04,Under Review
500753,100459,2026-05-03,Health,643.99,Approved
503064,100483,27-09-2021,Health,389.94,Under Review
512963,109031,15-11-2022,Health,1262.67,Approved
506997,116290,12-03-2026,Travel,643.71,Approved
510839,117776,17-06-2026,Life,14694.11,Rejected
500706,113381,09/01/2020,Auto,1398.29,Under Review
503491,112797,25/12/2023,Auto,2141.77,Approved
509549,114255,2022-12-20,Travel,767.05,Approved
513522,101000,2024-08-14,Auto,993.0,Under Review
504573,116597,20/09/2023,Auto,1349.95,Approved
511583,101827,2025-03-08,Auto,651.0,Approved
507054,105957,2022-10-15,Auto,1375.22,Rejected
505580,118124,10/10/2021,Auto,2910.24,Approved
510889,114436,03-04-2025,Health,840.44,Approved
506840,107248,2025-09-04,Home,5996.75,Approved
503151,117035,01/01/2021,Home,1499.33,Approved
514331,109550,21/12/2025,Health,652.68,Approved
506523,102205,2026-04-03,Health,367.99,Approved
513996,101279,2020-03-23,Life,11145.45,Approved
503799,114981,2020-09-17,Life,10432.17,Approved
504022,119551,12-09-2023,Home,343.67,Approved
509297,112802,20/09/2020,Home,5512.95,Under Review
501074,118885,12-01-2021,Auto,1045.35,Approved
509993,101173,09/21/2020,Home,17227.79,Rejected
510355,102349,18-06-2026,Travel,545.94,Pending
503438,109132,03/10/2025,Travel,1104.31,Rejected
512420,105141,10/08/2020,Travel,296.83,Rejected
513377,116163,2021-12-02,Home,3424.64,Approved
509935,114691,02/12/2019,Auto,1497.17,Pending
502429,107040,2019-07-02,Auto,950.1,Rejected
500246,109452,01/20/2025,Health,193.01,Approved
503815,110743,10/15/2025,Health,1651.02,Approved
508361,120409,2026-05-09,Life,14188.04,Under Review
503632,101720,11-08-2021,Life,-4334.13,Approved
509963,117329,26-03-2023,Home,2477.26,Under Review
502262,115968,2026-01-15,Home,2809.77,Rejected
502246,109150,01/26/2019,Travel,400.69,Pending
500835,114695,17-01-2025,Auto,2780.9,Rejected
505064,108366,2023-06-06,Auto,1415.75,Under Review
506202,112457,28-03-2019,Auto,1166.06,Rejected
500432,110820,27/12/2025,Auto,2351.53,Approved
507930,116685,2026-08-02,Auto,1331.13,Under Review
501173,106619,11/21/2022,Auto,1909.1,Approved
512765,108556,04/11/2025,Health,545.36,Approved
506437,119557,30/08/2019,Health,706.74,Pending
508440,100400,05/26/2024,Auto,1304.34,Rejected
504656,103322,2019-01-05,Auto,-1266.56,Pending
512277,110626,04/02/2024,Home,6018.65,Pending
505289,103835,30-07-2019,Travel,396.45,Approved
503757,117013,26-02-2021,Home,8535.6,Rejected
511091,101725,12/08/2025,Health,559.35,Approved
509854,105303,12/25/2021,Auto,1325.81,Under Review
500250,103485,06/09/2025,Health,562.66,Pending
513263,105439,2020-09-05,Life,6803.87,Rejected
514635,116646,01/20/2023,Auto,1093.49,Approved
507334,117254,2024-07-21,Home,11074.02,Under Review
510792,102244,12/27/2020,Travel,494.43,Approved
513530,100488,03/17/2024,Home,3174.65,Approved
507988,107522,2021-11-24,Life,11194.79,Approved
510384,100156,2026-06-24,Auto,2537.45,Approved
503407,111253,08/17/2019,Home,2480.26,Approved
502729,117628,08-05-2021,Travel,588.41,Approved
511803,116079,10/21/2019,Auto,1085.55,Rejected
508925,109918,2022-04-15,Auto,1050.45,Approved
500433,110820,02/12/2022,Home,1462.48,Pending
508778,111484,03/11/2019,Life,15027.69,Pending
507422,101671,10-02-2026,Home,4380.97,Approved
512861,113146,18/04/2021,Home,,Pending
513603,103374,12/14/2020,Health,613.12,Approved
511772,116474,03/28/2024,Auto,2264.75,Rejected
514530,107987,08-11-2022,Home,2254.56,Rejected
513034,100612,20-03-2024,Health,256.24,Rejected
512314,117409,14-01-2026,Auto,734.78,Approved
511763,107347,09-06-2023,Health,620.17,Approved
505629,118369,21-09-2019,Home,3113.74,Under Review
504002,119049,05/10/2025,Home,1394.58,Pending
511732,108869,2019-07-05,Home,1052.28,Pending
504753,106329,2020-10-21,Auto,2525.24,Approved
501332,115192,2022-04-14,Auto,3577.06,Rejected
513193,112087,2024-07-17,Home,1381.69,Rejected
508071,105646,07/03/2026,Home,452.5,Rejected
504196,118179,15/11/2020,Life,10224.56,Approved
501443,116684,26-06-2026,Auto,,Pending
503681,104281,04/17/2020,Auto,941.53,Approved
509498,100838,2021-05-04,Travel,113.85,Rejected
504310,114927,06/09/2025,Home,1464.35,Under Review
507448,113890,22/08/2023,Home,1305.02,Approved
504899,115726,26/05/2022,Health,1880.06,Pending
510191,113362,20/09/2019,Home,4776.39,Pending
503985,115944,08/01/2020,Health,774.42,Approved
510648,101045,09/02/2025,Auto,1396.75,Approved
513300,111234,05-08-2025,Auto,943.86,Approved
511785,104765,08/19/2021,Auto,918.4,Approved
508762,114935,2020-03-15,Auto,-1062.45,Approved
502569,116155,07-06-2025,Travel,-336.4,Rejected
510683,106414,06/02/2019,Life,4420.99,Approved
504277,105963,27/07/2019,Health,900.12,Under Review
503666,108889,26-11-2019,Auto,2147.23,Under Review
512691,111948,03-06-2023,Home,2462.41,Pending
504606,107646,31/12/2024,Auto,,Pending
502446,100697,2019-11-07,Auto,1421.42,Rejected
506821,115803,10-05-2024,Travel,427.54,Approved
511680,109673,25-11-2020,Life,16943.62,Approved
506520,112274,26/06/2024,Health,1526.88,Approved
505802,112078,2020-04-12,Health,1158.74,Rejected
503657,107289,16-08-2022,Health,4927.78,Approved
511454,110770,31/12/2022,Home,-2941.38,Under Review
512055,112638,20/12/2019,Auto,1649.84,Approved
503172,102556,03/30/2025,Health,254.92,Rejected
501223,117252,21/03/2020,Auto,3217.24,Approved
507272,111615,11/22/2019,Health,975.81,Approved
503639,104132,02-09-2024,Health,541.5,Rejected
504166,116874,13/02/2025,Home,5155.62,Rejected
500544,104166,02/23/2023,Auto,1427.84,Approved
501204,106659,06/23/2024,Life,5092.74,Approved
508193,113388,02-10-2024,Auto,1963.8,Pending
508794,113475,02/27/2025,Health,785.55,Approved
513626,117778,27-03-2022,Travel,233.91,Approved
507242,119215,2024-03-27,Home,5338.61,Pending
502637,107168,08/23/2021,Auto,1053.64,Under Review
514482,100417,2023-10-24,Health,458.93,Rejected
513077,101633,16-04-2019,Life,22997.04,Approved
512435,104276,01/27/2023,Auto,2544.34,Approved
512211,117683,23-05-2020,Health,1262.72,Approved
506758,114936,2023-12-13,Health,644.31,Rejected
513042,110403,01/01/2021,Home,6418.83,Approved
507809,102829,2022-06-24,Home,1785.33,Rejected
500877,115769,03/25/2021,Health,210.72,Approved
513289,109312,2019-05-27,Auto,1692.2,Approved
500196,102308,14/06/2024,Health,299.1,Rejected
514575,111093,03/07/2025,Home,4623.97,Rejected
503383,110705,05/21/2024,Health,267.75,Pending
504379,104554,18/12/2023,Health,272.22,Rejected
510298,113494,06-03-2024,Auto,2713.34,Approved
510692,108802,11-04-2025,Health,2648.36,Under Review
502997,112110,31-10-2021,Home,3282.0,Under Review
503908,109040,08/26/2024,Life,4199.11,Pending
502571,110411,25/04/2024,Auto,864.65,Rejected
501755,103725,28/10/2024,Life,9160.49,Approved
506496,112217,2025-02-25,Travel,652.73,Rejected
512905,114868,18/04/2022,Health,477.36,Pending
514021,115149,10/02/2023,Life,3983.72,Approved
514323,119856,2026-07-28,Travel,-322.33,Pending
505721,119237,2021-04-03,Health,362.94,Approved
506443,102160,29/06/2019,Home,1800.53,Approved
514101,117368,09/16/2025,Life,8835.83,Pending
504969,100491,2019-07-21,Auto,926.83,Pending
506964,118287,2021-01-18,Home,4339.11,Pending
506814,111913,2019-12-31,Travel,249.97,Approved
506479,111184,2021-05-21,Auto,1781.48,Approved
504711,100084,03/12/2023,Auto,469.73,Approved
504163,107513,12/10/2025,Home,986.81,Rejected
512535,115384,2020-11-19,Home,1865.86,Rejected
508355,101439,17-10-2021,Auto,1221.91,Approved
512410,118138,2026-04-04,Home,3022.01,Rejected
512357,118351,10/07/2019,Home,2006.25,Rejected
502682,111074,01-12-2025,Home,2160.24,Pending
508660,119976,2020-05-11,Home,3277.65,Approved
502508,100433,19/09/2019,Health,2082.87,Approved
508045,118300,05/17/2021,Home,2188.21,Rejected
501510,102958,04/01/2021,Health,901.02,Approved
504314,120449,08-02-2024,Home,2453.62,Rejected
510284,108167,2022-04-09,Auto,809.73,Approved
511667,104906,12/13/2025,Auto,2575.04,Approved
505356,105725,15-04-2019,Health,2742.52,Pending
506639,116636,05/10/2026,Home,3001.29,Under Review
505972,103280,31-10-2025,Auto,2029.38,Approved
501244,113061,25/01/2026,Home,3102.94,Approved
503734,111316,05/11/2022,Home,2023.65,Rejected
514754,117262,09/23/2025,Travel,193.03,Approved
513189,102179,12-09-2019,Auto,2093.17,Approved
504121,107975,17-10-2020,Health,228.73,Approved
512760,117330,03/04/2026,Auto,1713.51,Approved
504995,107285,09/09/2020,Travel,1072.93,Rejected
510815,100066,09/04/2020,Home,2327.91,Rejected
508298,114432,20/03/2021,Auto,2987.44,Pending
501876,103571,2023-10-19,Life,12849.17,Approved
508935,118467,07/12/2021,Health,645.47,Approved
505262,101047,06-12-2023,Life,18029.24,Rejected
500254,116417,2021-10-07,Auto,843.09,Approved
508116,108297,12/07/2022,Life,7582.83,Approved
504511,108868,2022-04-24,Auto,-1247.45,Rejected
509243,106170,01-12-2022,Life,8898.28,Pending
505159,100805,28-08-2022,Life,7011.17,Approved
512331,110561,2019-02-26,Travel,99.62,Under Review
507735,104183,2020-02-29,Auto,593.05,Approved
500759,115817,05/04/2024,Auto,2139.78,Under Review
505481,116773,11/15/2020,Auto,1264.3,Pending
500654,110981,20-08-2025,Travel,104.45,Approved
505297,109831,05/21/2022,Health,-657.55,Rejected
509362,116686,17-09-2020,Home,1920.74,Approved
505812,101943,2025-08-17,Home,2561.45,Approved
505288,104278,2025-12-31,Travel,255.48,Under Review
502892,108141,26/06/2023,Auto,3684.62,Rejected
503401,120236,12/22/2019,Travel,380.39,Approved
507626,118874,20/01/2024,Life,5979.79,Approved
505636,107401,16/12/2020,Auto,1009.12,Approved
501420,106320,29/10/2019,Auto,1630.34,Pending
503044,101621,2022-09-03,Health,889.12,Approved
502830,116944,2020-02-13,Travel,347.0,Rejected
510107,116650,02/10/2019,Travel,601.46,Approved
500328,111063,09/07/2026,Health,844.48,Approved
510151,102135,2021-11-11,Travel,329.2,Approved
500253,103328,05/31/2023,Health,845.04,Rejected
513490,112289,11/15/2024,Travel,365.48,Under Review
507318,108988,04/04/2022,Auto,2439.03,Rejected
506159,106994,2020-06-25,Home,5842.03,Approved
505323,102154,13-08-2020,Health,495.55,Approved
513928,102343,2021-06-11,Auto,1178.45,Approved
509757,107630,25-12-2022,Health,465.2,Approved
504377,105834,06/16/2025,Home,1302.94,Approved
506022,104120,24-08-2026,Health,336.86,Approved
505092,117191,13-01-2026,Home,751.88,Rejected
509234,104264,2025-06-10,Home,7734.5,Pending
505377,105133,24/03/2024,Health,1085.15,Under Review
503019,104983,2019-07-26,Auto,2401.78,Rejected
503029,101175,12/09/2023,Travel,456.58,Approved
513567,103249,24/10/2022,Auto,1745.77,Approved
502636,111155,12/11/2022,Health,463.73,Approved
513139,115941,2022-02-24,Life,7079.67,Approved
509507,104597,27/08/2019,Auto,1661.56,Rejected
501131,112887,24-08-2026,Health,1868.45,Under Review
503018,110090,30-03-2026,Auto,1100.83,Pending
502945,104463,2019-12-11,Auto,990.34,Approved
503659,107289,10/07/2021,Auto,2557.27,Approved
510560,110771,04/02/2022,Life,14073.01,Rejected
509974,104022,2021-04-30,Health,799.61,Approved
511765,110377,2023-09-15,Health,280.87,Rejected
509125,115779,08/03/2024,Auto,2091.19,Under Review
502663,101698,31/07/2019,Auto,2917.15,Approved
513695,118427,06/04/2023,Auto,1332.46,Under Review
505378,105133,02/04/2025,Auto,1460.32,Approved
514637,114486,2024-08-14,Home,5662.69,Under Review
501362,105802,2021-05-14,Health,526.75,Approved
507180,109696,07/01/2019,Home,-8814.73,Approved
510717,112674,2021-10-03,Home,1852.15,Rejected
505533,104561,24-03-2021,Home,2322.25,Approved
503481,113784,01/29/2024,Auto,2948.65,Under Review
514408,105645,02/04/2023,Home,6312.06,Approved
506255,110936,27/03/2023,Health,284.1,Rejected
510937,119821,09-07-2026,Auto,1644.28,Approved
508725,108424,2026-07-21,Auto,1101.17,Pending
512673,104727,18/03/2025,Home,2557.47,Approved
505112,106036,27/06/2022,Auto,2383.23,Rejected
505940,112302,11-03-2024,Auto,750.53,Rejected
508402,107982,2025-12-01,Auto,610.99,Rejected
511991,107382,04/05/2024,Life,11114.83,Under Review
512650,114743,2025-02-19,Travel,125.49,Pending
502880,110351,13/05/2026,Home,2770.57,Approved
505839,102473,03/04/2024,Life,8026.64,Approved
503381,101890,2025-06-21,Auto,908.1,Rejected
512516,119768,12/21/2025,Life,7098.13,Approved
501302,111051,19/08/2021,Life,9556.64,Under Review
514169,115524,11/03/2021,Home,10328.63,Approved
507442,110383,08/20/2020,Travel,262.56,Rejected
504957,119998,06/07/2021,Health,605.14,Approved
504836,101659,2024-02-02,Auto,1074.66,Approved
510619,110490,03/11/2019,Travel,243.03,Rejected
510645,103199,10-12-2020,Travel,691.47,Under Review
509530,100524,2021-12-21,Health,1157.58,Approved
505720,105346,15-09-2025,Health,771.78,Approved
508025,115113,2022-04-16,Auto,1255.61,Rejected
509592,103258,29/06/2020,Auto,2423.62,Approved
500942,109124,05/23/2019,Home,1432.52,Approved
514587,100301,19-07-2023,Travel,474.34,Approved
503235,101343,04/08/2021,Auto,899.76,Approved
514785,103556,15/01/2024,Life,6789.21,Pending
503257,110007,03-09-2023,Travel,-200.52,Approved
511292,102575,06/21/2020,Auto,2074.23,Approved
511685,101001,20-10-2025,Home,2742.89,Pending
500176,118417,2024-06-10,Travel,299.44,Pending
500435,110598,27-06-2024,Auto,1097.97,Rejected
507822,112553,15-02-2022,Travel,623.72,Under Review
507049,117197,2021-08-14,Auto,1529.22,Approved
500308,109050,2023-05-05,Home,791.81,Rejected
501565,115853,02-11-2022,Life,8981.96,Approved
503964,107442,2026-04-28,Auto,1935.2,Under Review
506727,120039,23/06/2021,Home,9786.68,Approved
502135,119213,06/06/2026,Auto,1713.87,Under Review
509037,101176,05/01/2025,Travel,190.07,Pending
513133,119937,30/04/2024,Home,3165.05,Under Review
514375,110344,16-01-2024,Life,12416.48,Approved
509209,119254,02/08/2024,Home,1665.4,Approved
504977,105894,2025-12-12,Life,8370.18,Approved
508642,111366,11-02-2026,Home,2243.59,Under Review
512223,112127,12/27/2020,Health,985.91,Approved
500595,119790,2019-07-22,Auto,2608.44,Approved
507393,101284,13/05/2020,Travel,426.96,Approved
502276,118501,2023-06-02,Life,7958.12,Approved
507072,111519,04/15/2022,Auto,567.31,Approved
506830,104952,04/01/2023,Auto,763.55,Approved
504625,101766,06-08-2019,Auto,823.25,Approved
509222,105401,02-02-2025,Life,7501.65,Under Review
505332,109262,17/03/2025,Home,-9223.91,Approved
510074,119519,05/09/2020,Travel,334.43,Approved
505351,113190,06-12-2024,Auto,386.41,Approved
512429,105810,08/02/2025,Health,370.62,Under Review
502623,118899,12/26/2024,Auto,2078.8,Approved
509602,116764,01-08-2025,Auto,1588.78,Under Review
504572,116597,2019-05-27,Health,408.91,Approved
514551,102368,20-10-2022,Home,1280.4,Pending
513690,109768,2021-04-24,Home,624.35,Approved
500231,106091,27/11/2021,Auto,1508.55,Approved
500179,108383,2025-07-20,Home,882.17,Under Review
508139,107844,02/22/2023,Home,2324.4,Approved
500737,103964,07/07/2019,Auto,481.99,Approved
514379,104158,13/11/2023,Auto,2754.81,Approved
512160,103700,11-10-2019,Home,3108.67,Rejected
510926,106671,02/13/2019,Auto,854.33,Approved
503865,116254,16/11/2025,Auto,2013.73,Approved
505865,118280,10-06-2026,Health,199.76,Under Review
510858,109953,12/28/2020,Life,5604.74,Approved
506057,111114,2026-02-10,Health,641.35,Under Review
509176,111077,03/09/2024,Auto,4159.1,Rejected
509066,108742,25-06-2022,Travel,-790.16,Under Review
500109,103421,17/12/2020,Home,2537.68,Approved
505705,118887,20/12/2019,Health,1070.54,Approved
508459,101069,17-02-2024,Health,935.1,Pending
501321,114548,2023-02-07,Home,6215.51,Approved
505935,102206,31-10-2025,Home,2964.17,Approved
501995,107858,2021-12-17,Health,1029.71,Under Review
506495,112217,2021-07-03,Life,,Approved
500755,113201,03/15/2024,Home,1620.55,Approved
510577,117105,02/03/2023,Health,1231.12,Under Review
514030,112600,09/30/2020,Travel,318.44,Approved
505137,104929,06-01-2025,Travel,460.81,Approved
513948,104853,05/12/2025,Life,8154.37,Pending
500800,102177,28-04-2024,Home,5233.21,Rejected
511291,120196,2022-04-26,Life,6541.14,Rejected
502086,100558,2023-02-20,Auto,1334.87,Rejected
505501,117403,03-12-2025,Health,1016.65,Approved
506200,105181,05-11-2025,Health,358.96,Approved
513486,111371,07/08/2020,Health,-800.05,Approved
500069,102235,2024-12-04,Health,280.7,Approved
505367,118412,06/04/2023,Auto,5020.67,Approved
512982,106370,05/01/2024,Health,345.77,Approved
513004,109177,2022-06-04,Travel,777.09,Rejected
512698,115743,26/12/2025,Home,4137.64,Pending
505682,109093,2024-02-20,Auto,1187.05,Pending
513415,103713,12/30/2024,Auto,992.35,Approved
511158,112937,2020-05-07,Health,459.76,Approved
510121,111673,18/02/2020,Home,10093.16,Approved
505170,114774,03/18/2020,Auto,2113.6,Under Review
501680,117016,04-12-2022,Home,11353.12,Pending
510622,110490,2026-01-25,Life,-3665.76,Rejected
500377,115015,04/01/2020,Life,6039.73,Approved
501469,102412,2023-03-23,Home,4742.31,Approved
509688,117479,23-05-2024,Auto,4162.58,Rejected
505961,101451,12/20/2025,Health,786.28,Approved
502603,112176,07/11/2022,Auto,1061.44,Approved
504181,110305,2026-07-19,Health,1524.05,Approved
511448,119816,2025-06-17,Travel,361.77,Approved
507868,107012,03/05/2022,Auto,4954.28,Under Review
508805,100209,2024-09-23,Life,10922.74,Approved
511590,101789,08/26/2019,Auto,570.76,Rejected
514806,105390,2026-02-06,Life,10109.8,Under Review
504505,109818,01/28/2026,Travel,631.38,Approved
511503,119984,2025-12-03,Travel,352.2,Rejected
507048,118158,2024-04-20,Home,3880.62,Pending
504230,103599,08/21/2026,Home,1385.77,Rejected
509001,119468,2021-07-22,Auto,1151.77,Approved
513562,109206,18/11/2024,Auto,5541.85,Approved
503091,108522,28-11-2022,Auto,3185.48,Under Review
502726,116768,12/11/2022,Auto,1269.23,Approved
500477,103376,05/18/2023,Travel,483.74,Pending
501329,107528,02/06/2025,Health,1026.63,Under Review
502283,111919,14-12-2021,Health,66.62,Approved
503732,114176,14/08/2021,Auto,-628.95,Approved
514428,103709,2026-08-10,Auto,384.37,Pending
513199,117421,01-01-2022,Auto,3129.06,Under Review
505873,109198,09/26/2022,Health,1764.39,Approved
505557,103154,05-02-2024,Health,,Under Review
500751,103993,02/21/2019,Auto,1514.56,Rejected
514074,104212,07-04-2024,Auto,723.07,Rejected
502300,100967,03/01/2026,Health,2139.07,Approved
512626,105793,11/18/2024,Health,248.92,Approved
500873,109358,07/13/2023,Health,924.6,Under Review
506620,110038,2020-05-31,Auto,634.19,Approved
508426,109321,2026-07-31,Auto,,Under Review
505127,104785,10/23/2019,Travel,335.18,Approved
510639,100596,2025-11-03,Home,5745.03,Under Review
512916,109168,2026-08-23,Travel,408.55,Pending
504564,106760,10-05-2021,Health,2055.08,Pending
501545,100819,2025-12-01,Health,719.29,Pending
500739,103964,03/11/2019,Auto,1113.93,Approved
512804,119888,2023-04-07,Home,2992.9,Pending
502683,103302,26/11/2023,Life,3671.38,Approved
511444,100194,10/15/2021,Home,1786.46,Rejected
511027,105452,03/24/2019,Auto,1523.19,Rejected
505121,101829,10/04/2022,Life,4110.89,Approved
506984,107640,11/24/2019,Auto,1813.15,Rejected
506795,108860,06-10-2023,Home,1633.29,Pending
509939,106571,2025-09-15,Health,4487.34,Approved
507608,106000,2021-08-06,Auto,1287.89,Approved
503518,113685,02/19/2021,Home,1072.13,Approved
512493,105451,02/05/2026,Home,2957.5,Rejected
502354,104984,2020-09-06,Home,4118.73,Approved
513656,107179,11/08/2020,Auto,2011.2,Rejected
508406,114542,13/09/2019,Health,891.2,Rejected
500773,119786,25-03-2024,Travel,407.91,Rejected
511861,103871,21-11-2024,Health,279.44,Rejected
513187,102179,17/05/2024,Auto,2274.6,Rejected
505200,102536,2023-09-21,Home,1682.68,Approved
511805,113255,07/17/2024,Auto,2018.35,Under Review
500641,104824,2022-10-22,Travel,166.54,Approved
510051,104379,05/08/2026,Auto,900.54,Approved
508589,103179,23/06/2020,Home,3190.45,Rejected
513344,107340,07/04/2024,Health,692.98,Pending
503203,109660,2025-01-20,Home,1777.01,Under Review
507288,101331,26/02/2022,Health,208.69,Pending
504309,107110,2025-12-30,Auto,1595.84,Rejected
505204,108144,07/05/2023,Health,822.35,Approved
506249,108621,26-12-2023,Health,554.63,Under Review
500865,116334,2023-02-15,Health,1345.31,Under Review
505516,112648,20/11/2019,Life,7253.27,Under Review
511103,113853,17/01/2024,Life,6078.05,Approved
514308,106090,16-12-2020,Health,1246.26,Approved
509562,110362,08-03-2019,Auto,2110.41,Under Review
506923,106531,08/13/2024,Health,174.09,Rejected
514787,101267,2023-10-08,Auto,2701.44,Pending
510336,107328,2023-03-24,Home,386.27,Approved
509391,102083,01-08-2026,Health,825.9,Approved
511686,101001,25/05/2019,Life,8091.31,Approved
500962,103277,04-06-2021,Home,7901.55,Rejected
510892,113743,08/06/2021,Auto,1660.92,Approved
511070,106646,20/07/2025,Life,10262.96,Approved
510068,109436,13-03-2021,Auto,1558.65,Rejected
514320,104164,2026-07-22,Auto,2801.48,Pending
511403,104155,22/06/2020,Life,10798.42,Under Review
513101,109135,10-02-2026,Health,615.05,Pending
503309,107839,28-04-2020,Auto,2246.37,Rejected
502166,119512,23-06-2019,Health,2381.64,Approved
500363,119021,11-11-2020,Health,1484.55,Approved
511417,113594,07/31/2023,Life,12157.85,Approved
503723,110712,15-12-2021,Home,2323.61,Approved
502825,116652,29-12-2019,Travel,173.64,Pending
505133,102245,05-06-2019,Home,2231.15,Approved
507670,111337,2022-02-08,Auto,1135.72,Approved
503597,107907,04/16/2024,Health,1442.41,Rejected
504726,103053,2023-11-21,Health,316.48,Approved
500546,104166,29-01-2019,Auto,1689.13,Rejected
502940,111406,2024-11-21,Auto,1010.49,Under Review
500471,100828,17-01-2024,Travel,659.07,Approved
501641,106340,2020-08-15,Auto,888.87,Under Review
512061,119197,10-06-2025,Health,286.73,Pending
503338,107327,16-01-2021,Auto,3094.18,Approved
508196,120392,26/07/2026,Auto,4178.83,Approved
501172,110366,2025-04-03,Home,3816.55,Approved
506983,107640,07/11/2024,Home,4615.68,Under Review
509377,105009,15-02-2019,Travel,1043.36,Approved
505273,111444,12/22/2021,Home,1848.83,Approved
506672,104329,11/10/2019,Auto,1918.46,Approved
506085,105562,07/04/2021,Home,2046.2,Approved
510569,115511,01/02/2021,Home,1950.81,Approved
512222,112127,2020-03-15,Home,3071.41,Approved
512848,105889,15-04-2021,Home,5465.26,Approved
509140,115917,16-10-2022,Home,8506.58,Approved
503364,111884,20-04-2020,Life,12995.28,Approved
508769,119924,20-05-2022,Auto,-1225.04,Rejected
508289,115308,06-01-2019,Auto,3863.57,Rejected
506724,106109,06-08-2019,Home,1926.18,Rejected
512792,109591,20-02-2020,Home,1016.53,Approved
501410,118804,2026-05-22,Auto,713.54,Rejected
509416,114789,27/10/2022,Auto,1271.16,Rejected
509553,102944,30-04-2019,Travel,141.79,Approved
506666,100092,2023-08-23,Home,5754.32,Pending
508256,110556,13-09-2020,Health,572.34,Approved
514317,104300,2024-03-03,Health,522.18,Approved
502694,105864,14/10/2019,Health,799.96,Rejected
500815,119159,30-04-2019,Home,3298.9,Under Review
506500,103859,2024-05-23,Auto,614.01,Under Review
506762,118328,2026-02-03,Auto,2518.92,Approved
510734,106221,07/12/2019,Health,2078.97,Approved
507322,106973,2024-07-25,Life,20657.01,Rejected
502131,119150,20/09/2023,Travel,159.99,Approved
501797,104343,12/03/2025,Health,1177.74,Approved
510596,117201,2022-03-27,Auto,-3121.82,Approved
507727,104568,06/24/2021,Health,337.51,Approved
504575,111850,26/01/2020,Health,383.61,Under Review
505190,106584,09-07-2023,Life,5253.65,Approved
503122,101767,2019-12-13,Auto,2207.54,Rejected
507540,117241,11/07/2021,Travel,492.61,Approved
505853,110393,2026-08-03,Auto,739.57,Approved
505365,118616,06-03-2021,Home,2214.48,Approved
509020,101096,13/11/2021,Health,1549.03,Rejected
504275,105963,30-10-2020,Auto,1724.17,Rejected
513848,110426,15-01-2019,Auto,2959.74,Approved
503089,113561,02/10/2019,Auto,1556.51,Rejected
509132,116951,2025-06-23,Home,2501.43,Approved
512675,117622,08-09-2023,Auto,643.74,Under Review
513466,117456,20/10/2023,Home,1800.55,Under Review
511434,102077,05/16/2026,Travel,114.61,Pending
505253,104029,2023-08-06,Home,2282.21,Approved
500237,116503,11/11/2020,Travel,461.64,Under Review
501532,113019,25-02-2025,Auto,1121.87,Approved
514094,100126,28/01/2021,Travel,889.28,Approved
508380,107740,28-03-2019,Travel,326.46,Approved
503410,100254,2022-05-07,Auto,676.85,Approved
502831,107530,17/12/2025,Life,6641.31,Approved
513631,104703,2023-07-25,Auto,2651.83,Approved
507779,108831,20-10-2023,Life,23846.4,Pending
501535,106626,25/01/2023,Auto,1426.69,Rejected
513721,101607,12/29/2025,Travel,180.43,Approved
503879,119014,05-10-2020,Home,2178.79,Pending
507435,106182,2021-03-16,Auto,-553.62,Approved
505302,100199,05-01-2023,Travel,336.42,Approved
508482,108990,2024-12-25,Health,1791.8,Approved
512132,116386,19-11-2024,Health,532.48,Approved
508447,114883,2021-09-04,Travel,305.51,Approved
501299,104877,22/07/2019,Health,1133.6,Approved
506739,100114,25-06-2026,Health,884.0,Rejected
506273,112092,03/08/2020,Health,423.22,Rejected
505499,113603,30-05-2024,Health,1101.76,Rejected
514310,106090,14-01-2025,Auto,3869.13,Approved
512276,110626,07/01/2020,Health,1973.51,Approved
511360,110635,18/08/2026,Auto,687.72,Approved
506934,100267,17/02/2023,Auto,1235.75,Approved
508153,119686,08/12/2021,Health,681.15,Approved
510672,115870,13/04/2024,Life,5366.7,Under Review
512575,110343,07/11/2025,Health,1616.37,Approved
501480,103434,19/07/2020,Auto,2615.11,Approved
502793,112194,11/30/2019,Auto,944.53,Approved
501601,113909,2023-01-16,Health,174.05,Approved
514630,110248,17-08-2025,Health,681.52,Approved
505091,117191,09/01/2026,Home,2102.02,Approved
507983,115213,08/12/2025,Auto,1598.58,Pending
507067,110290,16-01-2026,Life,3768.48,Approved
506804,102924,2019-04-24,Travel,700.07,Under Review
502329,102904,2020-01-27,Health,1403.91,Approved
508530,108897,12/20/2019,Auto,1282.11,Approved
508316,117118,11/04/2025,Travel,322.38,Rejected
509224,107856,10-09-2025,Home,2986.34,Approved
510752,108302,16-03-2019,Health,1818.65,Approved
503661,114392,2024-12-30,Home,1000.22,Rejected
508781,111484,11/04/2020,Auto,890.81,Approved
513895,109018,09-10-2021,Health,993.77,Approved
500555,113520,07-11-2024,Travel,408.22,Approved
504825,111073,28-02-2020,Home,992.17,Approved
501163,109185,03-07-2020,Auto,1493.67,Approved
505680,117546,08/12/2024,Auto,574.16,Approved
509563,104433,2022-10-15,Auto,1545.25,Rejected
504715,113681,16/12/2025,Auto,2179.94,Approved
500397,102879,02-11-2023,Home,8809.57,Under Review
511600,102345,14/11/2021,Travel,95.36,Approved
502506,100433,30/04/2020,Home,2271.95,Rejected
514012,116032,07/01/2019,Home,4086.43,Approved
503836,112621,17-07-2022,Health,673.2,Approved
509834,105670,2022-12-21,Travel,121.26,Under Review
509263,117665,13-10-2020,Auto,1175.67,Pending
503010,108404,06/16/2024,Life,4401.23,Rejected
510198,105961,27-04-2023,Travel,245.43,Approved
500723,109084,11/26/2024,Home,2295.5,Pending
500300,111318,2019-06-20,Auto,,Under Review
514396,104835,14/04/2024,Auto,2365.52,Approved
508885,118206,09/15/2023,Travel,802.39,Rejected
507328,101292,22/02/2023,Travel,307.58,Under Review
504294,111066,2020-08-02,Health,388.88,Under Review
508083,120041,13/04/2021,Auto,805.8,Rejected
504185,118991,2025-02-24,Auto,1108.74,Approved
513449,100987,11/03/2022,Auto,1794.71,Rejected
506954,117315,25-12-2019,Auto,-2223.34,Rejected
508249,112186,08/16/2022,Auto,1401.34,Pending
514706,119541,01/23/2024,Auto,1355.31,Rejected
503142,117831,2020-05-31,Auto,344.07,Approved
509912,103149,30/12/2021,Home,5580.0,Pending
511702,120309,2026-05-17,Life,15836.11,Approved
511176,109269,01/01/2021,Life,8463.64,Under Review
503205,109412,2022-10-10,Home,5872.68,Rejected
504955,101991,03-01-2021,Health,,Under Review
504582,106896,06/20/2024,Auto,2095.05,Rejected
513560,109206,16-10-2020,Health,1230.37,Rejected
507367,113196,18-07-2023,Home,1513.04,Rejected
514313,112015,08/04/2024,Auto,1645.93,Under Review
509112,103229,20/05/2022,Travel,368.74,Approved
514647,108680,2025-11-30,Travel,764.21,Approved
511730,106509,28-01-2026,Health,1794.81,Approved
507433,102273,07/10/2021,Health,157.74,Approved
507704,112227,29-05-2023,Travel,368.23,Approved
512246,107296,08/24/2019,Life,7584.86,Under Review
501152,105226,28-03-2026,Health,703.0,Under Review
514380,104158,04-03-2023,Life,9013.97,Under Review
506965,118287,2020-02-21,Auto,1494.73,Approved
501212,102621,02-03-2022,Auto,1857.52,Rejected
504503,107725,19/07/2022,Auto,1359.57,Approved
507055,105957,13/05/2026,Health,470.07,Approved
508113,102873,05-01-2025,Home,1788.17,Approved
512264,116873,02/17/2025,Health,1357.58,Approved
514510,103506,2023-09-26,Home,1154.95,Approved
505894,115262,02/07/2019,Auto,1791.76,Pending
510873,105650,05/12/2025,Health,1270.28,Approved
510393,115591,17-11-2023,Auto,998.69,Approved
510725,106322,2022-01-04,Auto,-2002.76,Approved
505427,108602,08/14/2025,Health,972.51,Approved
509420,109945,2023-12-21,Home,2708.63,Approved
510905,115383,19/04/2021,Life,5992.1,Pending
500665,119606,10-01-2020,Life,14914.87,Approved
513492,113467,09/28/2022,Auto,417.89,Under Review
507216,103466,30/11/2021,Life,13612.52,Approved
505994,108489,16/06/2024,Auto,2217.07,Under Review
500642,119644,08/16/2022,Auto,2264.53,Under Review
513831,110745,01/06/2022,Life,2858.91,Approved
503767,112524,24-06-2021,Health,604.69,Approved
504272,119731,11/12/2021,Home,6070.45,Rejected
512749,106905,14-03-2019,Health,339.66,Approved
514464,104171,04/10/2024,Auto,856.4,Rejected
506123,110990,2021-10-02,Home,4406.94,Approved
514389,119708,2019-03-13,Home,447.74,Approved
500786,102393,2023-11-25,Auto,3319.23,Pending
502857,103050,20-10-2024,Auto,4678.32,Approved
506112,102019,2025-07-18,Auto,1544.77,Pending
510771,116760,2025-02-01,Health,830.18,Approved
503202,117419,09/11/2022,Auto,665.02,Under Review
509413,109318,05/27/2021,Auto,1099.2,Approved
508893,107262,2019-06-21,Health,,Approved
510287,108167,24/08/2026,Health,1231.83,Approved
507600,106217,30-04-2024,Home,3340.17,Rejected
504187,110946,2019-07-06,Health,2105.08,Approved
507853,118928,06/13/2020,Home,-6060.0,Approved
513218,101724,14/06/2021,Travel,145.23,Approved
512397,113050,01/01/2021,Health,452.51,Approved
504824,105155,13/07/2023,Life,8044.36,Pending
508293,107062,31/07/2025,Life,6478.77,Approved
506067,119160,2022-09-19,Life,3567.76,Approved
502905,112704,10/05/2021,Health,752.69,Rejected
504626,101766,22/04/2021,Health,351.15,Rejected
509609,107525,01/03/2022,Auto,1141.94,Approved
500996,104546,2024-02-18,Auto,1336.31,Rejected
507131,100007,07/04/2020,Auto,2830.86,Pending
511442,100194,2024-05-27,Home,1169.78,Approved
514470,114552,31-10-2020,Auto,1908.4,Approved
507246,115766,03/10/2024,Home,1206.26,Rejected
510673,119761,2025-10-02,Auto,1147.17,Rejected
506408,112550,01-09-2024,Health,1827.2,Approved
507787,107432,05/30/2019,Auto,567.41,Approved
506250,108621,15-08-2019,Health,890.7,Rejected
510976,116112,04/10/2023,Home,1653.51,Under Review
508055,115657,02/09/2022,Health,762.96,Rejected
514253,117680,19/06/2019,Auto,829.04,Under Review
505523,109431,17-01-2019,Home,1617.54,Rejected
510272,106666,2019-01-21,Travel,306.03,Approved
507505,114403,20/03/2022,Auto,5394.72,Approved
506275,109022,2025-03-31,Home,1374.51,Approved
508534,113023,17-06-2021,Home,974.06,Approved
500156,103733,01/18/2024,Health,624.29,Approved
509842,118144,28/05/2022,Health,1895.24,Pending
503085,100121,29/02/2024,Home,2590.22,Pending
510397,101364,12-11-2023,Auto,1439.39,Rejected
501552,104629,2025-07-09,Home,4131.91,Approved
512615,105832,2020-06-18,Health,2127.78,Rejected
510388,101552,2021-10-27,Auto,1200.5,Rejected
509693,105360,2021-12-12,Travel,96.03,Pending
503795,119355,02/15/2024,Home,7747.3,Under Review
500495,108182,2026-05-01,Home,2877.45,Approved
508774,107937,08-09-2021,Home,1384.83,Pending
502321,104168,10/14/2019,Home,3225.72,Under Review
500912,104774,03-07-2021,Home,,Approved
509150,117554,2021-05-08,Life,10185.17,Approved
508291,116829,22-04-2024,Health,875.31,Approved
500151,104505,16-01-2024,Health,1728.49,Approved
508768,107173,09/04/2023,Home,1911.15,Approved
514255,118360,22/06/2024,Health,252.58,Approved
508270,105641,19-11-2020,Home,1891.76,Rejected
510914,104758,02/06/2019,Home,4796.49,Approved
510215,109045,2023-04-12,Home,5632.75,Rejected
501738,106532,02/07/2020,Home,831.02,Approved
503001,114760,2019-01-11,Auto,1526.22,Rejected
513272,115587,24-11-2019,Auto,2222.45,Approved
509558,108638,08/31/2019,Home,5837.96,Rejected
509240,110111,19/10/2025,Life,7365.89,Approved
506961,105765,09/23/2020,Travel,194.77,Approved
513482,118743,05-07-2021,Auto,1217.19,Approved
502883,118204,19-02-2024,Health,1325.12,Rejected
503720,119116,12/12/2023,Health,1942.63,Approved
507127,113124,05/08/2026,Travel,612.6,Approved
500888,107020,10/20/2025,Health,1230.84,Approved
505471,117250,19-06-2024,Home,5183.59,Pending
503201,105081,30-05-2026,Home,1158.12,Approved
510076,110949,02/14/2019,Life,9137.58,Rejected
504823,105155,24/11/2021,Home,3209.82,Approved
504704,117290,05/30/2022,Auto,1293.15,Approved
500343,119318,20/06/2020,Health,1306.75,Rejected
504136,111670,2025-01-06,Life,5572.77,Rejected
510761,111278,11/26/2024,Home,555.22,Rejected
503188,103656,05-08-2021,Auto,1135.27,Pending
504522,105658,07/09/2025,Home,6050.27,Approved
502223,105568,15-04-2020,Health,463.57,Approved
502121,108913,14/08/2019,Auto,781.62,Approved
506858,100039,2024-10-19,Home,4325.37,Rejected
513952,103629,2019-03-26,Life,-8880.24,Approved
509643,113855,17-03-2023,Auto,1284.41,Rejected
508890,114363,02-07-2026,Auto,1371.69,Pending
509452,105335,2022-01-30,Health,670.3,Rejected
507366,113196,2021-10-02,Auto,2359.21,Pending
513933,107617,11-01-2023,Health,2779.7,Under Review
504734,106510,03/15/2023,Travel,344.95,Under Review
501465,100467,06/28/2024,Health,136.15,Rejected
504593,111912,10-02-2025,Auto,809.77,Approved
503565,120116,06-12-2024,Travel,165.17,Rejected
505840,115884,03/13/2021,Life,4636.88,Approved
500283,110662,03/06/2026,Home,2382.76,Rejected
513866,112984,13-05-2024,Home,1987.51,Approved
506175,104064,06/02/2024,Health,1623.98,Rejected
514322,119856,2026-04-01,Auto,1946.11,Rejected
504151,100676,16/07/2020,Life,6232.55,Rejected
514458,101062,05/05/2021,Health,514.27,Approved
509157,105643,02/01/2025,Travel,328.35,Approved
507376,104238,18/01/2020,Auto,1543.33,Approved
508520,103581,05/31/2020,Auto,2123.71,Under Review
513889,119426,11/08/2020,Home,1129.8,Under Review
508742,111914,01/19/2021,Auto,2746.21,Rejected
503161,113795,2019-01-17,Home,2427.26,Approved
502630,114126,10-01-2024,Auto,2622.54,Approved
511819,119683,11/15/2024,Auto,847.53,Approved
512730,101863,14-01-2021,Travel,548.64,Approved
512627,105793,21/03/2026,Travel,154.57,Approved
501203,101815,2021-01-23,Travel,248.85,Rejected
513637,102071,11/03/2020,Health,,Rejected
510137,111305,05/05/2020,Auto,1377.8,Rejected
500616,103711,27-10-2023,Health,626.68,Approved
503114,104702,25-04-2021,Health,169.16,Approved
512092,116754,2021-04-05,Life,5859.38,Approved
507481,118697,29-03-2019,Home,2540.4,Approved
509307,118531,09-05-2019,Auto,1657.76,Under Review
502728,111567,2024-02-13,Travel,659.62,Under Review
511840,105831,2025-03-01,Travel,169.12,Approved
512308,119771,25-11-2020,Travel,165.77,Under Review
509868,104372,26-08-2020,Auto,5204.06,Approved
501357,116581,15-01-2026,Home,1390.34,Approved
509541,110324,25/12/2019,Home,5289.94,Under Review
507798,104302,02/11/2020,Auto,1761.15,Approved
511529,101032,12/07/2019,Home,3502.51,Pending
513373,102817,2021-04-06,Health,472.98,Approved
501590,111119,2023-07-12,Health,218.03,Rejected
514523,109204,01/10/2021,Travel,470.41,Approved
503140,113443,14/09/2022,Home,1635.92,Approved
505338,110223,17-05-2021,Auto,586.75,Approved
500547,104166,03/08/2024,Home,1543.0,Rejected
507118,108104,2022-03-18,Home,2684.92,Approved
511560,115505,2024-10-04,Auto,936.2,Rejected
513840,104805,04/09/2022,Auto,-1277.9,Approved
500026,114237,2020-08-03,Home,5023.56,Approved
501067,117165,12/24/2024,Health,195.51,Rejected
503918,113670,2019-06-29,Life,4921.73,Rejected
506604,104227,29-11-2023,Auto,910.53,Under Review
505529,103976,14/11/2025,Health,642.48,Approved
506678,107822,06/01/2020,Home,2877.7,Approved
505398,105375,12/19/2021,Health,1347.93,Rejected
508620,118477,2019-08-10,Auto,1116.71,Under Review
508081,118943,24/02/2021,Health,1341.48,Approved
511586,113374,25/12/2021,Travel,264.35,Pending
514573,111093,02/03/2026,Home,1177.36,Rejected
500437,100960,2024-04-22,Travel,439.14,Approved
513618,112197,03-08-2022,Home,3131.97,Approved
505269,115488,28/03/2019,Home,1087.93,Rejected
501861,113582,11/06/2022,Life,7869.07,Approved
510414,103201,03/08/2023,Home,583.91,Approved
513693,100213,12/17/2025,Travel,215.11,Rejected
502706,109119,12/27/2025,Home,,Pending
512798,119964,11/28/2021,Auto,418.88,Approved
505325,113048,09-05-2019,Auto,2623.61,Approved
506957,107862,31/08/2024,Home,2694.18,Approved
511496,104282,12-08-2022,Home,1227.49,Under Review
513717,119829,17-07-2023,Health,1316.84,Pending
511423,108745,14/02/2022,Home,3962.09,Approved
509102,106566,2021-05-15,Auto,712.3,Rejected
504011,100147,05-02-2020,Auto,2893.39,Rejected
513386,113711,04/05/2026,Auto,1957.25,Approved
500534,102351,05-09-2020,Home,1817.14,Pending
511236,113862,07-10-2020,Auto,2044.99,Approved
500585,108818,10-11-2019,Auto,1239.35,Under Review
510584,106391,2019-03-30,Life,6789.23,Rejected
508856,102165,2020-09-26,Auto,579.73,Approved
510111,111210,2021-12-17,Auto,1967.58,Approved
511399,109886,2021-05-22,Auto,1371.89,Pending
508537,110766,2024-03-30,Auto,1391.59,Rejected
506464,105461,07/02/2023,Auto,4139.36,Approved
511710,101956,10/13/2021,Home,815.26,Approved
513934,107617,25-04-2026,Auto,10810.93,Rejected
501916,114378,27-03-2020,Home,1658.53,Pending
513205,102520,2021-11-16,Life,7309.31,Rejected
508107,116201,01/26/2023,Home,4557.66,Rejected
514211,106469,05/05/2022,Home,1631.84,Approved
501910,110052,2020-06-08,Travel,265.64,Approved
508834,111907,16-02-2023,Home,5711.67,Approved
508688,101736,03/12/2023,Home,948.73,Rejected
501133,103208,03/28/2023,Home,790.0,Under Review
509733,103250,2019-01-15,Auto,1556.84,Approved
512528,113379,2022-09-25,Auto,1365.5,Approved
501317,103934,26/11/2020,Home,7853.63,Approved
504368,117659,31/03/2026,Health,2328.98,Approved
512821,119616,2025-09-13,Home,4972.93,Rejected
508631,119595,19/11/2024,Health,1138.32,Approved
507325,117835,2019-06-07,Home,4695.16,Approved
506080,101028,13/05/2022,Health,775.32,Approved
508922,111723,2024-07-06,Health,1365.04,Rejected
502601,112176,01/18/2020,Home,1715.4,Rejected
506568,120305,19/07/2025,Home,519.84,Rejected
502173,100291,05/18/2024,Home,2306.77,Approved
503605,103234,14/02/2024,Travel,281.27,Rejected
506429,100883,2021-09-08,Health,423.2,Approved
507995,116621,2019-03-05,Health,638.11,Under Review
503768,112524,10/25/2025,Auto,382.65,Approved
505077,120469,22-08-2020,Health,698.75,Pending
508274,111471,2025-05-24,Health,496.99,Rejected
504631,106595,01-08-2026,Health,807.18,Rejected
512106,111705,15-03-2026,Health,1273.46,Approved
500240,116795,01/12/2026,Auto,1091.23,Approved
509251,118128,06/03/2026,Auto,1521.7,Approved
510763,111278,2022-01-12,Life,17707.49,Rejected
507602,113941,04/05/2022,Travel,470.32,Pending
510742,115330,2022-07-26,Health,1673.69,Approved
501867,116328,2020-12-11,Home,1385.33,Rejected
508784,116394,2019-02-12,Home,1351.81,Rejected
513443,107421,09/05/2023,Auto,2785.76,Under Review
502521,112202,2022-10-27,Health,470.96,Approved
509850,108564,24-03-2021,Auto,1080.83,Pending
501820,109668,02-02-2020,Auto,1307.26,Rejected
502410,114741,2020-02-26,Home,6289.93,Under Review
508243,106853,09/01/2021,Travel,250.7,Under Review
506637,113260,21-05-2021,Home,792.16,Approved
505187,106584,01/28/2023,Home,10662.27,Approved
513548,105238,11/27/2025,Life,7445.96,Approved
504565,107739,2026-05-19,Home,1495.9,Approved
507942,103088,04/22/2026,Auto,2341.82,Pending
512299,100082,2020-12-20,Life,7268.94,Under Review
506391,113821,12/03/2023,Travel,312.66,Rejected
502118,117475,15/11/2022,Home,1661.56,Approved
503779,110958,10/04/2022,Home,1116.55,Approved
504961,101583,03/18/2020,Home,5333.13,Approved
502809,103070,19/10/2019,Home,610.19,Under Review
500498,111417,2020-06-26,Auto,2198.19,Under Review
513802,109105,06/10/2022,Home,601.13,Under Review
509995,106437,2019-12-20,Auto,1380.53,Approved
504284,112382,10/10/2019,Auto,1407.73,Approved
510163,112764,27/12/2023,Travel,680.04,Approved
500228,105589,2022-07-30,Auto,893.27,Rejected
508739,101242,09-10-2022,Life,5722.07,Approved
512751,111927,21-05-2023,Home,640.31,Under Review
502741,103580,20-06-2026,Home,5491.52,Rejected
509483,118672,2022-02-26,Life,7348.33,Rejected
506001,111103,21-06-2019,Auto,2483.13,Approved
505718,104553,03/21/2020,Life,4256.32,Approved
510192,113362,25-10-2019,Auto,1241.04,Approved
505583,115936,02/07/2026,Auto,5837.26,Rejected
512601,107935,11/03/2023,Travel,606.53,Pending
512686,102092,01/27/2026,Home,5232.67,Pending
508870,112822,10/03/2024,Auto,1290.83,Approved
501128,112408,06/10/2025,Auto,6859.81,Rejected
510377,100996,11/05/2025,Travel,172.23,Approved
501706,119879,23/03/2020,Travel,324.33,Approved
507450,110994,2025-11-07,Travel,359.89,Approved
503153,104436,08/07/2026,Home,3536.17,Pending
509457,117041,01/19/2019,Auto,2651.9,Approved
510642,107440,04/02/2023,Home,3423.69,Approved
514371,104809,06/04/2021,Health,476.52,Under Review
506240,119410,01/04/2020,Travel,225.89,Approved
507104,101264,08/08/2019,Travel,103.63,Under Review
509440,119570,19/10/2019,Home,1865.35,Pending
502721,116746,04/20/2019,Home,591.98,Approved
507445,106684,24/02/2024,Health,393.58,Pending
507893,115855,09/02/2022,Health,845.32,Approved
514419,114683,19-03-2019,Home,1657.7,Approved
511391,103981,2024-07-18,Health,1464.27,Approved
508042,105221,2021-03-24,Travel,531.72,Approved
509121,119517,2024-11-01,Travel,270.66,Pending
509378,101487,2022-05-18,Auto,-1294.77,Approved
511937,102440,2026-03-11,Auto,1102.88,Pending
512571,102745,28-06-2022,Life,7405.06,Pending
513476,101798,18-09-2025,Travel,478.25,Approved
511770,113159,06/27/2019,Auto,1463.89,Approved
513052,106823,11/19/2020,Health,547.38,Approved
506054,115516,16/09/2021,Home,3044.09,Approved
510079,108446,05/17/2026,Auto,2714.87,Approved
512136,106476,24-07-2023,Home,1654.52,Approved
502550,111764,2025-10-11,Travel,174.72,Pending
507440,112459,15-08-2019,Auto,1118.37,Approved
506768,119069,2020-06-03,Health,1172.05,Under Review
509682,109026,20-08-2022,Health,518.92,Approved
513261,114473,28-07-2021,Home,3551.12,Under Review
506449,100839,27/01/2019,Home,3413.99,Approved
512053,110698,18/06/2021,Home,1517.02,Approved
514540,109907,2023-07-30,Health,903.66,Approved
502644,113034,12-09-2022,Travel,276.66,Approved
513075,110849,18-09-2019,Auto,2028.37,Approved
504487,107997,19-09-2023,Auto,2280.0,Approved
502061,103115,10/05/2023,Health,1470.73,Approved
504645,109393,01-01-2025,Travel,232.78,Approved
514799,104426,14-12-2019,Auto,1779.73,Approved
512922,119897,02/02/2022,Travel,371.15,Approved
514459,120020,28/04/2019,Life,8200.92,Rejected
513459,119514,28-02-2022,Life,8913.5,Approved
507265,102018,11/11/2021,Auto,2443.91,Rejected
504174,110501,2024-02-07,Home,2375.48,Approved
512451,108275,06/03/2023,Health,1853.5,Under Review
508918,109230,07/30/2019,Travel,325.72,Rejected
511932,100186,06/24/2020,Auto,1676.48,Approved
500983,108180,23/11/2020,Life,24381.98,Approved
510143,117941,2020-11-07,Auto,4811.08,Approved
505480,104718,2023-01-09,Health,2558.71,Rejected
513105,101171,2021-07-27,Auto,471.97,Approved
504797,104899,12/07/2023,Auto,1738.44,Pending
509606,111931,09/26/2020,Auto,1448.19,Approved
503662,114392,06/11/2022,Health,1188.05,Approved
513761,120086,26/07/2025,Home,4877.3,Pending
506947,118620,01/17/2022,Life,3274.61,Pending
504657,103322,11/11/2021,Life,11757.59,Approved
506414,112591,09/09/2023,Health,579.68,Approved
503150,103795,27-03-2019,Home,4529.31,Approved
509376,109749,2025-09-28,Auto,-1673.22,Approved
508889,101857,2020-09-09,Auto,2934.08,Rejected
504813,105804,21-10-2022,Life,9878.84,Under Review
505969,119817,2021-05-09,Health,1083.68,Approved
502939,103410,21/09/2024,Health,404.23,Approved
501340,104720,05/17/2022,Home,2718.8,Rejected
501391,112377,04/01/2024,Auto,1461.21,Approved
509647,115967,25/05/2023,Health,215.21,Under Review
513281,107788,2024-09-06,Health,1515.5,Approved
509232,112516,14-07-2019,Health,433.11,Rejected
510857,100220,14-06-2026,Auto,5576.27,Under Review
510979,117240,08/10/2025,Home,9586.92,Approved
509002,109487,07/09/2026,Auto,1297.98,Approved
506146,106505,16-05-2025,Auto,1557.28,Rejected
501412,116845,19/06/2024,Health,1340.97,Under Review
502256,112123,13/11/2020,Health,807.46,Approved
511051,111514,21-09-2023,Health,584.25,Approved
510702,105417,09-12-2025,Health,701.75,Under Review
506120,107487,18-03-2020,Health,168.62,Approved
502212,110356,21/04/2024,Auto,589.01,Approved
505603,118050,2025-04-11,Health,343.97,Approved
506004,100131,2026-08-09,Home,5354.95,Approved
505417,104257,01/10/2025,Health,287.16,Approved
504938,106489,10/21/2021,Home,1098.28,Rejected
503624,106649,28/08/2026,Auto,4764.23,Approved
503158,107575,09-07-2019,Travel,246.78,Rejected
504267,112684,06-01-2025,Home,-2413.48,Approved
500463,109796,15/08/2025,Health,337.87,Under Review
501754,103725,29-10-2022,Auto,-1884.01,Under Review
512524,100215,21/11/2019,Home,2958.12,Rejected
509000,116798,20/02/2023,Auto,2093.83,Rejected
506380,110108,16/07/2020,Health,1028.77,Approved
503829,110696,2025-01-14,Auto,1990.59,Under Review
500378,106039,09/14/2019,Auto,2315.78,Approved
509979,102607,03/12/2026,Travel,337.25,Approved
501335,101258,22/10/2023,Health,868.64,Pending
514495,106833,2022-12-09,Health,206.56,Approved
502716,104420,05/20/2026,Auto,1275.46,Approved
509585,100223,05/30/2023,Home,1966.11,Approved
502984,103595,01/18/2020,Auto,1413.8,Approved
513505,116173,2025-11-25,Life,4634.24,Rejected
513181,105891,15/06/2020,Health,166.51,Approved
506322,102293,05/18/2026,Life,4689.01,Approved
509202,101782,12-11-2025,Auto,1087.5,Rejected
509775,110397,2022-10-19,Health,318.45,Approved
501894,105183,09/05/2024,Auto,994.04,Rejected
504661,105903,15-11-2022,Auto,3498.23,Approved
509664,108708,18-07-2024,Auto,533.14,Approved
507769,107600,2019-03-07,Auto,2637.89,Under Review
507090,101666,2026-07-08,Home,6149.8,Approved
506221,109020,2019-12-24,Auto,3437.06,Rejected
509124,118592,18-08-2024,Auto,,Approved
512815,103134,22-07-2026,Auto,1890.78,Approved
507037,110658,05/06/2019,Life,3803.41,Approved
512074,118713,2019-08-13,Health,3609.29,Rejected
509431,102000,2020-09-25,Life,3886.01,Pending
510676,105480,02-06-2026,Travel,-200.37,Under Review
508624,117794,03/28/2020,Home,-1353.13,Approved
510295,109727,09/09/2024,Home,2957.3,Approved
511119,117591,24/05/2026,Auto,2235.35,Under Review
503992,115756,15/12/2023,Travel,376.04,Approved
506691,117686,2025-11-30,Travel,349.9,Approved
501030,100695,16-04-2020,Home,1575.79,Approved
502220,119018,10-03-2021,Travel,368.09,Pending
513507,116353,30/03/2025,Health,553.88,Approved
513758,120336,25/05/2021,Health,370.49,Rejected
503793,118518,13-03-2020,Health,1912.56,Rejected
510904,115383,2019-07-06,Health,420.22,Rejected
510455,102630,29-03-2019,Auto,510.59,Approved
504327,106466,2024-10-24,Health,1729.98,Approved
512778,108036,05/08/2020,Health,330.29,Approved
508302,100832,23/02/2023,Auto,3143.69,Approved
514190,103490,18/03/2021,Travel,695.22,Pending
513147,105017,2026-01-24,Auto,749.3,Approved
505731,118220,03/29/2024,Auto,2379.48,Approved
502917,116266,03-01-2019,Health,517.71,Approved
505586,107811,12/11/2019,Auto,4838.21,Under Review
511978,112851,08/06/2024,Auto,864.31,Pending
506326,105651,03/12/2020,Home,2015.72,Rejected
501515,109313,07/02/2020,Health,842.41,Approved
514140,110789,20/04/2026,Home,1950.62,Approved
513557,109991,16-01-2020,Home,2785.97,Rejected
512567,117356,07/04/2024,Auto,1219.58,Rejected
502263,106209,03-04-2024,Auto,1144.79,Approved
504479,110952,12/07/2021,Life,5063.08,Pending
504239,103402,2019-12-31,Auto,967.1,Under Review
512703,108448,06/29/2021,Travel,110.18,Under Review
512545,119381,03/30/2024,Life,5070.38,Pending
500893,109144,2023-05-06,Home,4971.75,Approved
501490,120037,09-09-2024,Auto,1003.44,Approved
511975,112851,24/06/2023,Auto,2186.46,Approved
512709,112866,09/09/2025,Travel,277.66,Approved
508516,101349,13-04-2020,Auto,1755.17,Approved
502933,106904,05/02/2022,Life,5291.6,Approved
513741,103356,01/04/2022,Health,471.91,Approved
501129,115145,2019-08-14,Home,939.07,Approved
500731,108972,13-06-2025,Life,9182.99,Under Review
503084,115758,2020-02-01,Auto,1366.93,Approved
507297,111804,11-09-2019,Home,4319.34,Under Review
504588,109526,05/24/2025,Life,11662.96,Rejected
502795,113073,20/05/2024,Travel,233.59,Approved
507601,108663,18-12-2021,Health,1105.5,Pending
500798,103616,29/03/2024,Health,760.07,Approved
506232,107142,07/02/2021,Health,2264.56,Under Review
500734,115450,08/06/2022,Health,522.48,Approved
514601,109151,2024-10-23,Home,4658.7,Approved
502244,105129,2022-09-23,Auto,1762.77,Approved
500178,118349,02/06/2019,Auto,2372.11,Pending
501174,106619,21/11/2020,Auto,2567.95,Approved
500790,115294,2023-08-25,Home,4523.79,Approved
511994,113455,20/08/2022,Auto,2673.06,Approved
500198,116228,12/24/2022,Auto,610.94,Rejected
510575,118537,01/10/2025,Health,2921.13,Approved
507675,109156,2023-06-04,Health,538.28,Approved
500548,118095,06/07/2021,Auto,,Approved
503339,120110,02/11/2020,Health,675.44,Under Review
511028,105452,04-03-2020,Life,14903.97,Approved
507465,104775,07-01-2022,Health,487.23,Rejected
508677,103370,09/28/2025,Home,3433.17,Approved
511017,109706,08/13/2026,Home,1149.47,Pending
512317,112360,23-02-2025,Health,564.06,Rejected
507533,117045,2022-07-04,Life,8350.68,Approved
500066,108703,29/03/2024,Home,2898.0,Pending
504712,114718,10/16/2020,Home,1243.51,Approved
505214,112643,20/03/2020,Health,119.13,Approved
511963,116351,2023-03-27,Health,1618.0,Approved
505033,102806,2022-06-19,Home,5093.02,Approved
512701,115038,2024-01-30,Home,2755.55,Under Review
502572,107588,2023-07-29,Health,277.52,Approved
512681,107355,13-11-2024,Home,1265.12,Approved
510728,101894,19/01/2025,Health,858.53,Under Review
500622,117973,2020-07-30,Health,1130.9,Approved
506222,109020,2022-06-26,Auto,1198.68,Approved
500787,102393,2020-03-22,Health,260.67,Approved
503332,105165,08/07/2025,Home,9884.22,Rejected
514398,107483,20-12-2024,Auto,1125.88,Pending
506008,106174,20-06-2019,Auto,3332.25,Approved
510530,116988,09/01/2019,Life,6672.04,Approved
508334,115290,01/30/2020,Health,473.62,Approved
513085,100572,20/03/2019,Auto,2385.23,Approved
510497,109225,06/26/2026,Home,10633.96,Approved
508674,101394,2025-05-12,Auto,1068.95,Pending
500515,113592,05/20/2020,Auto,1760.56,Rejected
500478,109839,06-06-2025,Auto,1307.52,Rejected
504476,109757,2022-03-30,Health,527.82,Under Review
513277,118052,26/10/2024,Home,1564.93,Pending
508796,120246,05/11/2024,Auto,1686.52,Under Review
506899,113658,04/18/2019,Health,473.34,Rejected
501033,101261,26/08/2024,Auto,2553.33,Pending
511286,115470,2021-11-06,Health,405.74,Approved
502598,119232,19/02/2024,Health,-605.51,Approved
501514,109313,02/19/2022,Health,1244.83,Approved
506191,120383,08-11-2020,Home,3292.42,Rejected
510835,101033,24-04-2022,Auto,1743.61,Approved
507237,109027,21/02/2020,Life,13270.97,Approved
505753,102332,2021-10-31,Travel,408.59,Rejected
510122,115700,29-05-2026,Auto,5525.11,Approved
512860,119477,10-06-2024,Home,1660.24,Rejected
508236,109173,2022-11-18,Auto,2754.61,Approved
508536,118480,07/15/2026,Travel,282.2,Approved
505521,104127,25/01/2022,Home,7531.84,Approved
501462,100467,28/01/2025,Home,5564.91,Rejected
507915,117623,07/20/2024,Auto,815.24,Pending
501871,113815,2019-02-01,Life,7435.84,Rejected
513364,101826,2022-06-19,Auto,1308.41,Approved
507209,113563,12/12/2023,Travel,135.1,Approved
510044,108761,01-01-2026,Auto,1350.08,Rejected
507349,105977,10/05/2025,Travel,661.51,Rejected
504623,101766,2023-07-16,Auto,1555.34,Approved
512894,120228,2020-08-16,Health,910.27,Approved
504818,116265,04/01/2026,Auto,357.15,Approved
500220,112051,2019-05-14,Auto,4373.59,Approved
512439,118821,19-02-2020,Health,3189.14,Pending
508979,101221,2020-07-20,Travel,334.22,Approved
502476,112806,03-01-2023,Health,-1025.85,Under Review
504248,106503,05-02-2020,Auto,2868.59,Approved
511410,105543,05/15/2022,Auto,1580.84,Rejected
514731,119488,09/24/2021,Health,717.68,Rejected
512530,108652,30-12-2019,Health,199.68,Approved
506487,113345,2024-02-13,Health,688.97,Pending
509396,119061,10/01/2025,Home,-2264.23,Approved
509691,101872,21-04-2020,Home,1018.22,Under Review
505650,118801,22-09-2020,Health,452.25,Under Review
513607,102113,06/10/2025,Travel,610.58,Rejected
510777,110937,15-10-2019,Life,6811.75,Under Review
508052,116890,2022-03-05,Travel,180.88,Approved
513740,103342,2019-10-15,Health,517.39,Approved
502881,110210,09/03/2026,Travel,912.25,Rejected
501677,116460,02/28/2023,Auto,986.27,Approved
506060,110071,09-09-2019,Home,6156.59,Pending
500901,108043,2024-05-10,Home,5612.15,Pending
512096,106859,01-11-2024,Health,1326.87,Approved
514249,104632,2025-12-16,Travel,305.79,Approved
502296,103256,06/10/2023,Auto,4406.09,Approved
511385,118953,24-05-2026,Auto,4664.67,Rejected
508488,108128,05/12/2026,Home,346.04,Approved
508981,101221,10/04/2019,Home,1212.19,Rejected
508729,104210,12/04/2020,Auto,642.5,Pending
512588,103841,18-09-2019,Life,-9055.63,Pending
511043,100924,2024-12-24,Health,828.54,Approved
506772,120484,2023-08-27,Home,2159.1,Under Review
511813,101251,04/07/2019,Life,9478.37,Approved
507257,114276,2021-11-17,Home,5241.63,Approved
502580,113805,03/12/2023,Auto,1476.75,Under Review
507966,100909,2022-03-23,Auto,709.59,Rejected
514187,107984,2019-07-23,Home,1758.92,Rejected
511087,103956,21-02-2024,Life,9567.13,Approved
514746,108006,12/20/2019,Home,1251.01,Under Review
509754,114549,29/05/2024,Health,,Under Review
510442,112095,21/06/2025,Health,-668.43,Approved
505254,106419,02/02/2022,Auto,3447.67,Rejected
500681,102270,2024-06-08,Home,2246.08,Approved
513930,115048,07/23/2025,Auto,3236.46,Approved
503159,113064,2025-02-04,Travel,246.06,Rejected
510840,117776,27/07/2020,Health,686.9,Approved
502987,101952,01/14/2025,Auto,4994.34,Approved
504908,114055,12/25/2024,Home,786.23,Approved
501882,115335,2022-06-14,Auto,1018.81,Under Review
508658,116820,27-11-2022,Home,2785.37,Approved
501940,104442,08/02/2020,Travel,385.89,Approved
503296,107831,2021-03-14,Auto,1660.46,Rejected
503534,102718,18-06-2021,Auto,1863.11,Rejected
505974,118826,18-08-2026,Home,4087.23,Approved
503729,119755,2021-08-29,Health,2343.01,Under Review
500490,111315,12/16/2021,Home,2959.3,Approved
505708,111642,11/04/2023,Auto,2092.05,Approved
501181,102647,20-12-2020,Home,463.43,Under Review
501375,116765,04/07/2026,Auto,1918.84,Approved
505014,112715,07/08/2020,Travel,578.95,Approved
500626,110841,06/10/2026,Travel,471.33,Under Review
504758,114907,16-07-2019,Auto,3525.97,Rejected
510308,101480,2025-12-21,Life,6793.42,Pending
511418,113594,2023-11-05,Auto,3173.67,Approved
510932,101366,02/07/2026,Health,1086.92,Approved
504180,110305,12-05-2025,Travel,246.24,Rejected
511283,108320,12/26/2021,Home,4204.31,Approved
508756,101777,11/15/2021,Auto,-2440.4,Approved
502887,110479,10/28/2023,Auto,1716.73,Approved
504539,109712,04/12/2022,Travel,260.96,Pending
510662,110741,2025-12-26,Health,281.15,Rejected
506671,116969,2021-02-06,Travel,323.07,Approved
506453,113581,18-08-2021,Home,10144.21,Approved
501366,105576,19-11-2020,Auto,1805.16,Approved
502639,111269,09/24/2020,Travel,228.75,Approved
514161,111954,25-01-2021,Auto,1871.4,Approved
505602,111446,11/04/2024,Health,860.87,Approved
513517,112592,06-11-2025,Auto,800.87,Pending
505730,110734,2021-05-23,Travel,288.44,Approved
507204,115947,2021-01-21,Travel,231.92,Approved
505296,103075,17-01-2022,Travel,182.0,Approved
510323,111549,12/10/2022,Home,1022.41,Approved
502938,103410,10/22/2024,Life,10651.14,Approved
513917,103640,08-01-2019,Life,14268.9,Approved
513461,106807,06/23/2020,Auto,3154.32,Under Review
505979,105420,2023-01-17,Auto,1471.27,Approved
504534,119465,10/10/2021,Home,1332.37,Approved
511471,113721,30-11-2022,Health,482.61,Approved
507669,111337,09/19/2020,Home,3935.84,Approved
507607,106000,2019-10-04,Auto,2024.03,Rejected
511980,104145,2021-07-28,Health,-1163.09,Approved
514327,104892,09/17/2025,Health,357.8,Approved
511927,119605,2022-12-03,Home,-2483.27,Approved
514539,104777,2023-09-29,Home,1682.49,Under Review
506681,107971,07/16/2025,Life,10960.09,Pending
505428,102122,15/04/2022,Health,253.04,Approved
505266,120489,08/08/2021,Life,8630.22,Approved
510514,108683,12-08-2022,Life,11626.87,Rejected
514668,108004,18/12/2019,Travel,281.0,Pending
501784,109445,01/03/2021,Auto,2061.28,Rejected
507116,116210,25-04-2022,Auto,1948.19,Approved
500494,108182,2019-01-18,Home,5241.72,Approved
509053,103401,11-08-2022,Health,273.03,Rejected
511947,101289,13-04-2020,Home,2363.3,Approved
502038,113591,01-07-2019,Home,2403.03,Under Review
504041,110730,05-09-2025,Auto,1588.25,Approved
502897,105871,06/09/2021,Home,1991.59,Approved
508558,120492,22/06/2022,Health,555.54,Approved
511814,103176,2019-04-09,Auto,387.15,Under Review
509818,110491,2020-01-21,Home,1010.94,Approved
509924,113608,27-04-2021,Auto,3370.26,Approved
502653,103617,09-01-2024,Auto,1291.16,Rejected
511948,112773,11/11/2021,Health,1840.73,Approved
508514,103896,24/11/2021,Health,394.06,Approved
502031,116689,08/14/2024,Home,3111.74,Pending
505089,119849,2021-05-09,Auto,1408.3,Approved
500813,119159,23/04/2023,Health,289.16,Under Review
507235,109027,2022-10-01,Life,6290.64,Approved
506280,113978,20/07/2023,Auto,,Approved
513764,100571,27-04-2026,Home,2499.35,Pending
501079,111495,2024-08-23,Home,3127.9,Under Review
502226,105751,2024-10-19,Auto,2729.98,Approved
514697,110230,06/25/2025,Auto,1725.93,Approved
513671,118279,12/20/2019,Travel,536.12,Approved
513645,102920,2025-02-10,Travel,515.66,Rejected
503261,104707,22/01/2023,Health,1842.83,Rejected
505649,118801,06/10/2023,Travel,726.88,Rejected
503862,109674,11/18/2025,Home,3360.94,Pending
502936,112552,2019-08-26,Home,1688.83,Approved
511204,100262,2023-03-12,Travel,512.34,Approved
507080,108724,04/30/2022,Auto,1591.49,Pending
503917,113670,12/12/2022,Health,1991.24,Approved
512163,106314,12/14/2025,Auto,3215.17,Approved
500305,117164,2021-12-23,Health,573.75,Pending
504056,108161,17-06-2019,Auto,1046.25,Approved
514230,117447,04/06/2020,Travel,127.2,Approved
502999,101783,2024-07-14,Health,1147.24,Under Review
512961,106142,04/06/2025,Home,1277.9,Rejected
501231,104044,06/30/2026,Auto,1456.15,Rejected
502313,104832,03/08/2023,Auto,1784.69,Rejected
511742,106686,05-06-2023,Auto,1288.76,Under Review
510241,117584,09/11/2019,Travel,247.19,Approved
512755,100138,07/23/2025,Home,1217.75,Approved
504321,119509,2024-01-28,Home,810.26,Approved
503251,116372,22/10/2019,Health,389.54,Rejected
506470,109849,06/13/2024,Home,1445.44,Approved
506713,118044,2022-06-12,Home,,Approved
507500,103663,01/09/2020,Health,316.17,Pending
512608,118572,13/12/2024,Auto,1944.61,Approved
503899,107765,2021-05-30,Home,5291.65,Approved
503567,105414,2023-08-02,Home,3132.67,Under Review
505452,112495,2026-03-23,Auto,2930.06,Rejected
508022,117802,04/25/2024,Home,2835.29,Under Review
512933,114424,09/12/2025,Travel,769.45,Rejected
511825,119692,12/02/2023,Home,10852.04,Approved
504270,118061,31/07/2022,Home,4158.48,Approved
508531,112860,26-10-2024,Home,1223.97,Under Review
504086,105272,17/09/2019,Health,550.46,Approved
506663,106057,17-07-2022,Home,1888.62,Approved
512143,108385,06/19/2024,Health,329.12,Approved
500588,119125,19-02-2021,Home,3682.75,Pending
503365,100449,09-05-2026,Auto,1522.79,Pending
502670,104738,21/05/2025,Home,1211.06,Under Review
505515,112648,07-04-2024,Travel,180.84,Under Review
501688,101237,12/02/2020,Health,261.81,Approved
512863,119496,2025-11-19,Life,6348.79,Pending
502395,113462,13-04-2020,Life,7479.01,Under Review
505506,109970,02/07/2019,Home,4283.94,Rejected
502170,107660,2019-07-21,Auto,2507.85,Rejected
514029,108519,19-08-2021,Auto,-2936.51,Approved
508134,104810,30/09/2020,Auto,1287.24,Rejected
509311,107456,20-12-2020,Life,5165.78,Approved
514338,112173,22-08-2020,Life,3526.0,Rejected
509022,106944,2022-11-05,Health,155.29,Approved
512466,109256,2019-01-06,Life,6663.69,Approved
505673,117888,30/10/2020,Home,2105.27,Approved
502774,105337,24-07-2025,Auto,1440.64,Pending
507620,108643,29-04-2026,Auto,1560.36,Rejected
506559,120151,21-09-2019,Home,571.39,Rejected
509316,103876,04/04/2025,Travel,253.96,Approved
508456,105263,18-01-2025,Travel,1046.83,Approved
509619,115980,06/11/2023,Auto,1067.63,Approved
514005,117692,14-08-2019,Home,1045.45,Pending
505798,102816,07-10-2023,Health,986.55,Pending
505982,106724,07/08/2022,Health,1286.7,Approved
505882,110543,08/14/2025,Travel,855.42,Rejected
509419,120407,09/18/2021,Auto,983.72,Rejected
509239,108113,01/16/2020,Health,703.47,Approved
502181,119575,22/09/2022,Home,1335.6,Rejected
511142,102339,2019-12-18,Home,857.74,Approved
501473,112520,07/04/2025,Home,2644.9,Rejected
506103,110034,12/18/2025,Home,4974.62,Approved
511304,117768,02/23/2019,Health,1937.8,Rejected
511887,117267,08/10/2020,Health,734.34,Pending
508902,114963,07/23/2020,Health,318.51,Approved
500421,111129,28/07/2019,Health,2678.83,Approved
502306,115238,01/09/2025,Auto,1819.73,Rejected
512767,101932,03/26/2024,Life,9021.6,Approved
500171,102812,14/06/2026,Life,12128.78,Pending
503956,112384,01/03/2020,Auto,1984.75,Under Review
505606,118050,04-06-2019,Health,969.16,Pending
514638,114486,02/24/2021,Auto,2927.42,Under Review
508462,114904,11/09/2019,Auto,2693.74,Approved
501725,114932,2024-02-11,Travel,274.35,Approved
510187,116664,24/01/2023,Home,2486.12,Pending
513988,119063,09-05-2026,Auto,2460.48,Approved
513639,100956,04/06/2024,Home,800.45,Approved
500904,112528,28/09/2024,Auto,1004.28,Approved
503494,106848,09/05/2022,Life,24890.71,Approved
508346,113999,04/18/2026,Life,6172.97,Approved
511009,103917,09/21/2020,Auto,1316.3,Rejected
507797,117855,2020-10-06,Auto,1586.9,Approved
507396,108606,2020-06-01,Travel,206.96,Rejected
512479,102176,25-05-2019,Home,2908.59,Approved
502080,116415,02/20/2020,Travel,108.3,Approved
507928,113535,2019-08-25,Life,3660.54,Under Review
511167,113870,09/11/2020,Health,440.66,Under Review
507933,104299,13/06/2019,Home,7122.91,Under Review
509830,115109,2019-04-19,Travel,257.56,Approved
513410,110756,08/04/2023,Home,925.42,Approved
507211,113563,26/02/2025,Health,694.6,Approved
504677,107506,07/04/2023,Home,1794.29,Pending
506533,108916,09/03/2025,Auto,1268.0,Rejected
505209,119420,06/06/2025,Health,809.82,Approved
502646,113334,01-01-2025,Home,807.6,Approved
511419,113594,04/23/2026,Life,12342.95,Pending
513976,108996,14/12/2021,Home,2209.26,Rejected
509853,115526,21-02-2021,Auto,1162.17,Approved
511298,114389,2026-03-21,Health,1000.8,Approved
510521,110148,2024-11-03,Auto,751.66,Pending
506365,109492,16-12-2020,Auto,2567.38,Approved
511549,110273,05/09/2022,Health,1489.04,Rejected
502155,119070,19-05-2019,Life,6792.52,Approved
514438,103141,2023-09-17,Health,1247.84,Approved
507370,118375,12/11/2025,Auto,1366.19,Approved
513302,114308,06-07-2020,Auto,1374.44,Under Review
507837,107313,01/06/2025,Auto,600.86,Rejected
503715,116339,01/05/2019,Health,,Rejected
508111,115874,21-01-2021,Home,,Approved
510911,115274,05/02/2026,Home,5565.81,Approved
512393,102292,06/27/2022,Home,2449.37,Approved
503622,109853,2022-03-17,Home,2256.16,Approved
504516,114301,20-09-2024,Auto,492.78,Under Review
507354,116490,16/08/2019,Health,1378.84,Rejected
508750,104859,08/05/2024,Auto,1283.38,Under Review
501436,108066,03-06-2022,Home,3748.47,Rejected
500507,107486,27-10-2025,Auto,871.36,Approved
505275,102802,10-10-2023,Auto,1359.37,Approved
505663,105146,02/08/2020,Travel,165.32,Pending
505402,100674,2021-11-12,Life,10440.14,Approved
505930,111236,2024-09-20,Home,6779.24,Under Review
502339,104634,04/17/2020,Health,878.43,Approved
509844,109232,21/09/2022,Auto,808.57,Approved
504386,103371,2024-03-15,Auto,1893.53,Approved
511619,106197,15-10-2024,Home,1269.72,Under Review
507680,104118,17-10-2020,Health,1595.94,Rejected
511495,101161,2020-12-24,Auto,1223.62,Approved
508693,108817,27/04/2020,Auto,2347.82,Pending
500643,110092,04/19/2020,Home,1028.25,Approved
501539,119679,10/14/2021,Health,952.79,Rejected
501211,108980,12/27/2019,Home,3159.33,Approved
513382,107446,23-09-2025,Travel,455.11,Approved
513648,116690,09-05-2022,Auto,607.98,Approved
506106,110385,05/26/2025,Travel,440.98,Pending
505615,120400,06-09-2024,Travel,203.09,Under Review
513151,113930,2019-08-03,Auto,1960.1,Rejected
501464,100467,04/02/2020,Life,4372.84,Approved
501192,116441,07/09/2020,Health,1132.65,Approved
503590,107038,13/01/2024,Home,2150.09,Approved
509671,115860,06/05/2026,Health,633.86,Approved
506360,104970,04-02-2019,Life,8741.94,Pending
508697,115272,2019-01-11,Health,1761.36,Approved
513950,102711,2022-11-21,Auto,2231.34,Approved
506719,103046,05/22/2025,Auto,2828.29,Approved
500506,107486,2021-01-15,Life,2870.87,Approved
511057,102774,05/23/2021,Health,1191.89,Approved
509226,104619,04/23/2022,Auto,914.92,Approved
510234,103203,2023-01-08,Life,7243.19,Under Review
514070,107973,2021-03-10,Travel,218.15,Approved
501773,120155,16-03-2023,Home,1261.74,Approved
500272,119399,27-05-2025,Auto,1323.98,Approved
512604,101378,2020-01-06,Health,492.37,Under Review
503618,102132,12/07/2022,Travel,587.1,Approved
502381,103508,08/03/2019,Auto,3595.08,Approved
507008,107441,2023-01-03,Health,434.91,Approved
513078,112464,2023-08-10,Health,-664.22,Rejected
504633,113534,2022-12-25,Home,1784.98,Rejected
508504,113229,21-04-2024,Auto,1329.78,Approved
500746,115333,08/03/2020,Travel,591.6,Approved
507707,102422,31-07-2023,Home,2785.18,Approved
503569,105437,24/04/2025,Life,10207.98,Approved
509743,107419,10/28/2022,Travel,740.27,Approved
508557,120492,2024-07-21,Home,1116.48,Approved
506448,100839,19/03/2026,Auto,1319.19,Approved
505599,100335,09-02-2022,Health,2032.68,Rejected
513983,102599,14-12-2025,Travel,377.42,Pending
512384,108560,15/11/2024,Home,1806.63,Pending
508572,119585,2021-06-02,Auto,3026.57,Approved
510537,119481,11-07-2025,Health,1287.4,Approved
501912,116185,12/31/2021,Home,5240.44,Under Review
509185,114032,28/12/2025,Travel,,Pending
500599,118069,19/02/2025,Home,1261.17,Pending
503892,109534,02/28/2019,Health,995.4,Approved
505540,113523,07-09-2024,Auto,2789.16,Rejected
501652,112011,04/11/2024,Home,2754.49,Approved
508106,116201,2024-09-11,Health,206.78,Approved
501893,105183,2020-04-22,Travel,414.4,Under Review
511097,103494,02/19/2023,Health,851.15,Approved
506502,103859,19-11-2025,Auto,1316.64,Approved
504362,115584,12/29/2022,Travel,692.5,Pending
514614,119830,07/26/2023,Travel,409.17,Pending
500375,115015,06/19/2022,Travel,251.44,Approved
501966,114438,04/23/2023,Health,379.37,Rejected
503957,105597,2023-01-01,Auto,781.27,Under Review
513132,113975,26/08/2025,Health,777.61,Approved
505696,109854,23-06-2025,Travel,212.9,Approved
501243,105547,09/17/2022,Auto,356.29,Rejected
512339,116433,2022-01-24,Auto,4284.25,Rejected
513640,107005,2023-10-01,Auto,1813.46,Under Review
509119,101779,08-10-2022,Auto,1358.91,Rejected
500941,118200,07/24/2019,Home,3493.61,Approved
510319,105680,2026-05-18,Auto,697.77,Approved
503346,109282,17/11/2019,Health,5014.52,Pending
502657,102136,28/12/2025,Auto,2438.93,Approved
502308,118396,09-07-2026,Auto,1983.61,Pending
509753,114549,2022-07-29,Life,5200.38,Approved
505326,113048,12-05-2021,Auto,1236.82,Rejected
513756,108073,05/05/2025,Auto,1175.2,Pending
506578,111752,04/08/2020,Auto,1808.42,Approved
502799,112094,2024-03-11,Travel,498.62,Approved
504306,111019,2023-09-05,Health,391.41,Approved
513629,112003,2021-03-09,Auto,2721.13,Under Review
514734,115265,11/11/2022,Home,,Approved
507244,114679,21-09-2023,Home,8768.51,Under Review
500298,105809,10/28/2025,Auto,599.32,Pending
512196,114318,2024-08-06,Home,6877.61,Approved
503823,108214,30/11/2024,Health,142.12,Rejected
514418,100504,2023-10-28,Life,11290.44,Rejected
507977,104953,2021-08-04,Health,364.09,Under Review
502035,100714,15/06/2022,Auto,454.09,Approved
504039,108115,14/12/2021,Life,-2793.52,Approved
509781,109470,05-12-2022,Travel,,Rejected
511740,111454,01-03-2019,Auto,1475.15,Approved
501499,105022,2020-04-17,Home,2159.2,Under Review
503512,115958,26/08/2026,Auto,1895.39,Approved
504501,100775,22-02-2022,Travel,414.93,Approved
508844,103078,02/06/2019,Home,1966.38,Approved
508362,113952,29-05-2026,Home,-3558.75,Approved
506828,105880,16-01-2024,Auto,2564.58,Approved
507130,100007,18/03/2025,Home,4024.41,Approved
510993,112755,23/09/2024,Health,1218.06,Approved
514117,112298,16-06-2020,Auto,1057.3,Approved
504085,100052,28-04-2026,Auto,1562.07,Under Review
500242,101433,03/04/2024,Travel,593.66,Rejected
512711,110503,13-06-2019,Auto,2208.49,Approved
501644,117548,17-04-2026,Home,1230.71,Approved
507371,115279,2020-09-16,Travel,378.93,Pending
509432,102000,26/05/2026,Life,4410.03,Approved
505594,109961,2022-06-06,Health,760.62,Approved
511206,103957,22/02/2024,Life,9592.91,Pending
510633,117259,03/29/2026,Home,1995.1,Under Review
505231,109113,2026-08-17,Home,2596.59,Approved
502076,118542,13-01-2023,Life,4316.14,Rejected
504103,102923,04-05-2021,Auto,853.67,Pending
507493,102627,03/04/2020,Auto,1693.85,Approved
505968,112325,27-12-2021,Auto,9439.05,Approved
512491,103642,16-03-2021,Home,6141.43,Approved
512856,103760,16/08/2019,Health,250.07,Approved
503966,109701,08/02/2022,Home,1938.31,Approved
510354,114533,16/09/2023,Home,3851.75,Approved
514639,114486,05/18/2026,Travel,150.26,Approved
514027,107218,02/16/2026,Health,1619.77,Pending
506754,103598,2021-03-10,Auto,1540.22,Approved
509921,112153,21/05/2024,Auto,1444.91,Under Review
509088,103457,12/31/2021,Life,7133.35,Approved
512432,119486,08/24/2022,Auto,1890.74,Under Review
504078,118084,17-05-2019,Life,3157.01,Under Review
507754,104515,2022-12-08,Auto,-3720.76,Under Review
508832,120089,17/07/2022,Health,673.62,Approved
502778,106231,2026-01-02,Auto,1099.93,Approved
504603,110074,20/01/2025,Health,1377.54,Approved
504932,114137,25-12-2019,Home,3276.12,Pending
501985,106715,22-06-2022,Health,707.82,Approved
503861,108478,10/27/2024,Home,5047.1,Approved
507774,108768,11/05/2020,Auto,2320.85,Under Review
500325,103425,2020-05-16,Health,-636.63,Approved
514032,117216,03-08-2023,Home,5718.58,Approved
506394,115426,2025-01-07,Auto,2051.23,Pending
511200,111587,30-05-2019,Home,2666.92,Pending
504054,116423,2022-12-11,Life,15517.3,Under Review
502237,113741,19/06/2025,Auto,1350.57,Approved
505229,117478,14-02-2023,Travel,344.93,Approved
504571,108824,2024-06-05,Auto,1109.25,Approved
508976,119670,14-02-2022,Health,852.58,Pending
507454,107205,30/07/2020,Health,1071.37,Approved
501268,109815,2021-12-09,Life,6091.33,Approved
500864,116535,2022-11-06,Auto,3950.02,Approved
504942,106733,03/03/2022,Home,-3782.49,Rejected
502253,117213,25/08/2020,Auto,671.26,Approved
506010,117360,03/25/2021,Health,985.12,Approved
506911,120051,06/22/2022,Travel,151.0,Approved
514748,108006,2022-07-09,Home,2138.12,Rejected
506998,106334,2020-10-25,Home,4910.89,Approved
500371,117556,03/19/2020,Auto,1222.72,Approved
510703,113434,05/06/2026,Auto,2771.82,Approved
507940,103088,2020-07-08,Auto,1013.32,Approved
500609,108590,30-05-2026,Travel,463.42,Approved
504651,105908,2023-02-02,Health,431.75,Approved
512507,111486,29/07/2025,Travel,379.43,Rejected
508872,113817,2021-10-17,Life,8078.75,Under Review
514246,116616,11/04/2025,Travel,575.32,Rejected
514431,105301,03/04/2020,Home,2781.6,Under Review
511231,105326,2024-08-21,Home,10005.54,Approved
502364,106462,01/30/2026,Home,816.58,Approved
507766,100432,24-05-2019,Auto,1620.57,Under Review
507148,104190,06/12/2026,Auto,632.32,Approved
503789,104885,14-04-2021,Home,2630.9,Approved
510908,100490,2025-08-01,Auto,1267.31,Approved
505581,118124,01/25/2020,Home,11841.34,Approved
509216,109969,2026-06-15,Home,10129.11,Approved
505060,116189,11/24/2022,Travel,129.82,Rejected
514665,101930,12/18/2019,Home,3535.34,Under Review
513162,116184,03/12/2023,Home,1384.13,Approved
508671,114097,14/02/2019,Home,2193.14,Rejected
500662,113098,03/07/2025,Auto,1330.0,Approved
514534,103051,15/06/2021,Home,447.04,Rejected
510144,117941,2024-11-22,Travel,222.64,Approved
502776,106231,08/05/2026,Auto,4058.88,Rejected
504535,119465,09/27/2025,Auto,358.31,Approved
507189,112711,2025-04-14,Auto,2638.96,Approved
509694,105360,29/05/2023,Home,3036.33,Approved
505573,108025,09/25/2023,Home,4381.94,Under Review
506135,107514,03/25/2023,Home,5195.16,Approved
504427,117187,06-05-2020,Travel,740.23,Pending
505247,113802,22/06/2025,Travel,490.76,Approved
510364,103767,03/14/2026,Home,2623.5,Approved
503981,101418,2025-12-24,Life,17441.05,Under Review
507825,113144,14/08/2020,Travel,521.0,Pending
502669,104738,13-06-2019,Auto,5295.39,Rejected
503977,106335,16/05/2019,Health,1386.23,Rejected
500279,110798,01/12/2019,Home,2798.67,Approved
512568,114890,09-11-2020,Home,2027.8,Under Review
508718,111981,2025-03-15,Home,2410.67,Rejected
507452,103231,2024-01-25,Home,566.07,Approved
505197,101448,31/10/2021,Auto,1956.82,Approved
513338,107154,16-04-2019,Auto,1394.32,Approved
513932,101524,2022-09-04,Auto,2912.81,Approved
504155,110466,2021-09-05,Home,945.96,Approved
510095,108520,2023-04-14,Auto,1141.65,Under Review
504883,106903,2026-07-25,Health,1214.61,Rejected
505807,114723,07/07/2021,Life,10581.38,Approved
503809,115653,10/09/2019,Home,2197.27,Approved
508713,113294,18/08/2020,Health,526.7,Approved
509212,111980,26-04-2019,Travel,235.93,Pending
504683,108083,21-10-2022,Auto,834.07,Approved
510166,119949,11-08-2024,Health,472.73,Rejected
512583,119396,01/11/2025,Health,324.45,Rejected
510690,114096,2025-07-11,Home,3226.25,Approved
505593,114402,2025-01-22,Home,4196.7,Pending
510778,110937,06/05/2025,Home,1757.44,Approved
506897,101746,02-05-2023,Travel,352.71,Approved
504563,112522,02/20/2021,Auto,-825.45,Rejected
508376,111345,25-02-2022,Home,5560.46,Approved
509261,113307,2023-07-12,Life,4490.72,Rejected
509410,116612,09/08/2019,Home,-2827.91,Approved
501269,109815,08/02/2024,Auto,4426.04,Approved
502350,116747,06/30/2022,Auto,821.24,Pending
508745,116360,10-05-2026,Health,1568.53,Approved
501384,110089,10/13/2019,Home,1017.04,Pending
509355,113889,11-05-2026,Home,,Approved
509036,107956,18/08/2019,Life,22004.7,Under Review
505856,119865,2025-07-17,Auto,1724.83,Pending
500297,105809,09/09/2024,Health,1934.82,Approved
508635,106777,2021-03-29,Auto,933.83,Rejected
513159,112485,12/06/2019,Home,4608.69,Approved
513420,120001,08-10-2019,Auto,1154.38,Approved
509809,111034,17/08/2022,Health,130.49,Approved
502077,107180,18-07-2021,Auto,1101.37,Approved
509353,117539,2021-03-18,Home,2207.12,Rejected
514426,109576,12/09/2019,Health,421.91,Pending
502229,105245,09/13/2021,Auto,2982.59,Under Review
502842,108658,06/28/2023,Travel,149.97,Approved
502537,106281,2022-04-19,Auto,566.98,Pending
500194,115467,14-12-2023,Health,712.43,Approved
512395,100680,03/20/2022,Home,2982.85,Under Review
507362,100623,2021-08-27,Auto,2201.42,Approved
506636,113260,2026-03-27,Auto,4578.03,Approved
507498,103663,17/01/2021,Health,1665.97,Approved
510825,113448,2025-03-10,Health,783.12,Under Review
504042,110730,04/11/2025,Life,17838.5,Approved
506553,104969,05/08/2021,Travel,302.01,Under Review
505505,109970,09/08/2019,Life,4968.61,Approved
506854,118600,25-04-2026,Health,632.31,Approved
506761,118328,2022-03-08,Travel,597.07,Approved
505300,100199,10/22/2023,Travel,307.26,Rejected
511538,113678,11-03-2021,Auto,-4405.2,Pending
500320,109192,05/04/2021,Auto,2677.54,Approved
507135,101864,17-11-2020,Home,13750.94,Rejected
501371,110823,29-03-2020,Health,,Approved
514681,111649,02/15/2026,Life,5930.15,Pending
502654,107245,07/17/2020,Travel,320.36,Pending
509099,117237,01/31/2023,Auto,2179.64,Rejected
512787,116346,08-01-2019,Health,396.61,Approved
503398,120096,29-11-2020,Health,400.28,Rejected
508532,112860,23-05-2022,Health,981.73,Approved
509567,110260,2020-12-03,Home,4572.96,Pending
512023,103414,03-08-2022,Life,11480.54,Approved
510539,119481,2024-01-04,Life,13517.15,Rejected
512555,112903,10/10/2022,Auto,1860.9,Pending
500926,119977,07/20/2024,Auto,1066.21,Approved
500244,119743,2019-06-17,Home,2584.6,Rejected
507469,118018,07/27/2020,Health,281.6,Rejected
508207,107612,31/01/2020,Home,1926.58,Rejected
500143,114914,03/06/2019,Auto,1618.16,Under Review
505983,106724,03-03-2025,Health,396.05,Approved
508151,105404,06-11-2019,Home,7140.04,Pending
502363,106462,29/01/2022,Home,6537.21,Under Review
510941,113921,14-02-2026,Health,914.52,Approved
500129,117739,16/07/2026,Health,1028.63,Approved
501161,113529,2021-01-01,Home,3093.64,Rejected
510370,100786,25/06/2022,Auto,,Pending
514649,102911,10/30/2023,Auto,2770.26,Approved
505953,113315,18-01-2023,Health,388.1,Approved
500287,102214,25-02-2022,Home,-795.54,Pending
509356,113868,2022-05-12,Auto,909.91,Pending
505308,119009,07/01/2020,Auto,780.78,Pending
508681,116440,06/23/2019,Health,1340.55,Approved
501170,111453,29/03/2022,Auto,2026.66,Under Review
513540,120412,13/06/2020,Health,831.25,Under Review
513054,106823,27-03-2020,Home,2696.54,Under Review
506792,101414,2022-03-17,Health,443.82,Under Review
510946,105296,2024-12-10,Auto,928.4,Under Review
501859,113617,10/24/2023,Home,2735.58,Pending
510661,119776,27/04/2023,Auto,2654.53,Under Review
509883,108283,2024-11-10,Auto,1377.21,Approved
506781,109066,09/28/2020,Home,1989.6,Rejected
509468,113487,11-05-2023,Life,6216.36,Under Review
510157,110861,2023-09-12,Auto,2041.88,Approved
503121,101767,31/10/2019,Auto,2064.57,Approved
508579,100686,26-02-2019,Auto,4668.57,Rejected
501311,103492,2019-09-30,Health,399.43,Approved
501032,100695,25-03-2019,Auto,1234.47,Approved
508339,103632,02/16/2019,Auto,1720.2,Pending
509985,118669,2023-05-06,Health,1883.68,Rejected
506382,102340,12/31/2025,Travel,1645.9,Approved
507910,115030,23/05/2025,Auto,593.93,Approved
500931,119992,10-05-2019,Auto,705.31,Under Review
500691,102698,01/05/2022,Home,5820.62,Approved
509881,103443,06/11/2020,Health,1307.91,Approved
506364,109492,06-01-2021,Travel,334.41,Approved
501909,106778,23-07-2023,Auto,739.55,Pending
509021,117558,06/28/2022,Auto,5197.0,Approved
513336,107154,10/23/2020,Auto,632.15,Approved
514133,106359,08/12/2022,Travel,270.91,Rejected
500044,112189,31-10-2019,Travel,92.78,Rejected
503939,111324,2025-09-04,Health,1769.03,Rejected
509848,110514,26/04/2024,Auto,1177.01,Approved
507108,114795,06/01/2026,Health,2097.84,Rejected
512404,118994,04/02/2024,Home,1631.34,Pending
504319,117065,12/18/2019,Auto,4959.92,Approved
502965,111322,2021-08-11,Life,18742.06,Approved
503969,113789,2024-08-11,Home,1265.41,Under Review
513401,114109,21/04/2025,Travel,236.61,Approved
511457,119544,30-06-2022,Auto,517.62,Rejected
512872,117740,09/05/2024,Travel,201.14,Approved
507478,112308,29-01-2019,Auto,2130.08,Approved
506308,112731,10/05/2025,Life,9492.78,Approved
504159,119589,31-08-2023,Health,483.43,Rejected
503092,111203,2021-04-24,Health,463.78,Approved
511675,103164,15-04-2023,Auto,697.19,Approved
507954,116751,2019-11-20,Health,1631.34,Approved
505555,104801,12/01/2019,Health,1312.43,Approved
503982,101418,08/19/2021,Health,4537.86,Rejected
509902,103367,22/11/2025,Health,808.24,Approved
506940,119511,20/04/2020,Health,1491.34,Rejected
501404,100346,13-08-2023,Auto,878.88,Rejected
503195,115345,06-08-2019,Health,948.12,Approved
509422,109945,26-08-2025,Home,1419.5,Approved
510237,112501,2024-04-01,Auto,1214.46,Approved
509720,100324,18-02-2024,Auto,1057.15,Approved
500969,101504,06-12-2020,Health,3340.99,Approved
512126,115240,2021-06-23,Health,1644.38,Approved
506543,105040,29/05/2020,Auto,2727.49,Approved
509117,104326,14-06-2023,Auto,,Approved
502843,118789,27-03-2020,Travel,232.43,Pending
502851,116946,10/07/2022,Health,561.27,Approved
512310,118383,18/06/2022,Auto,2340.37,Rejected
512727,114482,25-11-2023,Health,493.55,Rejected
505956,110098,24-10-2022,Home,1759.78,Rejected
510580,113607,12-10-2021,Auto,1755.58,Approved
511924,105509,22-01-2025,Health,1288.26,Pending
504471,104081,14-03-2023,Auto,1116.48,Rejected
509737,100118,02/02/2022,Home,1612.97,Approved
511999,114995,01/08/2022,Health,702.55,Approved
501789,107026,07-07-2022,Auto,1577.08,Approved
512368,119737,2019-01-11,Auto,1350.13,Under Review
502059,106271,2023-08-21,Auto,648.88,Approved
507143,116875,25-02-2024,Health,1180.18,Pending
509338,118040,06/02/2020,Auto,1517.38,Approved
501902,104847,23/10/2025,Home,1446.73,Approved
504686,111517,13-11-2019,Home,3236.41,Approved
510115,103326,2023-03-30,Home,4197.7,Approved
508090,108847,12/25/2022,Health,2822.27,Approved
504922,107628,09-05-2020,Life,6027.93,Under Review
506785,120217,24/07/2024,Auto,1623.8,Approved
513303,114308,08/01/2019,Health,673.96,Approved
500075,112440,2019-06-19,Home,1144.5,Approved
502345,106003,03/03/2021,Life,7697.54,Approved
506447,114322,08/31/2021,Health,654.66,Under Review
508430,110629,09/14/2025,Health,1002.34,Under Review
508622,110218,2023-03-21,Auto,1420.8,Approved
504586,107307,21/10/2023,Home,4125.35,Rejected
514397,104964,2026-04-21,Home,2309.6,Rejected
509630,109285,2019-01-20,Auto,3467.02,Approved
509318,109307,09/06/2025,Home,1199.03,Approved
513156,116230,02/28/2021,Auto,1666.39,Approved
501553,104629,2020-11-27,Health,331.05,Approved
505874,109502,19-12-2019,Auto,3417.78,Approved
508432,118819,2024-05-16,Life,14748.2,Approved
508975,119670,05/18/2021,Travel,301.28,Approved
512434,104776,09-01-2022,Home,754.27,Approved
514590,114434,07/06/2024,Home,2781.3,Under Review
509169,104228,05-04-2021,Auto,1325.72,Approved
514795,102433,08/29/2026,Health,599.78,Approved
505695,108710,16/01/2026,Travel,313.43,Pending
502941,111406,25-10-2021,Auto,1378.85,Approved
509948,110390,17-03-2025,Auto,984.5,Approved
509983,103815,2022-01-30,Auto,1221.64,Approved
507381,113576,15/01/2022,Health,2560.24,Rejected
512044,115715,01/15/2023,Auto,1367.28,Rejected
501620,113015,01/05/2022,Health,504.68,Approved
500099,120363,2021-11-27,Health,805.86,Approved
507905,117750,03/01/2024,Auto,1730.68,Rejected
513421,119472,11/21/2019,Auto,3077.69,Rejected
512118,101892,08-06-2019,Home,705.05,Approved
506782,109066,05/10/2025,Home,3833.19,Approved
512213,118872,31-12-2021,Health,278.61,Approved
513131,113975,03/01/2022,Auto,1129.95,Approved
513252,106303,07-11-2021,Auto,2527.89,Under Review
501609,119966,2021-09-01,Life,4085.6,Approved
503096,108507,12-03-2026,Home,1830.11,Approved
502415,114406,2026-04-26,Auto,473.63,Approved
510475,103140,2025-07-20,Auto,847.64,Approved
502017,102495,08/10/2024,Life,6769.88,Rejected
502971,112414,02/05/2026,Health,1292.48,Approved
514659,117043,2021-04-01,Auto,1073.81,Under Review
503246,118473,2022-07-18,Health,443.33,Approved
500124,101097,2026-07-29,Auto,2130.09,Approved
501106,108279,2021-09-24,Travel,422.07,Under Review
501814,114812,21/11/2025,Travel,446.3,Approved
511656,114448,2020-08-29,Home,3969.35,Approved
513701,119744,21/10/2021,Home,10053.57,Rejected
508790,101658,05-09-2021,Auto,1892.45,Approved
502123,102252,07-11-2024,Home,2011.07,Rejected
514045,106645,09/02/2022,Health,267.38,Rejected
513533,117087,16/05/2020,Health,1202.01,Approved
510686,102939,01/07/2026,Auto,,Pending
508970,117691,09/12/2021,Home,2040.94,Approved
514457,101062,09/14/2025,Health,1792.65,Approved
502197,109295,06-07-2025,Life,15557.18,Pending
504051,114833,2025-02-17,Auto,1914.98,Approved
501216,118332,09/03/2024,Travel,200.29,Rejected
507701,101025,29/12/2024,Auto,672.42,Approved
500725,110224,11-04-2025,Home,1238.27,Pending
509170,104710,07/30/2024,Home,3280.02,Under Review
500808,114598,2025-06-15,Auto,1306.87,Approved
511194,108572,2026-01-05,Travel,353.21,Approved
510945,114745,25/12/2020,Home,6434.42,Approved
504906,110999,09/05/2019,Auto,2491.07,Approved
510425,103237,22-03-2026,Health,492.42,Approved
513516,112592,02/22/2021,Home,987.6,Under Review
503962,100366,18-10-2022,Home,2687.83,Pending
513232,110736,09/19/2021,Travel,240.41,Approved
502671,104738,2025-12-26,Auto,2314.34,Pending
509505,104597,2021-02-28,Auto,2224.27,Approved
501764,107324,25-10-2019,Home,1893.21,Approved
513380,100148,14/02/2019,Auto,1952.77,Approved
500607,108590,05/04/2020,Life,3539.43,Approved
509414,109318,01/20/2026,Auto,2726.25,Approved
509683,102486,05/15/2026,Travel,-371.95,Approved
503217,115473,28-02-2021,Life,6483.53,Pending
505737,104424,12/09/2023,Health,165.92,Rejected
508479,102979,06/26/2025,Travel,827.67,Rejected
502053,116276,04/11/2021,Health,725.6,Approved
503164,109647,12/22/2021,Travel,1150.0,Rejected
510480,115244,10/26/2023,Home,5017.29,Approved
513266,108964,15/07/2021,Health,852.19,Rejected
513301,108656,19/05/2024,Health,993.26,Approved
501657,106275,2019-05-19,Auto,1044.34,Under Review
508069,117161,12/02/2024,Health,1574.51,Rejected
508644,113514,08/09/2019,Auto,1694.9,Rejected
502710,105933,07/23/2024,Home,3991.95,Pending
513706,100526,09/07/2021,Health,104.19,Approved
507549,119838,2024-01-12,Travel,622.73,Approved
504266,107277,2020-05-12,Auto,3683.77,Pending
506715,105134,22-01-2020,Health,910.68,Approved
500422,100744,07/01/2024,Health,435.48,Approved
505316,104176,2022-07-25,Auto,708.57,Approved
508849,114630,2019-06-22,Home,2007.94,Under Review
502845,101303,2021-08-26,Health,689.27,Approved
504066,108813,2022-03-14,Auto,6078.14,Approved
513171,120241,2019-11-29,Auto,478.13,Approved
505244,111248,24-10-2021,Travel,214.78,Approved
501001,107417,03/31/2019,Health,1113.19,Under Review
504198,118179,11/12/2021,Travel,148.89,Under Review
502418,101071,15-11-2020,Travel,481.49,Approved
511676,101657,01/28/2025,Travel,576.15,Pending
503575,116972,03/10/2026,Auto,1954.23,Under Review
506726,120039,04/23/2020,Life,7725.82,Approved
503847,118834,09/08/2019,Health,296.76,Approved
500961,118851,2024-03-09,Home,4141.05,Rejected
509595,110367,12-11-2024,Home,3076.2,Rejected
510411,107127,23/02/2022,Health,1344.06,Pending
502157,103246,06/02/2025,Home,-1913.46,Approved
500757,115817,30/07/2023,Auto,1275.93,Approved
505313,106829,2023-12-23,Home,1072.43,Rejected
502284,117382,30/05/2025,Travel,202.29,Rejected
509364,116686,05/06/2025,Travel,795.29,Rejected
504827,106423,2023-02-07,Home,1259.15,Approved
513241,119199,17-07-2024,Auto,1014.92,Approved
500807,117521,08/22/2026,Auto,3388.33,Approved
503907,113130,07-10-2020,Auto,1870.11,Rejected
507023,106890,05-09-2023,Life,10497.85,Approved
501956,102635,13/03/2021,Auto,4083.57,Rejected
513683,116019,09-01-2022,Home,11683.47,Approved
512184,108328,2019-09-12,Travel,287.54,Approved
502402,103168,24-03-2020,Health,445.65,Pending
510743,115330,2021-02-01,Life,7193.53,Approved
501073,106399,2025-06-27,Travel,134.29,Rejected
506524,102552,08/11/2023,Home,2779.18,Under Review
512719,112413,04/23/2019,Life,8792.88,Under Review
509156,108524,24-01-2024,Home,2534.69,Under Review
508095,110391,18/02/2025,Home,2835.99,Approved
511134,105037,12-10-2021,Travel,513.49,Pending
512539,107659,13-11-2024,Health,454.13,Approved
511172,100272,22-11-2020,Health,1048.62,Approved
511934,119344,01/26/2026,Auto,2326.6,Rejected
501003,114311,11-03-2025,Auto,4266.62,Pending
507658,110496,11-07-2024,Travel,152.43,Approved
513612,114296,11/04/2021,Health,961.51,Rejected
507566,120292,08-07-2024,Auto,979.97,Rejected
514702,116312,11/20/2024,Home,717.22,Approved
505368,112280,08/03/2025,Auto,850.97,Approved
512069,116103,06/13/2026,Life,16477.31,Approved
506289,100704,23/03/2020,Home,4268.61,Rejected
509943,117887,2026-03-02,Auto,3023.76,Approved
513806,115585,25-03-2026,Home,1067.91,Rejected
509522,104453,2023-07-04,Auto,1102.27,Approved
500985,109128,31/01/2024,Home,1199.11,Approved
512361,110758,2023-01-20,Travel,414.06,Approved
506169,108561,2023-10-09,Home,-3949.09,Approved
511438,115029,2022-12-17,Auto,2229.18,Rejected
507384,116164,2026-08-18,Home,3625.2,Rejected
510405,102883,03/08/2019,Home,1647.05,Under Review
513661,113629,2026-04-28,Auto,1364.19,Under Review
512058,114908,08/27/2022,Auto,2270.13,Approved
514010,102198,07/22/2023,Health,286.34,Pending
502462,116930,03/03/2021,Home,2242.45,Approved
500268,101911,24/05/2026,Home,5541.48,Approved
507962,101344,31/03/2022,Auto,1481.68,Approved
503580,103288,06/05/2022,Home,1013.33,Approved
500071,107361,2022-12-11,Auto,2801.73,Under Review
512141,102581,2020-02-09,Auto,1717.77,Rejected
511509,111228,2023-05-19,Travel,190.45,Rejected
502821,113566,27-02-2025,Auto,1591.83,Rejected
513419,117091,2020-07-09,Auto,368.57,Pending
500589,102485,2026-05-06,Travel,129.16,Rejected
510439,119506,13-02-2024,Home,3161.36,Approved
509845,116709,2023-02-05,Health,767.34,Under Review
511025,105452,20-07-2023,Health,473.29,Approved
511605,120435,2019-02-17,Life,6408.73,Rejected
510790,100798,09/19/2025,Auto,2760.61,Approved
503758,103607,24/06/2019,Auto,2317.55,Approved
506845,100107,24-10-2021,Auto,704.48,Under Review
502028,106328,09/02/2025,Auto,899.26,Approved
508869,112822,10/22/2020,Health,451.34,Pending
510266,109602,23/02/2021,Health,2235.59,Approved
505454,110194,30-01-2019,Health,415.11,Under Review
511612,105874,2026-07-31,Auto,3155.11,Pending
511638,106782,24/02/2020,Auto,722.3,Approved
509804,102772,09/21/2020,Health,943.3,Approved
511466,102654,11-04-2024,Home,8275.35,Approved
502432,107408,2020-02-20,Travel,115.96,Approved
504647,109393,01/12/2023,Auto,1520.96,Pending
508469,101699,06/10/2020,Auto,1218.48,Under Review
509639,106065,2021-08-01,Health,3854.79,Rejected
500896,106909,05/18/2025,Auto,1478.46,Pending
512300,117200,15/06/2020,Home,4699.3,Pending
501587,102767,09/14/2021,Auto,462.26,Under Review
506686,118083,24/04/2024,Life,11289.18,Approved
501719,105112,2023-05-07,Home,1592.04,Approved
506100,110034,13-05-2019,Home,1772.98,Approved
503806,101967,09/17/2019,Health,572.89,Under Review
508806,100209,12-01-2024,Life,8758.78,Approved
513936,114536,2024-10-06,Health,511.74,Pending
503961,102991,02-07-2026,Auto,969.6,Approved
511287,110297,20-08-2026,Life,12972.1,Approved
507036,103963,27/09/2019,Life,10745.98,Rejected
512653,118366,08/30/2019,Health,2154.24,Pending
500890,105857,18/01/2024,Home,,Approved
513477,101798,25-03-2024,Life,9122.64,Approved
504006,103550,12/03/2024,Life,18249.35,Rejected
504939,104454,25/02/2020,Auto,534.03,Under Review
511838,105831,02/29/2024,Auto,2791.58,Pending
504003,104105,2025-10-19,Health,1966.67,Approved
505898,115943,2021-06-27,Health,-452.35,Approved
511241,119572,12/12/2019,Auto,2052.21,Under Review
511930,114680,26-12-2021,Auto,973.59,Approved
511274,117303,26/04/2023,Home,1029.77,Under Review
500584,104966,2024-12-18,Life,13124.83,Approved
503932,105297,07/28/2022,Home,1393.76,Pending
501260,103000,18/07/2020,Travel,204.45,Approved
510428,104522,2024-04-19,Auto,1374.73,Approved
500310,103310,11-02-2019,Home,4790.15,Approved
501716,115446,29/08/2021,Travel,336.29,Pending
506009,106324,2019-11-26,Life,13569.55,Rejected
502052,116276,08/10/2023,Travel,148.7,Approved
512785,114138,12/26/2024,Travel,165.61,Rejected
504668,105267,2020-05-17,Health,736.91,Rejected
504298,107542,06/20/2019,Health,301.79,Approved
506646,103464,02-06-2025,Health,1478.02,Rejected
503783,113904,24/09/2024,Travel,328.74,Approved
501008,101712,2023-07-31,Health,390.08,Pending
507347,104635,07/01/2019,Auto,471.71,Approved
513360,108264,16/10/2023,Health,432.09,Approved
514014,106150,10/14/2025,Auto,1523.72,Approved
508383,118183,21/02/2026,Auto,888.42,Under Review
511306,108832,19-12-2023,Health,743.3,Rejected
504059,106613,11/04/2020,Home,2559.28,Under Review
508721,119371,23-04-2026,Home,7362.35,Pending
500090,111881,12-07-2020,Home,2273.01,Under Review
501987,110628,2021-12-05,Auto,2721.3,Pending
510802,103339,19/02/2021,Auto,2052.92,Approved
511683,119586,23-11-2023,Auto,2357.5,Approved
507279,117034,2022-02-28,Auto,396.33,Pending
512001,104108,20/03/2024,Auto,2063.2,Approved
510821,106008,2024-11-22,Home,1210.32,Approved
512980,117332,03-04-2025,Travel,182.85,Approved
514196,109765,2022-01-13,Home,1453.17,Approved
512978,108179,01/09/2026,Travel,337.71,Approved
512867,103311,25-04-2026,Travel,615.31,Approved
502925,101983,2023-12-01,Health,1227.41,Under Review
509954,112126,12/22/2024,Health,793.91,Under Review
508185,109804,01/09/2022,Auto,1253.59,Approved
505884,113628,09/10/2023,Auto,2370.71,Pending
502341,113082,2025-02-19,Health,637.65,Approved
511321,110530,07/26/2021,Health,919.32,Approved
510620,110490,2025-07-10,Auto,2917.49,Approved
500627,113736,10-02-2026,Auto,1530.8,Under Review
512239,101637,11/24/2020,Auto,2251.99,Approved
507545,109433,14/03/2020,Health,713.95,Approved
509712,117492,30/10/2021,Travel,244.2,Pending
504765,102834,2019-03-29,Travel,468.14,Approved
514365,115444,22-08-2024,Travel,175.62,Approved
500128,113700,29-06-2025,Health,617.97,Approved
511936,102440,10/28/2025,Health,547.16,Approved
510383,100156,2021-03-10,Auto,1626.14,Under Review
504182,106969,2022-07-02,Home,2508.17,Rejected
507299,101234,2024-10-26,Health,516.89,Approved
506995,113551,15/01/2023,Home,1456.18,Rejected
502398,114258,15-10-2019,Travel,653.42,Approved
513392,102665,16/06/2026,Auto,1070.9,Rejected
501186,100499,04-08-2021,Travel,147.1,Approved
510484,106604,02/22/2023,Home,1848.15,Rejected
514532,115202,2020-10-03,Auto,603.95,Approved
505314,114417,12-09-2020,Auto,1097.59,Approved
509220,103022,22/08/2026,Auto,1889.82,Approved
504247,110520,07/30/2019,Health,2166.42,Approved
514286,110453,2026-08-29,Life,7152.79,Approved
509107,110967,14-11-2023,Auto,923.92,Approved
501096,101522,02-05-2022,Travel,612.47,Approved
506653,120111,12-02-2021,Travel,186.78,Under Review
501273,108425,08/03/2020,Auto,1585.0,Approved
505698,103905,2025-11-23,Health,1215.34,Rejected
509565,118060,2021-09-14,Auto,1257.08,Under Review
508728,111785,2020-04-18,Home,4495.95,Under Review
506797,103628,2021-05-04,Auto,2361.28,Pending
506615,112216,2020-06-17,Auto,3698.19,Pending
503358,109325,2021-09-03,Auto,-779.27,Under Review
507755,101975,12/23/2019,Auto,435.09,Pending
500183,115079,03/28/2026,Health,216.4,Rejected
512618,112718,02-01-2019,Home,5684.28,Approved
511285,115470,01/19/2022,Home,1713.55,Approved
506513,109773,14/11/2019,Travel,701.93,Pending
504567,111784,25/05/2022,Home,8390.4,Rejected
506603,111364,23/04/2020,Auto,1772.06,Approved
512400,100166,29/11/2023,Home,5503.04,Approved
501961,113152,04/07/2024,Home,3203.53,Approved
504992,107889,2019-05-24,Auto,1441.72,Pending
504891,108743,11/01/2024,Home,6068.34,Approved
508039,113916,03/09/2023,Health,240.2,Approved
505869,117896,03/10/2024,Health,390.96,Approved
514184,108567,01/09/2019,Auto,3295.17,Approved
506226,106931,2023-09-27,Auto,529.0,Approved
511235,113862,2021-01-14,Home,1630.4,Approved
510581,113607,06/11/2019,Travel,393.41,Under Review
501251,115191,20/11/2022,Health,541.33,Approved
503176,100181,2025-09-06,Home,9507.31,Pending
503359,106863,2026-01-18,Health,676.41,Approved
511776,117751,07/23/2022,Auto,418.94,Approved
509598,103933,2024-09-07,Auto,1837.28,Rejected
511569,104290,04/15/2026,Home,4851.59,Approved
514073,113224,28-09-2023,Health,751.48,Rejected
507411,116615,02/27/2025,Auto,397.98,Approved
507538,115878,04/22/2023,Auto,697.43,Pending
501051,112654,10/06/2025,Travel,224.41,Approved
509221,103022,30-01-2019,Home,2036.17,Approved
508464,100665,01/23/2024,Health,248.76,Under Review
504763,104856,2021-06-29,Auto,2075.62,Approved
514781,103890,17/03/2026,Auto,659.93,Under Review
501874,116803,15/12/2020,Home,7223.45,Approved
509278,119806,31/05/2024,Life,6081.9,Under Review
507282,108011,06/29/2021,Health,446.81,Approved
509008,100858,21/01/2024,Auto,3404.01,Approved
511381,116727,14-05-2024,Home,9920.24,Approved
504322,119509,04/11/2025,Health,332.03,Approved
509448,113724,15-04-2020,Auto,753.17,Approved
505831,109792,26-07-2022,Life,5182.27,Approved
512124,115240,18-05-2025,Life,17077.31,Approved
514508,113284,29-10-2024,Health,199.14,Approved
509704,103127,2025-02-21,Life,4218.78,Approved
513107,101171,2025-10-30,Health,3114.18,Under Review
511628,105695,2019-12-29,Home,,Approved
504485,101327,14-10-2022,Home,1659.49,Approved
508615,102835,01/04/2024,Home,1710.98,Approved
503924,104807,2026-06-27,Health,448.5,Approved
514176,111157,10-01-2019,Home,2700.35,Approved
509537,115792,13-02-2025,Health,822.19,Rejected
512532,115384,06/03/2025,Auto,1200.01,Approved
507850,114002,11/07/2023,Home,1992.7,Pending
510375,120197,2021-01-21,Life,4836.48,Pending
503113,115621,2023-03-04,Life,5242.58,Approved
503303,112539,29/03/2021,Travel,381.38,Pending
501690,107949,07/22/2024,Health,1291.64,Approved
509608,107525,2026-06-16,Travel,464.98,Approved
505048,103333,2024-10-10,Home,1767.78,Rejected
510069,103734,08/12/2025,Auto,2124.63,Approved
503308,107839,2026-08-08,Home,-408.06,Approved
501504,113302,28/08/2026,Health,455.31,Pending
501806,105512,24-09-2019,Home,844.12,Approved
503871,109922,2023-12-23,Travel,307.83,Approved
509940,106571,13-09-2019,Health,919.89,Approved
503791,120052,02-05-2023,Travel,183.96,Approved
514242,102472,16-09-2021,Travel,223.43,Rejected
512611,107122,08/06/2026,Auto,760.41,Approved
510407,103720,27-06-2019,Auto,474.93,Rejected
501717,115446,2024-05-07,Health,2047.91,Approved
502696,119306,24/08/2024,Auto,3026.8,Rejected
501848,114371,30/06/2020,Health,225.91,Approved
504512,109929,20/12/2021,Travel,368.67,Pending
513569,106638,01/06/2025,Home,1932.12,Approved
506622,110371,2022-09-16,Auto,1493.66,Approved
503435,111775,14/01/2020,Auto,2306.28,Approved
511623,115179,10/31/2019,Auto,1654.68,Rejected
500142,114914,2021-01-28,Auto,1205.6,Approved
510474,101590,19/10/2024,Life,13062.05,Pending
506992,118709,12/30/2019,Travel,343.38,Approved
510084,105288,16-12-2020,Auto,1102.79,Approved
512313,109280,13/01/2022,Health,278.62,Rejected
501117,104618,08/28/2020,Travel,442.23,Under Review
501756,100647,04/07/2023,Auto,511.59,Approved
500497,111417,14/10/2025,Health,559.78,Under Review
506751,103680,06-08-2024,Home,1444.38,Rejected
500870,104445,2020-07-22,Auto,1392.49,Approved
503357,105642,2020-12-22,Home,1849.57,Approved
509104,110967,29-08-2025,Home,1689.1,Under Review
507678,100565,2023-02-06,Health,992.97,Pending
500721,109801,2020-11-10,Life,5288.14,Approved
500886,120062,30/11/2025,Auto,921.53,Under Review
514361,117100,12/24/2020,Health,305.78,Approved
510959,106869,06/23/2026,Auto,1227.75,Approved
512417,118934,2020-09-10,Health,619.14,Under Review
508347,108934,28-08-2022,Auto,811.06,Approved
508102,102399,2026-05-24,Home,1083.6,Approved
513005,120168,05-07-2021,Health,1122.06,Approved
512031,119386,2023-02-13,Health,843.91,Pending
500314,111727,05/16/2023,Auto,1609.36,Approved
513379,100148,07/21/2023,Auto,1128.77,Approved
511161,116794,2022-10-12,Auto,564.12,Under Review
504204,105343,2024-04-28,Health,1678.13,Under Review
505850,106260,12/10/2021,Auto,2990.01,Under Review
506129,118453,2023-07-24,Auto,5253.74,Rejected
505447,116707,04/14/2022,Home,2982.9,Pending
503129,104688,2020-05-16,Auto,1567.55,Rejected
501996,116429,04-04-2025,Auto,1520.13,Approved
514270,113623,17-06-2019,Auto,1359.42,Approved
503968,113789,02/06/2026,Health,335.4,Under Review
511810,114330,2022-08-28,Auto,709.32,Approved
500336,116384,13/04/2022,Health,465.86,Pending
512217,115721,30-12-2025,Auto,2933.84,Under Review
512520,111033,11/02/2025,Health,776.87,Rejected
510356,102349,2020-04-10,Life,11209.45,Approved
502985,108369,20/02/2021,Health,2121.7,Rejected
504620,118156,2020-02-16,Home,1429.44,Rejected
506531,118590,09/07/2019,Home,2325.01,Approved
509124,118592,18-08-2024,Auto,,Approved
503558,118749,2021-02-27,Auto,519.88,Rejected
513634,106675,07/23/2025,Home,9867.26,Under Review
503416,100933,29-10-2021,Health,247.76,Approved
500307,109050,2024-06-28,Home,5436.81,Under Review
500476,103376,06/19/2019,Home,3770.89,Approved
512424,103450,16/03/2022,Home,4170.94,Approved
500348,118486,12/18/2024,Life,10234.41,Approved
505918,112203,27-08-2020,Travel,312.65,Approved
513142,115433,2024-02-08,Home,568.1,Approved
507243,116150,12-10-2024,Travel,413.29,Approved
514216,113703,05/11/2023,Health,623.43,Under Review
504482,107439,2022-11-19,Health,952.16,Approved
509421,109945,2023-04-03,Health,2325.6,Pending
508263,109998,2024-07-04,Auto,1021.11,Rejected
510063,102682,02/14/2023,Health,695.51,Under Review
506855,119867,02-01-2019,Auto,1762.65,Approved
512158,103893,19-01-2020,Home,3161.01,Under Review
510689,114096,25/05/2022,Health,762.03,Rejected
512419,119799,29-10-2024,Life,15781.43,Approved
510042,102637,2021-03-03,Home,4188.86,Rejected
501666,104980,2024-07-18,Travel,239.59,Rejected
507579,102750,28-06-2026,Home,-3660.99,Approved
505570,112923,04/07/2023,Auto,1603.05,Approved
500052,104110,12/28/2020,Travel,642.97,Rejected
509938,106571,2020-05-31,Home,,Rejected
506263,115227,12/01/2021,Home,4532.38,Approved
501445,110769,05/29/2021,Home,3152.47,Approved
513488,111371,16/01/2021,Life,14903.98,Approved
510156,110861,2024-04-08,Home,3237.32,Approved
501695,109444,12-08-2026,Life,7438.91,Approved
501574,112567,10/05/2024,Auto,2069.05,Under Review
511076,106103,04/14/2025,Travel,458.09,Approved
504405,103944,04-02-2024,Home,3072.12,Approved
501630,120434,07/17/2025,Auto,885.99,Approved
512573,111867,2026-06-21,Life,8078.28,Under Review
501881,115410,2026-07-27,Travel,311.63,Pending
505074,115702,2021-03-03,Home,4101.66,Rejected
505509,106813,09/12/2022,Health,210.05,Under Review
513202,101428,07-07-2019,Life,3792.09,Approved
510124,114132,12/04/2022,Travel,-367.91,Approved
509040,119311,01/23/2026,Home,1013.58,Rejected
513814,113239,08-11-2023,Travel,564.72,Approved
510368,114315,15/11/2024,Home,1974.43,Approved
500186,113271,2019-11-11,Auto,2061.99,Rejected
505558,107003,18-08-2025,Auto,1827.31,Under Review
507185,106144,23-01-2025,Life,8487.07,Rejected
513830,115876,07/31/2019,Travel,,Approved
511478,108532,17-02-2023,Auto,1611.78,Approved
506587,100321,2023-12-20,Life,13066.0,Approved
501234,103482,2026-05-16,Home,2355.19,Pending
510451,115965,16/03/2024,Auto,3430.47,Approved
503915,113670,04/30/2019,Travel,183.92,Approved
500446,112904,05/06/2026,Life,9664.74,Approved
500844,101554,14/07/2021,Health,117.97,Pending
505201,105349,16-02-2021,Auto,3212.65,Approved
513154,114472,28-05-2019,Auto,1664.8,Pending
511523,101873,01/10/2024,Travel,504.97,Approved
502440,109468,2019-01-06,Travel,375.28,Approved
503103,111399,2023-06-22,Home,4680.59,Approved
507692,117243,2024-08-13,Health,260.54,Under Review
504774,108352,06/05/2023,Home,3758.01,Approved
506974,118216,2021-01-05,Health,725.86,Rejected
506094,102631,2025-01-24,Auto,895.73,Approved
509486,101564,02-02-2019,Travel,282.38,Approved
502153,104160,27/09/2021,Auto,1432.7,Rejected
505518,117733,03-01-2023,Health,126.64,Under Review
511976,112851,2021-11-25,Home,-5584.8,Rejected
505067,118451,12-05-2022,Home,1244.85,Approved
512619,100234,31-12-2021,Health,377.81,Approved
511515,115946,07/11/2020,Home,6881.5,Approved
512452,111030,11/03/2022,Home,635.27,Approved
500776,100180,04/03/2019,Health,338.41,Approved
508417,117455,25-01-2024,Auto,2205.6,Approved
513901,104232,14-04-2026,Auto,402.58,Approved
506324,107273,07/16/2026,Home,3082.11,Rejected
504920,116017,01/25/2026,Home,3127.71,Rejected
513015,111739,08/11/2023,Home,7751.63,Approved
509182,114014,31/03/2024,Life,12544.68,Pending
514205,106283,2024-09-30,Life,10270.65,Approved
510542,102173,24/07/2024,Travel,309.14,Approved
503136,120118,30/09/2023,Home,1153.97,Pending
512592,110293,2022-12-01,Home,1778.36,Pending
505462,106700,2025-12-11,Home,2064.12,Approved
503183,101458,07/09/2024,Health,1621.65,Rejected
512413,103551,10/30/2023,Auto,1030.03,Approved
507522,102576,14-06-2025,Health,462.55,Under Review
511868,109259,02/14/2022,Auto,2676.25,Rejected
503199,105081,29-11-2024,Travel,262.09,Approved
511311,104603,04/02/2020,Home,2195.03,Approved
501289,106279,18-05-2020,Auto,1161.97,Approved
514233,119901,2020-02-13,Travel,250.59,Approved
514276,108717,03-04-2023,Life,8043.42,Pending
511118,100692,2021-12-05,Health,696.05,Approved
507542,109433,15/09/2022,Home,2888.65,Approved
501879,113012,07/12/2026,Home,5478.79,Rejected
512699,111528,15-02-2021,Life,6657.87,Approved
509976,115732,28-06-2023,Auto,1638.76,Approved
505457,116520,2020-12-23,Auto,659.98,Rejected
502148,100361,16/03/2024,Health,528.28,Rejected
504131,112845,16/03/2022,Health,749.7,Approved
501036,106914,17-12-2019,Health,818.26,Rejected
508828,109957,2024-12-26,Auto,2439.43,Approved
514252,106229,27-03-2022,Auto,495.32,Rejected
504134,114328,07/05/2021,Health,938.99,Rejected
500649,118781,06-03-2026,Auto,1756.8,Rejected
509275,100885,04/12/2019,Home,1359.71,Under Review
506711,116345,12/09/2023,Auto,2455.38,Rejected
500861,103210,02-04-2025,Home,7111.37,Approved
509095,109604,10/04/2025,Life,3057.09,Rejected
500191,119661,01-10-2024,Health,1286.38,Under Review
508301,100832,2023-07-10,Auto,2399.66,Approved
506026,102517,2024-11-14,Auto,1772.31,Approved
501942,112014,2019-05-25,Health,-979.5,Pending
504331,112079,2025-03-16,Travel,434.26,Rejected
513246,116377,2019-05-31,Auto,-3106.68,Rejected
508775,103329,04-05-2024,Home,2454.28,Pending
507972,115561,25-11-2019,Auto,560.35,Approved
512390,101151,05/09/2021,Travel,1227.41,Approved
511181,103569,08/14/2020,Auto,1495.61,Approved
511085,103956,2020-08-05,Auto,884.0,Rejected
502775,106231,08/17/2021,Auto,1351.64,Rejected
504145,112888,2026-06-27,Auto,964.14,Approved
512869,111595,2024-06-10,Health,621.04,Rejected
502617,105500,2026-08-17,Home,3000.6,Rejected
502411,114741,26-03-2024,Life,4647.97,Pending
501094,119628,2026-07-26,Auto,1853.49,Approved
506065,104313,04-05-2026,Auto,2342.0,Approved
501546,101822,17/04/2022,Life,6814.37,Approved
504589,109827,18-10-2023,Health,274.24,Approved
506034,100637,2022-08-09,Travel,983.05,Pending
510126,120104,01/27/2022,Auto,1672.52,Approved
506953,101291,05/11/2026,Travel,458.46,Approved
503135,111726,20/11/2025,Life,9491.6,Approved
503856,101584,2020-06-26,Auto,909.78,Rejected
513788,106183,2023-05-07,Home,1620.41,Rejected
506419,106156,15-05-2021,Auto,5527.28,Approved
503805,117765,19/12/2023,Life,14625.14,Pending
513037,101898,2022-01-28,Travel,372.86,Approved
509892,104016,12-02-2021,Home,2096.34,Pending
507431,103094,02/26/2023,Travel,102.86,Under Review
506774,100607,2020-09-10,Health,1375.99,Pending
513138,115078,26/05/2025,Health,815.23,Approved
500464,117933,2023-02-01,Auto,718.2,Approved
501257,105678,21/08/2026,Life,11456.08,Rejected
502259,110212,11/18/2022,Auto,1996.24,Rejected
505630,109102,23/01/2021,Auto,2264.55,Approved
514489,108002,10/05/2020,Life,10989.45,Approved
506231,107142,05/08/2025,Health,-1948.91,Pending
507382,115458,17-05-2022,Home,2426.28,Approved
510553,104631,01/05/2024,Home,-1179.39,Approved
512336,103765,08-01-2019,Auto,894.76,Under Review
501262,108345,05/27/2024,Auto,806.84,Approved
513465,103225,12-07-2022,Travel,585.39,Approved
507212,116130,24-12-2023,Health,1678.83,Approved
500975,110329,20-10-2023,Home,1854.08,Rejected
511180,108504,2020-01-24,Health,188.01,Approved
505866,106827,2023-08-31,Auto,899.25,Approved
509133,116951,03/12/2024,Home,6633.91,Rejected
506582,105604,12-06-2021,Home,3543.01,Approved
502387,110621,08/26/2026,Home,11090.25,Approved
514548,104495,2019-12-10,Auto,3731.15,Rejected
505021,103307,27/04/2019,Home,932.76,Rejected
507129,113124,20/06/2020,Home,2690.44,Rejected
512494,105451,27/04/2021,Auto,3649.59,Approved
503882,110250,01/04/2022,Auto,924.91,Approved
506055,111863,26/11/2024,Health,1060.1,Rejected
513592,101742,2019-01-11,Auto,1410.0,Rejected
513624,115596,03/20/2021,Auto,1089.95,Rejected
503875,104342,05-02-2019,Auto,2050.39,Approved
502789,111551,2022-05-25,Life,6156.0,Approved
509136,107961,29/07/2024,Auto,1860.43,Approved
513293,119266,15-10-2025,Auto,1305.35,Approved
501857,116158,03/19/2022,Health,147.1,Approved
512968,117761,2023-05-04,Health,168.19,Approved
504108,116235,2020-05-16,Auto,1085.85,Approved
505213,112643,2021-10-15,Auto,893.8,Approved
508281,112978,2026-07-15,Home,3302.13,Approved
503255,109231,12/18/2019,Health,335.45,Approved
507323,106973,2022-08-14,Auto,2238.89,Approved
502690,118824,06/07/2021,Life,8337.16,Pending
507389,103202,06/18/2023,Health,1742.78,Under Review
504627,120369,15/01/2019,Health,437.76,Under Review
511135,104399,2022-05-10,Home,2200.18,Approved
501319,102533,07/12/2025,Auto,-2123.59,Rejected
514307,111637,16/03/2020,Auto,2302.63,Rejected
514778,115787,08/19/2023,Auto,1088.59,Rejected
505162,120128,2025-07-09,Health,1386.58,Approved
510843,105753,04/24/2023,Travel,304.03,Approved
511273,117303,01/09/2021,Home,1466.5,Rejected
501135,110231,25-07-2025,Auto,786.11,Pending
504529,103097,06/21/2026,Auto,2009.18,Approved
503505,118959,22-08-2021,Travel,405.34,Approved
504749,103369,26/03/2026,Life,6402.53,Rejected
507086,111295,03-03-2020,Health,337.84,Approved
509920,112153,08/07/2025,Health,1122.18,Under Review
514760,106873,18-04-2020,Auto,633.57,Pending
506336,106194,11/30/2023,Home,1795.4,Approved
510910,101181,11/08/2024,Home,2466.03,Rejected
506982,107640,02/07/2024,Health,1095.52,Approved
512731,101863,2021-02-28,Health,953.19,Rejected
502505,104935,2024-09-30,Auto,2410.74,Approved
502904,116891,20-03-2025,Auto,800.63,Rejected
500570,115268,2023-05-14,Auto,503.12,Rejected
501448,110604,2019-02-15,Home,-6709.03,Pending
503414,116344,25/03/2022,Home,5953.91,Approved
512047,110701,18-02-2023,Travel,336.14,Approved
510747,109164,23/10/2020,Auto,1042.35,Approved
509290,116426,01/02/2023,Life,11705.83,Pending
511883,110997,26/08/2020,Travel,-126.1,Approved
506837,109982,05/07/2026,Home,1331.57,Approved
503226,101010,2024-01-21,Home,2107.54,Pending
514572,118070,25/04/2019,Life,5118.64,Approved
504383,108103,07-04-2022,Auto,705.15,Rejected
509229,115474,13/04/2022,Home,2080.36,Under Review
507845,111009,2023-08-22,Health,-575.88,Approved
503539,109517,10/05/2021,Home,2649.92,Approved
510557,120303,2026-02-24,Health,1067.49,Approved
513406,114484,19-09-2020,Home,1275.78,Approved
502827,113406,03/02/2025,Health,322.38,Approved
505780,102029,12/17/2023,Home,2189.14,Approved
504996,108614,29-09-2022,Auto,1479.49,Rejected
501338,118870,19/12/2021,Auto,884.71,Approved
503262,104707,16/09/2022,Health,298.35,Rejected
507876,105344,30-08-2021,Auto,2133.13,Approved
510780,119990,07-05-2023,Travel,405.93,Pending
506838,109982,19-01-2022,Home,2289.31,Approved
505741,109645,24-01-2023,Travel,263.82,Pending
500650,111443,08/29/2020,Health,180.78,Approved
506039,118881,09/20/2024,Auto,4212.76,Under Review
502258,110212,2025-05-22,Auto,3078.68,Approved
505395,118640,02/17/2024,Home,2431.58,Approved
513063,105055,13/09/2019,Travel,957.66,Pending
507082,106609,07-02-2023,Life,11273.28,Rejected
511611,101553,25/08/2019,Home,2521.86,Approved
503521,117402,2023-01-13,Home,6316.41,Approved
513944,101762,23-06-2022,Auto,1901.96,Approved
504478,114729,09-12-2022,Auto,6017.34,Approved
505660,119811,16/02/2019,Auto,782.3,Approved
513017,100226,08/24/2021,Life,15594.65,Approved
500067,108703,2020-07-21,Auto,3589.13,Under Review
514020,118922,04/07/2019,Home,2559.27,Approved
511845,118806,25/09/2022,Health,1444.38,Approved
507609,102837,2024-05-28,Health,1504.68,Rejected
501258,111006,29-01-2024,Travel,412.31,Rejected
511931,114680,2019-02-05,Health,1564.12,Rejected
514093,111641,13-11-2021,Travel,642.33,Under Review
500991,105050,13/01/2026,Auto,1221.61,Pending
503504,118959,2020-12-19,Auto,4523.71,Rejected
508305,107714,21-02-2022,Travel,442.59,Rejected
500919,104462,06/03/2026,Life,,Approved
500165,111449,04/05/2019,Auto,2137.27,Approved
509851,119880,13/07/2026,Home,2915.16,Approved
512777,108036,12/09/2021,Health,568.04,Under Review
509141,110894,28-10-2020,Health,548.16,Approved
504594,111912,12-09-2022,Auto,3074.25,Approved
512502,105637,2019-11-17,Auto,2219.94,Pending
502850,116946,17-12-2025,Life,11288.9,Rejected
510866,110941,03/12/2022,Auto,897.33,Approved
502943,111406,11/08/2025,Health,504.62,Approved
512137,104177,04/11/2020,Auto,1729.55,Rejected
504460,102615,21-04-2020,Auto,1729.15,Under Review
511144,116927,29/07/2026,Health,316.05,Rejected
506623,110371,03-03-2022,Life,7327.34,Approved
509306,102161,2025-04-13,Home,6017.25,Pending
512540,109744,18-02-2022,Home,2137.75,Approved
508490,108128,05-05-2026,Auto,1371.07,Under Review
502735,113033,14/04/2023,Health,-62.33,Approved
505669,119850,01-09-2025,Home,1537.68,Approved
504988,116634,04/22/2025,Auto,1575.89,Pending
513462,106807,09/10/2019,Auto,2362.6,Approved
502378,108786,2020-04-25,Auto,2381.35,Rejected
510374,119619,2023-01-23,Home,2323.43,Pending
504172,109664,18/03/2022,Home,3054.2,Approved
508092,118866,30-09-2021,Travel,367.51,Pending
511953,115830,2023-07-11,Auto,4182.61,Pending
502103,103912,07/03/2020,Home,4790.45,Rejected
503759,101320,14-09-2019,Health,351.12,Pending
511648,119056,06-12-2020,Auto,3021.81,Under Review
501837,105252,2024-10-15,Health,1383.02,Approved
511998,105021,11/17/2020,Travel,399.42,Approved
513204,102520,2024-08-14,Home,2915.47,Approved
512195,111803,29-08-2026,Life,6198.6,Approved
505710,109375,10-06-2020,Auto,780.24,Pending
508799,109551,04/08/2025,Home,6161.95,Approved
504500,100775,05/17/2020,Health,3146.7,Approved
501093,110206,03/12/2026,Auto,5707.16,Approved
509990,110438,23-03-2019,Health,387.32,Pending
506718,111379,29/04/2020,Travel,288.79,Rejected
510731,109399,21-10-2024,Auto,1151.78,Approved
508960,111300,2020-11-28,Health,309.17,Approved
500160,103286,11/11/2023,Auto,836.73,Approved
500203,118319,2020-01-21,Auto,3034.86,Approved
506483,109334,21-03-2025,Home,1173.41,Rejected
503940,109685,2023-11-17,Home,1420.52,Pending
514741,119483,06/21/2019,Health,342.61,Approved
504933,110022,01/07/2026,Life,6501.21,Approved
507647,112215,02/02/2025,Home,1818.86,Approved
501230,113444,11/04/2022,Health,312.62,Rejected
509166,100964,2026-04-27,Auto,1512.52,Approved
503046,108559,10/30/2022,Home,1353.82,Rejected
507957,110585,03/21/2025,Travel,193.85,Pending
502915,116498,19/01/2021,Auto,861.23,Pending
513583,105178,09/11/2025,Life,9479.46,Approved
504251,115175,14-08-2025,Health,711.59,Approved
506111,113348,27-08-2021,Health,485.14,Approved
506204,109303,17-12-2022,Home,6190.08,Approved
502725,116768,06-09-2022,Auto,1075.27,Approved
504290,110700,04/07/2025,Health,1228.98,Rejected
504334,120370,22/10/2025,Travel,678.77,Approved
500383,106381,12/03/2025,Home,2926.81,Under Review
507485,105397,21-06-2023,Health,430.39,Rejected
504886,107608,25-02-2021,Health,1370.85,Approved
500857,101530,13-07-2020,Home,1508.0,Approved
500370,107353,01/12/2022,Auto,1762.47,Approved
506539,104295,07/04/2024,Auto,1832.01,Approved
502561,106405,05/02/2024,Auto,2544.56,Approved
503801,104900,18/07/2023,Auto,780.77,Pending
505455,110194,2021-05-16,Home,11760.95,Pending
510134,113028,07/01/2019,Life,3394.95,Approved
514600,107996,12/10/2021,Travel,625.89,Under Review
506859,117937,04/19/2022,Travel,445.09,Approved
510184,117269,07-12-2020,Home,1176.3,Approved
512981,106370,2020-11-18,Travel,378.35,Approved
514363,102048,19-04-2023,Travel,560.33,Rejected
505944,103136,2022-03-22,Auto,2046.93,Approved
500615,103711,2024-05-19,Health,393.41,Under Review
502575,115539,02/28/2025,Travel,114.48,Approved
500053,104110,20/04/2025,Health,254.19,Approved
511674,106009,07/19/2023,Home,4759.92,Approved
503340,114323,28-01-2024,Auto,2872.99,Rejected
511319,115560,03/18/2020,Home,3811.21,Approved
509897,103555,06/25/2026,Auto,1239.49,Rejected
513556,107519,27/07/2023,Home,1450.64,Approved
510071,107787,21/02/2026,Auto,2586.67,Approved
510024,104277,2019-09-07,Auto,1046.41,Approved
513763,100571,25-01-2022,Home,2315.93,Approved
505876,105962,04/10/2019,Travel,316.5,Approved
510168,114298,09/06/2021,Auto,3827.65,Approved
508995,115847,09/04/2023,Auto,226.64,Approved
501812,104059,10/03/2020,Health,563.35,Pending
500990,113872,21-10-2019,Travel,268.73,Pending
512678,110350,04/09/2024,Life,11289.48,Approved
512543,119381,2026-04-19,Auto,1262.05,Rejected
508411,105406,10/04/2021,Home,1719.12,Under Review
502942,111406,09-04-2022,Auto,760.03,Approved
509480,114521,11/11/2025,Home,2641.64,Under Review
503163,103545,25-02-2020,Home,2459.01,Approved
504678,103290,20-09-2025,Health,1519.08,Approved
502618,101557,2019-08-27,Home,3505.23,Approved
503612,106428,27-11-2022,Life,8234.93,Under Review
508235,103531,08/10/2021,Home,1486.99,Under Review
507871,111665,31-07-2022,Life,6044.6,Approved
511950,111905,05/23/2023,Auto,4847.93,Rejected
503792,108306,26/12/2024,Health,834.75,Approved
509695,115394,23/03/2025,Auto,1808.64,Approved
511501,101170,02/06/2026,Auto,2797.07,Under Review
503439,109132,10/31/2021,Health,256.83,Approved
501892,106015,11-04-2019,Home,2768.28,Rejected
514420,110188,01/23/2025,Life,18344.08,Approved
513955,103629,10/10/2022,Health,290.68,Pending
505255,108028,12/20/2023,Health,649.8,Rejected
505167,102737,15/10/2020,Auto,881.08,Rejected
506460,109090,2020-03-14,Health,1001.44,Approved
501505,100042,06/06/2020,Auto,1164.21,Approved
510327,101537,19/11/2023,Health,506.84,Pending
500670,119917,04/05/2025,Home,4927.73,Rejected
509471,109909,08/27/2026,Auto,1201.09,Approved
511335,118780,20/02/2021,Auto,640.92,Rejected
500897,106909,10/03/2019,Life,4254.2,Approved
503306,113287,27/11/2023,Auto,1203.33,Approved
508026,115113,11/18/2023,Travel,819.53,Pending
506239,102921,2025-02-18,Travel,392.81,Approved
502890,111244,2021-04-08,Health,577.25,Pending
506003,116480,2023-05-09,Home,3666.36,Rejected
507739,119587,11-02-2022,Auto,1690.96,Approved
511386,116818,2025-05-03,Home,891.98,Approved
510820,114582,10/01/2020,Home,,Approved
508397,119476,08/05/2021,Auto,986.03,Approved
500002,118345,2024-03-27,Life,3538.8,Pending
509961,119599,05/20/2020,Home,3868.91,Under Review
512715,111944,06-01-2023,Auto,1388.02,Rejected
506079,106018,15/08/2024,Home,702.55,Pending
500531,105351,21/12/2022,Auto,3540.77,Rejected
512895,120228,11/10/2019,Health,1332.54,Approved
508181,102846,05/09/2024,Auto,883.04,Under Review
513694,100213,2025-05-22,Life,9798.24,Under Review
506476,118798,23/02/2023,Auto,1860.64,Rejected
513345,102964,2020-10-29,Health,558.02,Rejected
512674,104727,09/21/2021,Travel,545.07,Pending
508923,111723,05-07-2019,Home,1929.32,Pending
503406,111253,08/12/2024,Home,3866.04,Approved
505991,104473,09/09/2022,Auto,1089.6,Under Review
506328,100757,10/03/2023,Auto,967.82,Approved
510346,119839,2021-10-07,Auto,1002.95,Approved
502565,104279,27-09-2020,Health,-1439.79,Approved
502581,113338,2023-11-08,Home,9852.32,Under Review
512203,119885,2025-04-03,Auto,1140.45,Approved
508385,112618,2025-05-04,Home,2874.94,Approved
502607,103470,12/28/2019,Life,7239.33,Rejected
510456,118593,19-02-2021,Health,302.55,Rejected
514173,109064,2026-08-26,Life,10468.56,Approved
509447,118512,20/04/2021,Home,2366.12,Approved
502104,110660,2019-03-21,Life,3134.26,Approved
513910,112254,01/11/2022,Auto,1710.16,Approved
511201,117473,2024-01-25,Auto,2723.92,Approved
513689,110640,2025-03-16,Life,5817.23,Pending
504994,102821,30/07/2019,Health,303.2,Under Review
511173,118853,02-02-2022,Auto,738.99,Pending
505057,101274,02/23/2025,Auto,1116.23,Approved
500658,116960,11-11-2022,Home,12122.77,Rejected
504434,116238,11/21/2022,Home,761.72,Approved
514206,104208,22/04/2026,Auto,2752.81,Under Review
503816,110743,03-12-2020,Auto,1944.85,Approved
506773,113597,10-05-2023,Travel,105.63,Approved
512642,105590,16-10-2021,Auto,3081.91,Under Review
509813,116583,18-07-2024,Life,18021.54,Approved
514105,110380,2023-08-17,Health,2484.42,Rejected
507260,118253,19-02-2026,Auto,4182.93,Pending
503904,102807,11/18/2019,Auto,1732.82,Rejected
513320,103292,22-12-2019,Home,2006.04,Approved
509288,110591,10-01-2022,Auto,1041.75,Rejected
506811,101068,2020-05-21,Auto,2128.97,Rejected
510760,101515,2025-05-19,Home,3119.3,Rejected
509359,118912,05-03-2021,Travel,605.08,Approved
503700,118356,12/19/2023,Home,1250.87,Approved
513096,113183,09-03-2025,Travel,280.07,Approved
501788,118190,2025-01-05,Auto,2296.92,Approved
512700,111528,08/08/2020,Auto,2639.63,Approved
506314,111118,27-08-2020,Auto,985.92,Approved
503645,110885,11-04-2026,Home,2552.32,Pending
501776,115785,21/12/2020,Home,2675.15,Rejected
500192,119661,2021-04-25,Home,4595.49,Under Review
509012,100595,02/09/2023,Travel,392.71,Approved
511136,100507,23/10/2021,Health,388.67,Approved
512864,119496,07/16/2020,Home,688.2,Approved
514309,106090,2026-05-17,Life,7637.34,Rejected
505388,103438,06/30/2025,Health,2336.78,Approved
510279,107322,13-04-2023,Life,15894.38,Approved
504951,112042,09/12/2022,Home,1236.8,Rejected
502687,111766,2021-03-13,Home,2326.31,Approved
504390,119446,06/04/2022,Home,795.7,Approved
504927,119710,24/01/2025,Health,2021.22,Approved
505552,100214,2025-06-25,Auto,1228.7,Under Review
511659,107701,11-01-2023,Life,8728.83,Approved
500238,112630,30-03-2021,Home,2705.2,Rejected
513865,112984,12/12/2025,Auto,2413.29,Approved
511942,119471,2020-05-18,Auto,3088.62,Under Review
506901,113658,06/04/2021,Home,1243.85,Rejected
513524,101667,13/07/2022,Home,1701.05,Rejected
510317,108747,07/09/2019,Travel,111.62,Under Review
509137,110405,01-09-2021,Life,14918.18,Approved
511584,101827,15-02-2020,Auto,1455.17,Approved
508640,113478,2024-02-15,Home,6249.79,Rejected
505097,117743,03-08-2021,Home,1730.86,Approved
510797,109830,24-12-2025,Auto,359.94,Under Review
511143,102339,2025-01-07,Auto,1740.77,Approved
510307,103276,28/04/2024,Health,275.7,Under Review
503552,114213,10/03/2024,Travel,211.36,Approved
511532,115475,23-05-2019,Home,2016.64,Approved
503360,103223,03-09-2019,Health,,Approved
508328,114517,2021-02-16,Health,943.76,Approved
505628,118369,01-01-2022,Travel,556.51,Approved
507751,109776,06/11/2024,Life,6163.94,Approved
505783,102029,21-08-2025,Auto,2684.71,Approved
504507,108487,01-06-2025,Travel,-142.86,Approved
512641,105590,2024-07-03,Home,795.45,Approved
500146,119083,28-04-2019,Home,,Pending
511013,118671,2022-10-13,Home,414.08,Rejected
502294,119040,20-12-2019,Home,623.32,Approved
507178,109696,03/03/2024,Auto,837.14,Rejected
509928,104137,21/04/2025,Health,1322.46,Under Review
514263,101906,05/29/2024,Life,9487.46,Approved
510735,117777,06-06-2022,Health,406.81,Under Review
514180,118944,24/05/2019,Health,534.43,Approved
512409,118138,24/08/2021,Health,595.55,Approved
508690,103994,2024-03-08,Home,1552.55,Rejected
507081,100958,12-11-2022,Auto,1467.26,Approved
504733,106472,2020-10-21,Travel,554.6,Under Review
508912,107647,04-06-2022,Auto,1729.44,Approved
504384,108103,2019-12-23,Auto,601.76,Approved
510245,111998,08/08/2019,Travel,168.54,Approved
513851,100145,16-01-2026,Home,6416.8,Approved
511542,101909,12/25/2021,Auto,,Approved
504545,109178,2020-06-25,Auto,2802.9,Approved
500596,112157,23/07/2024,Home,4759.41,Approved
513601,105724,2025-07-02,Health,908.05,Under Review
510509,104011,24-10-2023,Auto,1207.45,Approved
505164,113976,2024-02-02,Auto,3681.8,Approved
513680,116385,2020-12-20,Health,374.52,Approved
501647,111075,03/03/2022,Health,227.97,Pending
506815,111913,22/09/2022,Life,6961.81,Approved
502700,115390,12-01-2024,Auto,6005.45,Approved
501700,118298,01/01/2021,Health,489.24,Approved
502773,105337,2020-02-20,Health,576.98,Under Review
506968,104377,18/05/2024,Home,4245.71,Approved
508143,120005,2022-07-06,Health,264.83,Approved
506219,100260,06/19/2022,Health,-2609.6,Approved
500086,119564,01/10/2026,Auto,1620.16,Approved
512250,117615,2021-10-01,Health,996.76,Approved
514050,109984,2020-05-02,Health,214.52,Approved
513094,105432,25-11-2024,Home,3041.73,Rejected
502594,118085,2020-12-11,Life,7135.05,Approved
501029,100695,04/25/2025,Auto,1631.91,Approved
500136,105071,28-08-2024,Life,18162.3,Approved
506972,110499,2025-09-01,Home,4015.28,Approved
511747,104006,06-12-2021,Travel,262.71,Approved
507024,108000,05/12/2024,Auto,1810.56,Rejected
502854,106541,11/20/2020,Health,1695.46,Rejected
501200,104156,08/20/2021,Auto,3845.24,Approved
506121,110990,2021-03-26,Home,1879.67,Approved
509763,113180,15-01-2024,Auto,3181.24,Under Review
508758,101777,11/04/2019,Travel,535.98,Pending
514753,112185,06/01/2024,Home,8603.31,Approved
506296,109459,2026-07-08,Auto,2992.78,Pending
503927,118126,2020-06-24,Auto,990.34,Under Review
510105,119565,12-06-2022,Life,-21738.11,Approved
513210,118852,01/05/2019,Health,982.74,Under Review
508468,116437,2022-07-29,Life,7430.53,Approved
503606,100373,03/06/2024,Auto,1007.8,Rejected
514744,105258,2025-01-13,Life,8317.55,Under Review
502330,102904,2019-04-02,Auto,901.94,Approved
502187,103704,15-09-2020,Home,1906.74,Pending
500195,115467,15/02/2023,Travel,607.92,Approved
505059,113112,2021-09-18,Health,390.58,Approved
500802,112952,15/06/2020,Auto,916.8,Approved
502668,104738,05-08-2023,Health,759.08,Approved
500241,101433,21-03-2022,Life,8534.19,Approved
502068,106068,2025-04-28,Home,3068.73,Rejected
510286,108167,30/01/2019,Auto,1855.15,Approved
513091,101753,25/02/2022,Health,834.09,Under Review
500644,120491,12/08/2022,Health,1285.51,Pending
509116,104326,2023-01-26,Travel,,Rejected
505103,114155,12/29/2019,Home,1866.72,Rejected
501637,101994,07/05/2022,Health,494.04,Approved
507552,115281,24/11/2019,Home,2957.38,Pending
508312,110441,2024-03-19,Health,3165.29,Rejected
503074,105472,09/04/2024,Auto,2581.88,Approved
509014,109186,17/08/2021,Auto,1687.6,Under Review
507296,111804,06-08-2019,Health,768.74,Approved
503278,108453,2025-02-10,Health,759.49,Rejected
508003,118936,16-10-2020,Health,1195.73,Rejected
504970,115225,28/11/2025,Auto,5251.98,Approved
510625,107893,12/31/2020,Health,359.68,Under Review
508326,114517,02-06-2026,Home,737.98,Approved
506915,114306,04/10/2020,Auto,889.73,Pending
510440,103565,2021-02-12,Health,190.27,Approved
507829,114206,02/11/2024,Auto,2171.88,Approved
500062,114585,15/12/2020,Home,-1992.17,Approved
511822,112580,02-04-2025,Life,6911.4,Under Review
511875,118142,05/22/2019,Health,1032.48,Approved
513912,112254,20-08-2024,Health,1424.49,Approved
510923,104180,22/02/2020,Health,595.8,Approved
510814,100066,09-06-2024,Health,430.66,Approved
500679,106076,15/04/2020,Auto,395.12,Approved
502041,107724,17/04/2025,Home,4089.42,Approved
508933,116407,14/03/2019,Health,122.54,Pending
505307,100554,01-12-2025,Auto,1858.69,Pending
511094,108938,2024-02-01,Life,6912.79,Rejected
503641,109584,03/12/2025,Auto,2403.38,Rejected
513968,116725,17-12-2020,Home,2071.22,Under Review
512169,115641,31-07-2020,Health,1166.68,Rejected
503258,108985,15/05/2025,Life,8692.93,Rejected
501873,105421,03/07/2022,Home,4061.45,Pending
504744,110387,19/01/2019,Health,903.92,Approved
509909,117196,2020-10-27,Health,2710.63,Pending
502912,102487,2020-04-05,Auto,5081.08,Approved
504027,118775,12/04/2019,Life,5726.09,Under Review
505488,102004,12/06/2022,Auto,2486.94,Pending
514586,112468,29/08/2020,Auto,1587.53,Rejected
508024,115487,05/09/2025,Travel,385.96,Rejected
507786,116883,2026-08-13,Life,14478.8,Approved
513841,104805,13/07/2020,Home,5050.81,Pending
506864,104570,05-04-2021,Home,4726.53,Rejected
500489,111315,2025-12-04,Home,2003.79,Under Review
508685,119688,15/09/2021,Health,1569.1,Approved
500690,102698,02/01/2019,Auto,2810.59,Approved
500602,105198,2021-07-31,Home,2606.96,Approved
510103,106022,12-12-2022,Home,-1170.74,Pending
501014,110259,2025-03-04,Auto,1375.52,Approved
500869,114867,2023-07-01,Life,5326.89,Under Review
501993,104028,2025-05-19,Life,7968.47,Approved
507610,106594,2021-12-05,Home,1187.56,Approved
505283,109085,2025-07-30,Health,-472.35,Approved
504370,104154,22/08/2026,Home,505.14,Approved
511301,117768,2021-11-18,Auto,1796.55,Approved
501361,117926,06/29/2024,Health,1838.09,Approved
513351,111138,06-02-2026,Life,5037.01,Approved
501526,108477,2024-11-10,Life,22055.32,Under Review
512465,101913,02/07/2021,Home,2135.6,Under Review
501629,107256,2021-08-12,Auto,4199.02,Approved
501551,102864,30-12-2023,Auto,1744.08,Rejected
510680,104657,03/11/2024,Travel,291.48,Approved
514490,108002,19/09/2019,Auto,2506.24,Under Review
501337,101258,08/09/2022,Home,3280.14,Approved
503901,107765,07-07-2023,Auto,1666.79,Approved
505041,100895,11/11/2019,Life,6422.59,Rejected
508252,108974,13-02-2019,Health,376.93,Approved
510912,115274,08/07/2022,Travel,1560.27,Approved
505039,108233,2024-08-24,Home,2008.17,Approved
502346,120167,08/01/2020,Life,6307.34,Approved
513894,109018,2023-04-17,Travel,392.54,Rejected
505485,115809,11/03/2024,Health,335.03,Approved
513270,109866,11/15/2024,Travel,127.55,Approved
505694,103591,01/22/2023,Auto,1570.01,Rejected
505119,115489,2025-12-30,Travel,491.71,Approved
505166,119668,12/12/2024,Travel,208.44,Approved
501134,103208,10-05-2024,Home,1737.17,Rejected
508342,111656,2024-07-10,Travel,223.53,Rejected
510373,119619,01-09-2019,Auto,2152.21,Approved
504017,116826,12/23/2020,Life,16191.54,Pending
510513,117190,28/01/2020,Life,3504.49,Approved
502424,105952,29/09/2024,Auto,2644.43,Pending
504138,111670,28-07-2025,Health,1397.81,Rejected
500859,115568,2020-07-10,Auto,1456.66,Approved
502962,117437,2023-06-24,Home,2073.29,Rejected
508089,108847,2020-06-04,Health,3188.85,Approved
512140,117383,23/06/2019,Home,1291.12,Rejected
511553,103939,03/08/2022,Health,-1509.88,Under Review
510951,117277,2021-09-11,Home,5451.41,Approved
514664,111774,10/08/2021,Travel,572.8,Approved
501364,114701,14/03/2021,Auto,2383.33,Approved
513222,119812,22/10/2020,Travel,166.27,Under Review
501779,109924,21/12/2020,Travel,371.95,Approved
510369,114315,04/18/2019,Home,2398.83,Approved
502101,103912,14-12-2020,Auto,882.73,Rejected
501818,107930,12/09/2025,Life,14343.36,Approved
500369,111724,22-01-2026,Auto,2365.82,Approved
504937,106489,2020-10-05,Travel,431.3,Rejected
505285,103042,28-06-2023,Auto,1023.12,Pending
508367,101834,2022-11-11,Health,952.61,Approved
512109,102972,24/01/2024,Home,2093.15,Under Review
507071,117490,04/09/2021,Auto,1521.69,Rejected
502093,104013,06/04/2026,Auto,678.74,Approved
507817,107939,02/26/2022,Travel,371.73,Approved
501920,110943,31/12/2023,Life,6481.7,Approved
500082,103015,14/04/2025,Home,793.55,Approved
507331,105137,09/01/2021,Home,4058.5,Rejected
507304,110533,12/07/2022,Auto,1769.75,Approved
500816,120293,03/12/2022,Home,-2060.84,Under Review
512970,118171,16/07/2020,Auto,961.52,Approved
504396,118231,17-02-2021,Travel,203.28,Rejected
508475,107320,13-06-2023,Home,2085.01,Pending
506124,117516,17-11-2022,Travel,-298.66,Approved
504120,107409,25-09-2025,Health,251.63,Rejected
511888,117336,2020-09-09,Travel,110.15,Rejected
513271,115587,2025-03-23,Life,6594.65,Approved
501813,111909,01/02/2021,Travel,205.81,Approved
501271,112378,20-04-2020,Health,928.1,Approved
508751,104859,05/06/2024,Health,606.32,Approved
502994,110244,2024-09-16,Health,,Rejected
511378,112435,2020-03-19,Home,2559.28,Rejected
506409,108176,10/07/2020,Auto,1173.37,Approved
511580,104815,24-06-2021,Auto,2891.57,Under Review
502642,107458,2019-08-19,Home,5592.42,Approved
509280,118748,2020-12-06,Auto,556.06,Pending
510375,120197,2021-01-21,Life,4836.48,Pending
502305,118001,2023-05-30,Health,-1256.34,Pending
510883,108488,2019-07-05,Health,549.5,Pending
512526,108682,12/27/2020,Auto,1094.08,Approved
504195,119988,21/02/2021,Auto,681.25,Rejected
512487,110410,13/04/2020,Health,597.34,Approved
503849,107048,21-12-2020,Auto,1930.81,Under Review
514729,108110,05/16/2019,Home,4125.5,Under Review
512544,119381,24/03/2026,Auto,839.87,Approved
514318,105569,05-03-2019,Home,1987.66,Approved
503554,112826,2021-07-27,Health,456.44,Approved
502195,110311,2020-04-22,Travel,386.76,Approved
502600,114862,30-01-2025,Home,13122.63,Approved
506163,110574,03/18/2019,Health,617.63,Approved
501518,118281,31/01/2020,Auto,1042.86,Rejected
511156,113029,07/29/2021,Auto,2184.69,Approved
513321,101382,15/12/2023,Travel,192.12,Approved
506309,101934,28-03-2023,Health,347.26,Approved
505755,103427,2022-11-15,Life,7428.33,Approved
505633,114942,31/12/2019,Home,5394.28,Approved
508399,105006,06/05/2025,Health,2467.33,Approved
513924,118706,16-06-2019,Health,1227.58,Approved
507162,108630,08/05/2026,Health,739.05,Rejected
511266,105594,11/06/2025,Home,4460.45,Pending
510982,107876,09/02/2021,Home,1444.52,Approved
501988,110584,2026-01-19,Life,7599.53,Rejected
509533,108450,03/08/2023,Auto,2662.62,Approved
507737,104183,17/06/2019,Auto,1580.54,Approved
500517,113922,26/05/2022,Auto,3158.0,Pending
506160,106994,02/26/2025,Life,8236.94,Approved
514692,103748,2023-12-15,Life,6530.87,Rejected
513588,116001,01/05/2023,Auto,2131.87,Approved
512056,119261,05/16/2021,Auto,887.94,Approved
510801,107675,2021-02-04,Health,381.01,Approved
509607,111931,25-04-2026,Home,4089.34,Pending
504456,102840,11-02-2020,Health,2268.67,Under Review
502761,115306,07/05/2023,Auto,815.78,Approved
506481,117083,09/03/2019,Health,583.05,Under Review
505911,118955,08/22/2019,Home,1181.77,Approved
513509,106471,09/30/2019,Health,1389.96,Approved
506547,115957,07/06/2020,Auto,2111.88,Approved
504855,112248,03-12-2024,Home,3421.94,Approved
507644,115054,11/03/2019,Life,5207.19,Approved
513257,111483,23/11/2024,Health,275.76,Rejected
514487,110636,2021-08-07,Health,1464.84,Approved
506358,104970,25/10/2021,Health,539.43,Approved
509741,107419,31/01/2021,Auto,2163.63,Under Review
502438,112513,04/14/2021,Home,2265.99,Rejected
503765,112619,03/14/2019,Auto,2461.54,Approved
506432,100883,2021-09-28,Travel,513.02,Approved
508643,113514,09/02/2023,Travel,355.64,Approved
507846,103182,05/10/2023,Auto,1304.52,Rejected
510638,106054,05/04/2024,Health,183.11,Approved
509665,118429,06-11-2020,Auto,2275.59,Approved
513427,113031,23-09-2021,Auto,,Pending
506340,104960,22-12-2023,Travel,652.08,Rejected
504821,105155,2020-08-09,Travel,185.47,Approved
500018,113424,2024-04-13,Health,1782.79,Approved
503560,114782,03/13/2023,Home,3286.78,Approved
503951,118656,13/12/2022,Travel,87.16,Rejected
500049,114714,2022-05-28,Auto,1613.06,Approved
514804,111964,08/17/2024,Health,1495.38,Under Review
500887,112228,04/10/2019,Health,566.65,Approved
506261,116839,02/25/2021,Auto,1484.84,Approved
507236,109027,23-04-2024,Travel,406.9,Rejected
506989,117984,10/28/2024,Travel,475.63,Pending
506043,108575,31-01-2023,Health,521.86,Approved
508708,100021,01/07/2024,Travel,243.57,Approved
503168,108496,20-07-2022,Health,1137.65,Approved
502949,105513,2025-05-24,Home,4216.46,Pending
501424,109808,10/10/2024,Travel,310.12,Pending
500139,100341,09/09/2025,Health,284.43,Pending
510116,103326,11/19/2020,Life,10118.5,Pending
503197,107563,26-05-2021,Auto,830.24,Under Review
505131,105838,01/14/2021,Home,3947.6,Pending
500112,108317,02/25/2026,Travel,179.53,Approved
508160,100329,03/17/2025,Home,3113.62,Approved
512979,117332,25-02-2024,Health,161.87,Approved
504559,105632,07/29/2026,Health,1363.29,Approved
504595,111912,09-06-2024,Health,1127.04,Pending
504690,107771,08/12/2024,Life,6818.84,Approved
507951,119484,24-06-2021,Home,1495.36,Pending
501911,116185,06-07-2024,Home,1010.96,Pending
503277,108453,19/10/2020,Health,330.84,Approved
504068,101693,02/27/2023,Life,7681.33,Rejected
504408,104308,10-01-2025,Home,4718.67,Rejected
513734,111645,04/12/2026,Home,6552.61,Approved
512839,106031,04-05-2023,Life,7659.41,Approved
509729,119638,08/11/2022,Home,2409.2,Approved
500451,112752,2019-04-17,Home,,Approved
507262,118496,04/29/2025,Auto,1456.01,Approved
503731,114176,02/16/2025,Travel,145.77,Under Review
507256,107902,06/12/2021,Life,8298.03,Approved
513394,119148,23-09-2023,Auto,1464.22,Approved
504986,111576,13-06-2022,Home,6089.3,Pending
503663,114392,02/23/2023,Home,824.02,Approved
502763,102701,18/11/2020,Travel,522.68,Under Review
508850,114630,10/12/2020,Home,2263.49,Pending
510991,118521,18-02-2025,Auto,4101.26,Approved
501855,106267,2019-08-08,Health,1191.12,Approved
500999,111313,2020-11-18,Travel,584.5,Approved
500389,116492,02/04/2026,Health,447.59,Pending
506426,115269,10/07/2022,Health,745.99,Approved
501476,108908,28/07/2023,Life,4085.63,Approved
502240,112586,11/21/2019,Auto,1564.42,Approved
513675,110433,2024-01-23,Home,2034.57,Approved
508112,102873,09/09/2019,Health,765.78,Approved
500992,103169,01-05-2022,Auto,1876.86,Rejected
507032,117605,2022-09-09,Home,2147.15,Approved
504997,113653,11/16/2023,Home,1865.44,Pending
503922,110727,19-06-2025,Auto,1255.96,Approved
502972,107591,26-03-2024,Health,799.81,Under Review
506871,107887,08/12/2020,Health,765.57,Under Review
511264,118474,07/04/2026,Health,283.07,Approved
504769,100509,22-11-2024,Home,2223.32,Pending
501293,106959,2019-12-14,Auto,577.42,Approved
514009,102198,2022-03-18,Travel,324.44,Rejected
504173,111550,2026-07-21,Life,9608.56,Approved
502535,107466,18/07/2020,Auto,757.07,Approved
513664,103389,30/07/2021,Health,302.29,Under Review
501907,107751,2023-02-10,Auto,6412.41,Rejected
512388,107619,05/03/2020,Auto,872.03,Approved
514204,106283,11/30/2019,Health,564.41,Approved
508560,112063,2024-07-15,Auto,1936.22,Approved
506033,108618,19-04-2020,Auto,1431.33,Rejected
507619,118036,03/31/2023,Home,9328.3,Rejected
501151,120119,10/29/2025,Auto,1644.92,Rejected
501567,111993,21-06-2026,Health,974.8,Approved
503171,119424,18-06-2020,Home,807.64,Approved
509689,117479,25-05-2025,Life,4375.67,Approved
507106,114795,03/30/2022,Health,510.58,Approved
504160,106384,07-09-2021,Health,398.37,Rejected
504287,114872,18-03-2022,Health,1068.33,Pending
502230,111285,2022-04-29,Home,5776.51,Rejected
511069,109782,04/29/2020,Travel,437.52,Approved
500174,103189,2020-08-20,Auto,3750.92,Under Review
501903,104847,2019-12-13,Home,4068.56,Under Review
509291,102722,2026-06-15,Home,2117.96,Approved
508752,107490,10/05/2021,Health,-1105.92,Approved
514794,102433,27/08/2022,Life,15825.43,Approved
503408,102764,2022-05-22,Auto,1256.0,Rejected
501538,110489,11/30/2020,Auto,905.04,Under Review
502292,101579,12/19/2022,Health,194.41,Approved
509523,112093,21-11-2025,Auto,2344.31,Approved
501363,114701,2025-08-01,Home,10471.78,Approved
504357,120260,30-10-2019,Auto,2136.92,Approved
505260,101047,17-06-2026,Health,2180.02,Rejected
513666,117018,2025-12-07,Home,2056.92,Approved
511336,118780,24/08/2021,Life,3129.02,Approved
500680,102270,23/09/2020,Health,2008.89,Approved
511802,116079,22-06-2019,Home,4700.51,Approved
503664,107515,11/08/2025,Auto,1007.52,Approved
501661,115719,19/06/2023,Home,1107.21,Under Review
500508,113208,04/02/2020,Auto,1075.97,Approved
500166,108045,05-02-2025,Auto,753.03,Approved
512379,110578,14-03-2020,Home,2673.24,Rejected
509198,114236,04/17/2019,Auto,867.24,Approved
512467,109256,11/02/2021,Auto,3749.8,Rejected
507365,101501,05/28/2020,Life,6494.06,Approved
501914,111319,06/06/2020,Auto,1808.02,Rejected
507263,118496,30-12-2021,Home,-1036.05,Approved
514415,102105,04/06/2023,Travel,360.49,Approved
514581,106102,2026-01-29,Auto,1187.41,Pending
507361,110078,21/07/2023,Home,-879.31,Rejected
501104,101202,29-02-2020,Auto,644.37,Rejected
513752,119136,22-02-2019,Auto,2786.83,Approved
509944,117887,2021-06-26,Home,4494.53,Rejected
505310,101886,2019-05-30,Auto,1201.89,Pending
513385,113711,08-04-2023,Life,7439.37,Approved
505754,102332,07/03/2020,Auto,1765.47,Approved
500152,117574,01-03-2024,Auto,-1304.62,Approved
511857,115549,05/22/2022,Auto,3727.94,Approved
505679,114574,09-09-2025,Auto,517.19,Rejected
513669,106082,08/18/2021,Auto,1973.48,Under Review
503551,114213,14-07-2020,Auto,832.46,Approved
503722,110712,22/03/2026,Life,11065.06,Pending
511006,108611,06/01/2024,Health,245.68,Rejected
512782,117294,20-10-2021,Auto,938.63,Approved
504538,113471,05/06/2026,Life,9249.67,Rejected
511121,114115,20-04-2020,Health,376.08,Rejected
510014,118941,04/26/2022,Auto,2269.97,Rejected
508463,117354,14-06-2021,Auto,2585.67,Approved
501991,117886,03-02-2023,Auto,964.64,Approved
513176,111154,04-06-2025,Health,818.38,Pending
508501,113847,07/22/2025,Auto,2355.69,Approved
505141,112287,05/01/2019,Home,806.72,Approved
503811,110154,2026-05-19,Auto,2432.68,Approved
513022,108438,12/12/2021,Home,1497.63,Approved
503450,116308,30/07/2019,Life,8806.53,Rejected
504591,116292,07-07-2023,Travel,321.0,Pending
507352,103951,2019-04-23,Home,5684.19,Approved
500205,118319,10/19/2025,Auto,4121.5,Approved
509327,109747,08/26/2022,Travel,514.12,Approved
506680,109167,2021-03-17,Home,777.2,Pending
502749,100407,2026-08-28,Auto,1363.68,Pending
508497,102577,29-08-2026,Health,3244.45,Approved
501849,114371,18/01/2020,Health,509.03,Approved
513566,103249,09/14/2022,Home,1789.02,Rejected
510180,110187,23-06-2020,Auto,925.43,Approved
503240,119145,22-08-2023,Auto,1862.65,Approved
511854,116061,13/06/2019,Home,3278.26,Pending
503109,102614,2022-05-18,Auto,858.02,Approved
510179,115062,22-10-2025,Travel,1265.65,Approved
505934,102206,01/24/2026,Travel,461.71,Rejected
512230,102330,02/07/2023,Auto,-593.26,Approved
505810,110241,10/17/2020,Health,1900.78,Approved
508575,114681,2024-06-14,Home,4830.05,Under Review
505634,114942,2024-03-30,Home,774.06,Under Review
504307,119547,22-10-2019,Life,7214.6,Approved
503156,111427,2022-08-26,Home,984.04,Approved
506534,118608,07/12/2025,Home,951.61,Approved
513679,106368,22/01/2019,Travel,265.42,Approved
513457,109654,11-03-2025,Auto,-825.49,Approved
513237,112258,26/02/2024,Health,412.81,Pending
508891,110306,19-05-2023,Health,1484.71,Approved
503832,107924,07/17/2020,Travel,325.19,Rejected
513031,111205,18/07/2019,Auto,582.29,Under Review
504776,108211,2022-12-21,Home,3248.33,Approved
507997,106507,25/12/2024,Travel,210.3,Approved
504276,105963,31/08/2023,Travel,351.86,Approved
514579,100569,2021-03-12,Auto,583.17,Rejected
510606,107450,08/26/2023,Auto,1614.21,Approved
510547,107995,2022-06-07,Home,2532.68,Approved
500278,100538,2022-03-04,Health,,Under Review
506771,120484,31/07/2026,Home,1872.39,Pending
507415,100253,30/11/2021,Home,2196.66,Approved
503252,116372,2023-07-05,Health,1158.49,Rejected
510670,109216,2019-12-22,Health,506.89,Rejected
514064,113490,12/06/2020,Life,3853.69,Rejected
500289,106812,2021-05-29,Auto,3415.47,Pending
503075,105472,18/11/2022,Home,515.62,Rejected
512004,102690,18/12/2022,Auto,1988.35,Pending
509582,108540,06/02/2024,Health,370.65,Under Review
510567,113742,08-06-2025,Health,1248.9,Approved
500270,119399,28/01/2021,Auto,778.97,Approved
504570,108824,11/01/2023,Travel,196.32,Approved
513130,104713,21/04/2021,Home,1940.72,Under Review
509583,119562,06/17/2020,Travel,519.8,Approved
506696,109501,01/29/2024,Travel,296.41,Approved
504316,111628,24-01-2026,Health,413.85,Approved
503180,110424,2020-08-13,Health,918.18,Approved
501422,100103,2024-06-15,Auto,1086.99,Rejected
508275,111471,2020-02-24,Auto,619.62,Pending
509065,108742,19/05/2025,Auto,1609.67,Under Review
511790,117648,28/03/2020,Auto,742.62,Rejected
504557,105632,2023-11-12,Life,2379.26,Under Review
507812,115159,08/11/2021,Home,4952.78,Pending
506297,109459,29-03-2022,Auto,1471.52,Approved
513665,118440,2023-10-26,Travel,447.51,Approved
511846,112901,12/12/2025,Auto,1650.09,Approved
514498,105878,22-04-2021,Health,1879.38,Approved
501132,112887,2019-08-30,Auto,1742.22,Pending
506242,108957,20/04/2021,Home,2148.18,Pending
511327,105229,12/27/2025,Home,3711.36,Approved
514016,117327,14/01/2024,Auto,2174.54,Rejected
507423,115400,29/11/2025,Life,14973.62,Pending
510872,112433,09/29/2019,Auto,1187.59,Approved
510152,115677,02/06/2024,Health,-527.74,Approved
513738,103342,15/09/2024,Travel,493.24,Pending
505520,104664,2024-10-24,Auto,1816.33,Rejected
509408,110417,15-07-2025,Home,3582.35,Approved
513273,116749,27-09-2025,Auto,851.38,Rejected
511192,103637,27-07-2021,Health,357.16,Rejected
509256,116602,13-07-2025,Home,1489.53,Approved
503786,118105,26-07-2026,Life,3930.76,Approved
513543,120210,2019-05-26,Auto,1444.01,Approved
508345,102138,10/15/2019,Home,4753.71,Approved
502161,113373,29-11-2025,Health,1342.68,Approved
503008,108404,02/17/2026,Auto,431.82,Approved
501105,100210,10/04/2024,Travel,150.68,Rejected
511018,114336,11-07-2021,Auto,2042.45,Pending
500692,102698,01/30/2025,Auto,1086.23,Rejected
511699,105313,14-12-2022,Home,3589.25,Rejected
504956,101991,26-02-2022,Health,213.37,Approved
508307,114830,2025-02-10,Travel,553.67,Under Review
504369,117659,02/07/2023,Auto,1297.24,Approved
502765,102701,06/02/2025,Home,1732.83,Approved
503929,106556,02/06/2019,Home,3535.29,Pending
511396,107452,2023-03-08,Life,14241.16,Approved
514693,105530,25-06-2021,Health,564.37,Under Review
507778,112047,10/11/2023,Auto,2123.56,Approved
510788,115000,07-12-2025,Home,2724.54,Rejected
500628,115891,27/08/2022,Life,19511.3,Under Review
502451,102771,10/04/2023,Auto,533.16,Rejected
510663,107265,04/12/2025,Auto,689.34,Under Review
503824,105149,02-08-2019,Health,747.39,Rejected
513434,101125,08/07/2020,Home,4418.67,Approved
502412,106289,05/18/2021,Home,5409.89,Approved
503743,117003,22-10-2024,Health,515.07,Approved
502176,116556,10/30/2024,Auto,2063.79,Approved
506689,108166,01-07-2021,Life,6896.98,Rejected
508858,118813,12/21/2023,Auto,4156.41,Under Review
503318,101210,27-04-2024,Travel,403.71,Approved
510836,116454,31-05-2022,Home,2128.08,Under Review
509653,116120,03/07/2025,Travel,487.77,Pending
507432,115322,15-01-2025,Home,1039.82,Approved
502787,107895,06-11-2025,Auto,2678.11,Approved
501196,120211,16/02/2021,Home,4338.08,Approved
501676,111945,05-06-2026,Health,728.06,Approved
503947,111771,11/01/2019,Auto,1158.56,Pending
507618,118036,24-06-2021,Auto,2606.56,Approved
504444,105758,2019-05-11,Home,5321.52,Pending
505722,119237,07-06-2019,Life,2997.35,Approved
513747,104799,25/05/2024,Health,502.2,Under Review
514024,120329,01/31/2025,Auto,2613.52,Rejected
502369,117767,08/10/2025,Health,1550.91,Rejected
504967,106027,15-08-2022,Travel,730.79,Pending
502217,114800,2024-10-21,Health,1213.58,Rejected
508148,111809,06/15/2021,Travel,372.07,Rejected
510410,107127,2021-04-26,Home,4627.2,Approved
503326,106421,12/13/2025,Auto,910.09,Rejected
511086,103956,2019-05-25,Auto,-801.23,Pending
503583,116805,11-06-2023,Health,2066.74,Pending
514623,109637,14/11/2022,Life,-15064.14,Rejected
514694,106776,2026-02-07,Life,16827.32,Rejected
503619,117836,11/07/2025,Home,2095.11,Approved
506217,100260,01/27/2022,Auto,7058.59,Pending
502468,108382,05/09/2025,Home,1174.07,Under Review
508277,102211,03/15/2026,Home,4203.67,Under Review
512654,118366,2022-08-03,Health,782.34,Approved
505973,103280,04/25/2022,Life,5970.42,Approved
503667,102543,20/02/2025,Life,4728.04,Approved
505158,100805,02/22/2026,Health,971.23,Approved
507594,104001,04-10-2020,Auto,1338.54,Approved
506976,119479,06/14/2025,Auto,587.65,Rejected
510211,103732,07/06/2024,Auto,853.74,Pending
503423,102009,2024-10-25,Auto,2111.66,Approved
508199,115565,03/11/2025,Health,3755.32,Approved
502409,114741,24-11-2019,Travel,313.8,Under Review
503212,110995,01/14/2026,Travel,174.54,Approved
512803,113790,2020-01-21,Home,2401.61,Approved
505366,118412,2026-08-26,Auto,2697.22,Approved
511112,117845,07-10-2020,Auto,1704.39,Approved
506593,117738,04/05/2019,Home,4002.85,Pending
502895,108141,2019-02-18,Health,1000.88,Approved
513088,115352,12/19/2024,Auto,687.28,Under Review
513782,103738,07-06-2020,Home,1867.68,Approved
503642,112423,18-05-2025,Travel,599.42,Approved
511073,103243,2022-01-27,Home,16610.36,Under Review
511365,105581,05/10/2021,Travel,605.48,Approved
512542,120010,2023-09-22,Home,2798.04,Pending
509475,119005,27/09/2021,Auto,691.03,Under Review
510193,101680,06/13/2026,Health,397.07,Approved
512882,104697,06/25/2026,Travel,168.23,Approved
509061,110939,08/27/2021,Auto,1285.92,Approved
514491,105387,2020-09-06,Auto,955.47,Rejected
513414,103713,12/21/2022,Home,5870.77,Approved
508548,111934,04/23/2021,Auto,838.88,Approved
501743,118111,27/03/2019,Auto,-1110.29,Approved
505451,112495,01/08/2024,Health,1238.42,Approved
507160,119099,10/16/2024,Home,3635.36,Approved
507866,114360,2024-01-29,Travel,389.05,Rejected
502743,103580,2019-02-24,Home,2526.4,Approved
506536,104295,2022-05-20,Auto,1213.33,Rejected
510082,100654,01/02/2021,Auto,1812.44,Approved
509797,106673,2025-08-06,Health,437.38,Rejected
504958,119998,22-12-2024,Home,1707.93,Approved
512283,105283,2019-07-13,Health,703.75,Pending
510572,101820,07/07/2025,Travel,350.85,Approved
506474,118798,17/01/2021,Auto,1613.7,Approved
507888,110370,03/03/2020,Auto,1385.88,Under Review
508811,102413,02/04/2022,Health,1070.26,Approved
500492,105459,2023-04-23,Travel,359.12,Approved
501116,104618,26/07/2022,Auto,737.84,Approved
505637,107138,30-04-2025,Travel,1401.74,Pending
513137,117069,21/11/2023,Health,598.3,Approved
514764,107989,18-04-2023,Health,1111.3,Approved
511063,108456,02/14/2023,Home,1882.37,Rejected
513536,111865,14/07/2026,Health,253.69,Pending
512877,100855,10/25/2020,Auto,1069.24,Rejected
506589,108217,20-09-2020,Life,7047.99,Pending
513573,101239,03-02-2021,Travel,251.2,Approved
507557,113761,18/07/2023,Auto,781.2,Rejected
511955,115735,27-03-2022,Health,,Under Review
505241,119126,2022-09-05,Health,409.01,Approved
513829,118180,2024-12-28,Home,5789.6,Pending
502783,119075,08/10/2022,Health,-160.04,Rejected
510988,105089,27-01-2021,Auto,1113.96,Approved
501696,109444,27/07/2023,Health,263.35,Approved
505685,118637,08/31/2023,Home,3576.44,Pending
502295,103256,2020-10-19,Auto,-1885.05,Approved
505939,111788,20/09/2022,Auto,1254.59,Approved
507763,110239,2025-06-24,Health,650.09,Rejected
510244,111998,24/12/2021,Auto,3804.34,Approved
509968,113247,04/11/2025,Life,5002.35,Under Review
503313,115603,29/06/2025,Home,2824.45,Approved
504781,110228,2023-02-14,Auto,3250.23,Approved
508350,112555,10/30/2021,Health,372.29,Pending
511123,120023,10/02/2025,Health,1434.7,Approved
509784,113349,05/12/2025,Home,4229.06,Approved
509915,120366,06/10/2026,Travel,-329.68,Approved
507605,107309,05-11-2019,Auto,972.89,Under Review
500215,113356,20-10-2024,Auto,776.88,Approved
506707,120345,2025-10-20,Health,-262.33,Pending
502325,115869,10/15/2025,Auto,5036.88,Pending
508682,116440,2019-02-14,Travel,370.91,Approved
513667,117018,2021-09-01,Travel,413.19,Rejected
503483,118423,2026-04-12,Home,957.87,Under Review
507006,115135,2026-06-21,Auto,967.47,Approved
505102,114155,04-10-2019,Auto,773.88,Approved
506599,100948,2024-02-10,Auto,1256.86,Approved
503764,100168,09-04-2020,Auto,2469.33,Under Review
511852,117099,07/12/2023,Home,1866.26,Approved
506410,119783,11/06/2021,Home,8130.99,Approved
511313,101985,31/07/2025,Auto,672.92,Rejected
500025,114237,04/12/2025,Life,7298.82,Rejected
510601,101128,2024-05-07,Home,2071.52,Rejected
507659,110496,2020-03-14,Travel,455.84,Approved
513040,106971,2021-12-26,Auto,,Approved
509744,106130,12/06/2020,Health,470.42,Rejected
513769,105445,2024-12-04,Home,1862.4,Approved
513855,111692,10/01/2021,Home,685.18,Approved
506683,109809,2019-10-11,Health,416.35,Rejected
509171,103281,27-12-2020,Travel,174.4,Approved
510039,107242,2021-04-03,Auto,2980.31,Approved
512291,107674,08/07/2022,Travel,177.13,Approved
508584,112850,19-08-2024,Auto,3144.93,Pending
503474,115292,16/09/2021,Auto,1635.59,Approved
512852,103808,2021-04-19,Life,2872.61,Pending
511460,117469,04/12/2026,Travel,333.58,Pending
514435,103141,05/07/2019,Health,628.32,Under Review
512374,100999,04/29/2023,Home,-1148.54,Rejected
501102,116966,11-10-2020,Home,562.0,Approved
503276,118557,2020-05-11,Auto,-2696.9,Under Review
505345,108165,19-07-2019,Auto,1557.23,Under Review
513581,108467,21-09-2024,Travel,254.05,Approved
513163,116184,25/01/2019,Home,979.95,Pending
508386,112618,24-07-2025,Home,555.72,Approved
508835,111907,08/27/2021,Life,13769.93,Approved
510841,114175,19-09-2025,Health,,Under Review
504043,114029,11/06/2025,Health,1440.67,Pending
502207,118022,06/08/2025,Home,1900.38,Approved
504552,110888,03/03/2023,Home,956.96,Under Review
504402,119943,2021-02-19,Auto,1401.49,Approved
507395,108606,08/08/2022,Life,11961.39,Approved
503718,119473,2020-03-17,Health,782.64,Rejected
500972,103958,04/10/2025,Home,2974.54,Rejected
504579,101197,06-05-2026,Health,946.21,Under Review
506516,119365,12/05/2021,Auto,1033.18,Approved
500719,115908,2024-05-10,Auto,1285.74,Approved
506155,116159,12/06/2026,Home,3879.22,Under Review
514118,102116,03/08/2023,Travel,350.02,Under Review
502803,108833,2023-04-15,Travel,637.44,Approved
502566,111552,17/12/2019,Health,1262.98,Approved
504025,101083,03-07-2022,Home,2019.25,Approved
506198,111976,24/10/2024,Auto,971.76,Pending
508224,114538,21/05/2020,Auto,1803.94,Pending
514034,110093,2026-03-16,Home,2858.97,Approved
504063,102733,2022-11-12,Home,3048.78,Approved
509889,111529,11/27/2023,Auto,-2084.25,Approved
502792,119701,01/05/2024,Auto,4730.83,Approved
502222,112409,2023-09-27,Life,8554.06,Under Review
505818,111146,07-01-2021,Life,11335.77,Approved
503866,113043,29/12/2019,Health,1968.65,Rejected
510804,116289,04/18/2025,Health,,Under Review
512957,110096,2022-07-05,Home,2041.61,Pending
514326,104892,29-12-2021,Health,974.17,Under Review
511356,111405,2021-03-05,Auto,1229.37,Under Review
503227,111983,23-01-2020,Auto,3699.45,Pending
504214,102604,10/31/2023,Auto,1452.54,Approved
503923,110727,27/05/2020,Health,277.28,Rejected
510469,115969,14/03/2021,Travel,,Rejected
511147,118420,2020-02-04,Life,9978.42,Approved
501401,101443,30-03-2026,Auto,1413.55,Approved
508931,108314,23-04-2020,Travel,616.66,Under Review
507703,109537,23/05/2026,Auto,1309.21,Approved
504979,117480,10/28/2022,Auto,785.09,Rejected
503253,110532,19/10/2024,Auto,1695.48,Approved
512909,111851,28/08/2023,Life,30719.64,Approved
502661,108046,12/14/2024,Home,2194.66,Under Review
502158,117358,2019-05-17,Home,2394.18,Approved
508578,111553,22-08-2024,Auto,3948.38,Approved
508088,110960,10/13/2025,Travel,195.82,Approved
500674,104149,2022-11-06,Auto,1609.26,Approved
511361,119774,01-08-2026,Auto,660.07,Approved
507011,120073,12/09/2021,Home,754.64,Approved
510968,112661,06/05/2024,Health,1167.17,Approved
510197,109661,2020-07-31,Home,9910.92,Under Review
503841,110158,2019-01-17,Health,859.42,Approved
501815,119657,11/19/2019,Home,9502.0,Approved
512443,112327,11/16/2022,Health,756.01,Approved
514716,117868,10/07/2026,Auto,5190.07,Rejected
502100,106925,12/06/2025,Auto,672.9,Pending
514531,115202,08/01/2023,Auto,1722.08,Under Review
506708,104075,05/16/2024,Home,-4022.85,Under Review
501673,114225,01-10-2023,Travel,225.85,Pending
510293,111602,2020-04-03,Life,3295.04,Approved
504213,117238,22/09/2021,Auto,1463.23,Pending
511262,107371,10/06/2025,Home,2752.3,Rejected
510863,102476,26/05/2020,Auto,4127.94,Rejected
501548,101722,29/07/2019,Home,9968.47,Approved
510795,111932,2026-07-28,Health,2201.89,Approved
508547,102956,26-03-2022,Life,17122.45,Rejected
505184,109010,2026-07-06,Auto,1289.72,Approved
501461,111142,04-04-2024,Auto,3404.59,Under Review
514044,106645,12/01/2021,Auto,3780.46,Approved
503220,106002,09/04/2019,Auto,4879.9,Approved
512610,107122,19-11-2024,Auto,703.12,Approved
513705,111536,31/03/2022,Auto,2565.9,Approved
507170,113214,2026-07-09,Home,2985.57,Rejected
507430,103094,2020-11-09,Auto,2431.91,Rejected
514268,105126,2022-12-08,Life,5074.08,Under Review
501751,106187,06/12/2020,Health,707.87,Approved
503976,113369,03-11-2022,Travel,927.16,Rejected
508353,103324,07/09/2020,Auto,3497.95,Approved
501772,100217,26/10/2019,Home,1130.85,Rejected
509388,117309,06/10/2025,Life,16336.37,Approved
510070,103734,2025-12-07,Auto,548.55,Approved
502016,105128,21-07-2020,Travel,333.39,Approved
502005,119404,2026-06-13,Home,1804.32,Approved
503893,106631,2020-07-29,Health,854.19,Approved
503237,105687,09-03-2024,Health,394.15,Approved
504424,115050,16-12-2024,Health,521.52,Approved
510270,100142,03-06-2023,Auto,1125.89,Rejected
508588,117452,2021-02-10,Travel,-209.33,Approved
502257,112123,23-04-2024,Auto,606.79,Approved
504072,104385,2019-05-13,Life,6453.23,Approved
505574,116316,18-06-2022,Health,383.1,Approved
509083,112171,07/11/2026,Home,2486.92,Rejected
514225,113917,09-08-2021,Life,7192.93,Pending
505355,120479,2019-03-13,Travel,684.32,Approved
508418,116537,2019-11-19,Life,9165.6,Rejected
506093,114007,10/24/2019,Auto,1837.94,Approved
507935,104838,2024-01-07,Home,4626.96,Approved
512103,103516,26/02/2022,Home,1174.09,Approved
501519,109812,2022-12-12,Travel,594.07,Approved
512214,106972,22/08/2021,Health,530.68,Rejected
501378,120112,2024-01-24,Life,-8551.83,Approved
505672,111213,30/04/2020,Auto,781.77,Under Review
509215,112404,2026-02-13,Health,1489.89,Approved
502587,104015,2020-09-20,Auto,1288.81,Rejected
514606,110677,2025-07-09,Home,5845.95,Approved
505621,100348,07/21/2022,Health,733.47,Approved
511792,112392,2021-02-11,Home,4356.08,Under Review
514444,111516,2025-10-20,Auto,2686.91,Rejected
505842,101474,14-11-2025,Home,1229.21,Approved
507122,108907,10/13/2021,Health,921.39,Approved
505832,108018,10/30/2019,Health,1292.0,Approved
509821,116256,2025-01-04,Auto,2014.67,Approved
504888,112285,21-09-2023,Home,4415.04,Approved
505904,118855,24-08-2026,Travel,267.97,Pending
500522,101862,03/19/2022,Auto,,Approved
508043,118300,01/28/2019,Auto,2226.57,Approved
503607,102099,19/03/2019,Life,3676.64,Rejected
509120,101779,28-02-2022,Auto,1349.37,Approved
500234,113892,2019-04-28,Auto,5439.07,Rejected
503796,119355,19-03-2019,Home,2471.97,Pending
506318,101049,14-07-2023,Home,-13242.76,Pending
507094,105353,2023-10-29,Auto,1934.89,Approved
510202,112422,2021-02-13,Health,236.74,Rejected
501948,107428,05-02-2025,Travel,345.43,Approved
506361,106101,11/07/2021,Health,1638.78,Approved
514065,104971,27-10-2020,Home,5641.42,Approved
511728,102462,07/15/2022,Home,1226.54,Rejected
506091,110540,21-07-2025,Health,820.73,Rejected
513596,103178,09-06-2020,Health,310.9,Approved
502224,105751,07/05/2024,Life,12466.22,Approved
509298,112673,05/07/2022,Health,633.73,Approved
513532,108133,29/07/2020,Health,773.84,Approved
509010,107875,25/10/2021,Auto,1777.28,Under Review
505571,112923,18/09/2022,Travel,366.63,Approved
504523,113611,09/25/2020,Auto,1478.97,Approved
505793,104237,14-10-2023,Health,-1520.72,Approved
513146,119411,07/28/2026,Auto,930.27,Rejected
505738,118614,2021-01-29,Auto,1131.41,Approved
502624,104724,03/29/2021,Auto,556.29,Approved
504728,103053,10/11/2019,Travel,331.81,Rejected
507818,103413,26/01/2024,Life,7890.89,Approved
508859,118813,10-10-2024,Life,7152.28,Under Review
502140,101277,01/08/2019,Travel,331.99,Approved
513643,100352,2023-02-17,Travel,189.59,Pending
509080,111869,10/12/2024,Home,963.86,Approved
511113,101478,08/11/2023,Health,562.37,Rejected
502437,112513,16/04/2026,Life,8214.16,Under Review
506056,108062,10/29/2022,Auto,868.47,Pending
509009,109033,2021-07-19,Health,627.07,Approved
506352,116404,18-02-2026,Auto,655.56,Approved
510533,117464,07/16/2026,Auto,993.01,Approved
503167,108496,2025-06-28,Health,218.85,Approved
501809,106628,2019-11-04,Auto,1496.62,Rejected
512270,101014,21-06-2020,Travel,214.03,Under Review
507161,119099,17/07/2025,Auto,1590.78,Rejected
509456,116603,16-06-2022,Home,2338.2,Rejected
505086,113102,04/16/2023,Home,1262.99,Approved
512041,109788,08/12/2023,Health,1010.71,Approved
507016,105113,03/03/2023,Health,1167.52,Approved
511643,112662,04-03-2024,Travel,348.08,Under Review
504945,100461,05/09/2024,Life,12170.13,Approved
506046,120069,01/06/2021,Home,619.13,Approved
512522,109915,05/04/2022,Auto,1547.6,Pending
513856,102050,2022-12-21,Auto,1229.77,Approved
506919,115483,15/08/2019,Auto,1664.35,Rejected
505590,110671,12-04-2022,Auto,795.79,Pending
507226,107388,07/09/2024,Home,700.89,Approved
501228,101453,2019-08-28,Auto,1293.52,Under Review
511512,100277,01/25/2022,Home,5948.02,Approved
506846,106702,09/16/2020,Health,124.11,Approved
508244,102756,27-09-2020,Health,432.74,Under Review
511558,107108,2023-05-31,Auto,1378.96,Approved
506555,120425,23-12-2020,Life,8157.54,Approved
500159,103286,01/12/2021,Auto,463.69,Approved
508851,114630,2026-08-07,Home,3376.11,Approved
509779,105517,10/30/2023,Health,751.99,Approved
501589,111119,23/10/2023,Home,796.48,Rejected
514720,112685,08/10/2024,Life,6431.98,Approved
514193,116644,10/01/2023,Health,1308.54,Pending
514170,109064,11/08/2023,Auto,1480.42,Approved
514162,111954,30-11-2019,Auto,667.27,Rejected
506687,108846,01-10-2019,Health,4433.94,Approved
513979,118435,2021-11-17,Travel,-259.04,Rejected
511350,104651,2025-02-28,Auto,682.86,Approved
510576,117105,2021-08-21,Auto,-2423.34,Approved
514800,104426,2021-03-21,Home,1096.76,Rejected
507480,118691,16/06/2021,Home,3554.08,Approved
513859,119548,02/18/2024,Auto,1188.41,Approved
501556,117664,2025-04-08,Health,822.09,Approved
502828,113406,31-05-2020,Home,2370.51,Approved
500436,113119,20/04/2024,Auto,1003.87,Under Review
505789,110880,2020-06-21,Health,1210.14,Rejected
512859,119477,05-08-2020,Home,3193.88,Pending
501588,116629,10/24/2023,Auto,1870.36,Rejected
507398,103593,04-07-2025,Auto,1178.02,Rejected
502780,107816,2025-12-30,Travel,251.26,Rejected
513439,118733,25/03/2019,Health,285.97,Under Review
509242,106170,2024-11-15,Auto,1781.27,Under Review
505686,118637,23-12-2024,Life,11143.06,Approved
503965,107442,01/04/2025,Auto,3519.15,Under Review
504727,103053,2025-10-26,Auto,988.32,Approved
509165,104224,2021-11-21,Auto,1499.31,Approved
501238,112090,05-03-2020,Home,,Approved
502951,103652,09/29/2019,Health,1329.41,Approved
510534,104368,09-10-2021,Auto,888.61,Rejected
510899,104908,08/27/2020,Home,1077.04,Approved
511546,109021,10/16/2019,Auto,798.05,Approved
513766,113281,03/10/2019,Travel,724.77,Approved
501497,105716,05/07/2021,Home,1362.94,Approved
506465,105461,2022-07-22,Home,-2774.37,Approved
507355,113908,03/02/2023,Auto,1100.13,Rejected
507823,117613,23-10-2023,Health,413.96,Approved
507547,119838,27/04/2025,Life,6874.79,Approved
507913,118079,13-09-2023,Health,1664.17,Rejected
510614,106240,03-04-2025,Auto,966.15,Approved
512806,117297,05/18/2025,Health,836.96,Rejected
505185,100083,2019-09-06,Health,1316.09,Approved
505647,112480,2021-09-20,Auto,596.26,Approved
514057,116241,2025-06-20,Health,1032.99,Rejected
505242,117996,27-08-2024,Home,4082.51,Under Review
502130,106119,01-02-2021,Life,12009.71,Approved
502092,102727,06/12/2025,Travel,-197.71,Approved
505409,104789,05-07-2021,Home,4121.69,Pending
510207,108669,2026-03-30,Auto,1645.03,Approved
500187,100563,27-09-2019,Home,8240.78,Approved
512858,119477,07-03-2025,Home,2695.86,Approved
507938,113745,2024-02-17,Home,10045.03,Under Review
503655,113604,31-10-2019,Life,9112.78,Under Review
503426,101037,2023-09-09,Auto,777.45,Approved
511452,104042,2021-08-09,Life,14568.42,Approved
501381,113355,10-10-2020,Auto,1516.27,Approved
511662,109170,01/03/2023,Auto,1764.02,Approved
508605,111317,2019-06-25,Health,3962.95,Rejected
507427,117998,03/28/2020,Travel,843.25,Under Review
505037,108239,2026-03-15,Home,1331.76,Under Review
504897,112268,10/06/2026,Health,835.46,Approved
503175,100902,2019-05-22,Health,614.29,Approved
512729,102384,06/13/2023,Life,9646.41,Pending
511914,116152,26-03-2026,Auto,1048.43,Pending
508448,117036,18/03/2019,Home,4953.92,Approved
514807,105390,05/08/2020,Auto,1033.41,Approved
511836,118710,2019-11-02,Home,2189.0,Rejected
502235,106138,2024-10-19,Auto,5639.43,Approved
508068,117161,01/21/2021,Travel,101.23,Rejected
509959,119599,29/07/2023,Health,504.67,Approved
504236,107654,30/06/2021,Health,351.48,Approved
511082,115844,19-11-2019,Health,574.55,Approved
511427,100297,12/19/2020,Auto,1560.19,Approved
509764,111542,20/01/2023,Home,6464.88,Approved
500024,107558,02/04/2019,Auto,732.92,Rejected
503363,107826,01/05/2023,Auto,573.31,Approved
501088,118549,13/08/2024,Auto,1847.64,Approved
510886,120443,19/10/2021,Home,952.19,Approved
508733,101721,03/24/2022,Travel,260.1,Rejected
513699,116500,07/09/2023,Travel,277.12,Approved
502841,108658,21-02-2019,Home,2464.5,Approved
510503,113327,20/11/2025,Auto,1379.27,Under Review
507537,115878,10/11/2024,Life,11645.66,Under Review
507470,119388,21/08/2025,Home,2476.11,Approved
513943,101762,08/15/2019,Home,3164.65,Pending
504152,100676,01/28/2021,Home,1914.04,Approved
509501,117436,22-05-2019,Travel,354.16,Rejected
500695,114885,06/23/2019,Health,704.67,Rejected
513733,111645,2023-11-07,Travel,547.63,Approved
506337,106194,07-06-2023,Travel,996.05,Approved
501227,101453,01/02/2020,Health,796.93,Rejected
501999,115423,21-10-2020,Travel,352.97,Rejected
500276,100843,2021-08-08,Auto,968.27,Approved
511353,119642,2026-08-13,Auto,923.08,Approved
505929,107360,10-09-2024,Health,2037.01,Under Review
502953,103652,05/16/2023,Health,182.45,Rejected
503637,113702,12/21/2019,Health,1009.15,Rejected
503906,116115,02/12/2020,Life,6301.73,Rejected
504778,112198,29/09/2022,Health,428.91,Under Review
505845,112443,21/10/2023,Health,369.47,Pending
514503,113245,2020-01-10,Home,2639.02,Approved
504117,113305,2021-12-26,Health,1026.93,Rejected
513860,107069,12/06/2020,Auto,2384.1,Under Review
501137,101084,11/10/2025,Travel,211.02,Approved
502767,102702,02/17/2024,Home,2070.91,Rejected
508182,102846,02-02-2026,Auto,2947.36,Approved
512581,101401,05/11/2021,Auto,1792.57,Under Review
511848,112901,03-07-2026,Auto,3573.01,Pending
507661,114066,2023-05-13,Home,6937.56,Approved
509134,107961,2023-09-25,Travel,602.26,Approved
511105,116916,03/29/2025,Health,784.84,Rejected
502490,116466,10-06-2023,Home,7959.63,Rejected
514481,100412,02/08/2025,Health,324.24,Rejected
507742,100636,06/12/2021,Auto,584.33,Rejected
503935,110612,10-05-2023,Travel,267.55,Under Review
502384,100410,2024-12-30,Home,-1699.91,Approved
508016,110708,09/21/2023,Health,1349.89,Under Review
507084,119861,06-12-2020,Auto,440.27,Rejected
500115,119841,2019-10-08,Travel,357.78,Approved
501863,105345,09/13/2022,Auto,3232.99,Approved
510750,104327,21-10-2020,Auto,1395.37,Approved
503119,113020,26/09/2022,Auto,1861.13,Approved
504258,103577,2026-04-09,Auto,-2613.16,Approved
513810,117602,01/13/2020,Home,2086.14,Approved
513118,102643,08/24/2023,Auto,2446.98,Under Review
502819,115925,20-09-2021,Travel,283.77,Approved
511387,116818,07/25/2024,Auto,306.97,Pending
511212,100941,23-01-2022,Home,-8589.35,Approved
513597,115635,2019-04-08,Health,249.61,Rejected
504699,117942,2020-12-12,Health,1617.68,Approved
503802,101929,2020-09-05,Auto,1546.42,Approved
506068,106787,2021-10-08,Health,6646.4,Approved
503536,119772,03/14/2022,Home,1094.39,Approved
503825,116111,2020-12-29,Home,3695.27,Pending
506642,119328,01/13/2026,Home,2568.75,Rejected
512931,114424,07-02-2021,Auto,1746.78,Approved
501946,102794,04-06-2021,Home,1707.09,Approved
513058,105774,2023-09-21,Travel,269.46,Approved
511398,112856,2025-11-04,Travel,516.77,Pending
512462,102871,08/19/2019,Home,1337.14,Approved
509802,112390,30/04/2022,Travel,538.23,Approved
507269,111058,2020-12-19,Life,5365.09,Approved
511655,114448,22/10/2021,Auto,366.13,Approved
507929,113535,11/09/2024,Auto,617.37,Pending
507166,115411,06/30/2025,Health,247.63,Approved
506963,105765,08-09-2023,Home,3076.29,Approved
505867,100961,14-09-2025,Auto,,Approved
510859,114223,27/01/2020,Auto,1046.45,Rejected
504761,117349,21/09/2019,Travel,694.78,Approved
510386,103504,06/29/2023,Auto,2991.6,Approved
500882,119385,2024-09-14,Auto,1192.62,Under Review
500557,113520,13-02-2020,Auto,783.79,Approved
512590,103841,28/08/2020,Home,3399.61,Approved
501207,110083,11/25/2022,Auto,-1196.81,Under Review
511317,100325,06/27/2021,Auto,622.79,Approved
507684,108655,30/01/2021,Home,6312.25,Approved
511545,109021,14/04/2023,Home,2478.94,Pending
509702,116167,2023-08-06,Health,257.22,Pending
506538,104295,2023-05-03,Health,816.58,Approved
510485,106678,2024-04-16,Auto,2346.5,Rejected
503211,110995,12/10/2025,Auto,1077.39,Approved
503630,108136,2026-02-03,Auto,1768.4,Approved
501708,119879,03/13/2024,Health,248.63,Rejected
513887,109374,2025-03-11,Home,3124.69,Approved
508458,105263,13/03/2021,Health,399.04,Approved
501140,113138,2020-10-20,Auto,2816.91,Approved
503162,103545,12/05/2024,Auto,1449.09,Approved
506207,109263,08-03-2019,Auto,3456.9,Approved
512584,119396,01/11/2023,Auto,681.23,Approved
503730,108632,2019-08-05,Travel,154.52,Rejected
510101,112569,2023-06-25,Travel,178.54,Rejected
512265,116873,14-05-2019,Travel,312.81,Approved
502660,108046,2021-01-29,Auto,1536.76,Approved
508848,120458,2019-07-21,Health,538.13,Approved
501307,113049,07-09-2020,Health,1008.62,Approved
502567,103156,02-10-2021,Health,353.79,Under Review
509190,100943,26-06-2025,Auto,1722.79,Approved
502834,105076,11/18/2022,Auto,2061.54,Approved
514315,106269,28-02-2022,Auto,1554.1,Approved
509429,113199,21-02-2026,Auto,1043.4,Approved
502151,104160,07/24/2022,Health,-1502.6,Approved
511652,114586,2023-04-17,Health,220.5,Pending
503835,112621,01/26/2026,Auto,898.84,Pending
514499,119223,2026-03-09,Home,1153.99,Under Review
514666,107777,10/01/2021,Travel,786.54,Pending
512278,110626,12/05/2021,Auto,1273.61,Approved
510378,111468,28-11-2021,Home,5572.22,Approved
509326,111224,04/18/2023,Health,1661.03,Approved
505004,116502,2025-04-17,Health,1650.54,Approved
506626,100319,06/08/2021,Home,4688.87,Approved
509495,117136,14-06-2023,Auto,893.48,Approved
501627,119645,28-01-2020,Auto,2247.64,Rejected
513941,106122,2024-06-02,Life,9050.38,Approved
509714,110962,11/25/2023,Life,8145.28,Approved
514669,104389,2022-07-14,Health,265.6,Approved
500358,105998,03/09/2021,Auto,1879.26,Rejected
500138,100341,2021-01-01,Health,600.28,Approved
508491,117441,02/02/2026,Home,5681.39,Under Review
509748,115909,2025-06-27,Travel,249.95,Rejected
500382,106381,09/07/2022,Travel,270.28,Approved
511254,108844,10/18/2025,Auto,2604.17,Approved
504857,108143,06/24/2026,Life,4533.34,Pending
513907,107119,2022-07-06,Travel,414.72,Approved
501439,111465,11/14/2022,Home,2499.01,Approved
509569,105322,11/08/2024,Home,1211.34,Approved
500946,112594,05/02/2024,Travel,471.23,Approved
512386,108560,2023-02-03,Travel,116.03,Approved
505498,104203,21/03/2024,Health,1494.87,Approved
504916,104705,06/14/2019,Home,2940.66,Rejected
508556,120492,2021-05-21,Health,-3077.78,Approved
510913,104758,12/10/2019,Home,1221.18,Under Review
501932,115888,24/06/2020,Health,555.32,Approved
502352,105018,08/30/2022,Home,2567.88,Approved
503236,105687,12/31/2025,Home,3259.91,Approved
509493,110464,01-11-2022,Auto,966.14,Rejected
512364,116835,23-11-2022,Home,3952.19,Approved
503807,119525,2022-12-02,Health,121.6,Approved
513768,105445,2026-07-09,Auto,938.96,Approved
501936,105394,2021-09-30,Health,-420.41,Approved
513326,117563,08/12/2024,Auto,2334.43,Approved
504154,110466,10/07/2022,Auto,-1322.17,Pending
508988,104924,2026-07-02,Home,7993.75,Rejected
502416,114406,30-01-2022,Health,1803.86,Approved
511429,120416,09/04/2021,Auto,328.74,Rejected
506139,106762,25-09-2020,Home,4527.96,Rejected
500785,102393,2019-04-12,Auto,548.26,Approved
506789,106635,01/04/2019,Auto,1011.4,Approved
508036,106766,24-01-2019,Home,6941.42,Rejected
508315,115581,2025-08-16,Auto,1434.75,Rejected
514160,107804,05/05/2026,Life,5557.91,Under Review
505668,114925,23-12-2025,Auto,2347.25,Pending
502172,107120,05-02-2024,Home,954.38,Approved
502169,117418,2020-10-17,Auto,886.41,Approved
506628,105614,2020-01-09,Life,8949.2,Pending
504009,100147,2019-09-15,Travel,734.26,Rejected
504340,109935,26-09-2021,Home,-10605.31,Approved
500910,109250,2021-12-23,Home,1397.64,Approved
506268,118719,05/30/2019,Health,675.12,Approved
502309,107087,2023-05-29,Auto,708.61,Approved
510033,114969,14-03-2026,Auto,638.41,Pending
509449,113724,07/10/2021,Auto,671.17,Approved
506591,117738,11/01/2025,Auto,1027.91,Pending
504458,108870,22-09-2021,Travel,147.18,Approved
507597,113688,2022-08-07,Travel,258.96,Approved
509370,101620,2023-07-07,Life,19725.72,Approved
511481,107469,25/11/2020,Travel,,Approved
513965,119904,2022-01-10,Home,1920.75,Approved
504652,102531,07/03/2020,Auto,2374.52,Approved
506218,100260,09-03-2020,Auto,1889.1,Rejected
500442,107627,25-12-2022,Health,1761.9,Under Review
503415,103930,21/02/2022,Auto,469.61,Pending
509591,103258,12/05/2022,Home,689.48,Under Review
513079,112464,02/10/2022,Home,3367.54,Rejected
511446,119004,2024-08-18,Health,343.78,Approved
509649,119982,17/05/2022,Home,804.99,Approved
511707,116852,12-06-2025,Travel,237.04,Approved
505744,112922,05/29/2020,Home,5041.08,Approved
501054,114815,2022-12-14,Auto,3587.04,Approved
513098,111929,25-03-2022,Home,2834.22,Rejected
503699,106978,2026-07-02,Home,1710.52,Approved
500929,106494,12/05/2022,Auto,1859.2,Under Review
506468,101801,09/02/2022,Auto,773.24,Pending
508767,105246,04-11-2024,Auto,1126.97,Approved
501829,108361,01/31/2025,Auto,1590.18,Pending
511552,103939,12/14/2019,Travel,477.75,Under Review
512159,103700,28-05-2024,Auto,2872.42,Approved
502011,106879,11/01/2025,Auto,3080.82,Approved
500913,118635,03/08/2021,Health,2915.78,Approved
507611,113863,04/18/2019,Life,4805.93,Under Review
512301,117200,27/11/2024,Auto,1587.73,Approved
511507,118527,13/02/2022,Home,1315.7,Approved
502606,116549,04/03/2025,Auto,2624.88,Pending
504928,111965,2023-10-05,Auto,2302.71,Rejected
509783,116649,02/22/2026,Auto,2464.6,Approved
506564,110882,2019-03-01,Health,306.61,Pending
512162,106314,06-11-2019,Auto,2127.81,Approved
500006,100447,02/19/2021,Auto,1133.64,Approved
507835,117572,04/10/2019,Home,2290.1,Approved
506583,116614,04-12-2025,Home,-2202.13,Approved
503361,103223,27-01-2024,Travel,137.61,Approved
510135,113028,2024-05-21,Home,1969.53,Approved
511647,102931,02-12-2019,Life,12439.59,Pending
501635,105449,18-03-2021,Travel,157.4,Pending
501141,115120,14-12-2022,Auto,2121.54,Approved
513053,106823,21/11/2024,Life,18133.61,Pending
500359,101006,03/19/2024,Auto,2719.51,Approved
502070,104411,2026-04-29,Auto,837.55,Rejected
503134,101002,12/22/2021,Home,1983.75,Approved
505160,117702,26/07/2022,Auto,1468.16,Approved
506990,117984,2022-05-21,Home,1963.93,Approved
503243,100959,05/21/2023,Travel,-143.82,Under Review
502242,104450,25-04-2025,Auto,5412.63,Rejected
501474,112520,2022-04-07,Health,,Approved
512842,111381,06/07/2022,Life,12287.52,Approved
510081,115723,11/19/2022,Home,683.49,Approved
503259,111833,10/07/2026,Health,495.65,Pending
510213,109045,2026-02-23,Health,400.64,Rejected
504020,117390,2026-07-30,Auto,1219.37,Approved
513215,118450,31/07/2025,Home,2014.36,Approved
508566,111392,14-01-2019,Auto,888.58,Rejected
503500,111520,2019-01-07,Travel,182.83,Approved
502658,102136,01/04/2022,Auto,625.86,Approved
512635,112641,13/01/2022,Travel,125.0,Approved
501130,112887,2026-07-25,Home,669.95,Approved
513743,114414,28-12-2019,Home,2105.74,Approved
501819,109668,01/07/2026,Home,1634.94,Approved
507461,116962,2019-01-20,Home,2970.24,Approved
511717,107566,03/26/2020,Travel,246.94,Approved
512478,102176,07/15/2021,Home,6080.93,Rejected
512198,119522,01/01/2020,Home,731.4,Approved
507064,114468,2021-06-25,Health,221.89,Under Review
504318,115286,12/29/2020,Auto,5138.43,Under Review
509342,120243,01/26/2022,Travel,581.95,Approved
504669,105267,06/29/2019,Health,253.09,Rejected
509428,101294,2022-03-31,Auto,3308.12,Approved
505476,116412,12/12/2019,Health,145.42,Rejected
514712,115934,09-09-2020,Auto,1141.27,Pending
513123,108461,31-08-2019,Auto,3253.31,Approved
501856,106267,04/26/2020,Life,7231.1,Pending
502282,118744,05/05/2021,Health,5222.7,Approved
513141,115433,12/28/2021,Health,972.73,Approved
504008,114408,2021-09-27,Home,1809.94,Approved
506401,107904,05/09/2024,Life,4035.11,Under Review
501454,112663,04-02-2023,Home,1664.13,Pending
513876,109323,24/05/2019,Home,2500.71,Approved
500386,117509,2026-02-24,Home,2566.76,Rejected
501628,115494,04/11/2020,Life,6331.44,Approved
510906,101940,13/04/2023,Health,6999.54,Under Review
511430,120416,05-01-2021,Health,372.05,Pending
512595,108547,08/13/2021,Auto,993.16,Under Review
513951,113081,19-02-2020,Health,,Under Review
507718,109840,12-01-2024,Auto,4511.05,Approved
511474,110243,01-01-2021,Home,3133.17,Approved
508903,109037,2026-02-06,Health,454.89,Approved
509101,104071,04-03-2023,Health,779.78,Under Review
512952,104249,11/12/2025,Health,394.44,Rejected
510058,120388,03/16/2024,Home,778.55,Approved
501842,109946,08/17/2020,Home,1270.23,Approved
502497,110325,27/12/2025,Life,6647.66,Under Review
500201,117107,26-07-2019,Health,3431.89,Approved
512000,114995,2025-06-17,Home,1218.15,Under Review
503868,107870,2022-03-20,Health,279.57,Pending
505054,104679,16-11-2023,Home,2105.95,Under Review
505889,109389,02/25/2025,Auto,1644.92,Approved
502702,115390,20-02-2023,Health,2826.43,Under Review
507922,115558,2019-12-29,Health,553.3,Pending
500331,101510,09/05/2026,Life,6381.12,Rejected
503808,119525,30/10/2020,Home,6367.31,Approved
500935,111583,20/08/2020,Auto,1857.75,Approved
510651,117211,02/17/2023,Auto,776.3,Approved
501774,120155,12/03/2020,Auto,1655.9,Approved
513985,119152,26-12-2024,Auto,2594.74,Approved
508611,109319,18-01-2022,Home,5199.42,Approved
510878,100901,2023-06-01,Health,882.22,Approved
513686,108783,08/06/2024,Home,3458.76,Under Review
500989,113872,29/03/2026,Home,2575.46,Approved
505443,107017,15/07/2022,Auto,1360.88,Approved
512460,118189,02/11/2021,Life,4740.6,Under Review
506993,117562,31/08/2023,Auto,2026.74,Approved
514303,108472,08/27/2025,Auto,1015.48,Under Review
505806,104098,2023-06-12,Health,531.95,Approved
513072,115177,09/01/2019,Auto,1105.62,Approved
513021,108438,28/04/2020,Travel,338.12,Pending
506574,119614,03-01-2021,Auto,2038.28,Approved
503052,109932,02/04/2019,Auto,617.18,Rejected
512924,119897,25/12/2019,Home,6320.51,Pending
508365,107332,08/12/2023,Life,20146.21,Rejected
504615,120179,16-12-2019,Travel,862.54,Approved
503321,101085,2021-08-16,Auto,1459.67,Approved
513175,109324,16-08-2020,Health,515.44,Under Review
506246,111507,10/18/2023,Life,11595.79,Rejected
506048,106047,06/03/2019,Travel,550.65,Pending
503311,115603,2025-01-04,Home,3215.53,Approved
513305,114828,2019-10-25,Health,744.75,Rejected
511751,105898,05/12/2020,Health,379.96,Approved
514033,111271,2025-06-13,Life,7027.8,Approved
511196,116329,11/06/2019,Auto,1067.13,Approved
508210,106902,07/05/2023,Auto,1027.69,Under Review
503628,108387,2020-06-18,Home,2702.24,Approved
514725,113773,22/09/2020,Life,7117.56,Approved
510366,120480,29-06-2026,Auto,1275.65,Approved
501356,107796,28/03/2026,Life,7905.06,Rejected
505002,101263,2022-12-06,Life,10384.95,Approved
511603,108622,11-12-2023,Auto,1838.66,Approved
505823,105910,2019-03-10,Auto,1392.47,Approved
514217,113703,05/12/2024,Home,1574.0,Approved
505670,119850,03/05/2025,Health,705.88,Rejected
503112,115621,29-03-2025,Health,692.51,Approved
500182,115079,14/01/2022,Travel,627.83,Rejected
513254,118211,2023-03-08,Auto,869.79,Approved
510004,119735,05-01-2023,Health,380.04,Rejected
500855,111887,13/12/2025,Health,347.14,Pending
512602,101519,25/02/2021,Travel,267.73,Approved
504912,111262,10/04/2025,Life,10343.54,Approved
512774,118269,18/07/2025,Auto,7427.45,Pending
501800,119648,2021-05-21,Auto,2172.98,Approved
513849,115152,08/12/2023,Health,191.42,Approved
510621,110490,03/03/2020,Auto,2254.81,Under Review
505482,116773,09/02/2022,Home,2306.47,Approved
512458,110521,12/12/2025,Travel,366.21,Rejected
501968,114438,30-04-2020,Travel,336.8,Approved
512449,108275,04/12/2020,Home,1054.13,Under Review
512170,115641,17-08-2026,Health,2433.05,Rejected
504697,102619,09/05/2023,Health,735.57,Rejected
504987,111576,04/28/2019,Auto,2165.55,Under Review
504650,105908,06/26/2020,Auto,650.48,Approved
501159,106383,14/11/2020,Auto,1088.27,Approved
509405,102208,03/09/2024,Home,5368.88,Under Review
511566,108476,24/09/2025,Life,3340.64,Under Review
501325,113488,03/05/2020,Auto,880.05,Approved
510288,114045,01/18/2023,Health,1587.82,Approved
511748,118605,07/07/2026,Health,-578.57,Approved
504796,110019,09/13/2025,Home,5777.64,Approved
506796,103628,2025-11-28,Travel,452.02,Approved
505808,108191,2020-03-31,Travel,576.35,Approved
514761,112990,22-06-2026,Health,872.13,Approved
501455,106506,02/09/2019,Travel,198.67,Approved
505410,118843,07/07/2023,Life,7611.49,Rejected
508333,100873,05/08/2021,Auto,3004.68,Rejected
502800,109376,23-06-2025,Life,4994.7,Approved
509836,117810,07/28/2023,Home,2345.56,Rejected
510332,100723,2022-07-16,Home,8041.19,Approved
507616,116148,17-09-2020,Health,674.49,Approved
513391,102665,06/27/2024,Health,242.9,Rejected
507815,114529,09/04/2023,Health,260.13,Under Review
504378,105834,08-05-2021,Health,443.27,Under Review
508921,112098,09/18/2025,Home,1592.93,Approved
511878,116895,2021-04-18,Home,2350.71,Under Review
506716,105134,30-06-2023,Home,1336.27,Approved
510128,116463,28-04-2019,Auto,1327.39,Approved
503736,115100,06/08/2021,Life,,Approved
502261,110212,12-03-2023,Home,1598.52,Rejected
507429,102284,2025-09-05,Health,417.59,Approved
504005,103550,06/19/2020,Health,293.5,Approved
509302,112061,2022-06-21,Auto,-8237.91,Pending
513433,101125,27/09/2019,Auto,-539.34,Approved
511190,105599,05/06/2023,Home,4959.76,Approved
502394,111354,2022-04-11,Health,794.34,Approved
501185,115316,29/06/2024,Health,252.24,Approved
502007,107665,2025-04-22,Auto,3677.49,Approved
500193,119661,06/05/2025,Auto,2093.92,Approved
513324,101638,2021-12-08,Auto,1027.91,Approved
508770,119924,23/01/2021,Home,6067.17,Approved
505525,110289,07/23/2025,Health,1121.33,Approved
500771,108188,2021-04-01,Travel,259.74,Rejected
510587,120287,10/29/2025,Auto,1222.49,Under Review
501478,116553,30/04/2024,Home,1695.44,Rejected
501846,114371,11/08/2023,Auto,889.34,Approved
503740,112646,2026-08-26,Auto,4613.44,Rejected
514295,117055,30-09-2024,Life,6756.7,Approved
507986,116712,04/08/2023,Home,3468.02,Pending
500405,103429,2021-08-10,Auto,946.38,Pending
514267,105126,2023-07-07,Auto,3214.1,Approved
510265,106085,14-04-2025,Auto,871.27,Under Review
510088,109612,11/10/2019,Travel,449.48,Pending
512789,104652,05/05/2020,Home,2015.72,Approved
506317,117927,2021-12-19,Life,3366.67,Approved
506581,116909,24-12-2022,Auto,3273.91,Approved
510571,101820,25-11-2024,Auto,2733.41,Approved
501447,105225,21/11/2024,Life,10476.49,Rejected
500342,102856,03/27/2026,Auto,1074.11,Approved
507468,109910,2024-07-20,Home,1872.51,Approved
510719,102716,21/05/2020,Health,1632.56,Rejected
500727,109326,2022-07-04,Travel,444.38,Approved
504577,118788,10-01-2020,Home,2611.78,Approved
509168,104228,02-12-2019,Health,1640.1,Rejected
509250,109479,05/12/2024,Life,10954.85,Approved
503516,113685,14/08/2020,Home,4343.09,Approved
513304,114828,2026-07-23,Auto,2666.9,Approved
512054,112638,20/09/2021,Life,12407.71,Approved
507156,105430,01/04/2020,Auto,1142.91,Approved
507851,109291,12/21/2020,Travel,148.09,Approved
510178,115062,2025-01-06,Home,865.19,Approved
509491,105192,26-10-2022,Home,1377.54,Under Review
501348,109755,25/08/2023,Home,4133.15,Approved
500660,101805,20-05-2023,Health,1368.15,Approved
501492,120384,14-02-2026,Health,692.1,Rejected
512735,112869,12/20/2020,Health,552.45,Approved
512754,105004,14/07/2025,Auto,5701.36,Approved
505154,104147,11-07-2026,Auto,4759.94,Under Review
510507,116192,19-07-2021,Health,1311.53,Rejected
509885,117673,2020-03-04,Health,2025.13,Under Review
514330,104637,21/03/2025,Auto,1452.36,Rejected
509277,119806,31-10-2025,Health,1127.86,Approved
502524,107403,2025-07-31,Home,3479.97,Approved
511504,105929,2022-05-19,Home,3512.13,Pending
512669,102780,19/01/2026,Auto,3346.21,Rejected
505374,114134,06-11-2021,Travel,494.94,Pending
503198,107563,23-01-2024,Life,-8774.38,Under Review
505717,102304,11/03/2025,Life,6141.5,Rejected
511374,114629,21-01-2019,Life,6439.37,Under Review
513616,104648,04/16/2025,Home,-1832.05,Under Review
512286,105039,2020-04-23,Auto,3763.81,Rejected
508259,108736,06/29/2019,Home,1694.3,Pending
512013,117375,08/28/2021,Health,1083.9,Approved
500040,106316,10/23/2020,Health,789.33,Under Review
510461,110833,2020-06-06,Travel,,Approved
513152,114082,10/24/2019,Travel,344.55,Approved
511571,101404,2021-06-28,Life,8580.9,Under Review
513225,114215,2025-01-01,Travel,327.27,Under Review
506816,102470,05/03/2022,Auto,3161.94,Approved
510559,110771,28-12-2025,Auto,-1372.51,Approved
511477,108532,05/30/2020,Auto,1027.67,Under Review
512190,114453,05/10/2022,Life,6344.76,Pending
510704,103624,03/09/2020,Auto,628.58,Pending
502723,116528,05/08/2022,Auto,2362.38,Approved
513745,117070,09/04/2022,Auto,1435.94,Rejected
512823,103500,10-10-2019,Auto,853.03,Approved
509335,110321,2021-10-23,Health,620.36,Approved
514558,118225,26/01/2020,Auto,1340.89,Approved
507155,105430,02/27/2019,Health,1518.65,Approved
513312,101549,06/09/2024,Health,1377.16,Approved
513798,109903,20-11-2022,Auto,746.97,Approved
511733,108869,2023-02-23,Travel,1066.52,Under Review
507230,116098,2023-10-13,Home,4746.98,Approved
510412,109533,07/04/2019,Health,249.08,Approved
505075,105422,2020-10-31,Auto,1562.38,Approved
510523,118494,03-01-2021,Life,8293.22,Approved
507880,101186,04/06/2023,Travel,488.44,Approved
505394,118640,07/11/2024,Home,5014.75,Approved
509641,114632,01/12/2023,Home,1991.51,Rejected
512791,109591,23/06/2019,Home,1787.62,Pending
507789,108431,21/03/2024,Auto,2055.55,Approved
513974,112875,22-11-2025,Auto,1277.27,Approved
504088,117893,2025-05-06,Auto,2565.39,Approved
501967,114438,06/20/2019,Life,5576.64,Approved
513450,100987,04-04-2019,Auto,2221.41,Rejected
513174,109324,15/01/2025,Health,1006.26,Approved
514351,108580,06/24/2024,Life,8244.94,Rejected
506999,104549,2019-02-21,Life,7147.44,Approved
500423,100208,19-03-2019,Auto,1251.05,Approved
513870,120476,24/04/2019,Auto,1145.85,Approved
510096,116788,25/01/2023,Auto,3281.05,Under Review
514221,105560,2021-12-09,Travel,208.62,Under Review
512826,107461,23-01-2022,Auto,1086.44,Approved
506142,106615,28-06-2023,Auto,432.63,Under Review
505661,116483,19-02-2020,Auto,927.79,Rejected
509031,116479,10/09/2021,Life,5238.42,Pending
504596,101370,2023-02-08,Health,537.72,Approved
502659,108046,10/05/2022,Health,358.51,Approved
500141,114914,22/02/2020,Auto,850.67,Approved
502597,116501,22-10-2024,Travel,552.6,Pending
506701,109760,2022-12-23,Auto,1149.99,Approved
501377,117387,04/07/2023,Health,1259.84,Approved
503674,108896,27/06/2023,Health,-710.99,Pending
509658,110121,10-12-2020,Auto,2225.38,Approved
514801,111284,2022-05-20,Auto,2627.89,Approved
506362,106395,19-02-2020,Home,,Approved
514013,106150,2021-03-01,Health,993.59,Approved
504741,113901,29/04/2019,Health,223.67,Approved
501138,113138,06/12/2023,Health,1514.93,Pending
510449,115965,25-11-2023,Auto,2636.45,Approved
507374,114103,04/16/2022,Home,2068.44,Under Review
501787,118190,2026-03-12,Home,3654.54,Under Review
511997,105021,13-03-2019,Health,301.02,Approved
504646,109393,09/10/2021,Life,14797.54,Approved
507568,113243,02/19/2026,Home,1975.98,Under Review
500459,107791,2024-04-20,Auto,2346.09,Under Review
506115,119241,08-03-2019,Travel,193.35,Approved
508179,114107,2022-02-11,Health,-627.44,Approved
500948,116911,24-04-2026,Travel,284.15,Rejected
509528,100524,11/05/2021,Health,594.17,Approved
506370,119655,03-09-2023,Life,5281.15,Approved
504628,120369,04-04-2022,Travel,223.2,Approved
507358,101329,24/03/2022,Auto,1493.08,Under Review
505925,116095,2026-02-02,Home,2855.06,Rejected
506040,118881,09/02/2020,Travel,478.91,Under Review
500441,104074,11/01/2021,Travel,265.37,Approved
506659,112964,2020-09-27,Life,4255.13,Approved
509794,100678,23-02-2025,Home,2143.79,Under Review
510430,104522,2019-01-06,Travel,457.5,Pending
508831,109957,13/11/2020,Auto,1381.93,Approved
509046,116102,10/30/2022,Health,686.12,Approved
503830,116582,04/11/2022,Travel,221.08,Rejected
514058,119097,20-11-2025,Home,,Approved
506144,106299,02/15/2023,Auto,946.79,Rejected
513546,115577,2024-03-29,Life,4825.85,Approved
506344,117093,04/29/2022,Health,309.75,Pending
512399,103664,14/10/2019,Travel,935.81,Approved
501958,104069,2024-12-24,Health,797.47,Approved
509262,113307,07/03/2026,Travel,354.37,Approved
500155,103733,28-06-2026,Home,1844.72,Approved
510487,111360,2025-11-02,Home,2885.96,Pending
511899,117314,20/03/2022,Health,269.24,Approved
504578,118788,06/13/2025,Travel,269.44,Rejected
501089,116516,2019-01-25,Auto,1417.27,Under Review
506049,102957,2019-04-29,Auto,4595.7,Approved
511132,119891,08/15/2024,Home,1338.79,Under Review
513702,113547,02/04/2021,Health,462.9,Approved
509122,103071,03/04/2019,Travel,435.99,Approved
507950,119484,13-03-2020,Auto,1380.36,Rejected
511101,109739,30-05-2019,Travel,310.85,Approved
501674,100450,26-01-2025,Auto,1207.8,Rejected
506763,118328,03/07/2026,Life,8630.89,Approved
512525,101072,2025-08-08,Auto,1703.59,Approved
506416,112591,03-02-2026,Travel,329.25,Approved
514302,108472,09/19/2025,Home,3351.2,Rejected
511439,114209,11/18/2024,Life,7486.88,Approved
502326,116864,27/07/2019,Life,7519.61,Approved
507096,120485,01-09-2021,Auto,1757.6,Under Review
512844,112497,2023-01-09,Home,1909.24,Approved
511749,118605,2024-03-02,Life,9141.16,Pending
506450,100839,05/02/2025,Home,3246.98,Approved
513893,103294,2022-09-17,Auto,1609.92,Rejected
501715,111830,2025-01-30,Life,10778.05,Under Review
509890,105497,23/02/2024,Auto,1409.25,Approved
509172,102544,09/09/2025,Health,754.55,Approved
508381,107740,18/11/2023,Home,1527.87,Approved
509433,102000,27-05-2023,Health,1346.44,Approved
503831,116582,2021-04-25,Auto,1429.75,Pending
506299,109459,2021-01-04,Health,124.35,Rejected
503348,112310,15/03/2024,Travel,-1318.38,Under Review
514240,117260,29/02/2024,Travel,357.89,Rejected
509177,110871,2022-06-08,Home,2385.99,Approved
510013,116791,15-08-2022,Auto,544.01,Rejected
500587,119125,03/18/2026,Auto,1803.47,Rejected
509346,117594,2025-06-07,Life,8623.29,Approved
510964,118063,2025-07-04,Health,678.71,Pending
514244,112910,18/09/2020,Auto,1617.42,Approved
510091,103044,06/02/2020,Life,21283.13,Under Review
502990,118721,05-07-2021,Travel,406.73,Rejected
513891,119426,01/21/2025,Home,745.85,Approved
511800,110988,07-04-2024,Life,-6354.03,Pending
513274,116749,15-07-2024,Auto,1865.01,Approved
509587,120162,26/10/2021,Auto,1456.56,Rejected
500264,114575,2019-09-19,Travel,2314.79,Approved
511784,100627,20/02/2021,Health,1402.58,Approved
506788,113691,25-07-2025,Auto,1867.01,Under Review
514265,105122,02/02/2024,Auto,2473.83,Approved
512732,118248,17-09-2023,Travel,365.02,Approved
510131,102880,2024-04-07,Auto,962.22,Approved
503864,116254,18/11/2025,Auto,278.61,Rejected
510435,119576,01/31/2019,Travel,735.46,Approved
510592,111703,2021-02-02,Health,1827.46,Under Review
506274,104215,2024-03-31,Home,5423.62,Approved
512983,104628,2021-07-16,Auto,-2541.06,Pending
514660,115708,08/12/2026,Auto,1453.28,Approved
503711,101276,06/14/2026,Auto,2529.92,Rejected
508438,110416,2019-07-10,Travel,217.79,Rejected
509786,105281,21-05-2021,Health,488.19,Approved
501529,116851,09/27/2023,Health,1289.33,Approved
513463,103225,10/05/2025,Auto,1020.56,Approved
500923,100655,01/16/2019,Auto,-989.49,Pending
511727,102462,2020-07-31,Auto,503.36,Under Review
507329,117256,01/06/2023,Health,1305.93,Pending
504364,101352,2019-06-21,Health,660.28,Approved
500669,119917,08/01/2022,Travel,201.83,Approved
503604,103234,2022-05-27,Home,3156.79,Under Review
505108,103299,19-10-2022,Travel,245.48,Approved
510102,106022,31-05-2021,Home,11317.15,Rejected
514284,112394,23/01/2020,Home,938.77,Rejected
505248,116313,08/17/2021,Life,8864.12,Approved
507183,106572,26-10-2024,Travel,438.67,Rejected
510888,119272,05-08-2021,Auto,657.07,Approved
502591,105610,30-01-2019,Auto,1178.66,Approved
505906,108709,16/01/2019,Life,7237.09,Approved
509973,104022,21-06-2025,Health,240.76,Pending
506509,112885,08/03/2026,Home,3083.5,Approved
511205,103957,2023-04-04,Home,1165.78,Approved
507133,112086,27-04-2023,Travel,290.47,Rejected
502307,115238,27-07-2020,Health,718.49,Pending
508804,100209,2019-12-04,Auto,1884.7,Under Review
503690,113660,2025-06-13,Auto,644.15,Approved
500687,118045,2026-06-15,Auto,-814.36,Rejected
500612,120166,11/10/2021,Auto,4677.92,Rejected
507167,119975,2020-04-07,Auto,1431.13,Approved
512104,115935,07-01-2024,Auto,1525.74,Approved
503200,105081,11/16/2024,Auto,3675.46,Approved
510459,101203,2024-08-11,Auto,,Rejected
511168,100506,12/05/2019,Home,3871.23,Approved
506629,105614,31/03/2022,Life,6558.63,Rejected
504135,114328,15-12-2022,Health,1048.82,Rejected
501898,115267,01/28/2024,Auto,3758.2,Pending
500282,117706,2024-02-15,Auto,1863.04,Under Review
500258,119260,05/27/2021,Auto,915.17,Approved
511116,100692,2024-10-18,Life,6357.19,Rejected
514108,102443,2021-11-29,Life,7035.28,Approved
504943,100461,09/28/2020,Health,1909.53,Approved
502822,103204,26/07/2023,Auto,1171.84,Approved
511531,106382,05-09-2021,Home,2906.32,Under Review
503525,107459,05/11/2024,Auto,1212.0,Pending
514450,104846,29-10-2023,Health,1157.38,Approved
505223,114667,2023-04-19,Travel,295.64,Approved
502285,117382,10/23/2024,Auto,2570.12,Rejected
506063,111304,11/05/2024,Auto,,Approved
508078,120464,2019-11-26,Home,462.28,Rejected
504654,103322,04-07-2026,Auto,1218.34,Approved
505000,104665,14-11-2019,Travel,488.51,Under Review
506710,111571,12/24/2022,Home,3330.89,Approved
513957,120274,21/01/2020,Auto,637.72,Approved
508676,103370,06/21/2024,Home,10059.44,Approved
510403,120320,06/07/2024,Travel,452.04,Approved
505416,104257,2019-01-31,Life,3912.79,Approved
500475,106286,08-03-2020,Health,679.22,Approved
502555,107484,29-04-2024,Travel,204.02,Approved
508087,117860,02/05/2024,Health,317.65,Approved
500007,116790,04-12-2019,Auto,2677.4,Approved
506411,119783,07/08/2023,Travel,394.76,Under Review
513713,103380,2025-09-30,Home,9656.85,Approved
513342,108734,08/05/2026,Auto,1599.07,Rejected
505546,110044,27/11/2019,Life,31889.49,Approved
502426,120120,08-01-2020,Auto,3855.36,Rejected
506744,118580,2021-07-31,Home,1309.57,Approved
510006,119277,04/07/2020,Health,1193.38,Approved
514405,120264,11/04/2021,Auto,1349.06,Approved
502274,116507,2025-12-29,Health,2692.16,Rejected
509203,113309,2022-04-30,Home,3861.26,Pending
501577,117357,05-06-2024,Home,4484.94,Approved
507264,102018,2024-03-15,Travel,298.4,Rejected
509259,113307,10/05/2023,Auto,1027.16,Under Review
510183,117269,14/03/2023,Auto,1979.65,Approved
503970,109705,19/11/2024,Home,2626.7,Under Review
505879,100063,08/07/2022,Health,2349.84,Approved
512587,103841,2026-02-27,Auto,1461.62,Approved
513962,119904,21/10/2019,Auto,680.15,Under Review
507193,120310,12-07-2022,Health,1460.44,Approved
503867,114797,20-10-2021,Travel,359.77,Rejected
514095,105959,24-11-2020,Life,9426.31,Approved
506823,119287,12/03/2020,Auto,1427.39,Approved
511240,114775,2024-10-06,Travel,351.14,Under Review
507548,119838,17/04/2019,Health,1070.33,Approved
500781,117276,23-01-2020,Life,5800.1,Approved
514726,108110,2021-12-27,Life,-10240.86,Approved
501749,107451,03-06-2026,Home,2200.28,Pending
510983,107876,28/01/2019,Health,1840.64,Pending
506519,113181,07-05-2022,Travel,-96.39,Approved
505774,115827,01/26/2025,Travel,563.61,Rejected
509283,118748,20-09-2021,Auto,1371.21,Rejected
509369,113072,31-10-2020,Life,6639.79,Approved
502324,115869,2025-05-15,Auto,423.71,Pending
510271,106666,23-12-2019,Life,11319.93,Pending
505055,103904,28-10-2020,Home,2856.52,Approved
510800,119384,07/11/2022,Home,1024.78,Approved
513494,106894,10/29/2025,Travel,438.83,Rejected
510482,112678,02/12/2023,Auto,622.94,Under Review
501727,114651,28/09/2019,Home,1820.16,Approved
500610,117795,10/01/2023,Auto,2375.44,Approved
504666,109391,22-12-2022,Auto,3631.32,Approved
505413,104990,30-01-2021,Auto,2209.18,Approved
508103,102399,2022-08-14,Auto,2984.16,Approved
508174,115085,01/29/2024,Auto,-728.09,Approved
508535,109761,08/21/2023,Health,680.1,Approved
511349,104651,06/03/2025,Auto,1277.26,Rejected
503750,103851,26-05-2022,Life,7653.82,Approved
511407,105807,03/22/2023,Health,506.25,Rejected
500097,112376,18/09/2022,Travel,332.83,Approved
506985,101249,12-02-2025,Health,1629.41,Rejected
503137,113443,06/30/2026,Auto,3163.01,Approved
501537,110489,08/12/2024,Auto,950.77,Approved
503648,106132,2019-06-17,Auto,1028.28,Approved
513295,107394,08/05/2020,Auto,3614.5,Under Review
501517,111223,2021-07-27,Auto,881.15,Approved
513993,107083,11/06/2024,Health,1015.35,Pending
504624,101766,2023-12-26,Auto,2099.51,Approved
506566,100979,19-04-2019,Home,1451.73,Approved
502090,102727,2025-07-25,Health,3413.3,Approved
507097,114952,16/11/2024,Auto,1848.5,Pending
506171,103469,02-07-2024,Home,6219.11,Approved
507521,102576,01-08-2020,Auto,847.23,Approved
500572,105332,2021-04-22,Home,1935.37,Under Review
514235,101605,12-08-2020,Health,378.14,Approved
513576,102289,2021-02-20,Life,7468.02,Approved
503062,100483,02/06/2022,Home,1943.31,Under Review
500597,112157,2019-08-13,Life,7075.66,Pending
506633,103116,04-08-2019,Auto,748.98,Approved
514112,119872,08/22/2023,Home,1262.4,Approved
507875,104830,17-09-2019,Home,1815.99,Approved
507345,116708,24/09/2019,Home,5170.79,Approved
506304,117585,2022-10-17,Life,7197.66,Approved
512007,104627,21/11/2023,Travel,138.06,Under Review
514132,106359,30/01/2026,Auto,846.79,Pending
512204,119885,2023-03-19,Life,6058.84,Rejected
505976,111899,07/07/2024,Health,-656.15,Approved
508562,112064,11/23/2019,Life,4973.21,Pending
501938,111947,2026-04-05,Auto,1255.87,Approved
512550,106614,19-04-2020,Home,2307.41,Approved
508100,104640,10/20/2024,Auto,564.25,Approved
501753,104779,25-10-2023,Auto,724.04,Rejected
503670,117883,10/27/2020,Travel,365.37,Approved
512632,103167,2021-07-14,Life,14487.24,Under Review
502361,118398,2023-07-07,Home,884.27,Approved
504260,116139,15-02-2019,Auto,895.38,Approved
505432,103953,2023-01-17,Auto,1165.3,Approved
506285,100825,01/08/2022,Health,777.26,Pending
511762,101008,26/08/2022,Auto,3465.88,Approved
514168,119282,09/19/2019,Auto,4060.15,Rejected
514078,101854,10/17/2022,Health,1577.93,Approved
512799,108767,23-03-2023,Home,8224.68,Approved
512387,108560,04/04/2023,Auto,2342.48,Approved
505591,114402,2026-04-19,Life,7655.54,Approved
501171,111453,2024-11-23,Health,362.13,Pending
507927,114123,2025-03-13,Auto,667.99,Rejected
512026,118741,15/02/2021,Auto,1478.88,Approved
509614,116135,01/16/2021,Home,1371.7,Rejected
511333,113666,11/22/2019,Health,,Rejected
513994,101279,06/01/2023,Life,6469.3,Approved
512085,104251,23-08-2024,Auto,4252.36,Rejected
513711,113997,15-08-2020,Home,589.08,Approved
500874,109568,31-03-2023,Auto,1752.24,Approved
502297,103256,06/10/2023,Auto,1782.6,Rejected
514214,115385,2022-01-05,Home,6047.12,Approved
502643,108891,2021-09-15,Health,904.93,Under Review
513871,115775,28-02-2025,Travel,558.32,Under Review
505347,100289,30/04/2019,Auto,3404.95,Approved
509032,102233,12/09/2025,Travel,516.32,Approved
503562,117049,08/05/2020,Auto,1803.87,Rejected
500581,108203,10-12-2021,Travel,220.94,Approved
500204,118319,2022-05-16,Auto,3556.21,Rejected
507896,108221,03/18/2024,Auto,3936.17,Approved
509833,105670,21-11-2023,Travel,478.59,Rejected
502014,118930,13-05-2019,Life,13543.22,Approved
511445,119004,25-02-2022,Travel,537.83,Approved
511663,109170,2024-06-10,Auto,2501.45,Pending
500905,100031,24/09/2025,Auto,918.22,Rejected
500631,119251,04/02/2024,Health,1496.7,Approved
508461,114904,2022-11-22,Travel,534.59,Approved
512461,102871,17-04-2025,Auto,3101.82,Approved
501974,110579,07/29/2025,Health,1572.12,Approved
500162,103609,01/16/2019,Health,633.52,Rejected
504998,119394,25/01/2019,Auto,1090.5,Approved
512320,116193,03/10/2026,Auto,2418.49,Under Review
509557,113723,01-07-2022,Travel,466.16,Approved
513100,118492,06/07/2023,Travel,524.48,Approved
504713,116121,05-08-2024,Auto,2357.51,Approved
509067,106860,02-04-2021,Home,8023.97,Approved
501431,105866,07/21/2022,Auto,2356.95,Approved
506868,103897,02/22/2025,Auto,741.59,Rejected
513673,116369,15/02/2025,Health,347.74,Approved
507710,103811,15/09/2020,Auto,1039.29,Rejected
507736,104183,07/11/2023,Travel,180.42,Under Review
504283,107198,21/01/2023,Health,1205.99,Rejected
507531,117056,2026-08-27,Auto,6102.16,Approved
511885,115588,05-09-2023,Auto,2570.82,Pending
511048,109081,30-01-2025,Auto,1337.42,Rejected
510053,111957,06/22/2026,Auto,1098.25,Approved
510851,109856,2022-03-09,Travel,467.92,Rejected
503384,110705,05-05-2021,Home,4469.9,Approved
514306,112647,20/01/2022,Home,7068.58,Approved
512193,115093,08/29/2021,Auto,377.48,Under Review
512459,110521,23/09/2023,Life,7528.49,Approved
507462,103409,01/02/2021,Home,2163.83,Rejected
503331,105165,18-10-2020,Health,2693.28,Approved
514266,105122,14/02/2019,Home,2140.37,Approved
510595,117201,2020-03-16,Home,2498.77,Rejected
506404,107039,14-12-2022,Auto,2812.25,Pending
508895,107262,16/07/2024,Auto,1947.02,Approved
502096,107801,25-11-2025,Home,-768.29,Approved
510195,107557,18-01-2024,Auto,1698.78,Approved
512554,101102,07-03-2022,Health,1957.19,Under Review
507999,101379,30/11/2019,Home,2290.88,Rejected
505017,108192,14/02/2026,Travel,398.94,Approved
508738,118283,02/28/2020,Life,5930.84,Rejected
501449,105862,13/05/2020,Health,324.98,Pending
506900,113658,03/26/2023,Health,632.85,Approved
502610,100584,11/04/2025,Auto,2360.21,Rejected
501900,116005,09/18/2020,Auto,2221.54,Rejected
508186,117766,01/09/2023,Auto,2072.12,Approved
503920,116886,2023-12-28,Travel,519.32,Rejected
502757,112543,28/02/2025,Health,733.28,Pending
506397,104558,04/11/2025,Home,1095.72,Approved
510077,115900,01/01/2022,Health,2694.03,Approved
512965,102597,2025-10-29,Home,1681.72,Approved
502097,107801,01-02-2024,Life,19477.24,Approved
508329,111270,2022-08-26,Auto,1654.51,Pending
514144,109446,08/14/2024,Health,322.24,Approved
505624,116635,2021-09-03,Life,-10583.36,Under Review
509028,105559,06/11/2023,Health,789.43,Pending
503471,115814,08/05/2021,Health,-2135.68,Approved
508266,112406,03-06-2021,Home,1952.78,Approved
502171,107660,2020-09-21,Health,1313.49,Rejected
513812,110874,28/06/2020,Auto,981.39,Approved
513742,113025,06/08/2020,Life,12497.49,Rejected
508590,110284,05-08-2021,Life,24841.49,Under Review
502010,106879,07/05/2021,Home,3218.19,Approved
514645,118343,2024-01-16,Auto,1483.31,Approved
501283,111917,11/05/2022,Home,783.39,Approved
512750,111927,2019-06-12,Auto,4303.91,Approved
510028,106520,08/26/2021,Home,3091.45,Approved
514367,113456,08/18/2021,Auto,1366.61,Rejected
501019,113093,05/07/2021,Health,1078.18,Approved
509518,108391,23/01/2020,Auto,2053.0,Approved
511002,102936,07/05/2026,Health,895.3,Pending
508667,113099,2019-09-19,Auto,1383.24,Approved
502810,107221,27/09/2023,Auto,3544.52,Under Review
513762,102382,02/25/2021,Auto,1439.1,Approved
501651,112011,04-08-2026,Auto,1681.75,Approved
514388,119708,05/05/2024,Auto,450.05,Approved
501169,103351,2025-10-06,Auto,276.96,Under Review
510720,113638,03-06-2019,Auto,1149.37,Rejected
509398,110737,08-05-2026,Home,5121.9,Rejected
506256,110936,2022-03-14,Health,1554.66,Approved
505469,105270,11/15/2023,Health,1106.89,Pending
513062,105055,13/10/2023,Travel,233.27,Under Review
510258,107670,11/08/2021,Life,11238.23,Approved
500867,116334,21-07-2024,Travel,400.71,Rejected
511166,115540,21/02/2025,Auto,4262.02,Approved
505093,106930,27/06/2026,Home,14325.59,Pending
505433,103953,19/06/2021,Health,2092.99,Approved
500541,112359,2024-08-21,Auto,247.02,Approved
509324,111224,14-12-2024,Home,10533.31,Approved
514713,115934,05/09/2023,Auto,1091.13,Approved
506354,108408,2023-12-11,Auto,1356.99,Under Review
514080,119414,10/03/2019,Auto,2459.5,Under Review
503390,104974,04/12/2020,Travel,282.19,Rejected
511154,113107,01/08/2023,Auto,726.36,Rejected
511451,104042,2021-07-30,Auto,3058.49,Approved
512010,101319,10/23/2021,Life,7800.21,Pending
514134,106359,2020-09-26,Life,13944.45,Pending
510775,102933,31/01/2024,Life,9235.41,Pending
511005,108611,08/31/2026,Home,6335.07,Approved
503959,105597,30-06-2025,Auto,805.46,Approved
513872,115775,04/07/2022,Home,1075.67,Approved
506643,119328,26/04/2023,Home,5215.74,Approved
506841,107248,2021-08-07,Health,493.21,Approved
514048,107311,27/09/2021,Auto,748.35,Rejected
503586,104693,05/28/2022,Health,2804.53,Approved
512064,102735,30/01/2024,Auto,5111.05,Rejected
502563,106405,01/04/2021,Home,,Approved
510822,111472,05/06/2024,Health,514.86,Rejected
513335,110145,09/01/2026,Health,2665.77,Approved
511900,110165,25-04-2021,Auto,954.69,Pending
505036,110961,2019-08-27,Health,425.34,Rejected
501080,114254,06/08/2024,Health,627.38,Under Review
505891,114497,03-08-2019,Auto,594.75,Rejected
510277,100815,2020-09-16,Auto,2843.39,Approved
510644,106768,20-02-2019,Travel,361.86,Approved
504966,106027,03/10/2019,Home,3465.1,Rejected
502023,111655,12/12/2025,Health,787.38,Under Review
513447,109160,2024-07-28,Travel,205.39,Pending
507909,104053,07/21/2023,Health,405.28,Pending
513052,106823,11/19/2020,Health,547.38,Approved
507321,106973,01/10/2019,Health,314.64,Under Review
500226,110146,09/05/2019,Health,343.2,Approved
501013,115989,18/04/2019,Auto,1028.11,Approved
501929,105763,15/03/2019,Auto,2436.05,Under Review
512534,115384,19/09/2021,Home,787.92,Rejected
505251,104029,2019-05-05,Travel,,Rejected
509596,110367,2023-10-08,Travel,142.58,Pending
502179,116000,2021-12-26,Home,3926.13,Rejected
500697,108799,18/04/2023,Health,3607.52,Rejected
501124,111320,24-07-2024,Home,10512.47,Rejected
507378,107978,06/07/2019,Auto,1713.47,Approved
512251,107352,22/03/2023,Home,,Rejected
505110,112267,2023-11-21,Home,-2616.65,Under Review
507902,102922,02/05/2022,Home,1619.42,Approved
501778,101396,22/03/2022,Home,1598.99,Under Review
513674,118093,2024-04-28,Home,1684.16,Approved
502634,114439,05/06/2022,Health,,Approved
507544,109433,15-07-2026,Health,2602.2,Under Review
507604,107309,17-02-2019,Life,5879.43,Rejected
503489,112077,2020-04-21,Auto,-658.13,Under Review
501037,104548,23-08-2024,Auto,2887.56,Rejected
510448,114130,12-06-2025,Travel,270.0,Approved
512205,119885,25-11-2024,Travel,599.34,Approved
512770,109493,06-06-2026,Health,492.94,Approved
508505,113229,2021-12-06,Auto,2871.94,Approved
502649,102498,2020-03-13,Health,163.59,Under Review
510473,114201,01/22/2024,Health,529.07,Approved
502979,100542,2022-08-16,Auto,797.43,Approved
502547,109249,2023-09-30,Auto,748.05,Approved
505132,105838,2020-03-24,Life,4990.44,Under Review
502159,117358,2025-08-22,Home,2817.61,Under Review
511329,108976,05/25/2024,Auto,735.21,Approved
509114,114528,2024-08-31,Home,2787.75,Pending
506445,116187,03-11-2021,Auto,1140.99,Pending
503967,101206,2025-09-17,Auto,2910.43,Under Review
501428,112290,01/20/2021,Health,312.09,Rejected
512576,110343,20/11/2024,Auto,2568.86,Rejected
502520,112202,10/08/2021,Home,1951.28,Approved
511946,113757,17-10-2023,Travel,113.63,Approved
508033,102130,22/09/2022,Travel,131.09,Approved
513700,119744,09-01-2019,Health,2629.83,Under Review
514477,116048,07-02-2026,Life,9177.88,Rejected
514765,107989,10/04/2024,Health,619.0,Pending
500448,112904,2021-07-08,Auto,1667.02,Pending
512689,110207,19-03-2019,Travel,520.52,Approved
509476,100947,09/02/2025,Health,405.69,Approved
505995,108489,16-04-2019,Auto,3923.1,Approved
511995,106582,2025-07-15,Home,2488.74,Under Review
503727,101255,26/08/2025,Auto,3042.57,Approved
507353,111816,2026-07-02,Travel,681.38,Approved
508553,102488,03-10-2022,Auto,1106.93,Approved
506279,113978,05/25/2019,Travel,209.04,Approved
513376,118792,2026-01-01,Auto,2123.94,Rejected
507295,111804,07/15/2024,Home,1364.94,Rejected
509496,117136,24-07-2023,Home,2836.15,Rejected
506251,108621,26/04/2021,Auto,548.41,Approved
505926,120372,21/09/2025,Home,5061.02,Approved
502460,108678,2026-01-17,Health,616.38,Rejected
500022,111793,08/26/2023,Home,3479.22,Approved
502066,112833,2024-02-15,Health,1759.74,Approved
501653,112011,24/05/2021,Travel,162.53,Rejected
508894,107262,2020-04-20,Travel,494.55,Approved
508706,103641,06/30/2024,Health,1161.5,Approved
510935,101191,11/12/2019,Home,2708.12,Pending
501376,116765,05-04-2026,Home,4395.04,Approved
501724,117123,09-01-2025,Auto,1157.72,Approved
510660,119403,10-06-2026,Health,963.07,Pending
503754,118419,22/04/2021,Auto,1465.21,Approved
510517,120093,05-04-2021,Life,28571.9,Under Review
508652,116643,2025-03-20,Life,8821.29,Rejected
504183,106969,04-11-2019,Auto,1156.69,Pending
504082,112831,24-08-2020,Home,2536.67,Pending
509678,108919,27/09/2025,Home,1776.65,Approved
508474,107320,30-11-2020,Health,1116.71,Under Review
506579,100949,2022-02-03,Health,502.26,Approved
504558,105632,07/09/2025,Home,1544.17,Approved
503537,119772,15-05-2026,Auto,1475.62,Approved
507003,100264,2022-08-30,Auto,1296.79,Approved
510773,109407,16/01/2024,Health,489.06,Approved
509560,110362,06/14/2020,Auto,1279.57,Approved
514175,105951,22-04-2020,Home,2476.33,Rejected
512290,104017,28/04/2025,Auto,3475.64,Rejected
508789,117393,22/06/2026,Auto,3203.72,Under Review
509951,107865,2024-02-17,Home,2254.09,Approved
500646,111963,09-11-2024,Life,-6758.29,Rejected
506381,110108,09/08/2020,Health,371.86,Pending
507527,109001,01/09/2022,Health,2053.85,Approved
513946,115507,20-04-2022,Home,3418.43,Approved
512405,107263,2025-08-04,Health,779.66,Approved
507165,115411,2020-12-01,Life,9794.13,Rejected
511660,116577,2026-03-29,Travel,329.3,Pending
514604,116609,10/02/2020,Health,1395.11,Approved
507697,101298,18/04/2025,Auto,2711.2,Approved
511182,108982,07/29/2019,Home,5114.31,Rejected
514076,111694,2021-04-14,Home,3123.99,Approved
504875,113771,17-06-2025,Auto,1391.74,Approved
510736,117777,07-01-2021,Auto,793.28,Pending
512849,105889,2021-06-21,Auto,3063.74,Rejected
505341,116797,11/08/2019,Home,2686.63,Approved
513815,113239,06-04-2025,Auto,739.67,Approved
507031,104027,03/12/2022,Auto,6264.58,Pending
502160,103024,07-03-2023,Health,446.86,Approved
500685,103559,11/04/2025,Home,515.06,Approved
511903,110878,2025-03-13,Health,572.34,Approved
511435,102077,2023-10-11,Health,560.69,Pending
502461,116930,10/15/2022,Home,8023.11,Approved
511029,100556,08/06/2021,Auto,879.17,Approved
511889,100314,06/07/2023,Life,12914.28,Approved
507128,113124,30/09/2021,Health,2240.88,Approved
506267,118719,07/25/2025,Home,3614.2,Approved
504941,111321,09/27/2022,Life,23140.81,Rejected
505946,103325,07/08/2026,Health,358.77,Approved
504583,118320,28/06/2021,Health,578.12,Approved
505784,107405,06/13/2021,Health,1300.24,Approved
510422,112716,06/29/2019,Health,,Rejected
507569,113663,28/06/2024,Travel,268.79,Rejected
512742,101207,04/03/2023,Auto,4182.85,Approved
510512,116040,10-09-2025,Health,139.64,Rejected
500521,118143,01/06/2025,Auto,428.38,Approved
508714,106528,16-05-2019,Auto,1499.01,Approved
513160,112448,19/03/2019,Auto,989.04,Approved
513834,103564,07/03/2021,Life,12437.96,Approved
503983,101418,15-11-2025,Auto,1205.32,Rejected
514301,108472,2020-06-01,Health,766.02,Rejected
512940,115686,11/12/2024,Auto,633.64,Approved
500780,101719,2020-12-03,Home,2280.52,Approved
510613,117631,11/07/2025,Health,2281.51,Approved
512274,101993,03/01/2025,Life,7331.07,Pending
505607,100749,07/18/2025,Travel,486.89,Approved
505978,111899,21/03/2021,Home,2365.58,Approved
508843,103078,27/02/2024,Home,3311.76,Pending
503747,111696,09/08/2024,Home,1644.03,Approved
502196,110311,06/02/2026,Auto,1301.09,Rejected
508561,112063,2020-01-21,Home,3251.41,Approved
514783,103556,12-01-2021,Health,1007.43,Approved
504285,109189,07/17/2025,Auto,4475.81,Approved
508569,109964,20/11/2019,Health,517.44,Rejected
510408,107127,12/15/2020,Health,313.12,Pending
509832,106567,2020-09-24,Health,892.35,Approved
509805,102772,21-10-2025,Auto,1485.8,Approved
506979,119479,03/12/2024,Auto,695.82,Approved
501827,101372,09/07/2023,Travel,279.86,Rejected
511824,112580,20-10-2025,Travel,407.9,Rejected
509154,118875,2023-08-26,Home,3511.64,Approved
514158,118574,2019-11-29,Home,9837.21,Pending
514472,112043,2026-07-24,Life,12026.14,Approved
502376,100286,04/30/2025,Auto,,Approved
508551,117181,26/04/2019,Auto,1741.26,Approved
503839,105418,06/20/2025,Life,5240.57,Approved
514149,111302,2024-02-06,Health,375.26,Approved
501246,113061,03-04-2021,Travel,534.23,Pending
507504,114403,2021-12-25,Health,1573.82,Rejected
511483,107469,2024-02-11,Auto,1154.06,Approved
506511,109725,2026-04-10,Auto,1978.92,Pending
511886,110938,14/01/2020,Auto,1329.42,Approved
513692,100213,18/10/2024,Home,2281.7,Approved
505439,115173,13-08-2020,Travel,530.04,Rejected
510759,107088,03-04-2021,Health,1173.58,Under Review
511615,108975,2020-03-09,Auto,574.17,Pending
510229,112679,12-08-2022,Auto,2066.4,Rejected
513833,111593,04-06-2021,Health,1339.32,Approved
508964,103949,22-06-2022,Auto,1068.75,Rejected
510681,104657,06/22/2020,Home,1790.32,Approved
511754,113157,21-11-2024,Life,10245.41,Under Review
514535,103051,06/01/2019,Home,2137.12,Approved
514274,102125,03/04/2022,Home,2422.91,Approved
505510,106813,09/29/2021,Home,,Approved
505330,109262,11/07/2021,Auto,1902.07,Approved
504531,103097,21-02-2025,Health,734.6,Approved
509866,118717,2025-09-01,Life,4739.45,Approved
500365,106695,11/24/2025,Auto,1169.29,Approved
512084,107957,13-12-2020,Home,774.0,Pending
501270,109815,28-04-2024,Health,1721.2,Pending
500147,119083,07-01-2022,Travel,373.9,Approved
501668,100736,12/02/2025,Health,116.25,Under Review
511280,112188,08/27/2020,Home,3697.79,Approved
513712,108782,05/09/2022,Home,2779.8,Approved
507650,115575,25-03-2023,Health,1395.37,Approved
508599,106461,09-12-2020,Home,1195.18,Approved
511698,119060,05/03/2026,Travel,246.44,Rejected
507788,108431,07/07/2026,Travel,277.09,Approved
503456,114769,2023-05-11,Home,639.27,Approved
511768,118185,2022-10-28,Health,847.75,Approved
503271,108582,2024-10-01,Auto,1782.04,Under Review
504940,104454,17-01-2019,Travel,-596.08,Approved
509223,105401,25/09/2020,Home,2431.93,Approved
512068,112391,2023-01-23,Travel,369.41,Under Review
506230,110676,06/11/2024,Home,2383.14,Under Review
513328,117563,2024-07-10,Health,973.86,Under Review
512142,102581,2021-05-20,Life,5720.1,Approved
509047,105424,11/16/2019,Auto,676.09,Pending
503926,102390,18-11-2022,Auto,2199.7,Pending
512779,108315,02-08-2020,Auto,1130.3,Approved
508080,105108,12/07/2026,Auto,1833.55,Approved
500078,110856,18-10-2025,Health,2865.04,Approved
507088,101666,2023-06-10,Auto,1475.57,Approved
502247,112534,08/14/2022,Travel,418.73,Approved
512321,113237,07/11/2022,Health,-502.77,Approved
513145,107999,26-03-2024,Health,947.62,Approved
514370,104809,06-01-2019,Travel,428.85,Approved
512371,119054,07/17/2019,Health,1137.69,Approved
507451,110994,02-11-2020,Health,2003.93,Under Review
508980,101221,27-07-2021,Travel,185.85,Approved
502279,100134,08/23/2026,Home,2369.39,Rejected
508123,109967,05/19/2025,Home,1503.44,Rejected
503897,115142,25/05/2024,Auto,471.35,Approved
512030,102827,03/05/2022,Health,808.15,Rejected
507177,120182,11-07-2022,Life,2682.61,Approved
509312,116234,03/05/2021,Life,5497.04,Approved
514153,111246,21/02/2020,Health,245.13,Rejected
503631,109606,07-12-2025,Travel,446.0,Approved
512896,108770,09/05/2022,Life,7382.68,Approved
506272,119274,25-12-2022,Auto,-811.61,Rejected
508616,102835,07/11/2019,Home,889.97,Approved
500392,105883,04/22/2026,Travel,260.49,Rejected
503191,106198,04/07/2019,Travel,249.13,Rejected
500016,119214,08-02-2022,Home,2727.57,Rejected
504200,109278,2021-11-25,Health,867.29,Approved
502672,102039,28-03-2023,Travel,151.91,Approved
514279,100302,05/04/2019,Health,1354.07,Approved
506164,106632,12/12/2023,Home,2670.11,Rejected
514562,105986,03/04/2019,Health,1107.84,Pending
503493,101121,05/02/2019,Home,1922.41,Rejected
509651,107746,26/09/2024,Health,1202.32,Rejected
512672,103701,10/30/2020,Home,2732.27,Pending
507394,101284,09/25/2021,Auto,1251.98,Approved
504839,104026,01-09-2019,Auto,889.67,Approved
500593,116229,10/18/2022,Life,-14633.96,Approved
513939,106122,17-10-2020,Health,-1785.75,Approved
508737,113792,06/18/2022,Auto,418.7,Under Review
505827,114573,08/04/2026,Health,836.09,Approved
510749,104327,03-11-2023,Travel,614.49,Approved
507961,114152,22/06/2026,Auto,2271.34,Approved
505887,109389,08/19/2022,Auto,3818.29,Rejected
502355,102760,2020-10-06,Home,7534.26,Under Review
506036,106746,05/01/2021,Home,4505.02,Approved
504798,105657,19-10-2025,Health,148.92,Approved
510634,106468,10/16/2025,Health,219.27,Under Review
512935,118849,18-03-2021,Life,9284.85,Approved
504592,111369,16/11/2020,Auto,989.73,Under Review
511234,106578,24-10-2025,Travel,799.0,Approved
508656,115538,19/04/2019,Health,377.52,Under Review
500163,109620,15/05/2021,Home,690.77,Approved
513864,112984,2019-04-21,Auto,3429.43,Approved
514122,115770,23-05-2025,Health,1117.17,Approved
514627,112874,02/11/2026,Health,2075.59,Approved
507380,113576,09/19/2021,Home,2058.86,Approved
512317,112360,23-02-2025,Health,564.06,Rejected
510201,112697,04/07/2023,Home,1102.29,Rejected
506356,108408,17-06-2025,Auto,4560.84,Approved
511276,109043,2022-01-08,Auto,994.9,Rejected
509092,117945,24/09/2019,Health,220.74,Rejected
505542,117168,03/12/2026,Travel,785.26,Pending
506007,117427,2019-01-24,Home,2515.58,Approved
507993,105912,03/14/2021,Auto,1447.74,Approved
507638,109193,04/05/2026,Auto,2533.45,Rejected
506793,101414,05/12/2019,Health,214.94,Rejected
510900,101882,07/23/2025,Auto,2999.39,Rejected
507758,114692,01/31/2019,Auto,1322.47,Approved
504837,112603,27/12/2021,Auto,1518.63,Rejected
502293,119040,11/30/2022,Auto,970.26,Rejected
506548,117033,03/17/2020,Travel,472.71,Under Review
507898,118232,24-09-2025,Travel,457.36,Approved
504481,119234,21-10-2022,Auto,503.07,Approved
503716,116339,25-03-2026,Health,1056.91,Approved
510837,117776,10/08/2022,Health,1146.39,Rejected
506140,106615,2021-09-21,Auto,4917.97,Rejected
509956,112126,2023-08-09,Home,2570.8,Pending
501549,113981,16-04-2019,Home,4806.12,Rejected
511221,112698,2024-01-05,Auto,1128.36,Approved
510331,117265,03/03/2022,Auto,-1165.36,Rejected
502044,117620,05-06-2025,Travel,403.76,Rejected
500767,105732,12/07/2024,Auto,676.74,Approved
505693,103591,2025-07-12,Home,3421.14,Rejected
507870,106802,2020-07-18,Health,208.07,Approved
509700,118784,03-01-2021,Life,8234.32,Rejected
507857,101879,28-07-2020,Travel,254.94,Approved
503302,107615,05/06/2022,Auto,,Under Review
504517,114301,2021-07-17,Auto,1205.01,Under Review
513582,106980,10/06/2021,Home,946.87,Approved
512482,112297,2022-11-15,Auto,416.61,Approved
503292,119036,2020-12-12,Auto,1010.06,Pending
509011,100595,17/07/2022,Life,4364.25,Under Review
501403,100346,09-12-2019,Home,7232.8,Approved
501382,113355,23/12/2021,Auto,632.92,Approved
510340,104185,23-12-2024,Home,800.15,Rejected
506928,120137,18-12-2021,Auto,1821.06,Approved
505671,119850,08/23/2019,Life,6960.59,Rejected
501638,101704,15/07/2024,Home,2162.42,Rejected
514652,108338,05-05-2023,Health,848.27,Approved
506907,101809,2019-12-03,Travel,238.58,Rejected
508591,117931,02/22/2024,Health,2071.45,Approved
506406,120354,08-08-2026,Life,6047.83,Approved
509074,101781,07/15/2025,Home,2869.31,Approved
511757,101260,12-04-2025,Travel,385.31,Rejected
501179,119596,01/17/2019,Auto,678.15,Approved
505448,101841,09/20/2021,Auto,815.59,Approved
510322,105680,26-05-2024,Home,2820.11,Approved
505078,118341,09/03/2024,Home,6743.3,Approved
508648,120352,2023-11-17,Travel,451.44,Pending
505175,109012,17/05/2026,Auto,1241.22,Approved
510142,118154,04-08-2019,Auto,874.62,Rejected
500689,102698,2025-05-22,Auto,1566.26,Rejected
513247,104583,2024-12-24,Travel,255.69,Rejected
506525,102552,2024-03-28,Health,273.74,Approved
514687,101998,07/08/2021,Home,1622.19,Approved
506488,107894,2024-03-26,Home,2067.14,Approved
510145,114268,11/05/2021,Home,8179.3,Under Review
507154,120071,12/07/2022,Health,300.76,Rejected
512578,118844,2023-05-05,Auto,,Rejected
506610,118585,2021-09-16,Life,7576.82,Approved
510902,101882,28-11-2019,Auto,1949.62,Approved
512809,112966,17/04/2022,Home,6515.8,Approved
512841,107544,02-02-2023,Auto,2244.28,Approved
504349,103594,2025-04-30,Home,3074.58,Approved
501884,115753,01/18/2020,Home,4313.81,Approved
512927,108259,12/03/2019,Health,135.52,Approved
502494,100050,2023-03-05,Home,1673.79,Approved
505947,115566,02/11/2023,Health,581.32,Rejected
503036,106415,2019-09-12,Auto,2538.75,Rejected
505777,112672,2022-06-14,Home,1923.37,Rejected
511795,120364,28/10/2021,Home,485.51,Approved
500845,101554,2024-11-29,Auto,1035.88,Approved
508734,115663,2022-05-22,Health,1232.15,Under Review
511916,116152,12/22/2024,Auto,2739.75,Approved
511871,101717,19-03-2023,Auto,632.73,Pending
507967,100496,04/08/2025,Auto,1778.61,Approved
512684,105185,20/01/2025,Home,,Under Review
507340,117911,01/06/2026,Auto,666.34,Pending
513478,112149,2025-05-29,Auto,2693.37,Approved
512365,103731,02/28/2022,Auto,615.02,Approved
507137,111127,28-04-2019,Health,423.02,Pending
502964,111322,27/11/2022,Home,3089.19,Approved
502529,118208,2020-06-21,Health,5757.52,Rejected
505772,113579,18/01/2024,Health,7274.32,Rejected
501048,100139,24-09-2019,Auto,6414.85,Approved
507045,107507,11-12-2020,Life,7076.76,Under Review
501960,104069,2020-01-18,Auto,,Approved
502530,118208,30-08-2019,Auto,1003.83,Approved
511138,105402,2021-04-05,Home,3142.21,Pending
508429,111109,2022-10-25,Auto,2427.02,Rejected
504917,107655,2021-11-18,Health,391.67,Approved
509325,111224,19-01-2025,Auto,1261.72,Rejected
505901,110080,2024-01-31,Auto,2472.16,Approved
508286,105938,2020-12-07,Travel,566.55,Approved
504259,107681,2025-03-02,Health,1059.91,Rejected
512817,118975,12/08/2026,Auto,1647.77,Rejected
512914,111328,08-11-2024,Life,4484.39,Rejected
505656,103336,11/19/2020,Home,2318.31,Pending
506097,110039,14/01/2021,Auto,680.87,Approved
505907,118148,05/19/2023,Auto,622.54,Approved
507373,114653,2021-03-04,Health,557.85,Rejected
502978,116162,26/05/2024,Auto,843.07,Rejected
513259,106511,2019-07-03,Health,488.53,Rejected
513920,103004,09/30/2020,Health,587.23,Approved
506721,103046,11/07/2023,Home,2869.54,Approved
507842,108903,16/08/2021,Home,1788.23,Approved
508264,106912,08-09-2025,Auto,3233.01,Approved
513128,118948,2019-01-30,Home,1164.06,Approved
512111,102942,15-02-2022,Travel,429.53,Approved
503138,113443,14/04/2024,Auto,2020.62,Approved
508325,100370,29-12-2025,Health,385.11,Rejected
513275,110142,2021-01-30,Life,5278.9,Rejected
513811,110874,2022-08-23,Auto,1796.33,Approved
511421,118636,21/05/2020,Home,1827.77,Under Review
501826,106826,08/08/2021,Home,2000.09,Pending
505548,112353,03-03-2023,Life,3026.2,Rejected
508785,116394,11/24/2019,Travel,797.6,Rejected
510917,103560,01-09-2023,Auto,-2237.35,Under Review
500560,114110,31/01/2019,Home,3770.16,Approved
513183,113109,2023-07-11,Auto,3390.58,Approved
508435,117037,2021-01-08,Home,548.64,Under Review
505435,103953,09/21/2020,Life,8388.57,Rejected
504437,106373,22-02-2023,Home,3746.25,Approved
510382,100156,18/01/2026,Health,1209.31,Approved
508597,110940,08/15/2020,Auto,742.78,Approved
501442,115912,10/03/2025,Auto,2119.46,Approved
508453,113837,06/07/2019,Home,2171.62,Pending
504406,103944,04/29/2020,Health,227.26,Under Review
514260,113503,06/14/2020,Life,4034.91,Rejected
501689,120265,03/15/2021,Auto,1255.21,Approved
514763,112990,23-08-2024,Life,6720.06,Rejected
509917,113439,2020-06-09,Auto,1621.23,Approved
513458,105010,2024-07-15,Home,2550.32,Under Review
505962,101451,18/07/2025,Health,455.99,Rejected
502496,100050,19-07-2020,Life,7547.12,Approved
512226,118329,06/08/2021,Travel,339.37,Approved
500340,102388,30-03-2021,Home,2257.54,Approved
502408,115486,12/11/2024,Auto,2434.4,Approved
509793,119338,26-07-2026,Health,653.9,Approved
514106,110380,2026-03-07,Travel,143.06,Under Review
505782,102029,05-09-2020,Life,5149.98,Approved
504576,111850,24-04-2026,Travel,193.1,Approved
503725,103651,2024-11-16,Health,479.25,Approved
505456,115589,28-06-2019,Auto,814.55,Approved
502785,103753,07-11-2021,Home,893.81,Rejected
509715,113004,11/02/2021,Home,1229.77,Under Review
512865,118919,05/03/2026,Auto,1495.61,Approved
514059,104757,02/02/2024,Life,8132.51,Approved
501012,115989,2021-02-22,Auto,-482.16,Approved
505280,102194,2021-05-23,Auto,1656.77,Pending
504895,116039,10/11/2021,Home,4456.02,Rejected
509958,108779,21-03-2022,Health,-664.4,Rejected
507121,108907,22/07/2019,Health,411.98,Approved
506549,100043,05/10/2024,Life,11738.02,Rejected
504037,110551,17/05/2021,Life,16318.2,Under Review
500148,110534,11/16/2025,Travel,208.03,Approved
500285,102214,2025-03-02,Auto,700.79,Approved
514443,111493,09/03/2022,Home,616.05,Approved
508555,119053,11/10/2025,Auto,1951.53,Approved
512135,116915,20-02-2022,Home,3964.25,Rejected
512558,111308,10-08-2020,Home,1498.63,Approved
509732,103250,19-11-2024,Travel,226.96,Rejected
506770,119069,2021-12-25,Life,2628.59,Rejected
504443,105758,19/08/2020,Travel,305.96,Under Review
507446,116688,2024-08-06,Auto,1158.6,Approved
500236,103784,08-01-2019,Auto,3665.75,Approved
514350,104858,25-08-2025,Auto,1725.6,Approved
510754,105731,2024-09-27,Home,5593.54,Approved
507123,101118,2021-09-29,Auto,1138.45,Rejected
512474,108307,21/07/2026,Home,1456.22,Approved
514297,117055,16-03-2022,Travel,238.44,Approved
503083,106586,06-10-2021,Health,315.26,Approved
514333,117715,07/11/2022,Health,449.71,Approved
510294,109727,07/02/2024,Home,2226.31,Pending
500632,105230,2024-10-21,Travel,1216.05,Approved
506813,101068,12-07-2026,Health,782.32,Approved
502493,116043,19/10/2023,Health,1053.53,Approved
502665,101698,11/11/2020,Auto,974.78,Rejected
512696,118455,29/12/2023,Home,-4068.86,Approved
512780,108315,12/23/2020,Auto,999.35,Rejected
512579,101401,2023-02-23,Home,3011.24,Pending
510526,111740,12/15/2023,Home,4298.02,Rejected
510060,106964,29/01/2020,Auto,1104.14,Approved
511811,106226,05/08/2021,Health,457.03,Approved
512075,115228,06/04/2025,Health,461.34,Approved
512662,107190,05-12-2021,Auto,1551.68,Pending
504211,117238,2022-07-14,Health,523.09,Approved
509686,109322,02/02/2023,Home,3513.93,Approved
510593,114348,02-07-2023,Home,3096.81,Approved
503874,111682,2024-10-03,Life,10506.63,Pending
509424,108014,28/09/2022,Health,1653.86,Approved
510853,104623,04/22/2019,Home,3857.41,Approved
502817,103755,01/22/2026,Travel,113.0,Pending
514041,105797,03/06/2019,Home,4148.28,Rejected
514271,104621,07/18/2021,Auto,1464.2,Approved
514677,120080,08/30/2024,Home,1672.33,Rejected
513438,117625,2025-06-01,Health,610.26,Approved
507426,117998,01/02/2021,Auto,1171.5,Approved
512866,118919,20-12-2019,Home,1533.52,Approved
506521,109651,2023-11-20,Home,1198.92,Rejected
511253,113397,13/04/2024,Home,4694.5,Approved
513770,112987,2026-01-06,Auto,3092.35,Approved
509777,118020,2025-03-09,Auto,4386.35,Pending
501735,102915,21/01/2019,Health,503.31,Approved
507397,103593,2024-09-03,Home,751.19,Approved
511015,118671,04/08/2021,Home,2499.25,Approved
504255,119882,18/10/2022,Health,,Approved
512360,110758,11-07-2024,Home,2382.94,Rejected
502475,112806,04-03-2024,Health,1407.88,Rejected
510756,102917,04/15/2023,Auto,-3712.96,Approved
500862,116535,2023-07-11,Life,10445.96,Approved
503713,118769,11/06/2019,Health,228.36,Approved
513435,101125,19/01/2019,Home,3139.94,Rejected
501804,105735,01/23/2022,Auto,1457.7,Approved
500707,113381,05/20/2020,Auto,3511.0,Under Review
511238,104306,2019-10-11,Home,1311.94,Approved
513757,108073,03/07/2025,Auto,1177.18,Approved
505189,106584,05/10/2019,Life,5045.89,Approved
513016,111739,25/02/2025,Travel,1200.58,Approved
505472,117250,2020-03-21,Life,12427.73,Approved
500072,113460,04-12-2021,Home,,Rejected
507843,106576,14-11-2024,Travel,237.76,Under Review
505101,113153,28/01/2022,Travel,588.17,Approved
506764,119493,26/08/2023,Home,5076.05,Approved
509382,111797,2022-10-09,Travel,1034.61,Approved
510793,100178,04/10/2021,Home,3458.91,Pending
501125,120135,2024-12-07,Auto,372.5,Approved
501241,101092,2019-02-12,Travel,365.7,Rejected
512306,115226,06/06/2024,Home,1369.16,Approved
514125,114382,2019-08-01,Health,765.94,Pending
502349,114751,06/05/2025,Life,3541.53,Approved
511543,101909,01/23/2025,Home,4788.94,Rejected
506602,105228,2022-10-15,Home,3080.72,Under Review
512200,111281,20/01/2021,Life,6008.0,Under Review
506780,103279,2025-07-23,Health,895.09,Approved
509769,115932,09/13/2019,Health,362.88,Approved
512098,110973,2021-03-19,Health,696.96,Rejected
511921,101881,29-08-2022,Life,,Approved
504358,103193,04/02/2020,Auto,1436.15,Approved
501343,119407,08/28/2020,Auto,804.75,Approved
512007,104627,21/11/2023,Travel,138.06,Under Review
513262,105439,14/11/2023,Home,4247.08,Approved
514325,119856,13-02-2021,Home,4249.5,Approved
508632,114078,04-04-2024,Auto,1594.54,Under Review
506652,120111,01-04-2023,Home,1775.54,Approved
501100,102112,04/03/2023,Health,1649.75,Approved
510829,112478,2026-08-23,Health,913.47,Approved
509160,106865,03/16/2022,Home,2617.41,Approved
508841,107259,09/08/2025,Home,1668.92,Approved
509738,110214,01/18/2024,Auto,672.78,Approved
507327,101654,13-02-2019,Auto,466.43,Approved
507622,120308,10-02-2024,Life,5054.79,Approved
500987,115009,16/12/2025,Auto,544.06,Approved
510658,103775,01-12-2025,Home,1684.34,Rejected
502852,101373,19-08-2024,Auto,2896.95,Approved
511695,113058,11/18/2019,Health,491.39,Rejected
508853,106404,23-09-2020,Home,3170.03,Rejected
500630,112037,18/06/2025,Auto,3754.94,Approved
501249,102115,11/04/2023,Health,539.29,Approved
503179,100181,02-12-2020,Home,2261.72,Under Review
500482,114285,24/01/2023,Auto,703.67,Approved
509776,110397,21/10/2023,Travel,293.43,Rejected
509654,116120,17-09-2023,Life,5941.01,Approved
503040,110404,02-04-2022,Home,3360.8,Rejected
505010,108268,20-04-2023,Home,892.09,Approved
513065,110800,25/05/2021,Auto,3338.87,Approved
507000,109328,07/02/2024,Health,1638.68,Approved
503273,107030,13-05-2023,Health,1707.21,Pending
507227,107388,07/26/2022,Auto,1813.68,Under Review
503683,104533,2025-07-08,Auto,2096.54,Approved
506674,104329,12-03-2021,Auto,2384.98,Approved
506807,112405,30-08-2019,Auto,1450.67,Pending
514560,105986,13-03-2025,Travel,344.73,Approved
501316,103934,07/20/2025,Home,1976.87,Approved
503225,101010,07/24/2022,Auto,1225.07,Approved
501072,106399,2023-11-14,Life,5189.5,Approved
504815,106211,14/07/2019,Auto,3044.12,Rejected
512638,115649,2022-01-24,Auto,1951.4,Approved
510823,119292,17-11-2020,Health,99.67,Approved
509852,119880,10/07/2022,Auto,1423.12,Approved
505752,118499,10/08/2019,Health,908.29,Approved
510617,114865,03/02/2025,Travel,377.96,Approved
513682,109127,11/13/2021,Health,5891.62,Rejected
504616,100725,13-09-2020,Health,2542.21,Rejected
503097,102974,26/10/2021,Home,2736.32,Pending
512168,115641,03-01-2022,Health,794.68,Approved
514119,100793,25-04-2021,Home,,Approved
506869,114241,06-05-2026,Health,2471.94,Under Review
501300,104031,10/03/2026,Health,618.9,Under Review
507285,116771,04/08/2026,Health,1006.08,Pending
506284,100443,27-04-2021,Home,4004.56,Approved
512591,111849,27/04/2024,Home,668.98,Pending
513267,104531,21-09-2022,Home,6550.79,Approved
505495,109745,01-05-2021,Home,680.93,Rejected
505291,113549,18/06/2019,Health,389.55,Pending
509600,103446,09/13/2025,Health,388.66,Approved
510037,109257,2025-03-26,Health,52.09,Approved
501798,104343,17/12/2020,Auto,2683.5,Under Review
512149,105057,09-06-2024,Home,962.24,Approved
509667,119873,02/04/2024,Travel,885.19,Approved
505203,108144,09/01/2022,Life,8370.14,Rejected
508227,113522,25/01/2025,Home,-2183.79,Approved
505047,120272,26/09/2025,Auto,972.95,Pending
506441,104457,31/12/2019,Auto,1067.16,Rejected
508636,106777,25-07-2025,Home,1127.5,Rejected
508105,111540,2026-02-11,Travel,439.98,Under Review
502359,114835,2023-09-15,Auto,2055.32,Under Review
514037,104873,12/26/2022,Health,2591.67,Approved
503654,113270,10/21/2019,Travel,181.95,Approved
507052,109411,01/01/2022,Travel,743.62,Approved
511371,104218,15-08-2024,Life,5940.05,Pending
501286,103488,2020-07-28,Home,2058.43,Approved
513653,120466,24-07-2020,Auto,542.88,Pending
504445,105758,21-08-2022,Auto,681.95,Pending
511608,101553,20/03/2024,Auto,506.7,Approved
502137,117271,2021-06-25,Home,500.8,Approved
506787,120217,2019-04-12,Health,121.0,Rejected
510828,119633,12/10/2021,Home,1112.38,Pending
512208,113596,07/15/2024,Auto,933.76,Rejected
514688,101998,04/02/2025,Home,4134.51,Rejected
509873,101407,28-12-2024,Auto,459.79,Under Review
514583,106102,2023-04-28,Life,7030.74,Rejected
512722,103906,2021-06-28,Home,3191.47,Pending
513416,106704,16/01/2019,Life,17126.1,Rejected
506894,116681,17/03/2025,Auto,2109.92,Approved
509884,113844,23/03/2022,Health,675.96,Under Review
512811,101141,01/28/2026,Travel,697.63,Rejected
510733,107090,2021-04-18,Health,2024.98,Under Review
511827,112225,20/03/2023,Travel,339.8,Approved
508564,109843,12/28/2021,Auto,1403.11,Pending
507151,112315,05/05/2025,Auto,955.8,Approved
500963,103277,10-11-2025,Health,177.87,Approved
506012,110021,12/10/2022,Life,8804.25,Pending
504882,112321,18/05/2026,Home,4806.27,Approved
500140,100341,10/10/2021,Health,1183.14,Approved
512046,110701,2025-05-11,Home,6684.82,Pending
513510,106471,07-03-2020,Home,5583.16,Approved
508906,109475,2019-07-28,Auto,1544.59,Approved
506936,111854,17-12-2019,Health,2325.08,Rejected
506542,105040,09/19/2023,Home,1805.85,Rejected
505243,111248,2020-11-20,Home,1794.38,Approved
511380,113667,16/12/2019,Travel,1969.18,Rejected
510030,117701,19-02-2023,Auto,754.08,Rejected
504431,119695,15/02/2024,Auto,799.92,Approved
514085,103417,25-07-2025,Life,5497.6,Rejected
500406,103429,20/10/2023,Health,488.09,Rejected
508212,109769,10/10/2024,Health,,Approved
509196,110189,06/24/2025,Life,8322.25,Approved
512506,111486,15/09/2024,Home,2500.06,Approved
510603,110298,15-12-2021,Auto,841.5,Under Review
510737,119357,03-11-2024,Home,3882.84,Approved
512904,118675,09/09/2024,Travel,238.22,Rejected
510582,107942,16/02/2026,Home,5986.68,Approved
509135,107961,05/24/2024,Health,1112.13,Approved
508234,103531,02-12-2020,Home,2864.58,Approved
511022,106477,2026-02-18,Home,1162.13,Rejected
511563,104319,07-03-2023,Home,6238.52,Approved
511214,109663,13/10/2022,Home,9614.12,Approved
511556,107108,10-10-2023,Auto,940.72,Approved
504399,104800,06/23/2023,Health,1126.8,Pending
505252,104029,05/20/2021,Travel,409.98,Approved
500011,116141,2022-02-09,Home,3687.29,Approved
504760,114907,24-04-2025,Home,2710.49,Approved
501177,116670,09/12/2020,Life,10242.27,Approved
510139,104620,16/04/2022,Health,1018.88,Approved
510693,116010,24-07-2021,Home,3213.28,Approved
502863,101588,10/21/2020,Travel,194.77,Rejected
506471,109849,25-11-2025,Home,1036.8,Rejected
512057,104460,31-05-2019,Health,862.48,Rejected
506228,117150,2023-03-05,Travel,357.64,Approved
509218,111675,15-03-2019,Home,2457.61,Approved
512040,109788,2026-06-24,Health,625.31,Under Review
502989,101594,06/10/2024,Life,7171.57,Under Review
509153,118875,2025-02-24,Auto,1417.38,Approved
511081,115844,29/06/2019,Auto,-1903.2,Approved
507117,108104,09/28/2020,Auto,2846.27,Approved
511207,117189,24-03-2019,Auto,744.44,Under Review
507010,110572,2020-01-11,Auto,3656.18,Pending
511530,101032,09-06-2026,Health,546.9,Pending
512796,119964,08/30/2020,Travel,228.37,Under Review
511760,104668,08/03/2023,Life,3027.14,Approved
508927,111492,01/19/2023,Travel,397.81,Approved
501440,111465,11/08/2020,Auto,-774.65,Approved
514576,104014,05/10/2020,Travel,241.73,Approved
502875,106590,05/07/2026,Travel,150.97,Pending
512178,108640,04-11-2024,Home,1135.26,Approved
509108,112810,14/08/2020,Home,2823.58,Approved
513611,108321,2021-02-26,Auto,2432.53,Pending
513158,101283,25-01-2020,Home,3487.6,Approved
512281,105283,2020-09-16,Health,696.62,Approved
511339,102253,21-03-2023,Auto,1813.42,Rejected
507232,108232,03/26/2019,Auto,1453.64,Rejected
503726,103651,21-04-2024,Home,3815.5,Under Review
502772,105376,2019-11-23,Life,5973.53,Approved
509816,115738,11/02/2025,Home,1564.76,Approved
500454,103018,28-03-2020,Home,3688.48,Approved
509013,100595,04/01/2022,Auto,866.95,Approved
508189,109921,10-08-2023,Home,4238.79,Approved
501367,108628,25-04-2021,Health,2563.82,Rejected
503712,118769,05/25/2026,Auto,1084.75,Approved
514739,119483,03/26/2026,Home,2199.06,Approved
501388,120382,08/02/2021,Home,1310.08,Pending
509042,111490,2022-04-01,Home,3298.86,Rejected
501000,101350,22-06-2020,Auto,2051.7,Rejected
507761,112724,06/03/2021,Travel,143.28,Rejected
503553,119918,23/05/2025,Auto,2436.41,Approved
504114,113730,22-05-2022,Auto,910.11,Rejected
509829,115109,10-07-2023,Travel,331.08,Approved
501667,118187,05/11/2026,Home,4579.94,Rejected
503173,100902,01/09/2024,Health,475.03,Rejected
512996,101098,2022-10-01,Travel,-284.33,Approved
509539,118055,20-09-2021,Auto,-2738.07,Rejected
514063,112951,21/02/2024,Home,1363.64,Approved
500488,111315,28/09/2019,Home,1208.74,Rejected
503230,114101,03-12-2024,Travel,174.13,Rejected
503828,110696,11-08-2026,Health,740.83,Approved
510824,113448,07/18/2021,Travel,1304.56,Approved
512943,110412,03/11/2022,Auto,928.89,Approved
505208,112649,08/24/2021,Auto,1473.59,Pending
507848,119852,01/09/2025,Travel,462.8,Approved
511424,116510,07/05/2025,Auto,569.88,Under Review
505704,120234,23-12-2019,Health,177.51,Approved
514424,106530,04/07/2021,Health,542.2,Approved
508133,104810,14-04-2022,Home,,Approved
500703,108486,07/24/2023,Auto,470.66,Pending
505105,115904,15/06/2021,Home,547.82,Pending
513308,106548,2024-08-04,Health,524.61,Approved
503291,119036,2024-02-16,Auto,1474.68,Pending
508125,120284,2026-04-11,Health,1265.96,Approved
511865,114154,2023-01-05,Health,319.27,Pending
510600,101128,04-12-2020,Home,5132.58,Under Review
509519,102823,21-02-2021,Auto,1270.15,Rejected
514411,106190,2020-09-23,Auto,1538.23,Approved
513495,103610,12/07/2024,Home,7113.4,Under Review
504909,114055,01/16/2022,Home,3467.72,Approved
504440,104384,11/26/2019,Life,3696.07,Approved
513622,115596,22-10-2020,Auto,1842.06,Pending
500986,115009,15-05-2022,Home,5665.69,Approved
514222,113234,26-09-2023,Home,11075.14,Pending
513820,117764,23-07-2020,Life,14653.28,Rejected
513559,109991,2023-02-20,Home,2288.09,Rejected
507705,112227,03/05/2026,Auto,604.49,Approved
512241,108312,05-11-2025,Auto,1224.71,Under Review
506257,106621,13-10-2023,Auto,811.59,Pending
511677,107549,28/06/2023,Home,5186.76,Approved
506089,105950,10/01/2019,Auto,2875.83,Approved
510666,119299,13-07-2022,Health,-659.41,Approved
505238,109125,22-05-2026,Auto,1734.0,Approved
512065,102735,04/24/2026,Life,17929.34,Under Review
501198,104156,25-12-2020,Home,3840.02,Under Review
512373,115599,19-08-2019,Auto,884.85,Pending
509710,103587,11/20/2024,Auto,1475.62,Approved
513571,101239,22-07-2026,Auto,2135.13,Approved
507519,117725,24-06-2025,Life,7193.61,Pending
506812,101068,04-12-2024,Health,294.04,Approved
509991,110438,08/29/2020,Home,3515.32,Approved
509206,105544,28-04-2021,Life,3646.9,Approved
508320,109552,10-04-2022,Travel,478.09,Approved
509556,113723,06-01-2026,Health,636.2,Approved
510225,114405,03/31/2019,Home,2974.53,Approved
507175,120182,04-12-2024,Health,440.3,Approved
504470,109345,15/12/2019,Life,5509.4,Under Review
500891,118340,21-05-2026,Health,1164.07,Approved
510985,105911,08/01/2025,Health,111.28,Approved
501969,115897,2021-04-04,Auto,1128.55,Approved
505757,119072,17-12-2020,Auto,1256.57,Approved
506527,108651,07-10-2022,Health,6145.66,Approved
506294,109751,2023-06-18,Health,1092.77,Under Review
514580,106102,04/05/2022,Home,2009.6,Rejected
507595,110097,07-12-2024,Home,1208.18,Approved
509110,101108,06/11/2022,Auto,6432.04,Approved
503249,114283,06/10/2025,Home,1675.11,Approved
506570,101018,29-04-2023,Travel,581.32,Pending
506638,110731,31/12/2019,Home,7770.75,Approved
507351,101573,2025-05-01,Auto,1594.3,Approved
513723,101980,03/09/2025,Home,1223.57,Approved
509400,107169,01/27/2019,Health,1556.91,Approved
512060,114908,2019-07-31,Health,2700.35,Rejected
507473,101461,03/06/2022,Home,7227.26,Approved
512504,101757,01-04-2020,Health,442.05,Approved
512257,105668,26/02/2022,Health,442.6,Approved
513778,111700,2019-03-29,Travel,238.62,Under Review
512976,116013,17/10/2022,Health,1642.88,Pending
501239,101092,2022-11-09,Auto,1624.17,Approved
502289,107305,2022-05-15,Auto,4799.37,Approved
502740,103580,2021-11-05,Home,1102.77,Approved
508467,116437,09/07/2023,Travel,1962.76,Rejected
504585,108825,2023-07-04,Home,2228.53,Approved
509227,108719,2021-12-29,Home,4141.57,Rejected
501229,117555,08/07/2025,Auto,1562.29,Approved
509200,104541,17/06/2019,Home,2628.38,Under Review
506980,114891,20/12/2025,Health,2261.75,Approved
505178,105964,2020-01-31,Home,5763.84,Rejected
512020,106336,2019-12-14,Home,2526.77,Approved
510724,119107,08/25/2022,Home,6659.32,Approved
504293,111343,2020-09-20,Home,220.1,Approved
501058,111607,12-02-2020,Auto,575.46,Rejected
506262,115227,07/01/2021,Travel,206.58,Approved
511036,105515,04/14/2024,Auto,748.65,Approved
500281,101710,02/04/2022,Home,785.51,Approved
509235,114898,03/03/2024,Health,-348.17,Rejected
509508,104597,2024-03-20,Auto,1809.58,Rejected
500968,111031,2023-10-28,Travel,163.19,Approved
510573,108243,28/08/2019,Health,849.44,Under Review
503953,118695,07/16/2023,Health,596.21,Approved
501939,108626,08-01-2020,Auto,2538.54,Rejected
512646,113341,2020-03-01,Health,543.69,Approved
501274,120255,08/16/2025,Health,1627.61,Approved
500619,114739,21/12/2019,Auto,448.06,Pending
512714,115906,2019-06-10,Auto,785.31,Approved
501742,104788,2019-03-15,Home,2129.75,Rejected
501390,100257,03-10-2025,Auto,1742.52,Approved
502203,110008,10/26/2020,Auto,333.48,Rejected
509771,103483,01/05/2021,Health,432.13,Approved
509847,106354,12/13/2021,Home,5119.63,Approved
503568,118454,07/10/2022,Life,12043.17,Rejected
510544,103605,13-12-2020,Health,97.34,Under Review
510404,120320,2025-12-16,Life,8627.05,Pending
506116,104486,23/05/2021,Life,13519.37,Pending
508985,114994,2025-03-31,Auto,-4252.77,Approved
506052,115516,14/12/2022,Travel,517.06,Approved
503178,100181,27-04-2022,Health,567.87,Pending
503192,106198,08/11/2026,Auto,770.21,Under Review
509499,100838,19/02/2022,Travel,167.29,Rejected
506099,104162,04-09-2024,Health,1077.23,Under Review
507029,111255,23-10-2023,Health,461.76,Approved
500575,106641,24-06-2025,Auto,2133.04,Approved
510552,104631,09/22/2024,Auto,974.78,Approved
506656,114946,30/05/2020,Auto,859.88,Approved
507115,118266,24/06/2025,Auto,1027.93,Approved
513178,111005,2024-12-16,Home,2240.98,Rejected
506276,105747,05-08-2023,Auto,485.0,Rejected
509472,109909,21/09/2024,Life,7327.31,Rejected
513442,114114,07/03/2025,Home,5669.94,Under Review
511083,115844,2023-09-16,Life,9642.77,Approved
505897,109387,04-01-2024,Home,2045.13,Under Review
505724,105361,2024-10-06,Auto,1725.07,Approved
510185,113693,04/05/2022,Home,2437.92,Approved
510831,113640,01/01/2023,Home,2473.7,Approved
500269,101911,28/11/2022,Home,1955.37,Pending
500629,112037,06/29/2020,Home,4664.48,Under Review
511970,103970,26-10-2019,Home,3260.03,Under Review
503081,108147,08-12-2024,Home,737.2,Approved
503466,116925,12/06/2025,Health,522.2,Under Review
506430,100883,06/10/2020,Auto,1927.05,Approved
513937,114536,08-11-2023,Auto,2049.48,Approved
507062,101055,11-01-2026,Home,11455.22,Approved
512215,106972,27-07-2023,Home,3429.76,Rejected
514545,110966,24/01/2023,Life,12371.0,Approved
505543,111140,2024-04-20,Home,3025.05,Pending
510238,112501,2024-06-21,Auto,683.43,Under Review
504356,120260,2023-02-03,Health,1437.65,Approved
513638,102071,07-04-2024,Home,1871.73,Rejected
502113,102988,01/24/2024,Home,2239.33,Rejected
508219,100788,07/18/2020,Auto,2211.5,Pending
510232,100641,03/30/2019,Home,9522.91,Rejected
512120,113006,08/26/2022,Auto,2303.49,Approved
514195,112977,19/02/2020,Health,402.34,Approved
503216,100884,2022-01-22,Home,5955.72,Approved
503814,119290,06-01-2022,Home,1211.79,Rejected
508321,103196,05/11/2024,Home,8991.89,Approved
512840,113851,26/06/2026,Health,816.04,Approved
502278,100134,05/30/2020,Home,1581.4,Approved
504599,109091,13/05/2026,Auto,1900.49,Rejected
500013,112058,10-04-2019,Travel,579.84,Approved
504045,114903,22-10-2022,Home,6820.48,Rejected
501525,108477,27-07-2019,Auto,1755.87,Rejected
502365,106462,24/04/2025,Health,1598.01,Approved
504648,111872,15/03/2023,Auto,1043.95,Under Review
511244,106770,04/16/2024,Auto,894.37,Under Review
512197,113045,2024-04-17,Life,3624.44,Pending
510532,116849,03/01/2026,Life,15971.24,Under Review
500374,115015,30-10-2022,Health,1194.22,Pending
512738,100882,13-02-2023,Life,7756.72,Rejected
506477,112120,26-04-2024,Health,377.28,Approved
500525,116841,2024-02-25,Health,1454.19,Approved
509131,118213,2020-08-07,Auto,,Under Review
514616,113446,19-05-2024,Home,1440.09,Approved
506895,117913,2021-10-31,Auto,852.5,Pending
510339,114689,12/16/2022,Health,751.89,Approved
503591,107038,2024-08-15,Home,1835.57,Rejected
511106,117930,29-01-2021,Auto,3483.83,Rejected
507904,119271,07-03-2020,Auto,816.86,Approved
502958,116025,21/01/2024,Travel,438.96,Rejected
511815,103176,23-10-2022,Travel,487.46,Approved
500529,116226,2025-08-14,Travel,165.15,Pending
503714,100116,26-03-2020,Health,571.12,Approved
504732,106472,31/07/2022,Travel,330.73,Approved
509461,101235,08/09/2025,Home,7475.1,Rejected
512473,104956,14-12-2022,Health,1723.54,Approved
501394,111424,04-05-2026,Home,3789.03,Pending
512201,114955,05-04-2026,Auto,722.74,Pending
512582,112828,2022-03-17,Auto,1491.96,Pending
509989,102262,03/06/2024,Auto,419.67,Rejected
511171,119359,2025-10-15,Health,1825.2,Pending
509633,104845,22-06-2022,Auto,1141.93,Approved
510574,118537,06/09/2021,Health,587.87,Pending
514750,118446,2025-09-04,Health,869.14,Approved
512003,107323,16-01-2024,Health,1460.78,Approved
505631,109102,2022-02-27,Auto,823.94,Rejected
509465,109217,05-03-2026,Health,1158.34,Approved
506563,113132,29-01-2025,Life,4263.04,Approved
504703,101748,2019-07-17,Travel,110.3,Approved
501712,111830,29/08/2019,Auto,846.89,Approved
514591,117453,01-02-2021,Travel,534.56,Pending
500955,120437,03/20/2021,Auto,3180.28,Approved
506675,118836,07/26/2022,Travel,284.64,Approved
503453,107682,12/02/2020,Auto,3575.34,Approved
509579,101017,16/02/2026,Auto,1592.43,Pending
514043,105232,18-12-2023,Life,5604.54,Approved
508595,110940,18/04/2024,Health,1849.85,Approved
502071,117422,21/05/2023,Life,10513.96,Rejected
514564,116921,03/03/2019,Home,6897.85,Pending
510169,114298,05/10/2023,Home,9487.78,Approved
500158,108914,2023-11-23,Health,1782.58,Pending
507005,106347,2025-05-18,Auto,7091.58,Pending
512080,116544,15-08-2019,Travel,912.85,Pending
509094,117945,24/03/2022,Health,211.34,Approved
500352,116246,09/02/2020,Travel,376.12,Approved
506078,112471,12/10/2020,Auto,1667.54,Approved
506236,104676,14/03/2026,Life,2404.25,Approved
512322,117976,30-10-2023,Auto,2603.79,Pending
508946,101649,05/16/2019,Life,7710.85,Under Review
511163,112709,2025-05-23,Health,330.01,Approved
509931,103039,14-08-2026,Health,1349.39,Approved
502920,115859,2023-06-11,Auto,2711.61,Approved
508503,118075,2021-07-12,Auto,588.76,Approved
504644,109393,2023-08-28,Home,3872.65,Approved
500661,113098,22/01/2025,Auto,3730.34,Under Review
507057,111527,09/10/2023,Life,-4555.81,Approved
510181,120198,28-01-2021,Auto,559.62,Approved
503665,107515,23-05-2022,Home,3392.78,Approved
507979,115314,09/29/2022,Auto,688.18,Approved
500306,117164,07/03/2019,Auto,464.4,Approved
510527,120130,2022-09-14,Home,2445.79,Approved
504790,101547,28/01/2025,Auto,3034.56,Approved
502356,102760,2024-05-07,Life,8148.33,Approved
511894,115632,13/08/2025,Auto,797.56,Approved
511996,106582,12/20/2025,Health,228.47,Approved
501927,104518,04-04-2022,Health,672.15,Approved
513967,118458,01/01/2026,Home,3988.15,Approved
503427,101037,01-09-2026,Home,1834.84,Approved
508941,104179,2024-10-01,Health,977.29,Rejected
503638,113702,18-04-2019,Health,742.95,Rejected
513953,103629,01/21/2022,Home,2729.77,Under Review
501266,102937,12-07-2022,Health,2754.41,Approved
501560,112309,11/16/2025,Auto,1863.26,Approved
514028,106722,10-05-2020,Health,-601.47,Approved
511787,118673,02-04-2021,Life,3052.34,Under Review
510326,101537,17-06-2025,Life,9262.78,Rejected
507179,109696,19-05-2024,Auto,3291.43,Approved
504109,119028,09/17/2020,Health,1271.37,Approved
507867,114360,2023-05-01,Home,5455.25,Approved
504904,103027,31/08/2021,Auto,2525.55,Approved
507294,101420,17/01/2025,Health,2286.43,Approved
500514,113592,23-06-2020,Health,1388.04,Approved
500894,106909,26/10/2021,Auto,951.15,Approved
508601,103061,05/26/2019,Home,1325.59,Approved
500021,103894,13-10-2021,Home,1928.26,Approved
511577,115972,2023-10-17,Travel,940.12,Rejected
509090,119448,12/04/2024,Auto,1987.47,Approved
500899,108043,08/29/2022,Auto,1506.18,Rejected
500207,120471,21/08/2019,Travel,317.74,Approved
500458,105549,31/01/2023,Health,523.3,Approved
510246,109154,2025-12-18,Auto,1316.53,Under Review
502430,111117,03/16/2024,Health,376.5,Approved
508442,117545,01-06-2022,Auto,938.47,Pending
512398,113050,11/05/2023,Travel,206.38,Approved
509299,112673,09/30/2021,Home,1698.48,Under Review
503389,113174,18-06-2019,Health,672.94,Approved
509905,118926,2020-02-20,Life,6609.62,Rejected
503911,116026,03/11/2021,Auto,4030.62,Approved
505383,111132,07/04/2022,Health,258.07,Approved
508907,109284,01/10/2021,Auto,1973.68,Approved
500552,113513,22-05-2023,Travel,204.01,Approved
509631,104845,03-01-2021,Health,570.18,Approved
510462,118858,20/04/2019,Health,258.11,Approved
503144,104339,03/07/2020,Auto,3774.47,Approved
506917,119842,2022-04-29,Auto,2442.36,Rejected
502056,111743,04/18/2023,Life,9322.81,Approved
501925,100921,06/09/2022,Auto,2111.24,Approved
500634,105230,2020-12-21,Auto,941.57,Pending
506082,120132,28/08/2022,Home,4494.47,Approved
508508,120121,01/01/2024,Life,10056.71,Approved
513878,107564,26-05-2026,Auto,539.13,Pending
514480,100412,06/08/2021,Auto,1990.58,Under Review
508619,118477,27/12/2020,Life,6861.97,Approved
512847,105889,03/06/2025,Health,376.55,Approved
500105,111900,2019-03-27,Auto,644.7,Approved
503041,101130,2023-07-18,Health,610.97,Rejected
512430,111580,04/24/2023,Health,447.27,Rejected
510361,112854,2024-05-09,Life,7344.83,Approved
501709,100705,07/18/2020,Travel,132.13,Rejected
500089,111881,25/01/2022,Travel,195.02,Rejected
507014,115248,14/11/2019,Home,1422.17,Approved
510433,120473,10-09-2020,Health,519.32,Approved
503174,100902,31/05/2019,Auto,670.29,Pending
500917,115364,2026-03-21,Home,2020.02,Approved
507833,111603,27-09-2019,Life,8691.6,Under Review
506732,107871,31/10/2022,Life,5345.7,Rejected
501949,111504,31-03-2024,Travel,256.18,Rejected
512236,117028,04/20/2025,Health,7089.25,Approved
511040,111781,29/11/2023,Health,2664.0,Rejected
506368,117235,02/23/2024,Auto,906.75,Under Review
500001,118345,14-05-2024,Life,5989.21,Under Review
508032,113402,2026-07-28,Auto,552.67,Rejected
512529,113379,01-11-2024,Health,2044.47,Approved
506047,106047,10/21/2019,Auto,1552.6,Rejected
509127,115779,02/22/2026,Auto,2379.76,Approved
513785,102139,2024-08-19,Life,-7237.2,Rejected
502720,116746,13/11/2023,Auto,878.39,Approved
508783,105551,2024-12-06,Auto,3129.77,Approved
514673,105791,27-09-2022,Travel,167.46,Approved
503117,110504,21/02/2020,Auto,2872.43,Rejected
511128,107837,2019-09-04,Health,577.8,Approved
514171,109064,13-07-2021,Health,707.29,Approved
510640,104225,04/05/2019,Home,1492.74,Approved
509768,102241,07/29/2026,Health,551.59,Approved
503762,112932,2020-02-24,Health,593.25,Approved
500213,109902,2019-04-02,Health,-984.86,Under Review
500778,119043,25-06-2019,Health,684.32,Pending
503496,118914,10-05-2025,Home,1747.78,Rejected
513197,113944,11/30/2021,Travel,217.54,Pending
502043,105654,01/09/2023,Life,6207.67,Approved
508920,107095,2026-05-12,Auto,2031.91,Rejected
505420,119442,04/25/2023,Life,9238.38,Rejected
506154,116159,22/07/2021,Health,587.93,Approved
509759,104163,22/05/2022,Health,421.92,Rejected
508357,113486,07/05/2022,Auto,7001.94,Rejected
511758,101716,05-10-2023,Home,1064.31,Approved
513396,110526,07/12/2021,Life,7825.7,Under Review
512625,104523,2019-05-22,Life,2561.33,Approved
510205,110918,2023-08-04,Auto,4552.3,Rejected
508465,100665,2023-01-22,Life,9373.18,Approved
512052,116285,06/09/2026,Life,3386.1,Under Review
504167,102297,06/03/2022,Home,665.23,Approved
510960,106869,2024-01-09,Home,1857.29,Approved
503788,104885,2019-12-11,Health,317.97,Under Review
508586,119859,02/10/2021,Home,3654.18,Approved
500583,117816,2019-11-16,Health,2832.95,Rejected
504031,112878,08-07-2024,Auto,788.96,Approved
510442,112095,21/06/2025,Health,-668.43,Approved
500116,106258,01/21/2021,Travel,639.72,Approved
506644,102259,2019-05-30,Auto,3613.8,Approved
513511,106471,2025-08-20,Life,7866.18,Approved
513045,119563,2019-06-07,Auto,5367.2,Rejected
514610,118077,15/02/2021,Health,776.6,Approved
514433,119870,26/06/2026,Home,2053.43,Approved
508712,100779,11/24/2019,Travel,399.28,Rejected
501763,101905,11/30/2024,Health,851.46,Rejected
501875,116803,2023-11-10,Home,855.25,Under Review
512157,103893,2025-05-09,Auto,1347.72,Approved
511536,119324,25-02-2025,Health,497.02,Under Review
510445,106175,06/17/2019,Auto,1382.81,Approved
503224,108124,08-04-2021,Health,531.09,Approved
500526,109440,2019-10-21,Auto,2198.3,Approved
507725,101845,19/06/2019,Health,2032.16,Approved
502946,105513,13/05/2020,Auto,-1204.87,Rejected
504473,111225,01-11-2024,Auto,1284.67,Approved
512091,116754,2025-10-25,Health,332.8,Approved
505655,103336,19-11-2019,Auto,1673.61,Under Review
508884,109373,08/22/2019,Home,5715.3,Approved
506059,111114,16-12-2022,Travel,203.13,Under Review
500959,117864,04/14/2020,Home,1166.5,Approved
512636,104945,2020-12-29,Life,6822.84,Approved
506342,120203,30-08-2022,Home,527.54,Approved
503633,111355,04/18/2019,Health,155.58,Approved
501050,103507,11-10-2024,Home,925.65,Approved
508782,113285,01/01/2023,Auto,1407.77,Approved
508711,111042,2022-01-09,Auto,1123.11,Approved
503380,110026,2024-04-09,Health,560.62,Pending
503676,106797,14/10/2022,Health,2761.54,Pending
505776,112672,2021-06-24,Health,4176.23,Rejected
514000,117939,09/30/2021,Travel,205.95,Approved
506573,111082,20-02-2024,Travel,245.48,Approved
505179,100985,08-03-2025,Auto,1737.4,Approved
501607,102117,2025-02-08,Home,1747.76,Pending
503610,102993,05/07/2026,Home,4000.77,Rejected
514594,107679,18-07-2022,Home,2212.93,Approved
506635,113260,10-05-2024,Home,2108.12,Pending
505928,111776,01/22/2024,Auto,1129.33,Approved
510001,102793,06/13/2025,Home,3594.94,Pending
500791,100688,2021-10-05,Life,7939.36,Approved
508984,115680,09/28/2020,Travel,228.74,Pending
503056,104393,11/07/2025,Life,6337.18,Approved
510047,100098,09/14/2025,Auto,792.74,Approved
501980,100137,2019-12-27,Life,-12536.27,Approved
511425,109036,07/11/2023,Home,2948.76,Approved
503598,115247,12-09-2025,Home,977.91,Approved
500933,102043,17/10/2021,Life,6471.66,Pending
512155,114671,27-05-2023,Home,2046.57,Approved
507424,115400,2019-02-01,Auto,930.86,Approved
505626,118369,2022-09-27,Health,606.89,Pending
501682,112769,2021-12-18,Health,226.63,Rejected
504179,109623,02/08/2021,Health,749.02,Approved
512218,106121,06/06/2024,Health,212.76,Approved
506446,118392,2020-01-27,Travel,351.11,Rejected
504116,108900,26/07/2022,Home,2835.85,Rejected
500988,119745,30/10/2019,Travel,-278.34,Under Review
511703,120309,01/21/2025,Home,8285.57,Approved
511645,102971,2025-06-22,Travel,258.95,Rejected
502896,105871,2025-10-14,Health,1754.25,Under Review
503778,103069,03/18/2022,Home,4128.24,Approved
505658,113787,2026-08-17,Home,2813.16,Rejected
511722,106928,2019-04-10,Auto,957.86,Approved
503093,101691,2026-04-15,Home,1238.47,Approved
503155,111427,2024-05-18,Health,75.92,Under Review
511393,103977,28/12/2022,Health,565.37,Rejected
501823,101444,16/05/2026,Home,7648.53,Approved
514402,110975,26/08/2019,Travel,251.38,Pending
501098,101522,17/08/2024,Health,571.48,Approved
510396,101364,2023-09-26,Auto,363.95,Approved
502844,105570,17/08/2020,Auto,1117.24,Under Review
509078,102868,01/26/2024,Auto,2819.94,Approved
503342,114266,09/08/2021,Auto,954.79,Approved
500038,118374,21-06-2021,Home,2053.79,Approved
506540,113219,10/14/2020,Health,574.92,Rejected
513991,115517,16-01-2025,Health,210.55,Approved
508707,109034,2024-02-09,Auto,6377.25,Approved
503356,105642,2019-03-21,Health,707.17,Under Review
509645,115967,10-11-2019,Auto,718.81,Pending
511745,106078,27-09-2021,Auto,2157.31,Approved
511801,116772,2023-12-23,Auto,717.25,Approved
510698,112002,2019-05-25,Health,927.0,Rejected
511186,108557,02-11-2019,Life,5564.64,Approved
512191,114453,07/12/2019,Auto,1073.1,Approved
507813,115159,12/01/2020,Home,3907.72,Approved
514547,104495,12-04-2023,Home,2400.94,Approved
509098,117237,18/04/2021,Life,10858.03,Approved
508220,100788,20/10/2025,Health,400.04,Under Review
513805,104133,25-07-2020,Health,788.32,Rejected
510699,102212,18-08-2021,Home,1380.35,Pending
502428,107040,09/27/2020,Auto,1770.33,Rejected
505043,100895,08/19/2020,Home,4388.12,Pending
505346,108327,20/11/2023,Health,670.4,Approved
508954,115456,06/26/2026,Auto,2967.05,Approved
511939,113223,2025-05-03,Auto,689.1,Approved
504811,112865,2021-01-25,Auto,746.22,Rejected
508476,118418,07-06-2024,Health,568.09,Under Review
500686,105436,11/01/2025,Travel,314.66,Rejected
504799,108499,2019-06-25,Travel,436.69,Approved
507437,106182,04-03-2025,Auto,3501.47,Approved
502353,105018,2023-01-11,Auto,1975.99,Approved
506353,108408,05-03-2020,Auto,1020.55,Approved
513366,112329,05-01-2019,Life,10263.34,Rejected
504569,105786,06-05-2023,Home,1121.81,Rejected
508213,109769,22-09-2025,Home,4469.59,Approved
502752,115380,10/31/2019,Travel,507.27,Approved
509077,110707,03-02-2024,Home,512.4,Rejected
508073,101821,03/24/2020,Home,3003.23,Under Review
509109,115856,2023-02-05,Auto,2256.85,Approved
501040,109161,01/29/2020,Auto,-1403.68,Under Review
507491,108015,19/11/2023,Auto,339.94,Rejected
501265,102386,02/15/2019,Auto,1466.7,Pending
512771,101936,17-02-2021,Home,1736.9,Pending
513868,118416,07-09-2020,Life,11478.37,Approved
507059,112876,09/30/2024,Auto,1988.34,Approved
500277,104902,06/27/2023,Health,818.82,Approved
505084,106759,20/06/2021,Travel,212.71,Rejected
510276,117857,2021-09-23,Travel,500.97,Approved
509437,118169,27-03-2026,Life,11932.2,Approved
502382,103508,04/16/2025,Auto,983.41,Approved
500571,105332,08/15/2026,Auto,2519.66,Approved
501435,100057,12/06/2025,Life,6799.58,Approved
512094,108841,21-07-2019,Auto,961.56,Approved
509439,101559,06-10-2023,Travel,438.84,Approved
505352,113190,2020-07-16,Health,2552.05,Approved
512873,119813,01/29/2021,Auto,4768.1,Approved
511718,120045,28-08-2023,Health,629.45,Rejected
510706,104267,2025-03-25,Life,9823.11,Pending
505445,114319,06-09-2019,Auto,750.59,Approved
501007,118443,03-11-2019,Life,10166.28,Approved
504543,101190,2025-10-04,Auto,2290.48,Approved
513196,113944,21/08/2026,Travel,236.92,Under Review
513873,115775,10-10-2023,Auto,2200.55,Under Review
502064,103115,07/08/2023,Health,-149.76,Approved
501136,101084,06/30/2023,Auto,1814.84,Rejected
509882,103443,04/15/2020,Travel,205.17,Rejected
513846,119950,2023-08-27,Health,3078.79,Rejected
505343,116797,08/24/2026,Health,1106.58,Pending
510177,105705,21/05/2019,Home,1038.37,Rejected
500294,116183,2025-02-28,Travel,191.61,Rejected
509739,104598,14-08-2026,Health,1265.23,Approved
510204,111283,12-04-2022,Health,1204.13,Rejected
508780,111484,09/24/2019,Health,1251.67,Approved
511521,118563,06/22/2020,Auto,1587.1,Approved
502403,113811,09/05/2022,Life,6371.53,Approved
510321,105680,23-01-2024,Auto,315.95,Approved
503998,114690,2019-04-25,Health,433.61,Approved
513956,120274,2025-08-15,Health,648.34,Approved
503741,118603,08/21/2024,Home,3140.37,Approved
511700,105313,20-11-2022,Auto,2545.62,Pending
513800,109105,02/15/2020,Home,544.96,Under Review
502719,103059,2022-03-10,Home,3515.95,Approved
513771,107009,2024-10-12,Home,1180.29,Pending
512713,117079,17/04/2024,Home,4695.49,Approved
505150,100468,2025-07-03,Auto,706.74,Approved
502808,101358,29/03/2022,Auto,1714.09,Rejected
509017,110970,11-02-2023,Home,2720.91,Approved
500556,113520,2020-04-08,Travel,308.85,Approved
513355,105656,11-02-2020,Home,1452.97,Rejected
504795,100353,12-05-2026,Auto,1894.61,Approved
502469,102101,17/07/2025,Health,1197.12,Rejected
503738,114316,2021-01-31,Travel,509.62,Pending
504286,100428,2021-06-10,Auto,1352.64,Approved
512643,105590,27/10/2021,Auto,1472.36,Approved
509908,114732,16/01/2026,Health,927.77,Approved
502604,109240,29/01/2026,Auto,1263.59,Approved
500362,102519,2023-07-21,Home,1032.06,Under Review
506924,104861,11-06-2020,Travel,335.54,Approved
501704,109251,23-03-2021,Auto,1393.16,Approved
502139,110470,2020-07-25,Auto,886.86,Pending
503239,106357,2021-12-21,Life,12063.21,Approved
502383,103508,31/01/2024,Life,9319.93,Approved
507314,110609,20-02-2023,Auto,2759.11,Rejected
504311,114927,25/09/2023,Life,5176.04,Approved
509477,111689,2020-03-15,Auto,-4114.53,Approved
501312,116041,2022-10-10,Health,1665.79,Approved
514107,110380,25-09-2022,Home,1157.18,Rejected
503930,100381,2020-08-19,Health,337.52,Approved
506183,118159,14-03-2021,Home,1926.53,Approved
512962,106142,22/03/2021,Home,3844.63,Approved
501591,108375,2022-12-21,Travel,502.94,Approved
514046,115534,01/20/2022,Home,4413.43,Approved
502162,120358,05/03/2026,Home,3832.0,Approved
502396,116734,05/30/2026,Life,9293.72,Approved
500317,107215,2019-03-22,Life,6245.62,Approved
509516,114784,04/16/2026,Home,4191.28,Under Review
511303,117768,04-01-2021,Home,5649.29,Approved
505233,113697,19-05-2025,Home,1926.83,Under Review
513322,101638,09/19/2024,Auto,937.37,Approved
505068,107836,15/05/2022,Auto,-575.43,Rejected
504036,110551,06/24/2019,Auto,981.77,Approved
508987,104924,07-10-2023,Home,1622.19,Approved
503020,108349,10-03-2026,Auto,931.52,Approved
509903,118926,06/20/2024,Health,142.81,Rejected
511579,102843,03-04-2026,Health,939.47,Approved
508228,113905,2025-03-26,Home,804.22,Approved
512741,100557,10-09-2025,Auto,2711.83,Pending
509105,110967,11/07/2025,Health,782.51,Under Review
505295,105942,15-07-2023,Travel,387.35,Approved
503972,109705,2023-07-15,Home,7312.96,Pending
505370,114984,07/13/2021,Home,2206.74,Rejected
504133,105631,2025-12-29,Home,4486.59,Approved
500974,107363,07/03/2024,Auto,1565.59,Rejected
507291,104355,20/05/2024,Auto,753.37,Under Review
509175,111077,11/15/2024,Auto,2376.77,Under Review
500954,107504,06/18/2023,Auto,3378.82,Approved
509610,108278,07-08-2019,Auto,,Approved
509752,109573,05/01/2026,Life,10585.46,Pending
512327,113065,04/12/2020,Health,1210.57,Rejected
513310,106140,12/15/2024,Home,1651.17,Approved
512457,110521,17/09/2024,Health,1813.53,Approved
509547,102824,21/04/2019,Travel,159.49,Approved
513927,109130,08-06-2025,Health,627.46,Pending
505016,108440,06/11/2020,Auto,1757.23,Approved
514550,102368,2021-09-08,Auto,774.8,Approved
509179,104898,17-07-2023,Health,3424.49,Approved
510874,117730,07/05/2019,Auto,1755.3,Rejected
507490,100096,04/07/2020,Life,11251.13,Approved
501640,106340,2019-05-11,Life,8099.82,Approved
501290,106959,19/01/2022,Life,4146.33,Approved
511873,106622,09/04/2023,Auto,1056.66,Rejected
501380,113355,12-02-2024,Travel,325.6,Rejected
501933,112416,02/18/2023,Health,1476.76,Rejected
504675,101483,19/04/2023,Health,2347.46,Approved
513670,106082,02/18/2022,Travel,335.66,Rejected
511352,105919,04/11/2020,Home,1843.64,Approved
510222,103518,02/02/2020,Home,1464.23,Approved
500892,109144,2025-08-07,Health,977.72,Rejected
507287,111904,12/21/2024,Health,2301.17,Under Review
504876,117481,01/06/2022,Auto,190.44,Approved
512261,112855,08/17/2023,Health,-2810.25,Under Review
507906,104537,06/23/2026,Travel,336.07,Approved
512447,116998,2023-07-04,Health,822.7,Approved
508194,106302,11-11-2025,Health,469.5,Rejected
514036,110093,07/02/2021,Health,2723.95,Approved
510301,118245,2024-08-31,Auto,4455.47,Rejected
509041,119311,20/11/2019,Auto,508.73,Rejected
510929,106453,07/12/2020,Travel,764.83,Under Review
502466,116425,21/04/2019,Auto,1188.55,Approved
507657,113435,08/31/2019,Home,4219.45,Pending
510106,119565,17-04-2024,Home,2203.29,Rejected
509788,101502,06/16/2022,Health,991.33,Approved
501913,108262,05/21/2019,Health,1000.73,Approved
511362,112006,19-08-2020,Health,3155.75,Rejected
502736,119537,2020-02-21,Auto,1930.17,Under Review
500726,110224,10-05-2020,Life,9243.31,Approved
507214,116130,08-06-2019,Travel,236.5,Rejected
508245,116395,01/25/2019,Health,1689.18,Approved
501796,104343,06/25/2024,Auto,696.18,Pending
503845,105719,23/12/2021,Auto,2810.64,Approved
506402,116332,08/03/2020,Life,6063.17,Under Review
510745,112805,05/31/2020,Auto,2145.2,Under Review
510992,118521,05-05-2020,Health,817.17,Approved
500936,110834,20-09-2022,Health,846.72,Approved
502265,119209,24/06/2022,Home,1224.03,Approved
500824,104755,04/27/2021,Auto,902.91,Approved
512513,112001,2019-07-21,Health,1145.81,Rejected
507274,117590,02-08-2024,Life,11093.99,Approved
511593,115622,11-04-2022,Auto,823.45,Pending
501389,120382,2022-05-05,Home,1538.54,Pending
503564,117049,08/28/2019,Health,4162.52,Approved
509076,101438,03/20/2021,Auto,434.46,Under Review
505429,120043,2021-05-27,Home,2430.15,Approved
507827,102258,03/20/2025,Travel,,Rejected
505690,102527,29-06-2026,Auto,1651.51,Rejected
507878,105344,01/19/2022,Travel,499.1,Rejected
501868,116328,01/14/2026,Health,1404.71,Under Review
508202,111958,2023-03-14,Home,2648.91,Rejected
511607,101012,06/05/2024,Home,1559.89,Approved
507486,105397,04-02-2026,Home,2770.38,Rejected
509655,116120,2024-09-06,Home,3669.37,Under Review
500806,117521,2019-03-29,Travel,158.22,Approved
504805,106029,11-02-2024,Auto,639.26,Approved
513209,118852,18/04/2024,Health,693.08,Rejected
512260,117978,2023-02-13,Auto,927.12,Under Review
510300,113494,2021-08-29,Home,9891.21,Rejected
513691,103762,2020-07-20,Auto,2884.6,Pending
505391,104216,14/01/2023,Home,2973.61,Rejected
510426,103237,09/29/2022,Travel,191.12,Approved
509155,118875,04/01/2019,Home,7550.44,Approved
507511,104268,30/06/2024,Auto,3032.68,Rejected
508056,115657,04/06/2024,Travel,172.79,Rejected
504494,116513,14/01/2021,Auto,1032.75,Pending
502632,117654,20/03/2024,Life,9673.83,Approved
513318,104517,21/05/2024,Auto,3702.54,Under Review
508896,107262,2024-05-09,Home,1427.25,Rejected
508623,106558,13/08/2023,Health,565.74,Rejected
507832,109904,02/09/2021,Health,914.05,Pending
504388,114910,06/11/2020,Auto,2001.61,Approved
500145,109357,23/03/2019,Auto,3677.09,Approved
506467,112961,10/28/2022,Health,398.99,Rejected
502033,117538,2019-03-02,Health,387.55,Approved
513654,111787,27/08/2026,Auto,4019.11,Approved
501165,119939,13-09-2021,Auto,2102.5,Approved
511692,104887,2026-01-09,Auto,,Approved
502050,116276,02/07/2023,Auto,1107.91,Approved
503760,113829,01/18/2022,Auto,1732.57,Rejected
510816,118175,2021-01-08,Health,988.09,Under Review
512676,117622,13-12-2024,Auto,1641.62,Approved
504435,116238,12/30/2020,Auto,,Approved
503430,103357,02/05/2020,Auto,870.08,Approved
508190,113388,2026-01-24,Health,1109.79,Approved
513111,119707,18-10-2021,Home,1743.11,Rejected
507069,117917,05/08/2026,Home,4753.98,Rejected
504361,119031,2025-06-19,Auto,2042.94,Under Review
510616,106240,14/11/2024,Health,950.75,Under Review
509454,107938,21/06/2023,Travel,567.28,Pending
501771,120201,10/05/2020,Life,13206.79,Approved
503511,115958,07/20/2021,Home,2583.81,Approved
500271,119399,18-08-2021,Auto,2854.46,Rejected
512984,114478,17-01-2019,Auto,2204.39,Approved
501530,115107,04/22/2022,Life,19371.6,Approved
508436,104833,06-06-2020,Home,2221.76,Pending
512605,118572,30-05-2024,Travel,95.5,Under Review
512764,108556,30-01-2026,Travel,257.93,Approved
502032,109770,08/03/2022,Travel,134.32,Approved
512316,117409,2019-07-23,Home,1965.75,Approved
509005,109980,24-04-2022,Auto,1416.33,Approved
514460,107651,02-09-2021,Auto,1040.43,Under Review
503810,116879,19-12-2024,Home,-2361.0,Approved
513431,106764,2022-08-14,Travel,147.62,Approved
509996,116042,22/03/2021,Auto,549.09,Approved
513730,106446,28/07/2020,Life,14622.64,Rejected
504346,120124,16-03-2020,Auto,5787.99,Under Review
510653,109112,03/01/2020,Health,1058.6,Pending
500545,104166,15/08/2020,Travel,177.76,Approved
503241,100959,01/10/2020,Health,164.44,Pending
508930,108314,30-11-2021,Life,14423.36,Pending
508502,113847,2026-08-27,Home,4757.99,Pending
511713,105184,08/11/2019,Health,677.48,Rejected
509323,119253,10/01/2021,Life,6378.29,Approved
508200,104047,2019-09-14,Auto,2127.71,Pending
512303,118382,01/08/2023,Health,985.61,Approved
510961,116495,21-05-2023,Home,3866.11,Approved
507564,115659,28/11/2021,Auto,2524.69,Rejected
500920,102392,06/03/2021,Home,1846.83,Pending
513642,107005,08/31/2020,Home,1184.01,Approved
511779,116260,2022-10-18,Home,3806.27,Approved
506640,116636,01-09-2022,Home,6747.77,Approved
512151,105057,10/08/2019,Auto,1351.75,Under Review
507694,113664,27/03/2023,Auto,1908.54,Pending
508230,103377,29-08-2019,Health,701.03,Under Review
512651,108244,29/06/2023,Home,13206.47,Rejected
507126,101118,15-07-2023,Health,1013.14,Approved
504278,105963,09/05/2024,Auto,500.43,Pending
502983,103595,2024-12-24,Auto,2366.59,Approved
500130,111753,20-03-2023,Home,1497.62,Approved
507980,108480,10/04/2022,Auto,2261.52,Rejected
502667,108631,21-12-2022,Life,21948.49,Under Review
507138,101145,26/09/2024,Health,1177.71,Approved
503223,113358,2024-04-13,Home,3345.68,Approved
509374,101044,28-04-2026,Travel,422.72,Rejected
507693,117243,05/04/2025,Home,2827.59,Approved
505392,107913,14/12/2020,Home,4478.63,Rejected
500614,120138,12-05-2025,Home,5229.99,Rejected
514798,111363,19-10-2019,Life,8019.51,Approved
501466,116224,28-11-2021,Home,1470.74,Approved
504497,110567,18-11-2024,Home,2706.22,Rejected
503042,110029,25/11/2025,Home,4835.28,Rejected
509126,115779,24/10/2021,Travel,132.98,Rejected
502419,101071,2024-05-28,Auto,1980.57,Rejected
505085,106759,2024-02-03,Life,6806.72,Rejected
503294,110928,12/07/2024,Life,5524.33,Approved
506737,106927,2026-08-18,Life,8151.8,Approved
501500,117619,2025-05-28,Life,7251.75,Pending
513014,109587,02/27/2025,Auto,5034.33,Approved
509018,109746,07/21/2019,Auto,2987.01,Rejected
501521,100046,29/07/2026,Life,7190.12,Rejected
513641,107005,08/04/2019,Home,,Approved
511122,114115,01/09/2022,Home,1463.66,Approved
504232,116622,06/01/2025,Home,2385.26,Rejected
507686,104092,11/12/2020,Home,1286.48,Rejected
508820,116428,02/03/2022,Life,10163.43,Pending
504430,119695,17-08-2021,Health,1085.5,Pending
512045,108305,10/30/2025,Auto,1263.27,Approved
500390,103589,14/11/2022,Health,1596.8,Rejected
512537,107659,01/07/2023,Auto,3408.45,Approved
514752,118446,2023-09-25,Life,13470.87,Approved
507124,101118,2024-07-21,Life,5473.9,Approved
505913,118955,31/05/2022,Home,1971.51,Pending
512182,119748,08/09/2025,Health,750.18,Approved
508592,116496,17/05/2023,Home,,Approved
504806,106029,2019-08-29,Travel,1083.31,Rejected
513443,107421,09/05/2023,Auto,2785.76,Under Review
511551,110273,2021-04-02,Life,7534.06,Approved
508238,113308,16-09-2024,Auto,4616.89,Approved
508044,118300,16/06/2021,Health,305.47,Rejected
514632,111835,15/12/2024,Home,5462.68,Approved
503993,107789,26/03/2026,Home,3123.78,Approved
511834,118710,16-10-2020,Auto,1859.07,Approved
511918,101630,2024-05-09,Home,12784.81,Rejected
514287,105240,2022-09-06,Health,251.07,Approved
506609,102504,2023-10-22,Auto,506.04,Approved
505319,105843,19-09-2025,Home,1259.07,Pending
514721,117412,17/10/2023,Auto,2010.82,Approved
507119,108104,17-10-2022,Life,11499.95,Approved
502421,119510,25/12/2023,Travel,696.32,Rejected
505604,118050,08/08/2022,Auto,1597.65,Rejected
501750,107451,2020-05-31,Life,5958.01,Approved
514691,113545,2020-02-13,Auto,,Approved
513489,101286,28-02-2019,Auto,2040.34,Approved
512254,116446,2021-09-19,Travel,181.61,Approved
514533,115979,07/12/2026,Auto,2484.06,Under Review
500338,110140,03/31/2025,Travel,137.36,Rejected
508407,114542,06/05/2024,Auto,982.49,Approved
511855,103303,07/26/2025,Home,1632.87,Under Review
501341,106306,20-10-2019,Home,1134.18,Approved
514278,117022,2022-12-23,Home,2741.35,Under Review
507982,108480,2019-10-06,Auto,2846.5,Approved
512086,104251,09-06-2020,Auto,-1922.87,Under Review
503640,100566,17-02-2019,Home,2342.75,Approved
500329,101510,2023-01-29,Auto,1021.6,Rejected
513213,108553,05/04/2021,Auto,1343.71,Approved
503004,108603,29/11/2025,Travel,411.81,Approved
506960,112776,11/05/2026,Life,9738.47,Approved
504090,104220,26-07-2024,Life,-14829.4,Approved
511307,116352,04/10/2026,Health,615.07,Under Review
509828,119732,2026-08-30,Auto,1454.71,Rejected
502322,110156,2022-08-21,Home,856.48,Approved
506667,100092,14/11/2020,Home,2946.15,Under Review
507009,106255,22/09/2022,Auto,2084.44,Approved
504197,118179,02-09-2020,Health,2102.06,Approved
503549,114213,27/06/2025,Auto,1473.79,Under Review
509650,119982,04/11/2019,Home,963.68,Approved
508363,113952,12/01/2024,Life,11575.21,Approved
504203,115301,05/03/2022,Health,3330.46,Approved
513935,100153,09/21/2019,Life,12444.17,Approved
511761,104298,06-01-2023,Auto,951.07,Approved
512418,118114,20-03-2026,Health,1103.66,Rejected
513370,117826,08/04/2019,Home,3191.18,Approved
514089,103368,21-09-2020,Auto,1203.52,Rejected
506185,110049,31/10/2019,Life,7173.55,Approved
501639,106340,24-10-2024,Life,4746.02,Rejected
509130,115439,03-03-2020,Home,1471.06,Approved
500060,114585,06-02-2022,Auto,1536.78,Rejected
501240,101092,12-09-2019,Health,397.97,Rejected
505760,104948,04/20/2021,Home,3534.98,Under Review
505136,119848,09/27/2020,Home,1729.86,Approved
502343,114245,08/22/2022,Health,-1479.06,Rejected
502120,117475,2024-09-10,Travel,103.61,Approved
501524,108477,09-03-2025,Life,9663.77,Rejected
507617,113155,19-03-2019,Auto,1346.63,Pending
500153,100640,16/03/2020,Home,4239.55,Approved
500481,108253,07/20/2020,Home,1369.47,Rejected
506122,110990,04/06/2023,Auto,1425.09,Rejected
512652,108244,2023-02-16,Health,1286.86,Approved
507674,109156,07/01/2026,Travel,166.47,Approved
507101,112299,10/04/2025,Health,1206.98,Under Review
512112,102618,23/04/2022,Home,9171.13,Approved
501762,114581,25-05-2025,Travel,797.85,Approved
508942,104179,04-10-2022,Home,1338.08,Approved
507715,111640,09/01/2019,Auto,1393.9,Approved
509977,109266,09/14/2022,Life,4428.28,Approved
513587,115360,25/06/2024,Travel,444.16,Approved
507479,101937,02/01/2024,Travel,225.77,Approved
506212,117152,28-05-2024,Home,10329.64,Approved
512693,118288,08/06/2019,Auto,1170.76,Pending
504853,112248,08/24/2019,Auto,1983.06,Pending
502711,105933,2023-01-07,Auto,1032.68,Under Review
506766,113262,2026-04-11,Auto,1982.21,Approved
504150,105723,02/25/2019,Home,6634.14,Under Review
512385,108560,03/13/2023,Home,1685.22,Approved
501333,116222,14/06/2022,Health,1808.97,Pending
514081,114755,2026-07-05,Home,1879.31,Under Review
511046,108134,08/26/2022,Life,7074.58,Approved
508378,118703,01/07/2025,Health,199.83,Under Review
509328,110114,09/13/2022,Health,733.84,Rejected
514049,102482,07/24/2022,Health,821.99,Approved
514516,107805,28-02-2024,Auto,1496.52,Rejected
510250,113968,02/25/2021,Life,5183.25,Approved
513647,104644,13/08/2023,Auto,839.15,Rejected
503850,104456,2021-12-03,Auto,739.48,Rejected
508340,111656,2023-11-06,Travel,610.41,Approved
504124,114956,14-08-2022,Auto,1068.88,Approved
513081,111861,11-01-2022,Auto,2005.58,Under Review
513411,110756,10/10/2021,Home,1639.24,Approved
511555,109141,2020-10-13,Home,4477.01,Pending
504788,101547,02-08-2021,Life,4629.9,Pending
502866,105140,02/08/2021,Life,6721.98,Under Review
511968,113404,28-05-2022,Auto,1923.13,Pending
501386,120382,26/07/2025,Home,3674.16,Approved
505941,106569,17/08/2020,Health,1123.25,Approved
503067,109851,2021-09-16,Auto,444.05,Pending
513554,113669,06/15/2024,Auto,1132.75,Approved
503629,108136,23-04-2024,Life,28233.27,Under Review
514156,118574,2020-10-06,Life,5724.33,Pending
512989,119269,04/07/2023,Auto,948.93,Approved
513388,103083,2020-06-01,Health,848.25,Approved
503028,100413,09/26/2023,Home,1943.65,Approved
502969,113775,29/04/2021,Auto,3765.41,Approved
511664,100808,01/12/2026,Travel,219.94,Approved
509900,107338,06/04/2025,Life,6540.6,Rejected
511145,114524,2022-11-18,Auto,898.08,Approved
508646,103403,2019-01-31,Auto,1245.98,Approved
506136,102060,2023-11-25,Home,1710.46,Approved
508801,109551,03/27/2022,Life,5341.12,Approved
504263,113375,06-03-2026,Home,5363.65,Approved
513018,119453,30/05/2023,Travel,156.19,Approved
500645,111963,16-01-2026,Health,-849.37,Rejected
514447,106731,12/01/2025,Health,515.47,Approved
502074,120097,2021-08-02,Travel,231.81,Rejected
512244,103074,08-11-2020,Health,533.42,Approved
500341,119134,2024-12-08,Life,3787.64,Rejected
508041,119721,23-01-2024,Home,,Approved
501622,113290,22/03/2021,Auto,-1388.15,Under Review
512875,103112,17/06/2024,Travel,293.07,Approved
507141,111091,13/04/2019,Auto,,Approved
505796,111906,04/07/2021,Health,1391.96,Approved
507184,106144,2024-02-10,Home,6562.95,Under Review
513959,111664,25/10/2022,Health,293.38,Approved
508232,103349,04/14/2019,Auto,744.6,Approved
505475,116412,07/14/2022,Health,-538.79,Approved
510281,101797,27/09/2023,Health,475.29,Rejected
512116,111763,07/05/2023,Auto,3029.76,Approved
510367,120480,31-05-2023,Auto,499.99,Approved
513850,102632,01/13/2022,Auto,646.78,Approved
500074,112440,11-06-2023,Home,1657.34,Approved
514798,111363,19-10-2019,Life,8019.51,Approved
505221,119503,2026-02-05,Travel,436.86,Approved
510849,107209,09-09-2021,Auto,2219.21,Under Review
511372,100662,06/18/2025,Auto,3184.02,Approved
510268,116253,2021-01-25,Home,7885.45,Approved
508633,111426,2021-08-15,Home,6105.14,Approved
513809,113774,08/01/2019,Life,6033.63,Rejected
502051,116276,09-08-2026,Auto,-868.02,Approved
502541,117446,03/01/2023,Auto,1373.17,Approved
501301,104031,10-02-2021,Health,876.21,Approved
505877,101345,2019-01-30,Auto,,Approved
507368,116186,03-09-2023,Auto,1101.38,Rejected
511622,115179,04/06/2026,Health,-1782.93,Approved
501304,102003,13-09-2022,Auto,851.28,Rejected
508428,111109,2025-05-13,Home,1970.01,Approved
513604,112588,22-07-2026,Auto,584.55,Approved
502599,114862,07/29/2026,Home,5534.54,Pending
512808,112966,17/05/2021,Life,22520.25,Approved
502573,107588,24-06-2022,Auto,804.12,Approved
511472,113721,08/07/2026,Auto,335.65,Approved
503186,115351,06-04-2026,Health,542.13,Rejected
512145,102104,12/06/2025,Auto,1518.03,Approved
502768,112261,2019-03-08,Auto,1661.55,Approved
504831,115189,05/03/2025,Life,14781.92,Approved
504223,105219,2023-09-13,Health,860.23,Approved
514440,113807,10/03/2020,Home,1534.08,Approved
502106,110522,2026-02-24,Health,1759.39,Approved
502679,109477,12/07/2025,Health,223.0,Rejected
510953,104534,2025-07-05,Home,5828.98,Approved
512880,103828,26/09/2023,Auto,1741.72,Approved
501387,120382,14/05/2023,Auto,2029.75,Approved
514474,105073,2025-06-26,Auto,1256.79,Approved
514203,106283,2025-12-11,Life,7659.78,Rejected
513362,108264,10/02/2025,Travel,185.15,Approved
514455,109348,15-08-2019,Auto,1829.4,Rejected
507083,106609,12-03-2025,Health,992.4,Under Review
513192,117508,11/03/2019,Health,814.85,Approved
501279,118550,24-06-2024,Health,1037.04,Approved
513221,119812,10/03/2024,Health,2078.52,Approved
500804,101393,06/14/2023,Health,1777.94,Approved
501555,117664,2021-11-29,Health,1301.06,Approved
514197,112607,06/03/2026,Health,753.16,Approved
511382,116727,2022-12-13,Health,901.69,Approved
504566,111784,2025-01-05,Home,4945.38,Approved
512994,111439,11/08/2022,Home,-464.56,Approved
514468,120341,03/05/2020,Auto,4009.43,Approved
504841,118617,2024-04-09,Health,368.79,Approved
503594,107907,2023-05-16,Home,2800.12,Rejected
506035,102406,01/04/2020,Health,1423.57,Rejected
506852,118600,2022-07-01,Life,22529.9,Approved
510112,111137,25/08/2025,Health,676.1,Approved
508705,105212,06/14/2025,Home,2744.1,Approved
504177,106346,11-02-2022,Health,2347.63,Pending
501308,109975,27/07/2019,Health,2257.03,Pending
509106,110967,01/30/2025,Auto,1971.22,Approved
503452,107682,31-03-2021,Health,532.41,Under Review
503695,112389,2021-03-04,Travel,176.48,Approved
504242,113712,2026-07-14,Health,794.89,Rejected
511348,100609,2020-08-06,Auto,1883.89,Approved
502198,109295,2024-07-12,Life,22491.3,Under Review
508966,102072,2020-04-14,Home,13001.61,Approved
504425,106534,02-11-2019,Health,839.35,Pending
506150,107749,2020-09-07,Auto,963.84,Approved
500943,119529,10-09-2020,Auto,2661.64,Approved
500822,114964,28-05-2021,Auto,1415.57,Rejected
505005,103584,22-01-2022,Auto,1221.91,Approved
506612,118585,06/21/2020,Home,462.15,Rejected
512469,101105,30-05-2020,Travel,478.48,Rejected
508356,113486,2022-09-28,Home,2130.01,Rejected
505619,113850,03/22/2019,Travel,438.07,Under Review
504547,110036,07/11/2019,Auto,1478.46,Pending
512175,104236,08/06/2024,Home,3450.52,Approved
502538,116632,03/06/2019,Auto,,Under Review
501086,104186,26-04-2020,Home,3330.12,Pending
509503,117436,10-01-2022,Home,6351.7,Rejected
505207,112649,16-03-2026,Auto,956.03,Rejected
514236,101605,15/11/2019,Home,3010.15,Approved
513480,115600,2023-10-30,Health,823.87,Under Review
503054,116319,2023-09-01,Home,1008.77,Under Review
503675,107752,10/05/2020,Auto,1662.08,Approved
507776,100559,11/27/2019,Auto,4372.75,Rejected
507218,105145,27/01/2024,Home,978.5,Pending
506722,102036,2025-02-04,Home,1973.6,Rejected
503300,107615,24/11/2022,Health,425.24,Approved
503310,107839,07-11-2025,Health,1386.99,Approved
507221,114020,22/09/2024,Life,6735.56,Approved
508519,102762,2022-09-04,Home,2048.93,Approved
510682,104657,15-10-2019,Auto,2449.78,Approved
505954,113315,2023-03-05,Auto,1264.59,Under Review
510998,115729,07/27/2022,Home,3426.06,Approved
512600,115233,10-10-2025,Auto,2402.6,Approved
500832,114205,04/29/2022,Auto,1780.21,Approved
511271,117303,29-01-2020,Auto,1850.95,Under Review
503462,101984,04-02-2022,Travel,1326.46,Rejected
513960,111664,06-02-2020,Health,925.08,Approved
507643,114415,08-12-2021,Health,5197.31,Under Review
500054,104110,2020-05-26,Home,4092.2,Rejected
512256,114427,02/02/2022,Life,-4355.22,Under Review
503451,116308,28-06-2020,Home,3178.9,Approved
506305,117666,2019-05-13,Home,3405.03,Rejected
510093,103044,09/28/2025,Health,379.79,Approved
501481,119073,26-10-2024,Travel,223.86,Rejected
504873,102858,2023-02-26,Auto,2845.52,Approved
513087,115352,20/05/2019,Life,9265.72,Under Review
508038,113916,25-08-2023,Health,167.76,Approved
512342,106989,2021-04-23,Home,2607.7,Rejected
503335,100130,22/01/2025,Home,3191.85,Approved
506016,105924,02-10-2025,Travel,509.84,Pending
504926,119710,2026-08-08,Travel,311.46,Approved
509138,110303,29-10-2022,Auto,2895.37,Under Review
505797,104723,2021-01-11,Home,4074.21,Approved
511485,102363,11/18/2023,Health,210.5,Under Review
510353,107055,17-03-2021,Auto,1000.82,Rejected
514704,119541,2023-04-05,Travel,351.78,Under Review
505083,106759,01/11/2023,Home,3772.59,Pending
506645,102259,24-06-2023,Health,2835.79,Under Review
512481,117780,18/10/2022,Life,8079.06,Approved
511249,104039,12/06/2026,Auto,1997.63,Approved
505490,107471,2024-04-07,Health,203.93,Rejected
500768,105732,2019-11-25,Health,429.31,Approved
502065,112833,29-09-2019,Home,5463.58,Approved
514215,115385,2019-01-08,Home,3440.38,Approved
511687,104198,2025-11-01,Home,4487.72,Under Review
507311,107750,2025-10-19,Home,12047.13,Rejected
508477,118418,12/12/2021,Home,654.14,Approved
512214,106972,22/08/2021,Health,530.68,Rejected
504524,112493,20/03/2021,Auto,701.73,Pending
511568,105555,06/29/2024,Auto,,Rejected
510524,118494,2019-03-21,Home,8384.98,Pending
502717,118810,09/15/2021,Life,10743.91,Approved
502079,116415,24/03/2025,Health,1992.45,Approved
511581,104815,2025-06-25,Home,1610.11,Rejected
508914,101109,05-01-2023,Health,971.46,Under Review
500951,102053,14/10/2022,Auto,4258.8,Rejected
508058,101610,13-01-2020,Auto,1564.72,Under Review
502482,114884,2024-09-24,Travel,309.17,Under Review
510454,102630,2024-10-28,Auto,3765.5,Approved
509181,118042,15/05/2019,Travel,772.14,Approved
511404,119534,25/10/2023,Home,2533.73,Under Review
501759,106714,30/09/2022,Health,820.35,Approved
509984,117669,05/23/2026,Home,1824.05,Rejected
504422,115050,10/09/2019,Home,3277.73,Rejected
506704,116881,25/01/2021,Health,1303.58,Approved
509916,120366,2022-01-22,Health,695.11,Pending
505182,109010,25-08-2023,Travel,210.76,Approved
508533,110435,2019-06-10,Home,2605.99,Approved
503701,118500,08/08/2022,Life,5060.08,Approved
504243,113712,10/08/2022,Life,13156.8,Approved
500688,113195,2022-07-17,Health,347.24,Approved
503432,115414,2023-04-03,Auto,1007.81,Pending
513395,119148,30/06/2023,Travel,432.76,Approved
504944,100461,06/24/2025,Home,,Rejected
500966,113706,2026-06-05,Home,2570.13,Approved
514517,107805,08/12/2026,Auto,1626.42,Rejected
514194,120188,10/04/2023,Home,1195.27,Under Review
510395,117902,30/01/2023,Auto,961.93,Under Review
502713,107932,19/01/2024,Health,,Approved
504757,109366,12-12-2023,Home,1592.41,Approved
513290,109312,2025-03-31,Home,3843.1,Pending
512350,116199,21/01/2019,Travel,855.79,Approved
514280,117660,20/10/2019,Life,17203.6,Under Review
506320,108667,10/09/2021,Health,1166.02,Approved
505975,119330,2025-09-24,Auto,952.87,Rejected
503572,106504,29/03/2024,Auto,2660.28,Approved
512997,113230,2019-12-20,Health,720.07,Pending
505299,117404,26-04-2025,Auto,2814.47,Rejected
501990,117886,08/20/2020,Health,470.09,Rejected
512312,102642,16-05-2025,Health,2263.82,Pending
512951,119588,27/06/2019,Auto,749.99,Approved
501205,108574,26-08-2022,Home,1030.49,Rejected
513050,107193,03/12/2022,Health,987.44,Approved
504971,104446,07/12/2022,Auto,4432.91,Approved
514544,100853,27-02-2022,Auto,1387.48,Rejected
513226,107165,03/22/2022,Auto,2190.76,Rejected
506783,109066,12-12-2020,Auto,5342.8,Under Review
503600,100653,04/07/2022,Health,505.05,Approved
506490,101903,19-01-2020,Auto,5797.47,Rejected
508609,109850,15-04-2022,Auto,482.46,Rejected
502119,117475,06/21/2022,Auto,1940.57,Rejected
513529,115740,02/26/2021,Health,108.97,Rejected
508070,105646,01/16/2025,Health,1826.53,Under Review
508577,115764,20/07/2022,Auto,5178.17,Approved
507973,115561,11/29/2023,Health,273.0,Approved
514743,112666,2020-03-09,Health,570.61,Approved
501625,105742,2024-06-18,Auto,2141.71,Approved
500536,113400,2024-04-08,Auto,1847.91,Approved
508766,105246,04/07/2021,Travel,402.3,Pending
507970,115561,04-10-2020,Auto,2357.82,Approved
513224,114571,20-08-2021,Auto,3125.5,Pending
504212,117238,08/22/2020,Health,767.12,Approved
506456,104840,2025-10-20,Life,12558.4,Approved
503507,115668,16-07-2026,Home,4152.41,Pending
508393,115851,25/04/2021,Auto,1893.42,Approved
509524,112093,30-06-2021,Life,11005.74,Approved
507112,104087,2025-01-24,Auto,4317.15,Under Review
511694,113058,06/05/2025,Auto,1039.15,Rejected
502708,107359,11/12/2024,Home,2566.28,Under Review
505031,102806,15/04/2021,Auto,1151.04,Pending
506514,114676,2026-06-28,Health,801.13,Approved
504662,117898,14/05/2023,Home,22607.54,Approved
504021,114100,13/12/2023,Health,4545.18,Rejected
501854,106267,2021-06-07,Auto,919.41,Approved
514109,110541,27-06-2022,Life,6380.02,Approved
502872,112339,05/31/2025,Auto,1089.43,Rejected
503030,106070,20-01-2020,Auto,1598.54,Under Review
509397,101356,2024-04-26,Travel,359.14,Approved
501645,117548,2021-03-22,Life,,Approved
503417,100933,27/03/2026,Health,883.99,Approved
503476,100536,08/08/2025,Home,8991.38,Under Review
514288,110488,05/03/2022,Auto,1076.17,Approved
511053,111706,14/06/2020,Travel,118.85,Pending
501792,101838,03/25/2024,Home,1793.83,Approved
503797,113278,16/02/2019,Travel,127.19,Under Review
503368,110903,23/03/2019,Auto,834.58,Under Review
511559,107108,13/04/2022,Travel,149.45,Approved
511725,117431,06/26/2019,Home,859.69,Approved
507196,110519,21-08-2026,Home,528.66,Rejected
514427,113116,09/20/2024,Auto,1530.05,Under Review
505109,103299,25/09/2025,Home,9708.36,Rejected
506024,106412,28/01/2019,Home,804.12,Under Review
511641,112662,21/06/2020,Health,1532.07,Under Review
508795,120246,13/01/2021,Auto,3870.83,Approved
511248,104039,12/25/2024,Health,1665.49,Under Review
513908,107119,07/12/2025,Home,1445.98,Approved
500126,113517,22/11/2019,Health,788.14,Approved
505959,115733,08/12/2024,Health,1279.41,Rejected
503876,104342,12/19/2021,Home,1709.0,Approved
511127,107837,02/23/2024,Life,9020.38,Approved
504451,116674,2022-04-23,Home,1283.83,Pending
507147,111756,31-07-2024,Health,-1115.16,Under Review
503531,116786,06/29/2025,Home,1011.33,Approved
510922,102841,2021-07-02,Life,-16748.88,Approved
500827,110421,05/12/2020,Auto,1389.25,Approved
509831,106567,2020-11-30,Auto,684.42,Approved
507790,108431,02/03/2022,Health,445.59,Rejected
500984,109238,18/01/2022,Health,807.81,Rejected
511473,113721,12/02/2020,Travel,231.13,Approved
511197,108106,05-05-2021,Life,4517.97,Approved
507783,113228,20-03-2026,Health,159.71,Approved
510380,114467,2022-03-19,Travel,355.91,Pending
514332,109550,23/03/2019,Auto,6428.53,Approved
502443,112365,2019-10-13,Auto,1422.8,Approved
508554,119053,28/08/2019,Auto,713.77,Under Review
510541,102173,18-01-2023,Auto,2175.94,Under Review
500345,119609,03/03/2019,Life,13072.89,Approved
500814,119159,2020-10-28,Home,1573.17,Approved
506166,110443,28/09/2022,Health,3054.2,Rejected
512999,106450,01/15/2021,Home,759.84,Approved
511397,112856,03-05-2020,Auto,2024.81,Approved
513580,108467,01/05/2019,Health,557.56,Under Review
514626,118032,2021-07-16,Auto,2869.66,Approved
511517,115946,2021-11-08,Health,355.49,Rejected
512298,101920,06/11/2019,Health,1469.18,Approved
505779,112672,27-04-2024,Home,2792.78,Approved
502116,115513,30/01/2024,Auto,836.11,Approved
510026,106520,2023-05-27,Health,196.23,Rejected
500793,112131,2020-12-07,Life,3896.88,Approved
505333,100831,05/22/2025,Health,1094.2,Rejected
506898,113658,11-01-2021,Home,5815.24,Approved
502674,109814,24-10-2024,Auto,1189.23,Approved
500094,111825,24/08/2019,Life,4739.81,Approved
504225,113531,18/06/2026,Home,,Rejected
503756,115547,2025-04-27,Auto,2052.45,Approved
502891,110107,27-03-2020,Auto,1989.58,Approved
502371,117767,2025-05-10,Travel,305.64,Approved
511420,104563,2024-05-03,Auto,888.55,Under Review
514047,118449,28/11/2020,Travel,272.02,Approved
503228,107696,17/10/2023,Home,1887.23,Approved
507863,100603,09/03/2024,Health,501.33,Rejected
506359,104970,08/20/2024,Auto,2544.73,Approved
513765,113281,12/02/2025,Health,1259.8,Under Review
513102,109135,16-07-2026,Home,551.51,Approved
507326,101654,07/27/2022,Travel,186.43,Approved
506028,100702,2025-04-10,Life,15054.81,Approved
511045,108134,06/22/2026,Auto,678.11,Approved
513429,106764,17-08-2021,Health,409.44,Approved
511104,113853,2020-03-29,Auto,603.98,Pending
501865,105446,26-02-2025,Home,4942.05,Pending
504612,112407,2025-07-13,Home,2792.88,Rejected
510049,111575,2023-01-27,Life,3301.08,Approved
502645,114021,06-11-2024,Health,544.85,Approved
502243,104450,27/10/2023,Auto,3506.42,Approved
505373,114134,11/16/2024,Life,4591.25,Pending
502336,115076,31-03-2023,Health,350.87,Rejected
500950,118131,2023-09-18,Auto,569.42,Approved
511260,107371,12-05-2024,Home,1010.58,Approved
501120,117601,24/08/2024,Life,8627.8,Approved
510789,107601,05-07-2021,Health,408.4,Rejected
502204,103171,2023-02-27,Travel,285.25,Rejected
500419,101512,28/07/2022,Health,465.32,Rejected
500922,111896,12-03-2021,Home,393.25,Rejected
509446,118512,28-04-2023,Auto,1570.05,Approved
508669,112482,18-12-2024,Home,2971.11,Approved
510227,104732,15/01/2024,Auto,370.71,Approved
505408,104789,01/07/2020,Health,917.1,Approved
505788,106987,26-11-2025,Home,3334.67,Rejected
505742,116752,23/09/2023,Travel,854.06,Approved
507667,105890,06/28/2021,Home,2548.02,Approved
505567,118198,14-10-2020,Auto,1727.46,Approved
508135,104810,17/12/2019,Auto,1006.7,Approved
501202,115510,09/15/2023,Auto,2103.85,Rejected
510818,100787,01/19/2024,Auto,3352.67,Approved
505765,117936,31-12-2022,Home,5429.44,Rejected
508389,115481,04/06/2026,Auto,1750.11,Approved
501970,103011,01/06/2025,Life,6893.69,Under Review
511302,117768,2023-01-28,Life,6826.94,Rejected
504018,117390,10/07/2019,Auto,-678.3,Approved
510343,111496,10/01/2023,Travel,1502.14,Approved
503687,109109,2019-11-19,Auto,1908.42,Approved
513108,115562,09-04-2025,Auto,650.02,Under Review
501997,111418,2026-04-03,Auto,8335.05,Under Review
504033,115427,21-09-2024,Auto,7806.88,Approved
514802,111284,04/24/2019,Auto,2535.18,Approved
511246,103823,21-03-2020,Auto,1101.36,Approved
501248,102115,2022-01-16,Health,979.94,Approved
502192,112116,10/25/2022,Home,1229.1,Pending
502712,107932,09/06/2023,Auto,1841.46,Rejected
509184,103123,10-02-2024,Health,461.17,Pending
502190,111026,02/11/2022,Auto,8768.95,Under Review
504670,118751,2021-11-17,Life,15124.42,Under Review
505142,112287,2021-03-30,Auto,560.98,Pending
505984,111928,19-09-2025,Life,8957.38,Approved
506565,110882,06-10-2020,Travel,255.97,Rejected
507804,105830,26-10-2023,Health,281.37,Approved
511954,115735,29/06/2023,Health,3444.61,Approved
506943,100740,05/21/2021,Home,7203.65,Approved
511789,113782,05/10/2024,Home,,Approved
512903,118675,21/05/2022,Life,9892.25,Approved
509510,105785,2022-02-22,Life,5044.32,Approved
510055,111189,18-09-2025,Home,4122.39,Approved
510535,104368,11/03/2019,Health,1330.4,Under Review
510641,102550,05/07/2021,Home,899.93,Under Review
502136,119213,03/12/2023,Auto,1123.76,Pending
501065,117165,06/01/2020,Auto,,Approved
500600,113220,2019-07-08,Home,1662.15,Approved
504227,116468,02-06-2024,Auto,705.85,Rejected
510813,100066,2026-04-12,Home,1010.24,Approved
507577,108661,22-10-2025,Auto,1771.83,Rejected
500077,104143,2021-02-18,Auto,929.91,Approved
507546,119838,03/10/2025,Home,1116.73,Approved
502898,105871,2021-01-31,Travel,234.07,Approved
504820,104993,30-11-2023,Travel,532.91,Pending
509506,104597,2022-03-02,Travel,339.13,Approved
514615,112757,12/22/2022,Auto,637.48,Approved
506413,118039,29-09-2020,Auto,2665.16,Pending
509444,114171,05/27/2024,Life,6798.79,Approved
509064,105095,09/15/2021,Travel,95.02,Approved
512042,109788,10-01-2022,Travel,897.39,Under Review
508007,105328,02/21/2022,Travel,154.28,Rejected
505468,114712,03/11/2024,Home,4168.05,Approved
505951,120251,22-12-2025,Auto,1517.27,Pending
514609,114373,07/05/2025,Auto,855.82,Approved
511157,100390,02-10-2021,Travel,241.52,Rejected
503391,100454,28/02/2022,Home,1581.98,Rejected
505415,104257,03/27/2024,Health,608.8,Pending
502560,103077,2025-03-02,Auto,1635.64,Approved
514792,117568,15-09-2019,Life,,Rejected
508162,100329,01-09-2020,Auto,4563.97,Under Review
502635,115754,20/11/2023,Auto,2242.24,Approved
505256,108028,2026-02-24,Health,439.73,Rejected
503530,116786,2023-03-29,Life,6931.65,Approved
508567,114106,09/11/2019,Auto,1322.56,Rejected
501908,106778,07/23/2024,Home,1050.95,Approved
512621,111992,2022-06-13,Travel,781.21,Approved
513863,100271,08/24/2024,Life,13183.35,Rejected
500235,103784,2025-12-22,Auto,1506.95,Pending
512219,106121,04/07/2020,Travel,387.18,Approved
501604,119613,24-08-2021,Health,149.31,Under Review
507984,115213,01/15/2022,Home,5048.77,Approved
509310,107456,12-12-2025,Home,3248.3,Approved
511869,109259,03/16/2020,Health,1465.28,Approved
503490,112077,09/17/2025,Auto,542.31,Under Review
514736,113067,09/22/2019,Health,3939.46,Pending
511150,100643,26-10-2020,Life,11880.72,Rejected
501994,116759,19/07/2023,Health,141.42,Under Review
502824,109003,30/10/2022,Home,3516.62,Approved
513898,104232,2020-10-21,Health,2426.08,Approved
510568,115620,04/21/2020,Home,1310.34,Approved
501342,105464,2021-12-10,Home,954.22,Rejected
508512,103896,11-01-2026,Auto,-770.37,Approved
501619,119171,29-03-2019,Health,416.63,Pending
511905,113907,10/10/2021,Health,815.96,Rejected
505287,118790,15/11/2025,Home,1268.38,Rejected
502060,106271,21/05/2024,Life,6771.66,Approved
502536,107466,08/04/2022,Health,1304.84,Approved
502219,114800,15-06-2021,Auto,827.61,Rejected
509865,117579,19/09/2025,Auto,860.03,Approved
506038,114149,2019-09-12,Health,2355.57,Approved
500260,119260,11/06/2021,Home,2686.69,Rejected
514017,115070,2026-07-24,Auto,-1766.12,Pending
510231,118581,01/02/2025,Home,6006.16,Approved
512977,108179,2021-03-02,Health,824.41,Approved
509093,117945,20/10/2024,Travel,153.05,Approved
503744,117003,2019-05-24,Health,891.55,Approved
502026,106328,2025-07-24,Travel,289.07,Approved
506988,111612,14/04/2023,Health,1538.05,Rejected
504234,114196,2021-11-04,Home,1765.44,Approved
501917,114378,13-06-2024,Auto,1703.29,Approved
501828,113553,03-10-2024,Home,4709.08,Approved
509765,109365,2022-08-22,Health,418.49,Under Review
512607,118572,02/12/2021,Health,-305.2,Rejected
512941,110412,12/31/2023,Auto,1695.56,Pending
506233,107142,2024-07-27,Home,2921.01,Approved
513969,116725,2025-10-19,Auto,1155.91,Rejected
512846,116585,08/16/2026,Home,3779.21,Pending
506283,119077,2019-10-08,Auto,790.73,Approved
504208,116382,31/07/2026,Life,9079.29,Under Review
512819,101823,01-10-2021,Auto,2057.23,Approved
500224,101535,2025-01-13,Life,6696.36,Approved
508915,101109,29-12-2023,Auto,1082.35,Approved
510002,114372,14-10-2024,Auto,5060.78,Approved
509333,113041,2019-01-13,Health,355.81,Rejected
506469,101801,03/25/2019,Home,8861.97,Rejected
514092,107196,2022-07-28,Travel,610.84,Rejected
504436,106373,06/24/2025,Auto,1362.3,Approved
510954,104534,01/16/2025,Health,632.96,Rejected
500846,107976,06/01/2025,Health,2208.85,Approved
504289,114281,2025-07-16,Auto,913.4,Approved
505560,100106,09/09/2024,Auto,2222.58,Pending
513234,119352,02/11/2022,Home,3089.01,Pending
502551,111764,10/11/2024,Home,3006.34,Approved
511120,113841,04-04-2023,Home,1652.43,Approved
500117,112532,16-06-2024,Health,375.82,Approved
508837,109677,23-09-2023,Auto,902.37,Approved
505966,115490,03/08/2024,Home,2427.38,Approved
508195,105909,05/13/2025,Health,6939.56,Approved
512362,116835,05/31/2024,Travel,398.68,Approved
508659,106163,2020-10-26,Home,1917.42,Approved
507489,103858,04/04/2023,Home,5068.84,Rejected
500005,117205,2026-04-12,Home,2071.61,Approved
505342,116797,2020-03-12,Home,4229.84,Pending
509111,103229,29-11-2023,Home,1877.67,Pending
510787,103084,16-12-2025,Health,262.48,Approved
504324,119809,19/07/2021,Auto,1052.08,Approved
501063,118828,10/03/2025,Home,1269.58,Approved
502590,119905,2024-11-23,Life,9652.88,Rejected
508434,117790,02/05/2019,Health,1740.11,Approved
513046,109203,31/12/2019,Auto,1337.97,Approved
509352,114487,09/28/2021,Home,2643.25,Approved
511062,116469,02/12/2021,Auto,1157.28,Rejected
503735,115100,27-01-2021,Auto,1601.87,Rejected
510589,113264,05/22/2023,Auto,916.01,Under Review
503517,113685,09/17/2023,Health,374.71,Rejected
506986,119347,11-12-2019,Health,307.13,Rejected
511613,105874,04/14/2025,Auto,-1053.16,Approved
510755,102917,20/02/2024,Auto,1392.66,Pending
506767,105044,28/04/2019,Travel,400.14,Rejected
505622,100348,22/10/2020,Life,10440.61,Pending
501605,112953,08/30/2024,Auto,1137.34,Approved
501733,103437,15-01-2019,Auto,474.34,Approved
510516,106362,04/30/2024,Auto,1911.88,Approved
510901,101882,2024-04-14,Auto,1533.88,Approved
513980,101304,02/27/2019,Home,-5862.88,Approved
509504,107759,26-02-2026,Home,2352.23,Pending
511640,112662,22-03-2024,Travel,232.03,Under Review
503812,110154,2024-10-09,Travel,448.2,Approved
514404,120264,23/06/2025,Home,2161.56,Approved
510554,116324,15/10/2020,Auto,1421.3,Pending
510167,114298,2019-06-13,Health,832.27,Pending
511706,114333,2024-05-25,Travel,348.54,Approved
501761,101321,26-02-2023,Health,732.19,Pending
505401,116515,2023-02-15,Home,6366.04,Approved
502739,118783,18/04/2021,Home,3748.76,Approved
514412,111704,2021-04-01,Home,8543.89,Approved
502472,117643,17/02/2026,Travel,808.84,Approved
506738,101041,05/15/2021,Home,5826.51,Pending
506891,114608,30/11/2024,Health,243.55,Pending
512199,111281,23/06/2022,Home,4207.62,Under Review
507943,103088,08/25/2020,Home,1371.84,Approved
512910,106581,2026-04-13,Auto,-2308.69,Approved
509685,109322,2024-03-28,Health,2081.15,Rejected
504206,109416,2022-06-12,Health,1407.62,Pending
506371,119655,10/06/2019,Auto,,Approved
510350,118890,2019-11-04,Auto,343.68,Approved
509361,118912,2025-12-05,Home,6677.27,Approved
510348,118890,16/12/2019,Auto,1593.76,Approved
500232,118963,24-03-2023,Travel,338.34,Rejected
508258,102401,24-11-2025,Home,1775.03,Rejected
507561,115082,12/11/2025,Home,1536.52,Approved
509795,100678,21/06/2021,Health,322.79,Approved
506168,116447,2022-08-15,Health,1742.66,Rejected
511475,110243,23/08/2023,Auto,1230.64,Pending
503596,107907,2024-07-07,Travel,470.38,Approved
506288,100704,03/11/2020,Health,526.78,Approved
504632,113534,2020-09-03,Auto,1642.4,Approved
500125,113517,23/04/2026,Home,898.18,Approved
507641,114415,2026-02-25,Home,1465.17,Approved
506229,110676,2022-10-15,Life,11815.64,Approved
513542,120412,2025-08-03,Health,308.34,Approved
501296,114329,27-06-2020,Health,223.19,Approved
501976,109698,2019-06-18,Health,835.26,Approved
514188,109310,24-03-2021,Travel,406.54,Approved
514127,103228,05-10-2021,Life,4413.68,Rejected
510267,116253,12/25/2024,Auto,8803.6,Under Review
512772,118269,19/07/2024,Home,709.95,Approved
505750,115028,09/26/2024,Auto,1132.96,Approved
508152,105404,06/04/2023,Health,303.6,Approved
514518,107805,21-05-2023,Health,927.72,Approved
503086,102609,27/08/2023,Auto,3314.4,Approved
513884,102667,29/05/2022,Travel,285.21,Rejected
506882,101787,14-11-2024,Health,300.14,Under Review
513926,108363,19-07-2025,Auto,1053.03,Pending
507673,109156,15/01/2025,Life,17279.06,Rejected
503345,111408,06/09/2019,Home,2458.0,Rejected
508172,104392,03/01/2020,Home,342.38,Rejected
514103,107783,03/07/2024,Home,4229.29,Under Review
505870,110792,28-07-2023,Travel,,Rejected
506506,110399,14/04/2025,Auto,2299.88,Under Review
502797,103268,2024-03-02,Health,2109.66,Under Review
500918,114008,25/09/2023,Auto,1712.52,Approved
501646,111075,06/01/2020,Health,786.69,Rejected
505122,101829,07-06-2026,Auto,1017.18,Rejected
505126,104785,30-04-2026,Health,609.14,Approved
513170,120241,20-02-2020,Home,1522.38,Rejected
513623,115596,2021-04-01,Home,1330.27,Approved
504621,101442,22-11-2022,Auto,880.99,Under Review
506809,104829,2025-01-05,Home,4244.49,Pending
500364,115404,27-10-2022,Life,-5844.83,Under Review
511479,100244,13/09/2020,Home,1340.97,Approved
502125,102252,2023-02-07,Home,10487.83,Rejected
508150,109425,07-01-2019,Health,467.65,Approved
512315,117409,30-03-2021,Home,1102.42,Approved
512761,110582,2024-05-09,Home,2697.73,Pending
508717,103431,23-11-2021,Health,370.99,Approved
513013,111749,2020-12-08,Home,1072.5,Rejected
500055,113876,2020-10-04,Health,1046.15,Rejected
500638,110422,04/01/2026,Auto,1594.91,Under Review
500302,116365,2020-01-22,Auto,1346.95,Approved
510958,116320,13-06-2019,Auto,999.75,Under Review
505811,115099,12/27/2025,Life,11257.87,Approved
501276,114485,07/03/2023,Home,,Pending
512912,100342,17/09/2019,Life,3502.84,Approved
510247,109154,2023-10-31,Auto,1556.01,Approved
513568,103249,03-06-2020,Auto,374.79,Rejected
513337,107154,15/08/2021,Auto,531.17,Approved
504432,119695,24/09/2024,Home,3222.48,Approved
503644,104303,2022-09-28,Health,352.05,Approved
504143,118274,2025-05-13,Health,585.72,Rejected
502878,112419,2019-07-04,Home,5084.32,Approved
512394,104357,01/18/2026,Auto,1059.91,Approved
506493,112217,05/07/2024,Health,851.8,Under Review
513367,104107,2025-02-03,Auto,3325.32,Pending
510478,105338,15-08-2022,Home,3802.12,Rejected
510453,114726,07/11/2026,Health,992.62,Under Review
505240,102896,15-10-2021,Health,1622.21,Rejected
514077,106514,09/21/2020,Health,357.03,Under Review
510488,114380,11/24/2023,Auto,2058.38,Rejected
506937,107545,07-04-2025,Auto,3046.88,Approved
507240,114990,06/12/2019,Home,2508.61,Approved
509945,117828,10-09-2025,Home,1998.02,Approved
513389,100632,2024-07-23,Home,2387.67,Pending
510160,107393,11-06-2022,Home,2448.39,Rejected
502593,118085,2019-09-30,Travel,362.96,Approved
511309,116352,2020-04-18,Health,1025.44,Pending
502393,111354,11/08/2024,Auto,385.07,Approved
500523,117958,15-12-2019,Health,974.3,Rejected
506376,107546,19/03/2020,Home,6738.49,Approved
506981,114891,2024-07-23,Auto,1511.26,Approved
513716,103676,19/06/2025,Health,410.37,Approved
506677,108554,09-12-2023,Auto,,Approved
503900,107765,22-12-2025,Travel,1077.3,Approved
514417,100504,2019-06-07,Auto,1441.78,Under Review
512891,107429,03/15/2024,Health,286.65,Approved
505585,107112,2019-11-28,Travel,297.91,Under Review
514011,116032,2019-12-20,Auto,1878.3,Pending
507956,110585,31-07-2022,Home,3054.6,Pending
507570,113663,24-06-2020,Life,6916.68,Rejected
511314,103861,10-05-2024,Travel,635.59,Pending
506777,116094,29/10/2021,Home,1295.18,Rejected
512348,116523,10/10/2019,Health,649.66,Approved
510161,102276,24-05-2025,Health,119.94,Under Review
500671,119917,07/01/2023,Home,1980.41,Approved
504188,110946,12-08-2025,Health,14554.93,Rejected
500666,103062,2026-01-02,Auto,1251.26,Approved
503266,107077,04/17/2024,Home,9780.09,Under Review
501887,105627,2019-02-14,Auto,2230.87,Rejected
511458,119544,03/09/2022,Home,1421.95,Approved
508472,115318,24/07/2021,Auto,457.72,Pending
509911,104144,25/03/2023,Auto,3132.83,Approved
511139,105930,10/03/2024,Travel,235.76,Approved
512647,113341,27-05-2026,Health,433.74,Rejected
509091,114048,2025-07-01,Health,1445.77,Approved
507687,100765,29-08-2023,Auto,-2342.6,Rejected
506031,104866,06-02-2023,Home,2740.34,Approved
514710,118141,16-02-2023,Life,11041.79,Approved
506090,106656,02/13/2021,Home,,Approved
506238,102921,27-03-2022,Travel,179.54,Approved
507350,102768,15/08/2024,Auto,2443.36,Pending
507830,114206,2021-12-04,Travel,145.74,Approved
500760,106480,20-08-2023,Auto,1856.99,Approved
506254,116655,05/09/2022,Home,3032.67,Under Review
501906,107751,30/06/2022,Home,853.82,Approved
512234,114638,26/01/2021,Auto,851.6,Rejected
512015,117375,19-04-2023,Life,8361.25,Approved
512330,110561,10/03/2019,Home,1440.15,Approved
503818,113378,16-08-2020,Auto,2366.64,Approved
506269,114793,26/02/2022,Health,726.46,Approved
504300,118043,19/07/2026,Home,6220.62,Approved
505569,112923,20-12-2023,Auto,1004.12,Rejected
507941,103088,2026-07-20,Travel,382.52,Pending
510785,111638,04-04-2020,Auto,1396.15,Under Review
504164,109575,2023-01-30,Health,270.96,Approved
511223,117783,19-03-2022,Home,890.79,Approved
505971,117525,03/19/2025,Auto,1015.73,Approved
503579,103288,01-05-2024,Home,1565.04,Under Review
502832,105076,04/05/2025,Home,3991.05,Under Review
505449,101841,16-01-2023,Health,511.93,Approved
503472,115814,08-01-2019,Home,2709.72,Approved
506327,100757,31-08-2022,Home,6941.85,Approved
500137,100341,2025-07-13,Auto,545.63,Rejected
507043,103146,04-07-2023,Life,9199.56,Rejected
504892,108743,25-06-2026,Auto,1253.72,Rejected
502180,116000,2020-02-10,Travel,157.28,Pending
510320,105680,23-06-2024,Auto,4095.5,Pending
507730,119952,2025-01-04,Health,1861.68,Rejected
503177,100181,19-11-2023,Life,9584.07,Approved
504854,112248,10-07-2021,Travel,,Approved
504637,113727,23-09-2023,Travel,346.97,Rejected
505115,120065,21-06-2022,Home,3114.97,Approved
513921,103004,02/15/2022,Home,1383.59,Pending
507648,110902,04-11-2022,Home,5078.17,Approved
504261,116139,07/14/2024,Health,619.88,Approved
512536,110601,21-09-2021,Life,7825.2,Under Review
501331,115192,03-04-2020,Auto,1928.61,Approved
510209,108669,26/06/2026,Auto,971.83,Approved
512734,112869,04-10-2024,Life,5133.17,Rejected
510674,108543,23-11-2023,Auto,861.14,Approved
507002,113080,18-06-2024,Home,1788.54,Approved
509550,114255,05/04/2019,Health,1306.33,Approved
506941,112689,19-03-2023,Home,2035.1,Under Review
508017,110708,14/11/2019,Travel,376.17,Approved
506241,102249,05/01/2024,Home,409.62,Under Review
509521,111437,03/19/2026,Auto,486.8,Pending
506216,110564,14/01/2023,Health,117.88,Pending
506881,117145,04/29/2021,Home,885.62,Approved
513051,107193,07/01/2020,Home,2184.85,Pending
510342,109549,2024-06-23,Health,759.59,Pending
504530,103097,28/04/2019,Auto,2577.38,Approved
510314,118010,06/28/2019,Health,1766.63,Approved
504673,102074,07/25/2026,Health,681.99,Rejected
512173,118452,2025-01-18,Auto,-3647.98,Approved
506996,113551,05/18/2024,Home,3334.82,Approved
501252,113357,2020-11-06,Auto,760.64,Approved
511470,112142,03/09/2019,Travel,191.78,Approved
503374,101836,26/03/2024,Home,7641.82,Approved
502814,115772,2020-12-25,Health,705.5,Pending
504719,107760,11/06/2025,Travel,152.67,Rejected
506544,105040,21/02/2023,Health,430.89,Approved
510040,107242,23/06/2024,Home,3145.1,Under Review
504858,115273,2022-04-24,Life,6376.72,Approved
507901,102922,14/01/2019,Health,2554.21,Under Review
511229,105326,2021-01-10,Auto,2674.85,Approved
508580,112256,22/08/2020,Auto,798.85,Approved
508427,108444,06/19/2024,Auto,1497.01,Pending
501077,102638,30/03/2021,Health,422.03,Approved
510176,108301,13-11-2024,Health,232.91,Under Review
504363,100575,03/10/2022,Auto,3045.93,Approved
512154,114671,2026-05-11,Home,2408.27,Approved
500770,114355,05-03-2024,Travel,278.17,Approved
510357,102349,2024-10-12,Home,2335.77,Approved
512725,113324,2026-03-26,Auto,573.46,Rejected
508865,114194,14/07/2021,Health,836.21,Rejected
500249,112634,2019-12-04,Health,1850.15,Approved
509766,102765,2021-10-30,Life,3347.59,Approved
507239,107025,29-02-2024,Life,6888.99,Rejected
503419,100933,04/09/2019,Home,2070.48,Approved
510273,106666,02-12-2022,Auto,-358.61,Rejected
510015,105629,2025-11-05,Travel,886.86,Rejected
514364,105997,02/04/2024,Health,3180.97,Rejected
504976,105416,2026-07-14,Auto,2659.65,Approved
504544,101190,03-09-2019,Auto,1464.33,Under Review
505565,107782,2024-08-29,Home,4899.85,Approved
507939,113745,01/10/2025,Travel,352.68,Approved
500716,113806,10/04/2024,Home,3158.31,Approved
514445,111516,2022-04-02,Life,3628.45,Under Review
512338,116433,2021-01-09,Auto,1452.19,Approved
502048,113577,04/23/2019,Auto,1424.71,Approved
505997,110261,23/07/2026,Auto,1039.08,Under Review
506600,119076,2023-07-21,Auto,1734.52,Approved
507245,100232,10/28/2022,Home,2672.84,Approved
513456,116866,2020-09-17,Home,2641.61,Approved
504178,111822,2025-05-24,Life,12379.22,Rejected
504809,113094,22-03-2022,Home,2661.97,Under Review
510916,113957,2021-01-15,Home,1539.06,Approved
514192,110568,26-12-2022,Auto,2972.87,Approved
507140,114450,18-03-2024,Health,2041.78,Rejected
507190,120310,05-03-2023,Home,6945.7,Approved
501460,103352,08/04/2019,Home,3704.72,Pending
505989,104473,18/07/2026,Health,343.74,Approved
509860,111586,30-08-2024,Home,1718.44,Approved
510948,102938,02/04/2024,Auto,1295.24,Pending
502000,114458,05/29/2020,Auto,-1223.47,Rejected
512763,108556,2020-08-05,Auto,748.26,Rejected
512805,119888,03/20/2021,Health,2345.04,Rejected
508175,115085,2025-11-04,Auto,2497.98,Approved
500404,104880,19-06-2021,Auto,2559.56,Pending
500384,117509,2024-12-28,Health,341.39,Approved
514142,118588,12/22/2019,Health,190.19,Rejected
514198,112607,11/11/2021,Life,-11814.57,Under Review
510344,118054,02/03/2026,Auto,1181.82,Approved
501633,111702,09/15/2019,Home,3803.11,Rejected
514292,113716,05-07-2020,Health,653.56,Approved
513772,102064,2024-12-23,Auto,1662.77,Rejected
504784,115074,19-09-2019,Home,3923.15,Rejected
514157,118574,29/08/2022,Life,7331.21,Approved
506970,110499,2019-09-22,Auto,1395.29,Under Review
503925,102390,14-05-2019,Travel,900.23,Rejected
513528,103173,07/27/2026,Auto,697.9,Rejected
504158,110509,18/06/2021,Health,526.13,Rejected
507449,110994,2024-10-12,Home,2157.04,Rejected
513140,115941,03/04/2021,Travel,115.31,Rejected
513550,112373,12/27/2019,Auto,2928.55,Under Review
508415,105260,03/08/2023,Life,4275.39,Approved
502193,105817,2019-12-10,Auto,660.87,Approved
511328,112370,09/08/2020,Auto,1571.47,Approved
512661,107190,2025-04-22,Auto,1217.41,Approved
510016,104002,10/25/2025,Health,2518.57,Approved
501015,108072,2024-09-16,Home,826.91,Approved
505124,118152,2025-06-10,Health,4455.53,Approved
513164,119230,11/17/2020,Health,891.84,Approved
507418,102142,2022-03-31,Home,2833.12,Approved
507409,106212,2019-11-06,Health,1278.83,Under Review
508989,104532,2021-10-20,Life,8299.44,Under Review
502871,109820,26/01/2019,Auto,514.92,Rejected
500009,116141,30/03/2024,Life,10801.69,Under Review
510136,111305,15/02/2022,Home,-1235.56,Approved
501838,103798,2024-10-10,Travel,475.7,Approved
504804,106029,26-07-2025,Home,2087.39,Under Review
500255,113266,2023-10-21,Auto,2959.34,Pending
507026,101843,2023-08-26,Auto,2500.77,Approved
505713,102056,2019-07-21,Auto,806.31,Approved
512677,117622,2024-04-26,Auto,761.04,Under Review
503324,118958,11/23/2019,Travel,402.89,Approved
507714,111640,13-10-2019,Travel,205.19,Approved
501581,118326,26-04-2025,Health,320.56,Approved
511148,107680,04/15/2022,Home,1028.78,Rejected
500924,118727,2022-10-21,Travel,585.35,Pending
502779,107816,25/10/2022,Life,6794.23,Approved
510700,108881,2023-09-25,Auto,1808.53,Approved
507891,105958,06/12/2024,Auto,1364.46,Pending
506132,119986,18/05/2023,Auto,1859.38,Approved
513216,118450,2022-02-05,Life,3636.07,Approved
505320,113902,08-11-2024,Auto,1333.84,Approved
507312,107750,2023-10-08,Life,6225.89,Approved
507102,112299,18/11/2022,Auto,468.66,Under Review
506042,107879,04/11/2024,Auto,3145.75,Pending
503775,100149,2019-02-28,Health,883.73,Rejected
504835,115907,07/06/2020,Home,4357.46,Under Review
512328,107737,24-04-2020,Auto,2633.11,Approved
504964,101617,2021-10-04,Travel,1131.3,Approved
510971,105428,05/03/2019,Health,861.39,Approved
500539,111072,2020-11-14,Travel,256.11,Approved
507483,118228,2022-03-08,Life,13735.86,Approved
502745,103919,01/09/2020,Life,-11742.95,Under Review
503719,119116,2024-06-10,Auto,1526.34,Rejected
514269,105126,24-08-2020,Auto,943.55,Approved
506819,109934,03/05/2020,Auto,1230.21,Under Review
513659,113258,2024-01-18,Health,878.97,Under Review
509337,118040,12/10/2021,Auto,706.31,Approved
513319,103292,29-01-2024,Health,1129.67,Approved
504468,109345,24-02-2020,Home,3192.91,Rejected
500667,100718,06/27/2026,Life,16368.91,Approved
507575,117021,27/04/2021,Auto,842.27,Rejected
511211,100941,16-09-2021,Travel,448.48,Pending
508549,112657,2022-11-18,Life,7041.66,Rejected
505063,116189,17-07-2026,Health,513.91,Approved
511023,106477,2020-03-04,Home,4114.41,Approved
510975,111374,2020-10-26,Auto,3528.78,Rejected
501353,103353,2023-11-17,Home,1288.08,Approved
513323,101638,11/25/2021,Home,2474.27,Approved
507114,108464,03/14/2024,Health,792.95,Approved
514622,115586,01/04/2021,Auto,1070.22,Rejected
508662,106895,31/10/2024,Auto,1058.3,Rejected
502703,112060,01/16/2025,Life,18367.31,Approved
503330,114228,2021-09-11,Home,5302.8,Rejected
508053,116890,24-10-2024,Auto,1450.97,Pending
511829,109221,12-08-2026,Health,795.63,Pending
509588,120162,06/24/2019,Travel,514.35,Approved
503584,117769,23-09-2021,Home,2983.84,Approved
514134,106359,2020-09-26,Life,13944.45,Pending
513454,117014,02/20/2022,Auto,387.54,Under Review
505645,118796,2026-03-08,Auto,945.27,Approved
503376,105572,03/27/2019,Life,9361.39,Pending
501256,112830,20-12-2024,Auto,1240.54,Rejected
506190,119756,07/29/2019,Auto,1558.46,Approved
511704,120309,02/19/2025,Home,2304.23,Approved
513843,112260,05/10/2026,Auto,1856.38,Approved
513970,116725,2022-06-11,Health,364.24,Approved
509442,110688,25-04-2022,Travel,329.27,Rejected
513987,102106,29-10-2024,Health,149.89,Approved
505348,100289,17/01/2022,Auto,3394.88,Approved
511003,102936,11/12/2021,Auto,1195.01,Approved
512490,103642,2022-07-31,Auto,599.57,Under Review
511476,110243,22-08-2026,Auto,2122.8,Approved
511125,101301,21/03/2024,Home,,Approved
504175,110501,10/15/2020,Travel,322.59,Pending
513460,107227,06/05/2019,Auto,2019.58,Under Review
504910,114055,08-07-2025,Auto,3291.38,Approved
501852,108778,06/08/2026,Health,-723.96,Approved
506316,117927,02/25/2026,Health,1169.6,Rejected
512972,118171,10-05-2022,Home,1896.52,Rejected
514742,103561,11/05/2023,Health,1002.15,Under Review
502105,110522,06/06/2021,Life,7018.32,Pending
500133,105923,2026-08-12,Travel,722.11,Pending
513428,120467,2020-10-19,Auto,1433.02,Approved
505029,100758,28/04/2023,Auto,3879.01,Approved
500928,106494,2023-01-09,Travel,277.74,Approved
500823,102238,30-07-2024,Travel,303.86,Approved
507576,117021,25/06/2026,Auto,608.94,Approved
511632,110338,27-08-2021,Auto,1307.62,Pending
501531,113019,05-11-2025,Home,769.34,Under Review
501214,102300,19-07-2021,Travel,236.57,Under Review
500504,107486,05/07/2020,Home,10140.37,Rejected
512477,119376,2025-08-21,Health,115.42,Approved
510188,100069,01-04-2021,Health,1925.05,Approved
506530,118590,23-03-2020,Health,764.54,Rejected
503072,117662,26-01-2022,Health,680.41,Rejected
510150,102135,06-03-2024,Auto,949.41,Pending
509576,113059,09-06-2024,Auto,874.03,Under Review
509086,115898,05/31/2021,Life,4846.54,Rejected
513116,117258,29/11/2019,Health,356.68,Approved
508647,120352,21/03/2026,Home,7936.67,Rejected
506619,117385,12/04/2023,Home,1557.5,Approved
513971,115988,2019-06-13,Health,1879.85,Approved
509273,107734,05/05/2019,Home,2383.32,Approved
503709,111677,2023-04-21,Home,-529.88,Rejected
514343,101252,21-06-2020,Home,4599.88,Rejected
504849,107921,12/01/2023,Home,1107.25,Approved
504748,106512,2019-08-06,Health,1135.73,Approved
504268,118061,08/23/2021,Auto,3026.81,Rejected
511714,112719,25/12/2023,Auto,2160.48,Pending
512326,118911,2024-01-22,Health,3514.1,Approved
511794,104247,05/07/2020,Health,1533.42,Approved
514776,114541,05-08-2026,Travel,718.68,Approved
508905,109475,06/13/2025,Auto,1318.43,Rejected
504186,118653,29-12-2022,Home,3801.43,Under Review
510406,103720,16-04-2020,Health,1081.27,Approved
505301,100199,10/01/2024,Auto,724.41,Approved
502923,115695,2021-12-28,Home,2636.51,Approved
506588,117417,03/15/2023,Auto,2714.8,Under Review
501810,107988,30-01-2023,Auto,2872.54,Approved
503486,120322,04/15/2025,Auto,1721.11,Approved
507419,102142,05-10-2019,Auto,823.25,Pending
503141,110842,2025-12-31,Travel,590.81,Approved
510019,116913,07/08/2022,Auto,530.35,Pending
509347,117594,07/01/2024,Travel,355.65,Approved
501324,107947,2023-09-09,Auto,1809.04,Approved
504312,114927,20-11-2022,Auto,1312.18,Rejected
507494,102627,03/07/2019,Home,2039.75,Approved
508702,105114,2019-01-08,Auto,2159.21,Under Review
509872,101407,20-05-2021,Auto,963.79,Approved
508691,108817,08/10/2021,Health,606.32,Approved
514218,110954,11-10-2022,Health,1154.0,Approved
510048,111575,2019-05-17,Travel,107.08,Pending
509580,115631,22-08-2022,Auto,606.75,Approved
513807,117338,05/02/2023,Travel,432.47,Rejected
511911,108597,01/10/2025,Home,1002.09,Approved
510578,117105,01/17/2024,Health,210.63,Approved
505541,113523,08/12/2019,Home,3959.22,Rejected
511428,119041,03/07/2021,Home,1800.12,Approved
506172,109279,18-04-2021,Health,1515.29,Approved
501540,119679,10-10-2020,Home,3209.2,Pending
509409,116612,29/09/2025,Health,520.94,Approved
502681,111074,03/07/2019,Health,1570.07,Pending
514780,108838,26/10/2025,Life,11056.11,Under Review
511185,113945,06-02-2025,Health,295.97,Approved
513704,113547,06/18/2023,Health,328.7,Approved
506313,105526,04/13/2020,Travel,250.87,Under Review
501191,116441,2025-09-06,Life,5807.37,Approved
513964,119904,07/03/2026,Home,1313.24,Pending
505293,105025,07/01/2025,Health,1335.24,Pending
501542,113762,29-04-2020,Home,2095.94,Approved
511493,100129,20/06/2021,Health,371.37,Rejected
511516,115946,02/22/2019,Auto,2830.8,Approved
507056,105957,2024-04-14,Home,11619.72,Approved
502539,117446,2024-08-25,Life,10580.92,Rejected
500953,107504,30-05-2021,Auto,1753.85,Approved
507241,115167,07-04-2022,Home,5704.44,Approved
506731,106375,2022-10-29,Life,4843.36,Under Review
504846,107921,06/20/2023,Life,4809.05,Approved
506801,118898,30-04-2021,Life,,Rejected
508010,105328,2022-12-14,Home,1112.65,Approved
504330,107779,22-11-2020,Auto,592.57,Approved
508924,111115,04/19/2024,Home,4117.71,Approved
505334,109926,2019-05-04,Home,10903.25,Approved
507330,118894,02/02/2022,Health,213.39,Under Review
509348,119654,06/27/2021,Auto,2108.8,Approved
504729,103053,2026-01-12,Health,304.44,Approved
511486,102363,06/06/2024,Health,310.75,Approved
506541,112989,20/04/2021,Auto,1417.52,Approved
511174,118853,03-03-2020,Travel,1030.19,Approved
505305,104397,04-08-2026,Health,293.21,Under Review
505161,117702,2026-02-21,Health,442.93,Rejected
507860,118573,2024-11-06,Auto,2722.3,Approved
502156,103246,2019-12-02,Home,5815.93,Approved
501062,118828,10/09/2022,Auto,1445.45,Approved
510808,117920,01-06-2021,Health,319.8,Under Review
501167,112858,02/08/2021,Home,1378.65,Under Review
511414,115681,04/20/2026,Life,12205.44,Rejected
503636,113702,12/27/2019,Health,409.46,Approved
507651,115575,2023-05-18,Home,2371.44,Approved
505588,120173,12/11/2021,Travel,140.25,Approved
511130,103715,07-08-2024,Health,1532.77,Pending
507192,120310,04/13/2025,Life,5592.62,Approved
504491,103418,11/11/2024,Auto,2937.02,Under Review
507266,119925,21-10-2019,Home,3896.72,Approved
511332,113666,19-05-2019,Home,2775.61,Pending
504980,100219,13-11-2025,Life,11513.9,Approved
508335,101915,08/06/2023,Auto,725.02,Approved
510835,101033,24-04-2022,Auto,1743.61,Approved
511769,118185,11/08/2023,Auto,2781.39,Under Review
504946,117156,30-03-2026,Auto,1633.6,Approved
502782,103048,2023-09-11,Auto,6389.19,Rejected
500717,113806,2026-02-23,Home,915.95,Approved
510011,108963,2023-06-13,Life,3848.96,Approved
502502,105532,24-11-2023,Auto,-2221.24,Rejected
504360,119031,04-03-2026,Travel,392.88,Approved
504171,109664,29-06-2025,Home,3384.96,Approved
508082,118943,2019-10-21,Home,1390.17,Approved
514597,107996,03/22/2020,Health,429.71,Approved
500395,118645,2019-01-25,Auto,2217.88,Pending
513923,118706,2025-02-21,Auto,1835.45,Rejected
507186,112711,2023-05-06,Auto,1545.28,Approved
514690,113545,08/30/2024,Health,2267.15,Pending
504492,105825,02/26/2020,Life,9541.16,Under Review
501365,105576,2025-08-19,Auto,2239.95,Under Review
514251,116509,2026-07-15,Auto,1377.6,Approved
514191,118378,20-11-2019,Health,1442.28,Approved
508787,101794,2022-10-30,Auto,2445.6,Pending
512144,110674,01/20/2025,Health,274.41,Approved
513584,105178,12/07/2019,Health,302.03,Rejected
505917,112203,04/06/2022,Auto,588.34,Pending
504968,100491,2020-01-31,Health,708.59,Under Review
502914,113694,06/07/2024,Travel,354.99,Rejected
510518,106464,03/31/2025,Home,6769.34,Approved
505644,118796,15-07-2019,Travel,449.19,Under Review
503766,112524,2021-07-30,Home,2282.35,Approved
503440,109132,2025-07-08,Home,3380.54,Approved
512043,103839,03-10-2020,Auto,2275.83,Approved
512324,104117,2025-02-10,Auto,972.31,Pending
507357,119038,14/11/2022,Auto,-1848.68,Approved
506806,104274,2025-10-07,Auto,1315.95,Approved
509879,101812,2023-11-19,Health,848.77,Approved
502143,119088,04/18/2024,Home,2568.26,Rejected
505104,119008,2023-12-19,Auto,704.99,Rejected
505073,107664,23-05-2026,Home,1184.43,Rejected
501571,112073,2023-10-03,Health,809.47,Approved
504079,102499,02/04/2021,Life,6151.82,Approved
501122,117601,08/19/2024,Auto,1583.42,Approved
502786,103753,2026-07-28,Travel,324.39,Rejected
502967,112022,09/04/2019,Health,481.8,Rejected
502504,104935,2026-05-17,Travel,498.23,Under Review
505988,105294,2023-06-12,Health,901.51,Approved
511657,111533,26/04/2023,Auto,3911.77,Approved
508867,101386,12/09/2022,Health,-1157.3,Pending
511000,111288,2020-10-15,Auto,2187.1,Under Review
507164,108630,2022-11-25,Life,5397.31,Approved
511540,112211,27-05-2022,Life,11872.29,Pending
500728,109326,07-11-2020,Auto,1872.25,Approved
507587,114864,13-07-2020,Home,2251.99,Under Review
507543,109433,08-01-2026,Home,4559.08,Approved
500412,110475,12-04-2020,Health,248.9,Approved
511338,102253,03/06/2025,Home,3502.45,Approved
509708,117008,17/12/2020,Auto,1288.38,Pending
505745,112922,2021-03-28,Health,,Pending
507668,111337,07/31/2025,Life,6587.11,Rejected
500825,104755,2019-08-18,Travel,333.35,Approved
503267,107077,05/10/2019,Travel,,Approved
503974,115692,09/08/2023,Home,-1158.42,Rejected
508808,114847,15/12/2022,Auto,2256.12,Rejected
508306,107714,10-04-2024,Health,1255.14,Rejected
500417,114354,10/20/2021,Life,5313.17,Approved
511261,107371,01/12/2026,Home,7043.54,Approved
509817,115738,21/01/2020,Health,1192.56,Rejected
506748,107644,01/26/2019,Auto,752.83,Approved
508967,105822,2021-07-06,Health,609.0,Approved
512377,110578,2022-01-04,Health,453.62,Rejected
511088,103956,20-08-2021,Auto,,Approved
514430,105301,18-01-2021,Home,1834.63,Rejected
502082,116214,02/23/2022,Health,1326.51,Approved
508945,101649,04/18/2023,Travel,518.28,Approved
510738,111646,11/17/2022,Auto,1004.1,Rejected
512161,103700,06/10/2020,Auto,2504.47,Rejected
503373,101836,27/04/2021,Auto,1761.93,Approved
505726,114637,2025-08-12,Travel,328.77,Approved
504107,116235,03/12/2024,Health,328.02,Approved
510636,101505,08-11-2019,Auto,1073.98,Approved
504380,104554,2024-12-12,Health,447.86,Approved
507723,117985,04/10/2023,Life,9544.9,Approved
501066,117165,2019-10-08,Home,3841.34,Under Review
503913,108871,03/22/2019,Health,1511.2,Under Review
513479,108636,01/19/2022,Auto,2842.66,Approved
505536,104561,19/02/2025,Health,152.11,Approved
508002,105799,2025-10-13,Health,-570.1,Rejected
505387,107731,29-10-2019,Life,7945.49,Rejected
505732,118220,20/07/2020,Health,692.16,Approved
511690,103854,05/11/2020,Home,1203.07,Approved
502738,118783,17-07-2026,Home,12224.26,Approved
505052,106775,2020-08-13,Health,2742.49,Approved
504000,100624,08/19/2023,Health,1523.7,Approved
509760,104163,08-06-2022,Auto,2301.29,Approved
502427,107040,05-12-2024,Auto,1380.59,Under Review
511938,113223,14/11/2025,Travel,502.44,Approved
506833,108762,2026-07-02,Auto,3891.29,Approved
510123,115700,03-08-2026,Health,242.94,Pending
501687,113656,2025-10-16,Health,406.32,Approved
500851,109409,07/14/2024,Health,2363.09,Pending
511738,115849,14/08/2021,Life,11239.62,Approved
506303,114858,05/23/2019,Auto,653.07,Under Review
509087,103457,10-05-2019,Health,537.13,Approved
512784,114138,22/11/2020,Auto,1874.39,Approved
505878,100063,01/26/2020,Auto,3459.05,Approved
508527,109638,2020-05-02,Health,404.96,Rejected
502839,108658,2022-01-11,Health,354.48,Under Review
511279,112188,07/14/2022,Life,13134.52,Rejected
504611,106013,13/06/2025,Travel,200.78,Rejected
509540,118055,08/31/2023,Auto,1074.43,Approved
509207,101946,2021-11-16,Home,3926.5,Rejected
511008,107080,2019-02-17,Home,1073.52,Approved
509823,118199,05/05/2019,Auto,553.69,Approved
502489,116466,19-07-2020,Health,231.29,Pending
511922,114523,27-07-2026,Health,173.92,Pending
506905,117410,21-11-2019,Auto,928.12,Pending
507390,113882,20/12/2021,Home,1913.95,Under Review
511443,100194,24-05-2024,Life,8865.52,Approved
502849,116946,2021-03-11,Auto,1655.88,Pending
514069,108577,03/08/2022,Home,3144.01,Approved
506665,100092,31/12/2022,Life,12364.27,Approved
505881,110543,28-11-2020,Auto,1251.47,Under Review
510262,101172,08/18/2026,Health,7251.25,Pending
504452,105070,10/08/2019,Health,836.61,Rejected
509949,112494,2021-05-08,Auto,1025.87,Approved
507421,109274,17/12/2024,Home,2256.16,Rejected
513600,113149,02/02/2019,Travel,432.32,Approved
509827,110524,2021-04-27,Travel,1193.7,Pending
512838,113392,05/23/2022,Home,1975.02,Rejected
506484,110781,01-07-2025,Auto,2077.46,Under Review
502479,107298,14-09-2024,Health,1499.19,Rejected
506617,111535,29-08-2025,Auto,2739.49,Approved
510457,103174,04/03/2024,Auto,956.0,Approved
511151,101211,2022-07-11,Life,7209.32,Pending
513515,107010,07/28/2021,Life,15778.19,Approved
514525,119222,30-12-2023,Health,818.37,Approved
511251,112117,29-03-2023,Life,5236.85,Pending
513245,116377,15-07-2026,Health,2505.88,Rejected
514061,105299,20-06-2025,Health,86.94,Approved
502141,119088,04-02-2025,Health,501.95,Rejected
513296,110749,09-05-2021,Home,3511.72,Pending
511310,102778,18/08/2020,Auto,3981.76,Rejected
505188,106584,31-10-2025,Health,445.3,Approved
514513,116244,2019-05-23,Home,1433.93,Pending
512237,113652,2024-08-29,Auto,883.41,Rejected
511548,114988,06/03/2020,Home,1263.97,Approved
502744,118315,13-01-2023,Home,12738.14,Approved
507253,107342,04-12-2019,Auto,1820.9,Rejected
513284,119685,08/04/2022,Auto,947.97,Pending
503506,115668,17-04-2024,Auto,5496.56,Pending
501679,117016,05-10-2024,Home,5340.08,Approved
504249,115175,09/04/2025,Auto,751.04,Approved
503147,106517,08/04/2021,Health,345.24,Rejected
508130,113396,17-05-2025,Auto,762.41,Rejected
510486,106678,09/17/2022,Health,1645.94,Approved
507004,116255,02-08-2024,Health,1999.17,Rejected
500580,114090,06/28/2026,Auto,647.37,Rejected
509662,108714,30/11/2023,Auto,1084.3,Rejected
512991,109087,04/12/2019,Auto,1758.88,Pending
504070,104385,09/27/2019,Home,3777.78,Under Review
513500,117347,17-03-2019,Life,6054.26,Approved
503343,114266,12/06/2024,Health,,Pending
513184,119504,05/01/2026,Health,284.72,Approved
507404,116637,2021-06-12,Home,566.46,Under Review
512775,100785,18/01/2020,Auto,1936.39,Approved
503672,102275,10/11/2020,Home,4193.57,Approved
500559,117793,26-07-2025,Life,-6341.07,Under Review
505237,109125,2020-09-09,Auto,766.37,Approved
507805,105830,09/01/2025,Home,5664.97,Approved
513407,114484,2023-07-25,Health,1050.68,Approved
511041,102170,2020-11-20,Travel,182.04,Rejected
500512,120064,17/09/2024,Auto,820.61,Approved
512921,109277,30-04-2020,Home,875.59,Approved
501081,114254,03-02-2019,Auto,1430.27,Approved
501664,100852,07/25/2026,Health,668.85,Rejected
509204,113309,07/10/2022,Auto,581.21,Under Review
501931,115888,25-08-2025,Health,433.4,Rejected
514463,104171,2022-02-10,Health,4383.91,Approved
501150,120119,2023-05-28,Home,1199.7,Under Review
502838,117519,20-08-2021,Travel,200.06,Approved
505949,104764,04/29/2026,Auto,555.14,Rejected
508308,106849,2022-11-23,Travel,148.17,Under Review
508932,109719,03/27/2021,Auto,2797.5,Pending
514640,101802,06/04/2020,Auto,1741.57,Rejected
514262,103086,2024-05-14,Health,1616.38,Rejected
505177,105964,2020-12-02,Auto,383.88,Under Review
511867,114154,2024-12-23,Health,-519.36,Approved
514098,104451,05-09-2022,Home,2254.47,Approved
500830,104605,14-07-2019,Auto,1405.21,Pending
508311,111952,10/04/2023,Auto,1304.62,Approved
504752,107744,15/04/2019,Home,3625.47,Rejected
514595,112946,21-10-2025,Home,1468.45,Approved
514538,120238,2021-12-11,Home,,Approved
508269,105641,07/13/2024,Home,3351.31,Approved
500635,100738,07/03/2023,Life,5024.68,Pending
504465,115215,10/28/2024,Home,453.9,Approved
512556,111477,19-01-2024,Home,871.41,Approved
506799,105556,02/21/2020,Auto,2293.27,Rejected
507987,101232,06/08/2026,Travel,159.24,Approved
507079,110043,2023-12-03,Auto,1967.52,Rejected
506966,119709,13/10/2023,Travel,401.11,Approved
504142,100578,31/03/2021,Life,9636.61,Approved
507027,100770,15-08-2025,Travel,577.76,Pending
509183,103123,11/29/2019,Auto,3034.89,Approved
500876,113589,2019-03-01,Home,1296.88,Rejected
504869,120033,02/08/2019,Auto,2093.34,Pending
505315,114757,2020-10-11,Auto,-1835.96,Approved
505222,107182,26/04/2020,Auto,650.0,Pending
500004,117205,2022-04-30,Health,359.58,Rejected
503051,107199,05/18/2020,Travel,-250.27,Approved
505691,102527,2021-04-20,Home,3167.95,Approved
503124,105385,2019-05-02,Home,1586.18,Under Review
510852,111080,20/04/2023,Health,2519.29,Rejected
502491,116466,07/07/2024,Home,1824.73,Approved
513365,112329,23/05/2022,Health,130.09,Approved
503854,101584,06-11-2019,Auto,-1409.94,Approved
513125,100162,10/29/2022,Health,1193.29,Rejected
504777,109690,2020-11-03,Auto,1180.43,Pending
509907,102526,2021-08-16,Health,2109.2,Rejected
507509,101663,15/05/2019,Travel,395.1,Approved
506457,104840,02/06/2024,Health,1416.74,Approved
506293,109751,12/11/2019,Travel,291.84,Approved
501148,110557,2019-01-03,Home,3302.2,Approved
511453,110770,23-04-2021,Auto,-713.41,Approved
500574,106641,22/02/2026,Life,4727.67,Pending
503769,116424,04-07-2019,Home,1567.95,Rejected
511928,117610,05/28/2024,Auto,1045.72,Under Review
504146,112888,2019-01-14,Health,1131.47,Approved
500853,117391,02-08-2026,Life,5832.11,Rejected
510174,116817,26-10-2020,Auto,1130.07,Approved
510966,116073,06-04-2024,Auto,845.43,Approved
505919,110048,12-01-2022,Auto,698.56,Approved
513121,109833,21-06-2022,Auto,4506.4,Pending
513403,105249,04/18/2026,Travel,258.91,Approved
509358,118912,12/05/2023,Auto,701.51,Approved
506614,108954,07-03-2026,Health,972.49,Approved
506002,118856,10/22/2022,Health,597.63,Approved
509163,106865,09/30/2022,Life,4280.51,Pending
510893,113743,2022-06-29,Auto,1549.17,Rejected
504495,116513,31/03/2019,Home,2820.69,Approved
508173,104392,2024-05-27,Health,503.57,Pending
506655,114946,12/26/2023,Health,3530.09,Rejected
512039,109788,20/10/2025,Auto,1460.81,Under Review
502368,114084,05/25/2021,Travel,353.36,Under Review
512307,102994,21-10-2019,Home,1348.87,Approved
504780,108481,2019-02-20,Life,4770.23,Approved
512323,104117,02/10/2023,Travel,762.36,Rejected
507992,105912,2019-10-11,Health,345.68,Approved
502950,103652,27/05/2026,Home,10515.48,Approved
505625,116330,30-06-2019,Health,199.44,Rejected
506971,110499,02/20/2019,Health,1143.69,Approved
508716,106528,05/16/2026,Auto,836.8,Under Review
510647,114626,2019-01-31,Auto,1513.66,Under Review
513208,111754,2020-07-03,Health,1792.02,Approved
501841,118372,04/23/2020,Health,2390.47,Rejected
505986,107319,12/12/2024,Health,529.58,Approved
500537,113400,01-04-2019,Health,1415.7,Approved
502806,108565,01/05/2024,Health,1005.13,Under Review
505801,110945,05-10-2022,Travel,694.55,Rejected
505596,109961,29/08/2025,Life,5625.94,Pending
507206,115947,10/22/2024,Home,3346.74,Approved
507343,112412,22/07/2022,Health,330.07,Approved
512533,115384,2024-01-08,Travel,838.81,Under Review
507560,100527,2021-09-17,Auto,1188.36,Pending
508096,102960,05/13/2020,Travel,166.72,Approved
511367,116379,2023-06-13,Auto,2818.79,Rejected
500784,119416,21/06/2026,Health,936.87,Pending
512249,108003,12/29/2019,Health,305.41,Pending
501409,118804,19-08-2026,Health,1501.47,Under Review
510729,109399,10/13/2024,Auto,407.51,Approved
500154,103733,2024-05-16,Home,1528.02,Pending
507806,102829,02-10-2023,Auto,1745.91,Under Review
503009,108404,13/08/2019,Life,20181.26,Rejected
501686,105598,2019-03-17,Home,4932.67,Approved
511093,108938,04/16/2020,Home,3231.38,Approved
504014,106817,23-05-2019,Auto,2325.21,Approved
507455,107205,2019-07-09,Health,363.37,Pending
512913,111328,09/22/2022,Home,3039.14,Under Review
503863,116088,13-03-2026,Life,7171.04,Approved
502733,107729,2022-12-05,Home,1864.64,Pending
501895,105183,07/30/2024,Travel,233.38,Rejected
505442,105706,16-05-2020,Home,,Approved
500569,109320,18/06/2021,Auto,1933.23,Approved
506709,115694,17-02-2023,Auto,1979.49,Approved
505854,110393,2025-05-14,Health,4060.0,Approved
501816,119657,2025-07-20,Auto,720.65,Approved
510257,111017,2025-07-24,Auto,1004.64,Under Review
508319,109552,06/02/2023,Travel,396.75,Approved
503394,103852,05/01/2024,Home,3217.28,Rejected
503327,119553,11-07-2020,Auto,1513.75,Approved
501107,108279,07-03-2023,Health,724.64,Approved
506102,110034,2022-09-23,Home,5203.69,Under Review
502975,108108,07-03-2023,Health,365.56,Rejected
500980,117089,30/07/2019,Auto,1271.88,Approved
510492,115949,2021-08-14,Home,5926.6,Approved
500190,119661,06-09-2025,Auto,2617.35,Rejected
509331,113898,25/01/2019,Auto,1131.67,Approved
505088,103889,07/27/2024,Travel,332.01,Approved
500699,117032,2024-08-14,Health,1427.56,Approved
514596,112946,2021-12-29,Home,645.55,Under Review
500606,108590,08/12/2025,Home,4085.08,Pending
512468,101105,2023-10-06,Auto,,Rejected
500301,118730,2022-12-25,Travel,720.25,Approved
503420,110753,30/08/2026,Health,538.39,Rejected
514661,115708,04/06/2022,Life,8677.34,Approved
501060,115654,2026-02-28,Auto,2193.54,Approved
514056,104944,2022-11-24,Home,2709.61,Rejected
514797,108322,25/07/2024,Home,4174.33,Under Review
510757,102917,08/05/2024,Home,3063.33,Rejected
503444,102697,07/15/2020,Home,5571.43,Rejected
501069,111986,2024-11-12,Life,13662.67,Approved
510716,112674,2023-07-29,Health,,Rejected
502205,118022,12/11/2023,Health,4942.92,Approved
509435,101507,01/06/2024,Auto,1411.86,Approved
507339,117911,03-06-2021,Home,2374.16,Pending
508208,107612,27-07-2022,Travel,319.89,Under Review
507679,100565,07-11-2019,Auto,1708.24,Approved
511312,114252,03/10/2025,Home,1138.57,Approved
513503,113645,10/11/2021,Health,917.58,Rejected
504642,108294,2024-04-22,Auto,933.52,Rejected
507683,107641,08/26/2020,Auto,485.94,Approved
512946,119186,11-06-2026,Health,716.84,Under Review
509007,118960,29/05/2022,Life,8492.05,Rejected
507996,107819,10/15/2022,Auto,3616.9,Approved
511259,101644,04/03/2020,Home,3486.76,Approved
512740,100557,09/08/2025,Health,377.79,Rejected
505600,109163,21-07-2022,Life,21942.62,Approved
509151,117554,08/03/2024,Auto,-1540.46,Approved
507022,106890,26-09-2020,Health,750.25,Approved
504893,116039,07/01/2022,Health,278.15,Approved
500225,104024,11/23/2023,Auto,1658.41,Approved
514362,112338,01-01-2023,Auto,524.01,Rejected
503354,103940,16/03/2019,Health,721.84,Pending
505895,101817,22/05/2023,Travel,322.31,Pending
510677,105480,20/01/2019,Auto,918.85,Approved
508754,111859,08/13/2021,Health,408.65,Approved
503436,112264,03/08/2025,Auto,1053.96,Rejected
514373,110916,01/07/2024,Travel,511.41,Under Review
501693,116989,27-06-2022,Travel,755.13,Rejected
506893,116681,2022-03-18,Travel,345.47,Approved
501045,112519,27-05-2025,Auto,418.23,Approved
503446,112460,13-01-2026,Auto,1381.34,Pending
512757,100340,09-05-2022,Travel,2247.11,Approved
508050,115239,19/06/2021,Life,8454.84,Approved
509146,100355,01/21/2024,Home,930.18,Rejected
505932,101497,2020-10-27,Life,6553.28,Approved
510927,106671,09-07-2024,Health,1144.29,Approved
511296,114041,04/30/2019,Home,2573.81,Approved
504735,101592,11-01-2026,Auto,1546.66,Approved
504496,107321,09-02-2021,Auto,1570.1,Approved
501218,113903,2019-02-02,Travel,305.95,Approved
513446,109160,2022-01-11,Home,7632.93,Approved
513703,113547,08/16/2026,Auto,6572.13,Rejected
506015,100763,07/02/2020,Auto,1463.61,Rejected
509719,100324,14-02-2026,Auto,1239.19,Pending
503987,102438,13-01-2020,Home,2582.15,Approved
504911,114055,05/17/2026,Home,860.1,Approved
509492,110464,2022-07-17,Home,1978.48,Approved
504493,116513,07/31/2024,Travel,440.73,Approved
506944,103487,15/02/2019,Home,1343.81,Approved
505699,118498,2024-09-10,Life,6876.48,Approved
508352,119089,2023-04-24,Health,630.43,Approved
512259,117063,14/11/2021,Auto,1125.45,Under Review
513992,115517,05/17/2024,Health,596.5,Under Review
500956,120437,2024-05-31,Auto,725.48,Approved
511983,103135,31/01/2023,Travel,299.69,Under Review
511426,100297,07/08/2022,Home,2866.79,Under Review
502869,119430,14/09/2023,Life,2967.71,Approved
511969,103970,21-03-2019,Home,2428.32,Approved
504433,116251,2023-07-04,Health,257.29,Approved
504973,101330,2024-03-31,Health,359.46,Approved
514207,112819,03/04/2023,Home,1220.22,Pending
502961,106243,2023-06-08,Life,17174.72,Approved
514172,109064,04-04-2021,Life,17311.34,Approved
502200,116908,01-04-2020,Auto,560.53,Approved
500098,119154,20-12-2024,Auto,1131.77,Approved
514735,115265,2024-09-24,Auto,619.36,Approved
502557,118559,07-06-2024,Home,3719.93,Under Review
511375,114629,30/05/2025,Home,1986.95,Under Review
508445,111632,03/05/2026,Auto,1366.93,Pending
512115,111763,14-05-2022,Travel,232.06,Rejected
504199,105760,16-01-2021,Auto,3737.23,Approved
509637,106065,2026-01-23,Travel,275.26,Approved
505539,113523,14/12/2021,Home,6328.46,Approved
501648,107828,01-04-2020,Life,16069.2,Pending
512874,119813,19-01-2021,Auto,2625.82,Pending
512915,117111,2025-01-16,Life,13123.27,Pending
512183,108328,04/09/2025,Auto,290.87,Approved
509888,116630,06/07/2022,Auto,1604.72,Rejected
511383,116727,26/03/2025,Auto,2066.27,Rejected
506197,111976,04/06/2022,Auto,5972.74,Approved
506295,110804,2023-05-30,Home,6357.69,Approved
504499,101452,2021-08-13,Health,271.16,Rejected
501154,106245,15-08-2024,Life,9096.87,Pending
502255,112123,02/20/2024,Auto,1481.41,Pending
509874,116493,12-01-2026,Health,1780.03,Approved
503170,119424,19/08/2021,Health,737.93,Pending
507400,104717,2026-08-16,Auto,5456.13,Approved
510248,109154,2023-08-17,Auto,1746.31,Pending
507158,119122,10/25/2019,Auto,1335.33,Approved
512282,105283,2025-11-01,Auto,2120.51,Rejected
514755,101016,2025-11-08,Travel,339.75,Under Review
503108,104404,03/02/2021,Home,790.99,Approved
504548,110036,19/06/2023,Travel,164.78,Under Review
511915,116152,2024-03-06,Home,1950.0,Approved
514589,114434,05/10/2020,Auto,1427.17,Approved
505423,101254,15/11/2022,Travel,158.46,Rejected
502049,113577,01/07/2025,Health,2081.12,Approved
513168,106256,2025-04-17,Auto,1412.59,Rejected
511835,118710,2022-12-05,Auto,1339.21,Approved
509208,101946,09/03/2021,Health,423.83,Approved
508815,111014,2021-10-04,Auto,2904.56,Rejected
514653,101986,26/01/2021,Health,1088.96,Approved
514075,109524,05/06/2024,Life,9122.75,Approved
500262,109213,10/02/2022,Health,402.5,Approved
513922,103004,24/05/2020,Home,4043.24,Approved
511561,104319,20/10/2023,Home,3167.64,Approved
504061,113740,12/08/2023,Travel,487.75,Approved
505534,104561,22/03/2024,Health,744.2,Pending
514486,103373,18-04-2019,Travel,222.26,Pending
514257,110267,06-01-2025,Auto,1712.55,Rejected
506616,100110,01/21/2022,Auto,1579.77,Approved
508120,114240,12/21/2022,Home,717.13,Approved
508155,107842,11/06/2024,Travel,222.07,Approved
501802,105735,07/06/2025,Auto,612.94,Approved
504736,101592,06/25/2021,Health,370.75,Approved
502448,118974,2026-02-24,Auto,2082.81,Rejected
502385,100410,2024-04-15,Home,2122.18,Approved
506694,100573,03-12-2025,Auto,1204.15,Approved
505759,102595,23/04/2021,Life,5933.9,Approved
501959,104069,15/10/2025,Health,891.92,Approved
502976,108108,15-06-2024,Home,5406.18,Approved
508680,113430,16/04/2022,Travel,889.53,Rejected
501843,114705,03/01/2024,Life,10461.14,Under Review
501734,103437,2022-08-07,Auto,824.19,Approved
502911,116321,03/18/2025,Travel,327.06,Rejected
511411,105543,22-02-2024,Home,4406.41,Rejected
508338,106728,16/07/2026,Life,9582.87,Rejected
513822,100892,2024-09-15,Health,3887.64,Approved
501986,105211,03/25/2019,Home,4221.14,Approved
509561,110362,10/14/2022,Auto,783.46,Approved
506546,111832,2021-07-19,Auto,3827.61,Approved
514243,106738,09/01/2023,Home,1137.37,Approved
507098,114952,07/17/2019,Health,277.09,Approved
502811,108059,08/23/2021,Life,7887.82,Rejected
500659,111518,2025-10-18,Health,708.56,Approved
509986,118669,19-02-2026,Life,15463.71,Rejected
502511,117345,2023-03-30,Auto,1525.67,Rejected
511589,101789,21-03-2024,Auto,1176.83,Approved
504282,114499,24-05-2025,Life,5154.66,Approved
509339,119455,2020-03-02,Home,6391.49,Rejected
511464,111984,21-08-2024,Auto,513.38,Pending
508800,109551,2022-01-05,Health,528.26,Pending
506287,100704,05/03/2023,Home,1262.55,Approved
511774,101987,29/01/2023,Auto,1686.24,Pending
501930,115888,30/04/2020,Auto,485.26,Approved
507125,101118,07/19/2023,Auto,2175.21,Approved
500197,102308,13/11/2019,Auto,1206.28,Under Review
507777,100559,2025-11-15,Health,168.53,Rejected
502931,105438,2019-04-18,Auto,1723.13,Approved
508004,118936,16-03-2019,Health,4862.18,Pending
502327,102904,30-04-2022,Auto,1178.2,Rejected
504389,108570,20-03-2026,Health,772.15,Pending
508958,116247,12-05-2019,Health,-860.02,Approved
512688,102092,10/25/2020,Auto,1092.53,Under Review
504218,102471,04/15/2022,Auto,2753.33,Under Review
511447,113482,06-01-2026,Travel,296.62,Pending
500202,108426,03-12-2019,Home,-1212.16,Approved
503510,101042,20-02-2022,Home,1968.11,Rejected
504931,114137,13/06/2025,Auto,1649.95,Approved
514582,106102,12/11/2019,Auto,4163.32,Approved
505535,104561,14-06-2026,Health,985.52,Approved
509925,113608,2023-06-30,Auto,2837.42,Approved
505791,114895,14/09/2020,Health,2321.61,Approved
510969,113325,04/10/2020,Auto,1237.98,Under Review
501707,119879,11-01-2021,Home,2713.65,Rejected
505172,107955,21/09/2020,Auto,816.42,Approved
505249,109613,06/10/2019,Health,2735.31,Under Review
513949,102711,2021-06-12,Home,707.38,Approved
511666,117433,2021-10-29,Health,797.34,Rejected
506528,108651,22-12-2019,Home,906.55,Approved
514732,115265,2021-09-08,Auto,1576.41,Approved
505855,119865,2021-10-28,Health,305.89,Approved
508164,111578,2020-12-02,Auto,787.94,Rejected
500854,111887,02/05/2020,Auto,875.38,Under Review
513877,115520,20-10-2019,Health,977.86,Approved
514555,110647,2020-04-04,Home,2261.36,Approved
504737,104850,12/13/2022,Health,639.16,Approved
512289,110996,2019-09-04,Auto,1235.34,Approved
510352,112695,14-01-2020,Home,1560.44,Approved
500698,117032,26-12-2021,Auto,667.79,Approved
511344,106998,13/12/2019,Auto,662.69,Pending
511191,110355,14/11/2020,Auto,3668.28,Approved
503696,106978,2025-07-28,Life,10384.41,Approved
501636,114750,08/30/2020,Auto,965.56,Approved
507280,102372,18-07-2024,Home,6771.6,Approved
507554,115178,27/05/2026,Health,683.05,Approved
511649,119056,05-03-2026,Life,20073.89,Approved
503581,109895,2020-12-02,Health,1179.67,Under Review
501291,106959,08-08-2020,Home,5913.9,Rejected
512851,116715,18-03-2019,Health,157.03,Pending
506585,100321,2021-12-22,Health,436.51,Approved
513808,117338,04/10/2025,Life,4819.07,Approved
501853,115750,26-03-2025,Health,1353.56,Approved
505232,109113,04-12-2021,Home,6567.34,Pending
503763,112932,08/13/2025,Health,320.61,Pending
503304,116975,2026-08-08,Auto,857.4,Pending
501495,111604,2021-09-30,Auto,874.31,Approved
513919,116713,2021-07-19,Life,6865.51,Approved
511935,119344,15-04-2024,Home,3945.34,Approved
511637,117541,05/05/2019,Travel,910.02,Approved
507994,116621,2025-08-07,Auto,2163.85,Approved
501998,108966,22/06/2019,Auto,2489.88,Approved
500663,116022,26/08/2026,Life,12195.78,Approved
512971,118171,06/07/2021,Auto,820.41,Approved
513545,115577,2019-11-17,Health,532.38,Pending
503748,111842,2021-07-18,Home,3261.06,Approved
504413,104660,2020-12-17,Travel,624.12,Rejected
512936,114140,2019-03-13,Auto,937.4,Approved
505530,103976,2023-05-20,Health,251.62,Rejected
505575,109658,2023-03-20,Health,1648.24,Under Review
508901,108434,22/10/2024,Auto,2662.75,Approved
507526,109001,10/23/2021,Auto,2161.84,Approved
509474,119005,04/05/2025,Auto,1458.9,Pending
505864,101217,2022-02-24,Home,462.74,Pending
513260,106511,26-07-2025,Auto,2448.77,Rejected
510867,106487,13/10/2020,Life,7130.33,Rejected
506776,114808,23/01/2021,Travel,235.18,Approved
512221,112127,12/20/2024,Auto,1127.24,Under Review
501306,103975,22-03-2025,Home,1023.14,Under Review
513688,108783,2023-11-09,Life,11619.02,Approved
513696,104167,02-02-2022,Life,7158.13,Approved
507392,119750,18/03/2026,Health,508.47,Approved
510429,104522,09/05/2025,Health,1715.97,Approved
511494,100129,11/15/2024,Home,401.1,Under Review
505592,114402,12/08/2023,Auto,555.17,Approved
510230,100865,20-03-2025,Travel,419.07,Rejected
509721,107890,12/04/2020,Home,3235.06,Rejected
501663,100852,13/02/2019,Home,1739.57,Rejected
505450,119574,04/12/2025,Auto,2379.89,Under Review
504515,100008,06-03-2026,Home,1160.95,Rejected
514443,111493,09/03/2022,Home,616.05,Approved
503627,108387,24/08/2019,Life,8131.41,Approved
513931,102120,28-02-2021,Auto,2137.44,Approved
513339,120194,05/06/2020,Auto,2120.26,Under Review
513083,111861,06/09/2021,Auto,1074.75,Rejected
502693,107222,2026-03-17,Health,1917.34,Under Review
511252,101499,25/04/2021,Travel,855.78,Approved
509789,109799,30-04-2019,Auto,1509.58,Approved
510921,117851,2025-07-12,Health,1177.21,Approved
510817,118973,03-09-2023,Health,1377.62,Rejected
505915,100170,11/30/2020,Auto,2783.16,Rejected
503157,110495,12/23/2021,Health,1654.98,Approved
511506,118527,2019-11-07,Auto,1257.7,Approved
509914,109408,01-02-2023,Auto,4402.43,Approved
513471,120299,07-11-2024,Health,829.94,Approved
506668,108218,11/07/2020,Health,567.97,Pending
501059,110432,24-02-2026,Home,2240.06,Approved
504636,113630,07-06-2019,Health,-652.23,Rejected
503242,100959,08-06-2022,Health,485.04,Approved
501678,108805,09-03-2019,Travel,123.01,Rejected
506892,118554,07/17/2023,Life,6386.12,Approved
506374,107663,16-06-2024,Health,585.65,Approved
507574,115619,12/12/2021,Home,1268.59,Approved
501757,100647,2020-10-22,Auto,511.7,Approved
506019,105066,10/26/2019,Travel,301.53,Approved
512383,104946,09/04/2026,Auto,1426.73,Approved
505116,102182,10/11/2020,Travel,538.09,Rejected
508755,113709,09-10-2020,Home,2938.59,Approved
507408,106212,09-03-2022,Auto,757.58,Rejected
502790,111551,2023-01-17,Life,4692.39,Approved
500863,116535,30/11/2022,Auto,2018.34,Approved
507858,101613,15-11-2020,Home,2891.45,Approved
501484,104449,06/26/2019,Auto,935.94,Approved
507035,116004,01/17/2025,Travel,499.78,Approved
507721,119535,05/07/2023,Auto,2743.74,Approved
505977,111899,10/06/2020,Life,8001.65,Approved
505134,102245,05/19/2019,Home,1962.18,Approved
500206,105236,2023-12-12,Auto,1231.17,Approved
504488,107997,04/09/2023,Travel,558.64,Pending
506938,107545,04/11/2019,Auto,1251.99,Rejected
509062,110929,2024-07-04,Auto,598.74,Rejected
512685,102092,16-03-2019,Auto,1208.42,Approved
506910,115199,07/17/2022,Health,1981.02,Approved
500502,113412,2025-12-15,Auto,770.28,Pending
507385,113505,11/10/2020,Life,6616.77,Pending
501028,114513,10-01-2021,Health,957.69,Approved
503840,105418,12/30/2023,Travel,261.13,Approved
510882,116844,2023-10-12,Home,3156.09,Approved
513773,110177,14/05/2020,Auto,1539.39,Approved
508110,107024,04-12-2020,Home,3864.59,Under Review
505056,101274,18-09-2023,Life,12691.84,Rejected
509762,113180,2021-01-19,Auto,1148.22,Rejected
508154,107842,01/11/2019,Travel,341.77,Approved
510965,118063,06/12/2026,Home,4713.1,Rejected
514183,108567,22/06/2024,Auto,1328.55,Under Review
502731,106206,08/02/2020,Auto,1524.68,Approved
514434,119870,16/07/2021,Home,2025.58,Under Review
508996,115847,2024-10-13,Auto,3178.94,Approved
514039,105797,2019-08-01,Auto,1903.18,Approved
511837,118710,06/09/2019,Home,3527.82,Under Review
502454,115243,23-03-2019,Home,2838.81,Pending
512790,100442,09/17/2020,Auto,598.65,Rejected
507215,103466,2025-01-31,Home,3726.15,Approved
503104,105527,2020-11-23,Home,1695.17,Approved
513067,112924,13-07-2021,Travel,227.81,Approved
514151,112790,09/12/2023,Home,1742.23,Approved
508392,115851,28/11/2022,Health,595.31,Approved
506278,113978,03-10-2022,Health,397.93,Rejected
503099,112877,2024-05-18,Travel,938.37,Rejected
506184,118945,2024-07-19,Home,1207.69,Approved
510470,101357,03/01/2025,Auto,2270.58,Pending
503561,114782,09/06/2025,Home,2530.97,Pending
505892,108977,03/24/2020,Auto,1734.77,Approved
512666,115592,06/17/2019,Life,8508.54,Under Review
514624,109637,2023-06-16,Travel,421.86,Approved
512706,107295,04/03/2024,Auto,2763.86,Under Review
513986,119152,2019-04-12,Health,575.97,Under Review
500391,103589,26-01-2022,Health,252.06,Rejected
506736,106927,04/06/2024,Auto,1618.67,Under Review
505618,113850,11-11-2023,Home,3161.47,Approved
505258,111272,10-04-2026,Auto,647.17,Pending
509687,117479,22/05/2022,Home,10168.72,Under Review
502695,105864,2023-02-16,Auto,1158.99,Rejected
502027,106328,2025-04-25,Home,637.52,Approved
513440,104358,2026-02-16,Auto,1592.45,Under Review
505463,100472,27/08/2019,Travel,275.83,Approved
502568,110281,2022-04-03,Home,4955.72,Under Review
508006,115234,02/05/2020,Health,561.28,Approved
500064,107800,06/05/2023,Life,9240.11,Rejected
512076,101093,15-05-2025,Auto,1859.07,Rejected
502062,103115,06-02-2025,Auto,4035.42,Approved
505276,112529,22-06-2023,Travel,430.29,Rejected
507208,113563,2021-01-23,Auto,2362.15,Approved
508684,115640,06/08/2022,Health,410.94,Approved
508571,117139,26/11/2021,Auto,915.26,Rejected
506331,111841,14/02/2019,Home,987.19,Approved
504859,115273,14-12-2025,Home,1427.14,Approved
514552,119334,2020-10-06,Travel,66.42,Approved
512185,110602,02/26/2026,Home,4150.8,Under Review
504887,107608,17/08/2026,Auto,1331.54,Approved
509268,105317,09-07-2023,Auto,3228.4,Approved
500878,115769,2024-06-01,Travel,264.03,Under Review
508529,109638,27-08-2025,Life,5076.67,Rejected
507916,117623,16-04-2020,Life,10266.25,Approved
506863,102867,2025-04-04,Auto,3165.54,Rejected
507892,106038,11/08/2023,Health,1070.52,Approved
506439,101977,10/10/2022,Life,-7697.07,Approved
507869,107012,2021-05-27,Home,2586.9,Under Review
501016,108072,2020-12-02,Life,10293.07,Pending
509467,118164,10/10/2025,Life,7106.46,Approved
511990,114062,11/04/2024,Auto,2205.47,Approved
507629,102464,08/07/2020,Auto,2355.88,Under Review
512743,101140,03-07-2021,Auto,1286.03,Pending
511534,114917,13/04/2022,Home,4172.39,Approved
513103,109135,16-08-2023,Home,1788.85,Under Review
514605,119738,15-12-2025,Auto,2838.76,Approved
500995,104546,07/08/2026,Home,1305.56,Approved
510173,115053,06-07-2021,Life,14306.11,Approved
504297,117992,02/14/2020,Auto,4563.76,Pending
500161,103609,04-07-2024,Life,7714.9,Pending
505675,109703,07/07/2026,Auto,735.69,Approved
506873,106485,10/10/2021,Auto,857.38,Rejected
514737,113067,26-12-2024,Home,2898.17,Under Review
512990,112576,09/09/2021,Home,4920.67,Approved
509692,100354,05/23/2026,Health,2482.23,Rejected
507989,107522,2020-05-23,Auto,1191.03,Approved
503843,117500,25-06-2020,Health,1011.06,Approved
513417,118188,08-12-2020,Home,,Pending
510805,111772,24/12/2020,Home,1790.95,Approved
511653,114448,01-04-2024,Travel,133.91,Rejected
501021,113093,31/05/2019,Life,23387.02,Approved
503073,117662,11/03/2019,Home,3214.16,Approved
507555,115178,03-08-2020,Auto,3321.6,Rejected
503943,114967,21/05/2022,Travel,199.99,Approved
501585,102767,2025-11-21,Auto,658.96,Under Review
510147,100308,04/20/2025,Home,2063.3,Approved
503152,108351,2023-03-13,Home,2525.66,Rejected
514541,109907,09/03/2021,Health,2325.92,Approved
508226,115340,06/09/2026,Auto,4189.16,Approved
512206,102700,06/06/2026,Health,658.54,Under Review
500775,100180,26/11/2021,Health,421.64,Approved
510748,109947,2025-07-15,Auto,1639.02,Rejected
509670,119873,25-06-2026,Life,2557.44,Under Review
507099,117726,04/20/2019,Auto,2018.9,Pending
505486,101703,09/21/2019,Life,5277.9,Approved
506235,115471,03-03-2022,Auto,2900.54,Approved
509555,113723,06-04-2021,Health,-241.15,Rejected
507041,116938,12/17/2021,Life,13557.9,Pending
502612,107748,07/06/2024,Auto,419.88,Rejected
507513,115180,30-10-2020,Home,5357.12,Under Review
511016,100305,19/08/2024,Home,1773.7,Rejected
510233,100641,05-07-2021,Auto,-1287.79,Approved
508433,112898,2020-10-21,Home,4392.81,Approved
510253,110358,25/05/2026,Life,26936.04,Under Review
510555,120303,11/17/2024,Home,2924.03,Approved
508792,117299,04/10/2024,Home,3891.42,Approved
510627,115609,12/17/2021,Home,3010.32,Rejected
505393,107913,01/06/2020,Home,1408.33,Approved
514502,111922,15/01/2019,Life,5787.28,Rejected
511080,118505,01/12/2022,Auto,3143.91,Pending
514356,116633,02-02-2025,Auto,744.81,Approved
508838,109677,16/12/2025,Travel,255.62,Approved
503890,109948,09-07-2026,Auto,1651.96,Approved
503556,114074,25/02/2023,Auto,537.61,Rejected
511394,103977,12-01-2026,Auto,1267.81,Approved
501528,111937,08/04/2022,Home,5856.45,Approved
501267,109815,05-04-2022,Health,647.45,Approved
507734,111786,25-09-2020,Travel,432.55,Under Review
501899,116005,13-11-2023,Home,2952.65,Approved
504658,115952,01/19/2019,Home,4403.83,Approved
503005,103665,27/06/2025,Travel,291.29,Under Review
502734,107427,13/01/2022,Home,1232.26,Rejected
500189,103926,2026-05-10,Life,5302.81,Approved
509998,112848,02/17/2020,Home,4590.37,Approved
509167,100964,2021-12-13,Health,1296.82,Under Review
502747,101194,10-04-2024,Home,5627.4,Approved
502047,107687,2026-03-11,Home,3193.1,Under Review
507849,114770,2020-03-10,Home,4834.58,Under Review
502558,118559,04/20/2025,Auto,3736.77,Approved
509274,107734,08/13/2019,Home,3726.96,Pending
508666,100809,03/09/2020,Travel,903.67,Pending
511096,103494,06/01/2025,Life,6941.0,Approved
513035,106629,2024-07-22,Life,1888.51,Approved
506396,104558,08/05/2022,Home,1125.78,Approved
512309,115674,2026-06-27,Life,13177.51,Pending
503385,109995,02/08/2020,Home,4842.35,Rejected
504555,115915,2021-03-30,Auto,1072.54,Approved
501184,106161,04/14/2019,Auto,2163.06,Pending
506420,103312,09/24/2022,Health,372.22,Pending
505051,108241,19/10/2021,Health,1379.38,Approved
505311,101886,05/18/2019,Auto,638.14,Approved
502433,107408,2026-01-16,Health,474.39,Approved
506949,111805,06/22/2025,Auto,2938.89,Approved
513803,105295,20/09/2021,Home,1334.81,Approved
510583,118933,05/05/2023,Health,2188.14,Approved
500769,114355,12-10-2021,Auto,3515.22,Pending
501685,117535,2025-01-15,Auto,823.99,Approved
508322,120177,12-09-2022,Life,,Under Review
511111,117845,25-11-2024,Travel,292.23,Rejected
511363,105581,2024-04-05,Life,5456.29,Approved
511636,107905,07/05/2026,Home,5213.5,Approved
514423,110188,02/11/2020,Home,2647.35,Approved
505578,118124,2022-05-10,Health,804.2,Rejected
504426,106534,2020-02-23,Home,2694.68,Approved
513526,101667,03/11/2021,Auto,906.4,Approved
500466,100323,11/06/2021,Auto,3034.89,Approved
506265,105767,11/07/2026,Home,958.77,Rejected
505734,105291,06/12/2024,Travel,372.13,Approved
511284,115470,21-06-2023,Life,5121.28,Pending
511964,120095,04/03/2020,Home,896.64,Approved
505191,110419,14-06-2019,Travel,163.02,Pending
513418,117091,15-11-2020,Auto,764.14,Under Review
505390,104216,2023-02-04,Auto,1222.12,Approved
500860,108064,2025-07-27,Home,3821.06,Approved
507270,110216,2022-12-19,Home,3819.13,Approved
